0;2024.05.08 06:15;4;21.125;-200;-200;0;206;0;
1;2024.05.08 06:30;4;21.125;-200;-200;0;206;0;
2;2024.05.08 06:45;4;21.125;-200;-200;0;206;0;
3;2024.05.08 07:00;4;21.125;-200;-200;0;206;0;
4;2024.05.08 07:15;4;21.125;-200;-200;0;206;0;
5;2024.05.08 07:30;4;21.125;-200;-200;0;206;0;
6;2024.05.08 07:45;4;21.25;-200;-200;0;206;0;
7;2024.05.08 08:00;4;21.25;-200;-200;0;206;0;
8;2024.05.08 08:15;4;21.375;-200;-200;0;206;0;
9;2024.05.08 08:30;4;21.375;-200;-200;0;206;0;
10;2024.05.08 08:45;4;21.5;-200;-200;0;206;0;
11;2024.05.08 09:00;4;21.5;-200;-200;0;206;0;
12;2024.05.08 09:15;4;21.625;-200;-200;0;206;0;
13;2024.05.08 09:30;4;21.6875;-200;-200;0;206;0;
14;2024.05.08 09:45;4;21.75;-200;-200;0;206;0;
15;2024.05.08 10:00;4;21.875;-200;-200;0;206;0;
16;2024.05.08 10:15;4;21.875;-200;-200;0;206;0;
17;2024.05.08 10:30;4;22;-200;-200;0;206;0;
18;2024.05.08 10:45;4;22.0625;-200;-200;0;206;0;
19;2024.05.08 11:00;4;22.125;-200;-200;0;206;0;
20;2024.05.08 11:15;4;22.125;-200;-200;0;206;0;
21;2024.05.08 11:30;4;22.125;-200;-200;0;206;0;
22;2024.05.08 11:45;4;22.125;-200;-200;0;206;0;
23;2024.05.08 12:00;4;22.125;-200;-200;0;206;0;
24;2024.05.08 12:15;4;22.125;-200;-200;0;206;0;
25;2024.05.08 12:30;4;22.125;-200;-200;0;206;0;
26;2024.05.08 12:45;4;22.125;-200;-200;0;206;0;
27;2024.05.08 13:00;4;22.125;-200;-200;0;206;0;
28;2024.05.08 13:15;4;22.1875;-200;-200;0;206;0;
29;2024.05.08 13:30;4;22.1875;-200;-200;0;206;0;
30;2024.05.08 13:45;4;22.25;-200;-200;0;206;0;
31;2024.05.08 14:00;4;22.25;-200;-200;0;206;0;
32;2024.05.08 14:15;4;22.25;-200;-200;0;206;0;
33;2024.05.08 14:30;4;22.25;-200;-200;0;206;0;
34;2024.05.08 14:45;4;22.25;-200;-200;0;206;0;
35;2024.05.08 15:00;4;22.25;-200;-200;0;206;0;
36;2024.05.08 15:15;4;22.25;-200;-200;0;206;0;
37;2024.05.08 15:30;4;22.25;-200;-200;0;206;0;
38;2024.05.08 15:45;4;22.3125;-200;-200;0;206;0;
39;2024.05.08 16:00;4;22.375;-200;-200;0;206;0;
40;2024.05.08 16:15;4;22.375;-200;-200;0;206;0;
41;2024.05.08 16:30;4;22.4375;-200;-200;0;206;0;
42;2024.05.08 16:45;4;22.5;-200;-200;0;206;0;
43;2024.05.08 17:00;4;22.5;-200;-200;0;206;0;
44;2024.05.08 17:15;4;22.5625;-200;-200;0;206;0;
45;2024.05.08 17:30;4;22.5;-200;-200;0;206;0;
46;2024.05.08 17:45;4;22.5;-200;-200;0;206;0;
47;2024.05.08 18:00;4;22.5;-200;-200;0;206;0;
48;2024.05.08 18:15;4;22.375;-200;-200;0;206;0;
49;2024.05.08 18:30;4;22.375;-200;-200;0;206;0;
50;2024.05.08 18:45;4;22.25;-200;-200;0;206;0;
51;2024.05.08 19:00;4;22.25;-200;-200;0;206;0;
52;2024.05.08 19:15;4;22.1875;-200;-200;0;206;0;
53;2024.05.08 19:30;4;22.125;-200;-200;0;206;0;
54;2024.05.08 19:45;4;22.0625;-200;-200;0;206;0;
55;2024.05.08 20:00;4;22;-200;-200;0;206;0;
56;2024.05.08 20:15;4;21.9375;-200;-200;0;206;0;
57;2024.05.08 20:30;4;21.875;-200;-200;0;206;0;
58;2024.05.08 20:45;4;21.875;-200;-200;0;206;0;
59;2024.05.08 21:00;4;21.8125;-200;-200;0;206;0;
60;2024.05.08 21:15;4;21.75;-200;-200;0;206;0;
61;2024.05.08 21:30;4;21.75;-200;-200;0;206;0;
62;2024.05.08 21:45;4;21.6875;-200;-200;0;206;0;
63;2024.05.08 22:00;4;21.625;-200;-200;0;206;0;
64;2024.05.08 22:15;4;21.625;-200;-200;0;206;0;
65;2024.05.08 22:30;4;21.625;-200;-200;0;206;0;
66;2024.05.08 22:45;4;21.5625;-200;-200;0;206;0;
67;2024.05.08 23:00;4;21.5;-200;-200;0;206;0;
68;2024.05.08 23:15;4;21.5;-200;-200;0;206;0;
69;2024.05.08 23:30;4;21.5;-200;-200;0;206;0;
70;2024.05.08 23:45;4;21.4375;-200;-200;0;206;0;
71;2024.05.09 00:00;4;21.375;-200;-200;0;206;0;
72;2024.05.09 00:15;4;21.375;-200;-200;0;206;0;
73;2024.05.09 00:30;4;21.375;-200;-200;0;206;0;
74;2024.05.09 00:45;4;21.3125;-200;-200;0;206;0;
75;2024.05.09 01:00;4;21.3125;-200;-200;0;206;0;
76;2024.05.09 01:15;4;21.25;-200;-200;0;206;0;
77;2024.05.09 01:30;4;21.25;-200;-200;0;206;0;
78;2024.05.09 01:45;4;21.25;-200;-200;0;206;0;
79;2024.05.09 02:00;4;21.25;-200;-200;0;206;0;
80;2024.05.09 02:15;4;21.1875;-200;-200;0;206;0;
81;2024.05.09 02:30;4;21.125;-200;-200;0;206;0;
82;2024.05.09 02:45;4;21.125;-200;-200;0;206;0;
83;2024.05.09 03:00;4;21.125;-200;-200;0;206;0;
84;2024.05.09 03:15;4;21.125;-200;-200;0;206;0;
85;2024.05.09 03:30;4;21.125;-200;-200;0;206;0;
86;2024.05.09 03:45;4;21.125;-200;-200;0;206;0;
87;2024.05.09 04:00;4;21.0625;-200;-200;0;206;0;
88;2024.05.09 04:15;4;21.0625;-200;-200;0;206;0;
89;2024.05.09 04:30;4;21;-200;-200;0;206;0;
90;2024.05.09 04:45;4;21;-200;-200;0;206;0;
91;2024.05.09 05:00;4;21;-200;-200;0;206;0;
92;2024.05.09 05:15;4;21;-200;-200;0;206;0;
93;2024.05.09 05:30;4;21;-200;-200;0;206;0;
94;2024.05.09 05:45;4;20.9375;-200;-200;0;206;0;
95;2024.05.09 06:00;4;20.9375;-200;-200;0;206;0;
96;2024.05.09 06:15;4;20.875;-200;-200;0;206;0;
97;2024.05.09 06:30;4;20.875;-200;-200;0;206;0;
98;2024.05.09 06:45;4;20.875;-200;-200;0;206;0;
99;2024.05.09 07:00;4;21.1875;-200;-200;0;206;0;
100;2024.05.09 07:15;4;21.1875;-200;-200;0;206;0;
101;2024.05.09 07:30;4;21.1875;-200;-200;0;206;0;
102;2024.05.09 07:45;4;21.25;-200;-200;0;206;0;
103;2024.05.09 08:00;4;21.25;-200;-200;0;206;0;
104;2024.05.09 08:15;4;21.3125;-200;-200;0;206;0;
105;2024.05.09 08:30;4;21.75;-200;-200;0;206;0;
106;2024.05.09 08:45;4;21.875;-200;-200;0;206;0;
107;2024.05.09 09:00;4;21.8125;-200;-200;0;206;0;
108;2024.05.09 09:15;4;22.75;-200;-200;0;206;0;
109;2024.05.09 09:30;4;22.6875;-200;-200;0;206;0;
110;2024.05.09 09:45;4;22.75;-200;-200;0;206;0;
111;2024.05.09 10:00;4;22.8125;-200;-200;0;206;0;
112;2024.05.09 10:15;4;22.8125;-200;-200;0;206;0;
113;2024.05.09 10:30;4;22.75;-200;-200;0;206;0;
114;2024.05.09 10:45;4;22.6875;-200;-200;0;206;0;
115;2024.05.09 11:00;4;22.75;-200;-200;0;206;0;
116;2024.05.09 11:15;4;22.875;-200;-200;0;206;0;
117;2024.05.09 11:30;4;22.75;-200;-200;0;206;0;
118;2024.05.09 11:45;4;22.6875;-200;-200;0;206;0;
119;2024.05.09 12:00;4;22.625;-200;-200;0;206;0;
120;2024.05.09 12:15;4;22.5625;-200;-200;0;206;0;
121;2024.05.09 12:30;4;22.5;-200;-200;0;206;0;
122;2024.05.09 12:45;4;22.4375;-200;-200;0;206;0;
123;2024.05.09 13:00;4;22.375;-200;-200;0;206;0;
124;2024.05.09 13:15;4;22.375;-200;-200;0;206;0;
125;2024.05.09 13:30;4;22.3125;-200;-200;0;206;0;
126;2024.05.09 13:45;4;22.25;-200;-200;0;206;0;
127;2024.05.09 14:00;4;22.1875;-200;-200;0;206;0;
128;2024.05.09 14:15;4;22.125;-200;-200;0;206;0;
129;2024.05.09 14:30;4;22.125;-200;-200;0;206;0;
130;2024.05.09 14:45;4;22;-200;-200;0;206;0;
131;2024.05.09 15:00;4;22;-200;-200;0;206;0;
132;2024.05.09 15:15;4;22.25;-200;-200;0;206;0;
133;2024.05.09 15:30;4;22.5;-200;-200;0;206;0;
134;2024.05.09 15:45;4;22.6875;-200;-200;0;206;0;
135;2024.05.09 16:00;4;22.875;-200;-200;0;206;0;
136;2024.05.09 16:15;4;22.875;-200;-200;0;206;0;
137;2024.05.09 16:30;4;22.75;-200;-200;0;206;0;
138;2024.05.09 16:45;4;22.5;-200;-200;0;206;0;
139;2024.05.09 17:00;4;22.5;-200;-200;0;206;0;
140;2024.05.09 17:15;4;22.375;-200;-200;0;206;0;
141;2024.05.09 17:30;4;22.375;-200;-200;0;206;0;
142;2024.05.09 17:45;4;22.25;-200;-200;0;206;0;
143;2024.05.09 18:00;4;22.1875;-200;-200;0;206;0;
144;2024.05.09 18:15;4;22.125;-200;-200;0;206;0;
145;2024.05.09 18:30;4;22.25;-200;-200;0;206;0;
146;2024.05.09 18:45;4;22.125;-200;-200;0;206;0;
147;2024.05.09 19:00;4;22.125;-200;-200;0;206;0;
148;2024.05.09 19:15;4;22.0625;-200;-200;0;206;0;
149;2024.05.09 19:30;4;22;-200;-200;0;206;0;
150;2024.05.09 19:45;4;22;-200;-200;0;206;0;
151;2024.05.09 20:00;4;21.9375;-200;-200;0;206;0;
152;2024.05.09 20:15;4;21.875;-200;-200;0;206;0;
153;2024.05.09 20:30;4;21.875;-200;-200;0;206;0;
154;2024.05.09 20:45;4;21.8125;-200;-200;0;206;0;
155;2024.05.09 21:00;4;21.75;-200;-200;0;206;0;
156;2024.05.09 21:15;4;21.6875;-200;-200;0;206;0;
157;2024.05.09 21:30;4;21.625;-200;-200;0;206;0;
158;2024.05.09 21:45;4;21.4375;-200;-200;0;206;0;
159;2024.05.09 22:00;4;21.25;-200;-200;0;206;0;
160;2024.05.09 22:15;4;21.125;-200;-200;0;206;0;
161;2024.05.09 22:30;4;20.875;-200;-200;0;206;0;
162;2024.05.09 22:45;4;20.75;-200;-200;0;206;0;
163;2024.05.09 23:00;4;20.625;-200;-200;0;206;0;
164;2024.05.09 23:15;4;20.5;-200;-200;0;206;0;
165;2024.05.09 23:30;4;20.25;-200;-200;0;206;0;
166;2024.05.09 23:45;4;20.125;-200;-200;0;206;0;
167;2024.05.10 00:00;4;20;-200;-200;0;206;0;
168;2024.05.10 00:15;4;19.75;-200;-200;0;206;0;
169;2024.05.10 00:30;4;19.625;-200;-200;0;206;0;
170;2024.05.10 00:45;4;19.5;-200;-200;0;206;0;
171;2024.05.10 01:00;4;19.3125;-200;-200;0;206;0;
172;2024.05.10 01:15;4;19.125;-200;-200;0;206;0;
173;2024.05.10 01:30;4;19;-200;-200;0;206;0;
174;2024.05.10 01:45;4;18.8125;-200;-200;0;206;0;
175;2024.05.10 02:00;4;18.625;-200;-200;0;206;0;
176;2024.05.10 02:15;4;18.5;-200;-200;0;206;0;
177;2024.05.10 02:30;4;18.375;-200;-200;0;206;0;
178;2024.05.10 02:45;4;18.1875;-200;-200;0;206;0;
179;2024.05.10 03:00;4;18.125;-200;-200;0;206;0;
180;2024.05.10 03:15;4;18;-200;-200;0;206;0;
181;2024.05.10 03:30;4;17.875;-200;-200;0;206;0;
182;2024.05.10 03:45;4;17.75;-200;-200;0;206;0;
183;2024.05.10 04:00;4;17.6875;-200;-200;0;206;0;
184;2024.05.10 04:15;4;17.625;-200;-200;0;206;0;
185;2024.05.10 04:30;4;17.5;-200;-200;0;206;0;
186;2024.05.10 04:45;4;17.4375;-200;-200;0;206;0;
187;2024.05.10 05:00;4;17.375;-200;-200;0;206;0;
188;2024.05.10 05:15;4;17.25;-200;-200;0;206;0;
189;2024.05.10 05:30;4;17.1875;-200;-200;0;206;0;
190;2024.05.10 05:45;4;17.125;-200;-200;0;206;0;
191;2024.05.10 06:00;4;17.0625;-200;-200;0;206;0;
192;2024.05.10 06:15;4;17;-200;-200;0;206;0;
193;2024.05.10 06:30;4;16.9375;-200;-200;0;206;0;
194;2024.05.10 06:45;4;16.875;-200;-200;0;206;0;
195;2024.05.10 07:00;4;16.8125;-200;-200;0;206;0;
196;2024.05.10 07:15;4;16.75;-200;-200;0;206;0;
197;2024.05.10 07:30;4;16.75;-200;-200;0;206;0;
198;2024.05.10 07:45;4;16.6875;-200;-200;0;206;0;
199;2024.05.10 08:00;4;16.6875;-200;-200;0;206;0;
200;2024.05.10 08:15;4;16.625;-200;-200;0;206;0;
201;2024.05.10 08:30;4;16.6875;-200;-200;0;206;0;
202;2024.05.10 08:45;4;16.6875;-200;-200;0;206;0;
203;2024.05.10 09:00;4;16.75;-200;-200;0;206;0;
204;2024.05.10 09:15;4;16.75;-200;-200;0;206;0;
205;2024.05.10 09:30;4;16.875;-200;-200;0;206;0;
206;2024.05.10 09:45;4;16.875;-200;-200;0;206;0;
207;2024.05.10 10:00;4;17;-200;-200;0;206;0;
208;2024.05.10 10:15;4;17.0625;-200;-200;0;206;0;
209;2024.05.10 10:30;4;17.125;-200;-200;0;206;0;
210;2024.05.10 10:45;4;17.25;-200;-200;0;206;0;
211;2024.05.10 11:00;4;17.3125;-200;-200;0;206;0;
212;2024.05.10 11:15;4;17.375;-200;-200;0;206;0;
213;2024.05.10 11:30;4;17.5;-200;-200;0;206;0;
214;2024.05.10 11:45;4;17.625;-200;-200;0;206;0;
215;2024.05.10 12:00;4;17.625;-200;-200;0;206;0;
216;2024.05.10 12:15;4;17.75;-200;-200;0;206;0;
217;2024.05.10 12:30;4;17.8125;-200;-200;0;206;0;
218;2024.05.10 12:45;4;17.875;-200;-200;0;206;0;
219;2024.05.10 13:00;4;17.9375;-200;-200;0;206;0;
220;2024.05.10 13:15;4;18;-200;-200;0;206;0;
221;2024.05.10 13:30;4;18.0625;-200;-200;0;206;0;
222;2024.05.10 13:45;4;18.125;-200;-200;0;206;0;
223;2024.05.10 14:00;4;18.1875;-200;-200;0;206;0;
224;2024.05.10 14:15;4;18.25;-200;-200;0;206;0;
225;2024.05.10 14:30;4;18.3125;-200;-200;0;206;0;
226;2024.05.10 14:45;4;18.375;-200;-200;0;206;0;
227;2024.05.10 15:00;4;18.375;-200;-200;0;206;0;
228;2024.05.10 15:15;4;18.5;-200;-200;0;206;0;
229;2024.05.10 15:30;4;18.5;-200;-200;0;206;0;
230;2024.05.10 15:45;4;18.625;-200;-200;0;206;0;
231;2024.05.10 16:00;4;18.625;-200;-200;0;206;0;
232;2024.05.10 16:15;4;18.6875;-200;-200;0;206;0;
233;2024.05.10 16:30;4;18.75;-200;-200;0;206;0;
234;2024.05.10 16:45;4;18.75;-200;-200;0;206;0;
235;2024.05.10 17:00;4;18.875;-200;-200;0;206;0;
236;2024.05.10 17:15;4;18.875;-200;-200;0;206;0;
237;2024.05.10 17:30;4;18.9375;-200;-200;0;206;0;
238;2024.05.10 17:45;4;19;-200;-200;0;206;0;
239;2024.05.10 18:00;4;19;-200;-200;0;206;0;
240;2024.05.10 18:15;4;19.0625;-200;-200;0;206;0;
241;2024.05.10 18:30;4;19.125;-200;-200;0;206;0;
242;2024.05.10 18:45;4;19.125;-200;-200;0;206;0;
243;2024.05.10 19:00;4;19.125;-200;-200;0;206;0;
244;2024.05.10 19:15;4;19.1875;-200;-200;0;206;0;
245;2024.05.10 19:30;4;19.25;-200;-200;0;206;0;
246;2024.05.10 19:45;4;19.25;-200;-200;0;206;0;
247;2024.05.10 20:00;4;19.25;-200;-200;0;206;0;
248;2024.05.10 20:15;4;19.25;-200;-200;0;206;0;
249;2024.05.10 20:30;4;19.3125;-200;-200;0;206;0;
250;2024.05.10 20:45;4;19.3125;-200;-200;0;206;0;
251;2024.05.10 21:00;4;19.3125;-200;-200;0;206;0;
252;2024.05.10 21:15;4;19.25;-200;-200;0;206;0;
253;2024.05.10 21:30;4;19.25;-200;-200;0;206;0;
254;2024.05.10 21:45;4;19.25;-200;-200;0;206;0;
255;2024.05.10 22:00;4;19.25;-200;-200;0;206;0;
256;2024.05.10 22:15;4;19.25;-200;-200;0;206;0;
257;2024.05.10 22:30;4;19.25;-200;-200;0;206;0;
258;2024.05.10 22:45;4;19.25;-200;-200;0;206;0;
259;2024.05.10 23:00;4;19.1875;-200;-200;0;206;0;
260;2024.05.10 23:15;4;19.1875;-200;-200;0;206;0;
261;2024.05.10 23:30;4;19.1875;-200;-200;0;206;0;
262;2024.05.10 23:45;4;19.125;-200;-200;0;206;0;
263;2024.05.11 00:00;4;19.125;-200;-200;0;206;0;
264;2024.05.11 00:15;4;19.1875;-200;-200;0;206;0;
265;2024.05.11 00:30;4;19.1875;-200;-200;0;206;0;
266;2024.05.11 00:45;4;19.125;-200;-200;0;206;0;
267;2024.05.11 01:00;4;19.125;-200;-200;0;206;0;
268;2024.05.11 01:15;4;19.125;-200;-200;0;206;0;
269;2024.05.11 01:30;4;19.125;-200;-200;0;206;0;
270;2024.05.11 01:45;4;19.0625;-200;-200;0;206;0;
271;2024.05.11 02:00;4;19;-200;-200;0;206;0;
272;2024.05.11 02:15;4;19;-200;-200;0;206;0;
273;2024.05.11 02:30;4;19;-200;-200;0;206;0;
274;2024.05.11 02:45;4;19;-200;-200;0;206;0;
275;2024.05.11 03:00;4;19;-200;-200;0;206;0;
276;2024.05.11 03:15;4;18.875;-200;-200;0;206;0;
277;2024.05.11 03:30;4;18.875;-200;-200;0;206;0;
278;2024.05.11 03:45;4;18.8125;-200;-200;0;206;0;
279;2024.05.11 04:00;4;18.75;-200;-200;0;206;0;
280;2024.05.11 04:15;4;18.75;-200;-200;0;206;0;
281;2024.05.11 04:30;4;18.75;-200;-200;0;206;0;
282;2024.05.11 04:45;4;18.6875;-200;-200;0;206;0;
283;2024.05.11 05:00;4;18.6875;-200;-200;0;206;0;
284;2024.05.11 05:15;4;18.6875;-200;-200;0;206;0;
285;2024.05.11 05:30;4;18.6875;-200;-200;0;206;0;
286;2024.05.11 05:45;4;18.6875;-200;-200;0;206;0;
287;2024.05.11 06:00;4;18.6875;-200;-200;0;206;0;
288;2024.05.11 06:15;4;18.6875;-200;-200;0;206;0;
289;2024.05.11 06:30;4;18.6875;-200;-200;0;206;0;
290;2024.05.11 06:45;4;18.625;-200;-200;0;206;0;
291;2024.05.11 07:00;4;18.625;-200;-200;0;206;0;
292;2024.05.11 07:15;4;18.625;-200;-200;0;206;0;
293;2024.05.11 07:30;4;18.6875;-200;-200;0;206;0;
294;2024.05.11 07:45;4;18.75;-200;-200;0;206;0;
295;2024.05.11 08:00;4;18.75;-200;-200;0;206;0;
296;2024.05.11 08:15;4;18.75;-200;-200;0;206;0;
297;2024.05.11 08:30;4;18.75;-200;-200;0;206;0;
298;2024.05.11 08:45;4;18.75;-200;-200;0;206;0;
299;2024.05.11 09:00;4;18.8125;-200;-200;0;206;0;
300;2024.05.11 09:15;4;18.875;-200;-200;0;206;0;
301;2024.05.11 09:30;4;18.875;-200;-200;0;206;0;
302;2024.05.11 09:45;4;18.875;-200;-200;0;206;0;
303;2024.05.11 10:00;4;18.9375;-200;-200;0;206;0;
304;2024.05.11 10:15;4;19;-200;-200;0;206;0;
305;2024.05.11 10:30;4;19;-200;-200;0;206;0;
306;2024.05.11 10:45;4;19;-200;-200;0;206;0;
307;2024.05.11 11:00;4;19.0625;-200;-200;0;206;0;
308;2024.05.11 11:15;4;19.125;-200;-200;0;206;0;
309;2024.05.11 11:30;4;19.125;-200;-200;0;206;0;
310;2024.05.11 11:45;4;19.1875;-200;-200;0;206;0;
311;2024.05.11 12:00;4;19.25;-200;-200;0;206;0;
312;2024.05.11 12:15;4;19.25;-200;-200;0;206;0;
313;2024.05.11 12:30;4;19.25;-200;-200;0;206;0;
314;2024.05.11 12:45;4;19.375;-200;-200;0;206;0;
315;2024.05.11 13:00;4;19.375;-200;-200;0;206;0;
316;2024.05.11 13:15;4;19.375;-200;-200;0;206;0;
317;2024.05.11 13:30;4;19.4375;-200;-200;0;206;0;
318;2024.05.11 13:45;4;19.5;-200;-200;0;206;0;
319;2024.05.11 14:00;4;19.5;-200;-200;0;206;0;
320;2024.05.11 14:15;4;19.5625;-200;-200;0;206;0;
321;2024.05.11 14:30;4;19.625;-200;-200;0;206;0;
322;2024.05.11 14:45;4;19.625;-200;-200;0;206;0;
323;2024.05.11 15:00;4;19.6875;-200;-200;0;206;0;
324;2024.05.11 15:15;4;19.75;-200;-200;0;206;0;
325;2024.05.11 15:30;4;19.75;-200;-200;0;206;0;
326;2024.05.11 15:45;4;19.875;-200;-200;0;206;0;
327;2024.05.11 16:00;4;20.0625;-200;-200;0;206;0;
328;2024.05.11 16:15;4;20.25;-200;-200;0;206;0;
329;2024.05.11 16:30;4;20.5;-200;-200;0;206;0;
330;2024.05.11 16:45;4;20.9375;-200;-200;0;206;0;
331;2024.05.11 17:00;4;21.0625;-200;-200;0;206;0;
332;2024.05.11 17:15;4;21.25;-200;-200;0;206;0;
333;2024.05.11 17:30;4;21.375;-200;-200;0;206;0;
334;2024.05.11 17:45;4;21.5;-200;-200;0;206;0;
335;2024.05.11 18:00;4;21.625;-200;-200;0;206;0;
336;2024.05.11 18:15;4;21.75;-200;-200;0;206;0;
337;2024.05.11 18:30;4;21.875;-200;-200;0;206;0;
338;2024.05.11 18:45;4;22;-200;-200;0;206;0;
339;2024.05.11 19:00;4;22.125;-200;-200;0;206;0;
340;2024.05.11 19:15;4;22.1875;-200;-200;0;206;0;
341;2024.05.11 19:30;4;22.25;-200;-200;0;206;0;
342;2024.05.11 19:45;4;22.375;-200;-200;0;206;0;
343;2024.05.11 20:00;4;22.375;-200;-200;0;206;0;
344;2024.05.11 20:15;4;22.5;-200;-200;0;206;0;
345;2024.05.11 20:30;4;22.5;-200;-200;0;206;0;
346;2024.05.11 20:45;4;22.5;-200;-200;0;206;0;
347;2024.05.11 21:00;4;22.5625;-200;-200;0;206;0;
348;2024.05.11 21:15;4;22.5625;-200;-200;0;206;0;
349;2024.05.11 21:30;4;22.625;-200;-200;0;206;0;
350;2024.05.11 21:45;4;22.625;-200;-200;0;206;0;
351;2024.05.11 22:00;4;22.625;-200;-200;0;206;0;
352;2024.05.11 22:15;4;22.625;-200;-200;0;206;0;
353;2024.05.11 22:30;4;22.625;-200;-200;0;206;0;
354;2024.05.11 22:45;4;22.625;-200;-200;0;206;0;
355;2024.05.11 23:00;4;22.625;-200;-200;0;206;0;
356;2024.05.11 23:15;4;22.5625;-200;-200;0;206;0;
357;2024.05.11 23:30;4;22.5;-200;-200;0;206;0;
358;2024.05.11 23:45;4;22.375;-200;-200;0;206;0;
359;2024.05.12 00:00;4;22.25;-200;-200;0;206;0;
360;2024.05.12 00:15;4;22.125;-200;-200;0;206;0;
361;2024.05.12 00:30;4;21.875;-200;-200;0;206;0;
362;2024.05.12 00:45;4;21.625;-200;-200;0;206;0;
363;2024.05.12 01:00;4;21.375;-200;-200;0;206;0;
364;2024.05.12 01:15;4;21;-200;-200;0;206;0;
365;2024.05.12 01:30;4;20.75;-200;-200;0;206;0;
366;2024.05.12 01:45;4;20.375;-200;-200;0;206;0;
367;2024.05.12 02:00;4;20.125;-200;-200;0;206;0;
368;2024.05.12 02:15;4;19.75;-200;-200;0;206;0;
369;2024.05.12 02:30;4;19.4375;-200;-200;0;206;0;
370;2024.05.12 02:45;4;19.125;-200;-200;0;206;0;
371;2024.05.12 03:00;4;18.75;-200;-200;0;206;0;
372;2024.05.12 03:15;4;18.375;-200;-200;0;206;0;
373;2024.05.12 03:30;4;18;-200;-200;0;206;0;
374;2024.05.12 03:45;4;17.625;-200;-200;0;206;0;
375;2024.05.12 04:00;4;17.25;-200;-200;0;206;0;
376;2024.05.12 04:15;4;16.8125;-200;-200;0;206;0;
377;2024.05.12 04:30;4;16.4375;-200;-200;0;206;0;
378;2024.05.12 04:45;4;16;-200;-200;0;206;0;
379;2024.05.12 05:00;4;15.625;-200;-200;0;206;0;
380;2024.05.12 05:15;4;15.25;-200;-200;0;206;0;
381;2024.05.12 05:30;4;15;-200;-200;0;206;0;
382;2024.05.12 05:45;4;14.625;-200;-200;0;206;0;
383;2024.05.12 06:00;4;14.25;-200;-200;0;206;0;
384;2024.05.12 06:15;4;14;-200;-200;0;206;0;
385;2024.05.12 06:30;4;13.625;-200;-200;0;206;0;
386;2024.05.12 06:45;4;13.375;-200;-200;0;206;0;
387;2024.05.12 07:00;4;13.125;-200;-200;0;206;0;
388;2024.05.12 07:15;4;12.875;-200;-200;0;206;0;
389;2024.05.12 07:30;4;12.625;-200;-200;0;206;0;
390;2024.05.12 07:45;4;12.375;-200;-200;0;206;0;
391;2024.05.12 08:00;4;12.125;-200;-200;0;206;0;
392;2024.05.12 08:15;4;12;-200;-200;0;206;0;
393;2024.05.12 08:30;4;11.875;-200;-200;0;206;0;
394;2024.05.12 08:45;4;11.8125;-200;-200;0;206;0;
395;2024.05.12 09:00;4;11.875;-200;-200;0;206;0;
396;2024.05.12 09:15;4;13.125;-200;-200;0;206;0;
397;2024.05.12 09:30;4;13.875;-200;-200;0;206;0;
398;2024.05.12 09:45;4;14.25;-200;-200;0;206;0;
399;2024.05.12 10:00;4;14.5625;-200;-200;0;206;0;
400;2024.05.12 10:15;4;14.9375;-200;-200;0;206;0;
401;2024.05.12 10:30;4;15.25;-200;-200;0;206;0;
402;2024.05.12 10:45;4;15.625;-200;-200;0;206;0;
403;2024.05.12 11:00;4;15.9375;-200;-200;0;206;0;
404;2024.05.12 11:15;4;16.25;-200;-200;0;206;0;
405;2024.05.12 11:30;4;16.5;-200;-200;0;206;0;
406;2024.05.12 11:45;4;16.8125;-200;-200;0;206;0;
407;2024.05.12 12:00;4;17.125;-200;-200;0;206;0;
408;2024.05.12 12:15;4;17.375;-200;-200;0;206;0;
409;2024.05.12 12:30;4;17.625;-200;-200;0;206;0;
410;2024.05.12 12:45;4;18;-200;-200;0;206;0;
411;2024.05.12 13:00;4;18.5;-200;-200;0;206;0;
412;2024.05.12 13:15;4;19;-200;-200;0;206;0;
413;2024.05.12 13:30;4;19.625;-200;-200;0;206;0;
414;2024.05.12 13:45;4;20.375;-200;-200;0;206;0;
415;2024.05.12 14:00;4;21.125;-200;-200;0;206;0;
416;2024.05.12 14:15;4;21.25;-200;-200;0;206;0;
417;2024.05.12 14:30;4;21.3125;-200;-200;0;206;0;
418;2024.05.12 14:45;4;21.5;-200;-200;0;206;0;
419;2024.05.12 15:00;4;21.75;-200;-200;0;206;0;
420;2024.05.12 15:15;4;22;-200;-200;0;206;0;
421;2024.05.12 15:30;4;22.125;-200;-200;0;206;0;
422;2024.05.12 15:45;4;22.3125;-200;-200;0;206;0;
423;2024.05.12 16:00;4;22.5;-200;-200;0;206;0;
424;2024.05.12 16:15;4;22.9375;-200;-200;0;206;0;
425;2024.05.12 16:30;4;23.25;-200;-200;0;206;0;
426;2024.05.12 16:45;4;23.6875;-200;-200;0;206;0;
427;2024.05.12 17:00;4;24.0625;-200;-200;0;206;0;
428;2024.05.12 17:15;4;24.375;-200;-200;0;206;0;
429;2024.05.12 17:30;4;24.6875;-200;-200;0;206;0;
430;2024.05.12 17:45;4;24.875;-200;-200;0;206;0;
431;2024.05.12 18:00;4;24.9375;-200;-200;0;206;0;
432;2024.05.12 18:15;4;24.9375;-200;-200;0;206;0;
433;2024.05.12 18:30;4;24.9375;-200;-200;0;206;0;
434;2024.05.12 18:45;4;25;-200;-200;0;206;0;
435;2024.05.12 19:00;4;25;-200;-200;0;206;0;
436;2024.05.12 19:15;4;25;-200;-200;0;206;0;
437;2024.05.12 19:30;4;25;-200;-200;0;206;0;
438;2024.05.12 19:45;4;25;-200;-200;0;206;0;
439;2024.05.12 20:00;4;25;-200;-200;0;206;0;
440;2024.05.12 20:15;4;25;-200;-200;0;206;0;
441;2024.05.12 20:30;4;25;-200;-200;0;206;0;
442;2024.05.12 20:45;4;25;-200;-200;0;206;0;
443;2024.05.12 21:00;4;25;-200;-200;0;206;0;
444;2024.05.12 21:15;4;25;-200;-200;0;206;0;
445;2024.05.12 21:30;4;25;-200;-200;0;206;0;
446;2024.05.12 21:45;4;25;-200;-200;0;206;0;
447;2024.05.12 22:00;4;25;-200;-200;0;206;0;
448;2024.05.12 22:15;4;25;-200;-200;0;206;0;
449;2024.05.12 22:30;4;25;-200;-200;0;206;0;
450;2024.05.12 22:45;4;25;-200;-200;0;206;0;
451;2024.05.12 23:00;4;25;-200;-200;0;206;0;
452;2024.05.12 23:15;4;25;-200;-200;0;206;0;
453;2024.05.12 23:30;4;25;-200;-200;0;206;0;
454;2024.05.12 23:45;4;24.9375;-200;-200;0;206;0;
455;2024.05.13 00:00;4;24.9375;-200;-200;0;206;0;
456;2024.05.13 00:15;4;24.875;-200;-200;0;206;0;
457;2024.05.13 00:30;4;24.875;-200;-200;0;206;0;
458;2024.05.13 00:45;4;24.875;-200;-200;0;206;0;
459;2024.05.13 01:00;4;24.8125;-200;-200;0;206;0;
460;2024.05.13 01:15;4;24.75;-200;-200;0;206;0;
461;2024.05.13 01:30;4;24.75;-200;-200;0;206;0;
462;2024.05.13 01:45;4;24.375;-200;-200;0;206;0;
463;2024.05.13 02:00;4;24;-200;-200;0;206;0;
464;2024.05.13 02:15;4;23.625;-200;-200;0;206;0;
465;2024.05.13 02:30;4;23.5;-200;-200;0;206;0;
466;2024.05.13 02:45;4;23.375;-200;-200;0;206;0;
467;2024.05.13 03:00;4;23.25;-200;-200;0;206;0;
468;2024.05.13 03:15;4;23.125;-200;-200;0;206;0;
469;2024.05.13 03:30;4;23;-200;-200;0;206;0;
470;2024.05.13 03:45;4;22.875;-200;-200;0;206;0;
471;2024.05.13 04:00;4;22.8125;-200;-200;0;206;0;
472;2024.05.13 04:15;4;22.75;-200;-200;0;206;0;
473;2024.05.13 04:30;4;22.625;-200;-200;0;206;0;
474;2024.05.13 04:45;4;22.5625;-200;-200;0;206;0;
475;2024.05.13 05:00;4;22.5;-200;-200;0;206;0;
476;2024.05.13 05:15;4;22.4375;-200;-200;0;206;0;
477;2024.05.13 05:30;4;22.375;-200;-200;0;206;0;
478;2024.05.13 05:45;4;22.3125;-200;-200;0;206;0;
479;2024.05.13 06:00;4;22.25;-200;-200;0;206;0;
480;2024.05.13 06:15;4;22.125;-200;-200;0;206;0;
481;2024.05.13 06:30;4;22.125;-200;-200;0;206;0;
482;2024.05.13 06:45;4;22;-200;-200;0;206;0;
483;2024.05.13 07:00;4;22;-200;-200;0;206;0;
484;2024.05.13 07:15;4;21.9375;-200;-200;0;206;0;
485;2024.05.13 07:30;4;21.875;-200;-200;0;206;0;
486;2024.05.13 07:45;4;21.8125;-200;-200;0;206;0;
487;2024.05.13 08:00;4;21.75;-200;-200;0;206;0;
488;2024.05.13 08:15;4;21.6875;-200;-200;0;206;0;
489;2024.05.13 08:30;4;21.625;-200;-200;0;206;0;
490;2024.05.13 08:45;4;21.625;-200;-200;0;206;0;
491;2024.05.13 09:00;4;21.5625;-200;-200;0;206;0;
492;2024.05.13 09:15;4;21.5;-200;-200;0;206;0;
493;2024.05.13 09:30;4;21.4375;-200;-200;0;206;0;
494;2024.05.13 09:45;4;21.375;-200;-200;0;206;0;
495;2024.05.13 10:00;4;21.375;-200;-200;0;206;0;
496;2024.05.13 10:15;4;21.25;-200;-200;0;206;0;
497;2024.05.13 10:30;4;21.25;-200;-200;0;206;0;
498;2024.05.13 10:45;4;21.1875;-200;-200;0;206;0;
499;2024.05.13 11:00;4;21.125;-200;-200;0;206;0;
500;2024.05.13 11:15;4;21.125;-200;-200;0;206;0;
501;2024.05.13 11:30;4;21;-200;-200;0;206;0;
502;2024.05.13 11:45;4;20.9375;-200;-200;0;206;0;
503;2024.05.13 12:00;4;20.875;-200;-200;0;206;0;
504;2024.05.13 12:15;4;20.8125;-200;-200;0;206;0;
505;2024.05.13 12:30;4;20.75;-200;-200;0;206;0;
506;2024.05.13 12:45;4;20.4375;-200;-200;0;206;0;
507;2024.05.13 13:00;4;20;-200;-200;0;206;0;
508;2024.05.13 13:15;4;19.625;-200;-200;0;206;0;
509;2024.05.13 13:30;4;19.3125;-200;-200;0;206;0;
510;2024.05.13 13:45;4;19.25;-200;-200;0;206;0;
511;2024.05.13 14:00;4;19;-200;-200;0;206;0;
512;2024.05.13 14:15;4;18.75;-200;-200;0;206;0;
513;2024.05.13 14:30;4;18.5;-200;-200;0;206;0;
514;2024.05.13 14:45;4;18.375;-200;-200;0;206;0;
515;2024.05.13 15:00;4;18.375;-200;-200;0;206;0;
516;2024.05.13 15:15;4;18.4375;-200;-200;0;206;0;
517;2024.05.13 15:30;4;18.625;-200;-200;0;206;0;
518;2024.05.13 15:45;4;18.625;-200;-200;0;206;0;
519;2024.05.13 16:00;4;18.6875;-200;-200;0;206;0;
520;2024.05.13 16:15;4;18.75;-200;-200;0;206;0;
521;2024.05.13 16:30;4;18.875;-200;-200;0;206;0;
522;2024.05.13 16:45;4;19.375;-200;-200;0;206;0;
523;2024.05.13 17:00;4;19.75;-200;-200;0;206;0;
524;2024.05.13 17:15;4;20;-200;-200;0;206;0;
525;2024.05.13 17:30;4;20.25;-200;-200;0;206;0;
526;2024.05.13 17:45;4;20.375;-200;-200;0;206;0;
527;2024.05.13 18:00;4;20.625;-200;-200;0;206;0;
528;2024.05.13 18:15;4;20.875;-200;-200;0;206;0;
529;2024.05.13 18:30;4;21;-200;-200;0;206;0;
530;2024.05.13 18:45;4;21.1875;-200;-200;0;206;0;
531;2024.05.13 19:00;4;21.375;-200;-200;0;206;0;
532;2024.05.13 19:15;4;21.5;-200;-200;0;206;0;
533;2024.05.13 19:30;4;21.625;-200;-200;0;206;0;
534;2024.05.13 19:45;4;21.75;-200;-200;0;206;0;
535;2024.05.13 20:00;4;21.875;-200;-200;0;206;0;
536;2024.05.13 20:15;4;22;-200;-200;0;206;0;
537;2024.05.13 20:30;4;22.125;-200;-200;0;206;0;
538;2024.05.13 20:45;4;22.25;-200;-200;0;206;0;
539;2024.05.13 21:00;4;22.375;-200;-200;0;206;0;
540;2024.05.13 21:15;4;22.5;-200;-200;0;206;0;
541;2024.05.13 21:30;4;22.75;-200;-200;0;206;0;
542;2024.05.13 21:45;4;23;-200;-200;0;206;0;
543;2024.05.13 22:00;4;23.1875;-200;-200;0;206;0;
544;2024.05.13 22:15;4;23.375;-200;-200;0;206;0;
545;2024.05.13 22:30;4;23.625;-200;-200;0;206;0;
546;2024.05.13 22:45;4;23.75;-200;-200;0;206;0;
547;2024.05.13 23:00;4;24;-200;-200;0;206;0;
548;2024.05.13 23:15;4;24.0625;-200;-200;0;206;0;
549;2024.05.13 23:30;4;24.1875;-200;-200;0;206;0;
550;2024.05.13 23:45;4;24.3125;-200;-200;0;206;0;
551;2024.05.14 00:00;4;24.375;-200;-200;0;206;0;
552;2024.05.14 00:15;4;24.5;-200;-200;0;206;0;
553;2024.05.14 00:30;4;24.625;-200;-200;0;206;0;
554;2024.05.14 00:45;4;24.6875;-200;-200;0;206;0;
555;2024.05.14 01:00;4;24.75;-200;-200;0;206;0;
556;2024.05.14 01:15;4;24.75;-200;-200;0;206;0;
557;2024.05.14 01:30;4;24.75;-200;-200;0;206;0;
558;2024.05.14 01:45;4;24.75;-200;-200;0;206;0;
559;2024.05.14 02:00;4;24.75;-200;-200;0;206;0;
560;2024.05.14 02:15;4;24.75;-200;-200;0;206;0;
561;2024.05.14 02:30;4;24.75;-200;-200;0;206;0;
562;2024.05.14 02:45;4;24.75;-200;-200;0;206;0;
563;2024.05.14 03:00;4;24.75;-200;-200;0;206;0;
564;2024.05.14 03:15;4;24.75;-200;-200;0;206;0;
565;2024.05.14 03:30;4;24.75;-200;-200;0;206;0;
566;2024.05.14 03:45;4;24.6875;-200;-200;0;206;0;
567;2024.05.14 04:00;4;24.625;-200;-200;0;206;0;
568;2024.05.14 04:15;4;24.625;-200;-200;0;206;0;
569;2024.05.14 04:30;4;24.625;-200;-200;0;206;0;
570;2024.05.14 04:45;4;24.625;-200;-200;0;206;0;
571;2024.05.14 05:00;4;24.625;-200;-200;0;206;0;
572;2024.05.14 05:15;4;24.5625;-200;-200;0;206;0;
573;2024.05.14 05:30;4;24.5;-200;-200;0;206;0;
574;2024.05.14 05:45;4;24.5;-200;-200;0;206;0;
575;2024.05.14 06:00;4;24.5;-200;-200;0;206;0;
576;2024.05.14 06:15;4;24.5;-200;-200;0;206;0;
577;2024.05.14 06:30;4;24.5;-200;-200;0;206;0;
578;2024.05.14 06:45;4;24.5;-200;-200;0;206;0;
579;2024.05.14 07:00;4;24.5;-200;-200;0;206;0;
580;2024.05.14 07:15;4;24.4375;-200;-200;0;206;0;
581;2024.05.14 07:30;4;24.375;-200;-200;0;206;0;
582;2024.05.14 07:45;4;24.375;-200;-200;0;206;0;
583;2024.05.14 08:00;4;24.375;-200;-200;0;206;0;
584;2024.05.14 08:15;4;24.375;-200;-200;0;206;0;
585;2024.05.14 08:30;4;24.375;-200;-200;0;206;0;
586;2024.05.14 08:45;4;24.375;-200;-200;0;206;0;
587;2024.05.14 09:00;4;24.375;-200;-200;0;206;0;
588;2024.05.14 09:15;4;24.3125;-200;-200;0;206;0;
589;2024.05.14 09:30;4;24.3125;-200;-200;0;206;0;
590;2024.05.14 09:45;4;24.3125;-200;-200;0;206;0;
591;2024.05.14 10:00;4;24.25;-200;-200;0;206;0;
592;2024.05.14 10:15;4;24.25;-200;-200;0;206;0;
593;2024.05.14 10:30;4;24.25;-200;-200;0;206;0;
594;2024.05.14 10:45;4;24.25;-200;-200;0;206;0;
595;2024.05.14 11:00;4;24.25;-200;-200;0;206;0;
596;2024.05.14 11:15;4;24.1875;-200;-200;0;206;0;
597;2024.05.14 11:30;4;24.1875;-200;-200;0;206;0;
598;2024.05.14 11:45;4;24.125;-200;-200;0;206;0;
599;2024.05.14 12:00;4;24.125;-200;-200;0;206;0;
600;2024.05.14 12:15;4;24.125;-200;-200;0;206;0;
601;2024.05.14 12:30;4;24.125;-200;-200;0;206;0;
602;2024.05.14 12:45;4;24.125;-200;-200;0;206;0;
603;2024.05.14 13:00;4;24.0625;-200;-200;0;206;0;
604;2024.05.14 13:15;4;24.0625;-200;-200;0;206;0;
605;2024.05.14 13:30;4;24.0625;-200;-200;0;206;0;
606;2024.05.14 13:45;4;24.0625;-200;-200;0;206;0;
607;2024.05.14 14:00;4;24;-200;-200;0;206;0;
608;2024.05.14 14:15;4;24;-200;-200;0;206;0;
609;2024.05.14 14:30;4;24;-200;-200;0;206;0;
610;2024.05.14 14:45;4;24;-200;-200;0;206;0;
611;2024.05.14 15:00;4;24;-200;-200;0;206;0;
612;2024.05.14 15:15;4;24;-200;-200;0;206;0;
613;2024.05.14 15:30;4;24;-200;-200;0;206;0;
614;2024.05.14 15:45;4;24;-200;-200;0;206;0;
615;2024.05.14 16:00;4;24.0625;-200;-200;0;206;0;
616;2024.05.14 16:15;4;24.125;-200;-200;0;206;0;
617;2024.05.14 16:30;4;24.125;-200;-200;0;206;0;
618;2024.05.14 16:45;4;24.1875;-200;-200;0;206;0;
619;2024.05.14 17:00;4;24.25;-200;-200;0;206;0;
620;2024.05.14 17:15;4;24.25;-200;-200;0;206;0;
621;2024.05.14 17:30;4;24.3125;-200;-200;0;206;0;
622;2024.05.14 17:45;4;24.3125;-200;-200;0;206;0;
623;2024.05.14 18:00;4;24.25;-200;-200;0;206;0;
624;2024.05.14 18:15;4;24.25;-200;-200;0;206;0;
625;2024.05.14 18:30;4;24.25;-200;-200;0;206;0;
626;2024.05.14 18:45;4;24.3125;-200;-200;0;206;0;
627;2024.05.14 19:00;4;24.3125;-200;-200;0;206;0;
628;2024.05.14 19:15;4;24.375;-200;-200;0;206;0;
629;2024.05.14 19:30;4;24.375;-200;-200;0;206;0;
630;2024.05.14 19:45;4;24.375;-200;-200;0;206;0;
631;2024.05.14 20:00;4;24.375;-200;-200;0;206;0;
632;2024.05.14 20:15;4;24.375;-200;-200;0;206;0;
633;2024.05.14 20:30;4;24.4375;-200;-200;0;206;0;
634;2024.05.14 20:45;4;24.5;-200;-200;0;206;0;
635;2024.05.14 21:00;4;24.5;-200;-200;0;206;0;
636;2024.05.14 21:15;4;24.5625;-200;-200;0;206;0;
637;2024.05.14 21:30;4;24.625;-200;-200;0;206;0;
638;2024.05.14 21:45;4;24.625;-200;-200;0;206;0;
639;2024.05.14 22:00;4;24.75;-200;-200;0;206;0;
640;2024.05.14 22:15;4;24.75;-200;-200;0;206;0;
641;2024.05.14 22:30;4;24.75;-200;-200;0;206;0;
642;2024.05.14 22:45;4;24.75;-200;-200;0;206;0;
643;2024.05.14 23:00;4;24.75;-200;-200;0;206;0;
644;2024.05.14 23:15;4;24.75;-200;-200;0;206;0;
645;2024.05.14 23:30;4;24.75;-200;-200;0;206;0;
646;2024.05.14 23:45;4;24.8125;-200;-200;0;206;0;
647;2024.05.15 00:00;4;24.8125;-200;-200;0;206;0;
648;2024.05.15 00:15;4;24.8125;-200;-200;0;206;0;
649;2024.05.15 00:30;4;24.875;-200;-200;0;206;0;
650;2024.05.15 00:45;4;24.875;-200;-200;0;206;0;
651;2024.05.15 01:00;4;24.875;-200;-200;0;206;0;
652;2024.05.15 01:15;4;24.875;-200;-200;0;206;0;
653;2024.05.15 01:30;4;24.875;-200;-200;0;206;0;
654;2024.05.15 01:45;4;24.875;-200;-200;0;206;0;
655;2024.05.15 02:00;4;24.8125;-200;-200;0;206;0;
656;2024.05.15 02:15;4;24.8125;-200;-200;0;206;0;
657;2024.05.15 02:30;4;24.8125;-200;-200;0;206;0;
658;2024.05.15 02:45;4;24.75;-200;-200;0;206;0;
659;2024.05.15 03:00;4;24.75;-200;-200;0;206;0;
660;2024.05.15 03:15;4;24.75;-200;-200;0;206;0;
661;2024.05.15 03:30;4;24.75;-200;-200;0;206;0;
662;2024.05.15 03:45;4;24.75;-200;-200;0;206;0;
663;2024.05.15 04:00;4;24.75;-200;-200;0;206;0;
664;2024.05.15 04:15;4;24.75;-200;-200;0;206;0;
665;2024.05.15 04:30;4;24.75;-200;-200;0;206;0;
666;2024.05.15 04:45;4;24.75;-200;-200;0;206;0;
667;2024.05.15 05:00;4;24.75;-200;-200;0;206;0;
668;2024.05.15 05:15;4;24.75;-200;-200;0;206;0;
669;2024.05.15 05:30;4;24.75;-200;-200;0;206;0;
670;2024.05.15 05:45;4;24.75;-200;-200;0;206;0;
671;2024.05.15 06:00;4;24.75;-200;-200;0;206;0;
672;2024.05.15 06:15;4;24.75;-200;-200;0;206;0;
673;2024.05.15 06:30;4;24.75;-200;-200;0;206;0;
674;2024.05.15 06:45;4;24.75;-200;-200;0;206;0;
675;2024.05.15 07:00;4;24.75;-200;-200;0;206;0;
676;2024.05.15 07:15;4;24.75;-200;-200;0;206;0;
677;2024.05.15 07:30;4;24.75;-200;-200;0;206;0;
678;2024.05.15 07:45;4;24.75;-200;-200;0;206;0;
679;2024.05.15 08:00;4;24.75;-200;-200;0;206;0;
680;2024.05.15 08:15;4;24.75;-200;-200;0;206;0;
681;2024.05.15 08:30;4;24.75;-200;-200;0;206;0;
682;2024.05.15 08:45;4;24.75;-200;-200;0;206;0;
683;2024.05.15 09:00;4;24.75;-200;-200;0;206;0;
684;2024.05.15 09:15;4;24.6875;-200;-200;0;206;0;
685;2024.05.15 09:30;4;24.625;-200;-200;0;206;0;
686;2024.05.15 09:45;4;24.625;-200;-200;0;206;0;
687;2024.05.15 10:00;4;24.625;-200;-200;0;206;0;
688;2024.05.15 10:15;4;24.5625;-200;-200;0;206;0;
689;2024.05.15 10:30;4;24.5;-200;-200;0;206;0;
690;2024.05.15 10:45;4;24.5;-200;-200;0;206;0;
691;2024.05.15 11:00;4;24.4375;-200;-200;0;206;0;
692;2024.05.15 11:15;4;24.375;-200;-200;0;206;0;
693;2024.05.15 11:30;4;24.375;-200;-200;0;206;0;
694;2024.05.15 11:45;4;24.25;-200;-200;0;206;0;
695;2024.05.15 12:00;4;24.25;-200;-200;0;206;0;
696;2024.05.15 12:15;4;24.25;-200;-200;0;206;0;
697;2024.05.15 12:30;4;24.125;-200;-200;0;206;0;
698;2024.05.15 12:45;4;24.125;-200;-200;0;206;0;
699;2024.05.15 13:00;4;24.0625;-200;-200;0;206;0;
700;2024.05.15 13:15;4;24;-200;-200;0;206;0;
701;2024.05.15 13:30;4;24;-200;-200;0;206;0;
702;2024.05.15 13:45;4;24;-200;-200;0;206;0;
703;2024.05.15 14:00;4;24;-200;-200;0;206;0;
704;2024.05.15 14:15;4;24;-200;-200;0;206;0;
705;2024.05.15 14:30;4;24.125;-200;-200;0;206;0;
706;2024.05.15 14:45;4;24.125;-200;-200;0;206;0;
707;2024.05.15 15:00;4;24.125;-200;-200;0;206;0;
708;2024.05.15 15:15;4;24.125;-200;-200;0;206;0;
709;2024.05.15 15:30;4;24.0625;-200;-200;0;206;0;
710;2024.05.15 15:45;4;24;-200;-200;0;206;0;
711;2024.05.15 16:00;4;24;-200;-200;0;206;0;
712;2024.05.15 16:15;4;23.875;-200;-200;0;206;0;
713;2024.05.15 16:30;4;23.875;-200;-200;0;206;0;
714;2024.05.15 16:45;4;23.875;-200;-200;0;206;0;
715;2024.05.15 17:00;4;23.875;-200;-200;0;206;0;
716;2024.05.15 17:15;4;23.8125;-200;-200;0;206;0;
717;2024.05.15 17:30;4;23.8125;-200;-200;0;206;0;
718;2024.05.15 17:45;4;23.75;-200;-200;0;206;0;
719;2024.05.15 18:00;4;23.75;-200;-200;0;206;0;
720;2024.05.15 18:15;4;23.75;-200;-200;0;206;0;
721;2024.05.15 18:30;4;23.75;-200;-200;0;206;0;
722;2024.05.15 18:45;4;23.75;-200;-200;0;206;0;
723;2024.05.15 19:00;4;23.75;-200;-200;0;206;0;
724;2024.05.15 19:15;4;23.75;-200;-200;0;206;0;
725;2024.05.15 19:30;4;23.625;-200;-200;0;206;0;
726;2024.05.15 19:45;4;23.5;-200;-200;0;206;0;
727;2024.05.15 20:00;4;23.5;-200;-200;0;206;0;
728;2024.05.15 20:15;4;23.4375;-200;-200;0;206;0;
729;2024.05.15 20:30;4;23.375;-200;-200;0;206;0;
730;2024.05.15 20:45;4;23.375;-200;-200;0;206;0;
731;2024.05.15 21:00;4;23.375;-200;-200;0;206;0;
732;2024.05.15 21:15;4;23.375;-200;-200;0;206;0;
733;2024.05.15 21:30;4;23.375;-200;-200;0;206;0;
734;2024.05.15 21:45;4;23.375;-200;-200;0;206;0;
735;2024.05.15 22:00;4;23.375;-200;-200;0;206;0;
736;2024.05.15 22:15;4;23.375;-200;-200;0;206;0;
737;2024.05.15 22:30;4;23.375;-200;-200;0;206;0;
738;2024.05.15 22:45;4;23.3125;-200;-200;0;206;0;
739;2024.05.15 23:00;4;23.25;-200;-200;0;206;0;
740;2024.05.15 23:15;4;23.25;-200;-200;0;206;0;
741;2024.05.15 23:30;4;23.25;-200;-200;0;206;0;
742;2024.05.15 23:45;4;23.25;-200;-200;0;206;0;
743;2024.05.16 00:00;4;23.25;-200;-200;0;206;0;
744;2024.05.16 00:15;4;23.1875;-200;-200;0;206;0;
745;2024.05.16 00:30;4;23.125;-200;-200;0;206;0;
746;2024.05.16 00:45;4;23.125;-200;-200;0;206;0;
747;2024.05.16 01:00;4;23.125;-200;-200;0;206;0;
748;2024.05.16 01:15;4;23.125;-200;-200;0;206;0;
749;2024.05.16 01:30;4;23.125;-200;-200;0;206;0;
750;2024.05.16 01:45;4;23.125;-200;-200;0;206;0;
751;2024.05.16 02:00;4;23.0625;-200;-200;0;206;0;
752;2024.05.16 02:15;4;23.0625;-200;-200;0;206;0;
753;2024.05.16 02:30;4;23.0625;-200;-200;0;206;0;
754;2024.05.16 02:45;4;23.0625;-200;-200;0;206;0;
755;2024.05.16 03:00;4;23.0625;-200;-200;0;206;0;
756;2024.05.16 03:15;4;23.0625;-200;-200;0;206;0;
757;2024.05.16 03:30;4;23.0625;-200;-200;0;206;0;
758;2024.05.16 03:45;4;23;-200;-200;0;206;0;
759;2024.05.16 04:00;4;23;-200;-200;0;206;0;
760;2024.05.16 04:15;4;23;-200;-200;0;206;0;
761;2024.05.16 04:30;4;23;-200;-200;0;206;0;
762;2024.05.16 04:45;4;23;-200;-200;0;206;0;
763;2024.05.16 05:00;4;23;-200;-200;0;206;0;
764;2024.05.16 05:15;4;23;-200;-200;0;206;0;
765;2024.05.16 05:30;4;23;-200;-200;0;206;0;
766;2024.05.16 05:45;4;23;-200;-200;0;206;0;
767;2024.05.16 06:00;4;23;-200;-200;0;206;0;
768;2024.05.16 06:15;4;23;-200;-200;0;206;0;
769;2024.05.16 06:30;4;23;-200;-200;0;206;0;
770;2024.05.16 06:45;4;23;-200;-200;0;206;0;
771;2024.05.16 07:00;4;23;-200;-200;0;206;0;
772;2024.05.16 07:15;4;22.9375;-200;-200;0;206;0;
773;2024.05.16 07:30;4;22.9375;-200;-200;0;206;0;
774;2024.05.16 07:45;4;22.9375;-200;-200;0;206;0;
775;2024.05.16 08:00;4;22.9375;-200;-200;0;206;0;
776;2024.05.16 08:15;4;22.9375;-200;-200;0;206;0;
777;2024.05.16 08:30;4;22.875;-200;-200;0;206;0;
778;2024.05.16 08:45;4;22.875;-200;-200;0;206;0;
779;2024.05.16 09:00;4;22.875;-200;-200;0;206;0;
780;2024.05.16 09:15;4;22.875;-200;-200;0;206;0;
781;2024.05.16 09:30;4;22.875;-200;-200;0;206;0;
782;2024.05.16 09:45;4;22.875;-200;-200;0;206;0;
783;2024.05.16 10:00;4;22.875;-200;-200;0;206;0;
784;2024.05.16 10:15;4;22.875;-200;-200;0;206;0;
785;2024.05.16 10:30;4;22.875;-200;-200;0;206;0;
786;2024.05.16 10:45;4;22.875;-200;-200;0;206;0;
787;2024.05.16 11:00;4;22.875;-200;-200;0;206;0;
788;2024.05.16 11:15;4;22.875;-200;-200;0;206;0;
789;2024.05.16 11:30;4;22.875;-200;-200;0;206;0;
790;2024.05.16 11:45;4;22.875;-200;-200;0;206;0;
791;2024.05.16 12:00;4;22.875;-200;-200;0;206;0;
792;2024.05.16 12:15;4;22.875;-200;-200;0;206;0;
793;2024.05.16 12:30;4;22.875;-200;-200;0;206;0;
794;2024.05.16 12:45;4;22.875;-200;-200;0;206;0;
795;2024.05.16 13:00;4;22.875;-200;-200;0;206;0;
796;2024.05.16 13:15;4;22.875;-200;-200;0;206;0;
797;2024.05.16 13:30;4;22.875;-200;-200;0;206;0;
798;2024.05.16 13:45;4;22.8125;-200;-200;0;206;0;
799;2024.05.16 14:00;4;22.8125;-200;-200;0;206;0;
800;2024.05.16 14:15;4;22.8125;-200;-200;0;206;0;
801;2024.05.16 14:30;4;22.75;-200;-200;0;206;0;
802;2024.05.16 14:45;4;22.75;-200;-200;0;206;0;
803;2024.05.16 15:00;4;22.75;-200;-200;0;206;0;
804;2024.05.16 15:15;4;22.75;-200;-200;0;206;0;
805;2024.05.16 15:30;4;22.6875;-200;-200;0;206;0;
806;2024.05.16 15:45;4;22.6875;-200;-200;0;206;0;
807;2024.05.16 16:00;4;22.625;-200;-200;0;206;0;
808;2024.05.16 16:15;4;22.625;-200;-200;0;206;0;
809;2024.05.16 16:30;4;22.625;-200;-200;0;206;0;
810;2024.05.16 16:45;4;22.625;-200;-200;0;206;0;
811;2024.05.16 17:00;4;22.625;-200;-200;0;206;0;
812;2024.05.16 17:15;4;22.625;-200;-200;0;206;0;
813;2024.05.16 17:30;4;22.625;-200;-200;0;206;0;
814;2024.05.16 17:45;4;22.625;-200;-200;0;206;0;
815;2024.05.16 18:00;4;22.6875;-200;-200;0;206;0;
816;2024.05.16 18:15;4;22.6875;-200;-200;0;206;0;
817;2024.05.16 18:30;4;22.75;-200;-200;0;206;0;
818;2024.05.16 18:45;4;22.75;-200;-200;0;206;0;
819;2024.05.16 19:00;4;22.75;-200;-200;0;206;0;
820;2024.05.16 19:15;4;22.75;-200;-200;0;206;0;
821;2024.05.16 19:30;4;22.75;-200;-200;0;206;0;
822;2024.05.16 19:45;4;22.75;-200;-200;0;206;0;
823;2024.05.16 20:00;4;22.8125;-200;-200;0;206;0;
824;2024.05.16 20:15;4;22.875;-200;-200;0;206;0;
825;2024.05.16 20:30;4;22.875;-200;-200;0;206;0;
826;2024.05.16 20:45;4;22.875;-200;-200;0;206;0;
827;2024.05.16 21:00;4;22.875;-200;-200;0;206;0;
828;2024.05.16 21:15;4;22.875;-200;-200;0;206;0;
829;2024.05.16 21:30;4;22.875;-200;-200;0;206;0;
830;2024.05.16 21:45;4;22.875;-200;-200;0;206;0;
831;2024.05.16 22:00;4;22.9375;-200;-200;0;206;0;
832;2024.05.16 22:15;4;22.9375;-200;-200;0;206;0;
833;2024.05.16 22:30;4;23;-200;-200;0;206;0;
834;2024.05.16 22:45;4;23;-200;-200;0;206;0;
835;2024.05.16 23:00;4;23;-200;-200;0;206;0;
836;2024.05.16 23:15;4;23;-200;-200;0;206;0;
837;2024.05.16 23:30;4;23;-200;-200;0;206;0;
838;2024.05.16 23:45;4;23;-200;-200;0;206;0;
839;2024.05.17 00:00;4;23;-200;-200;0;206;0;
840;2024.05.17 00:15;4;23;-200;-200;0;206;0;
841;2024.05.17 00:30;4;23.0625;-200;-200;0;206;0;
842;2024.05.17 00:45;4;23.125;-200;-200;0;206;0;
843;2024.05.17 01:00;4;23.125;-200;-200;0;206;0;
844;2024.05.17 01:15;4;23.125;-200;-200;0;206;0;
845;2024.05.17 01:30;4;23.125;-200;-200;0;206;0;
846;2024.05.17 01:45;4;23.125;-200;-200;0;206;0;
847;2024.05.17 02:00;4;23.125;-200;-200;0;206;0;
848;2024.05.17 02:15;4;23.125;-200;-200;0;206;0;
849;2024.05.17 02:30;4;23.125;-200;-200;0;206;0;
850;2024.05.17 02:45;4;23.125;-200;-200;0;206;0;
851;2024.05.17 03:00;4;23.125;-200;-200;0;206;0;
852;2024.05.17 03:15;4;23.125;-200;-200;0;206;0;
853;2024.05.17 03:30;4;23.125;-200;-200;0;206;0;
854;2024.05.17 03:45;4;23.125;-200;-200;0;206;0;
855;2024.05.17 04:00;4;23.125;-200;-200;0;206;0;
856;2024.05.17 04:15;4;23.125;-200;-200;0;206;0;
857;2024.05.17 04:30;4;23.125;-200;-200;0;206;0;
858;2024.05.17 04:45;4;23.125;-200;-200;0;206;0;
859;2024.05.17 05:00;4;23.125;-200;-200;0;206;0;
860;2024.05.17 05:15;4;23.125;-200;-200;0;206;0;
861;2024.05.17 05:30;4;23.125;-200;-200;0;206;0;
862;2024.05.17 05:45;4;23.125;-200;-200;0;206;0;
863;2024.05.17 06:00;4;23.0625;-200;-200;0;206;0;
864;2024.05.17 06:15;4;23.0625;-200;-200;0;206;0;
865;2024.05.17 06:30;4;23.0625;-200;-200;0;206;0;
866;2024.05.17 06:45;4;23.0625;-200;-200;0;206;0;
867;2024.05.17 07:00;4;23;-200;-200;0;206;0;
868;2024.05.17 07:15;4;23;-200;-200;0;206;0;
869;2024.05.17 07:30;4;23;-200;-200;0;206;0;
870;2024.05.17 07:45;4;23;-200;-200;0;206;0;
871;2024.05.17 08:00;4;23;-200;-200;0;206;0;
872;2024.05.17 08:15;4;23;-200;-200;0;206;0;
873;2024.05.17 08:30;4;23;-200;-200;0;206;0;
874;2024.05.17 08:45;4;23;-200;-200;0;206;0;
875;2024.05.17 09:00;4;23;-200;-200;0;206;0;
876;2024.05.17 09:15;4;23;-200;-200;0;206;0;
877;2024.05.17 09:30;4;23;-200;-200;0;206;0;
878;2024.05.17 09:45;4;23;-200;-200;0;206;0;
879;2024.05.17 10:00;4;23;-200;-200;0;206;0;
880;2024.05.17 10:15;4;23;-200;-200;0;206;0;
881;2024.05.17 10:30;4;23;-200;-200;0;206;0;
882;2024.05.17 10:45;4;23;-200;-200;0;206;0;
883;2024.05.17 11:00;4;23;-200;-200;0;206;0;
884;2024.05.17 11:15;4;22.9375;-200;-200;0;206;0;
885;2024.05.17 11:30;4;22.9375;-200;-200;0;206;0;
886;2024.05.17 11:45;4;22.875;-200;-200;0;206;0;
887;2024.05.17 12:00;4;22.875;-200;-200;0;206;0;
888;2024.05.17 12:15;4;22.875;-200;-200;0;206;0;
889;2024.05.17 12:30;4;22.875;-200;-200;0;206;0;
890;2024.05.17 12:45;4;22.875;-200;-200;0;206;0;
891;2024.05.17 13:00;4;22.875;-200;-200;0;206;0;
892;2024.05.17 13:15;4;22.8125;-200;-200;0;206;0;
893;2024.05.17 13:30;4;22.75;-200;-200;0;206;0;
894;2024.05.17 13:45;4;22.75;-200;-200;0;206;0;
895;2024.05.17 14:00;4;22.75;-200;-200;0;206;0;
896;2024.05.17 14:15;4;22.75;-200;-200;0;206;0;
897;2024.05.17 14:30;4;22.75;-200;-200;0;206;0;
898;2024.05.17 14:45;4;22.75;-200;-200;0;206;0;
899;2024.05.17 15:00;4;22.75;-200;-200;0;206;0;
900;2024.05.17 15:15;4;22.75;-200;-200;0;206;0;
901;2024.05.17 15:30;4;22.75;-200;-200;0;206;0;
902;2024.05.17 15:45;4;22.75;-200;-200;0;206;0;
903;2024.05.17 16:00;4;22.75;-200;-200;0;206;0;
904;2024.05.17 16:15;4;22.75;-200;-200;0;206;0;
905;2024.05.17 16:30;4;22.75;-200;-200;0;206;0;
906;2024.05.17 16:45;4;22.75;-200;-200;0;206;0;
907;2024.05.17 17:00;4;22.75;-200;-200;0;206;0;
908;2024.05.17 17:15;4;22.75;-200;-200;0;206;0;
909;2024.05.17 17:30;4;22.75;-200;-200;0;206;0;
910;2024.05.17 17:45;4;22.75;-200;-200;0;206;0;
911;2024.05.17 18:00;4;22.75;-200;-200;0;206;0;
912;2024.05.17 18:15;4;22.75;-200;-200;0;206;0;
913;2024.05.17 18:30;4;22.75;-200;-200;0;206;0;
914;2024.05.17 18:45;4;22.75;-200;-200;0;206;0;
915;2024.05.17 19:00;4;22.75;-200;-200;0;206;0;
916;2024.05.17 19:15;4;22.75;-200;-200;0;206;0;
917;2024.05.17 19:30;4;22.75;-200;-200;0;206;0;
918;2024.05.17 19:45;4;22.75;-200;-200;0;206;0;
919;2024.05.17 20:00;4;22.75;-200;-200;0;206;0;
920;2024.05.17 20:15;4;22.75;-200;-200;0;206;0;
921;2024.05.17 20:30;4;22.75;-200;-200;0;206;0;
922;2024.05.17 20:45;4;22.75;-200;-200;0;206;0;
923;2024.05.17 21:00;4;22.75;-200;-200;0;206;0;
924;2024.05.17 21:15;4;22.75;-200;-200;0;206;0;
925;2024.05.17 21:30;4;22.75;-200;-200;0;206;0;
926;2024.05.17 21:45;4;22.75;-200;-200;0;206;0;
927;2024.05.17 22:00;4;22.75;-200;-200;0;206;0;
928;2024.05.17 22:15;4;22.75;-200;-200;0;206;0;
929;2024.05.17 22:30;4;22.75;-200;-200;0;206;0;
930;2024.05.17 22:45;4;22.75;-200;-200;0;206;0;
931;2024.05.17 23:00;4;22.75;-200;-200;0;206;0;
932;2024.05.17 23:15;4;22.75;-200;-200;0;206;0;
933;2024.05.17 23:30;4;22.75;-200;-200;0;206;0;
934;2024.05.17 23:45;4;22.75;-200;-200;0;206;0;
935;2024.05.18 00:00;4;22.75;-200;-200;0;206;0;
936;2024.05.18 00:15;4;22.75;-200;-200;0;206;0;
937;2024.05.18 00:30;4;22.75;-200;-200;0;206;0;
938;2024.05.18 00:45;4;22.75;-200;-200;0;206;0;
939;2024.05.18 01:00;4;22.75;-200;-200;0;206;0;
940;2024.05.18 01:15;4;22.75;-200;-200;0;206;0;
941;2024.05.18 01:30;4;22.75;-200;-200;0;206;0;
942;2024.05.18 01:45;4;22.75;-200;-200;0;206;0;
943;2024.05.18 02:00;4;22.75;-200;-200;0;206;0;
944;2024.05.18 02:15;4;22.75;-200;-200;0;206;0;
945;2024.05.18 02:30;4;22.75;-200;-200;0;206;0;
946;2024.05.18 02:45;4;22.75;-200;-200;0;206;0;
947;2024.05.18 03:00;4;22.75;-200;-200;0;206;0;
948;2024.05.18 03:15;4;22.75;-200;-200;0;206;0;
949;2024.05.18 03:30;4;22.75;-200;-200;0;206;0;
950;2024.05.18 03:45;4;22.75;-200;-200;0;206;0;
951;2024.05.18 04:00;4;22.75;-200;-200;0;206;0;
952;2024.05.18 04:15;4;22.75;-200;-200;0;206;0;
953;2024.05.18 04:30;4;22.75;-200;-200;0;206;0;
954;2024.05.18 04:45;4;22.75;-200;-200;0;206;0;
955;2024.05.18 05:00;4;22.75;-200;-200;0;206;0;
956;2024.05.18 05:15;4;22.75;-200;-200;0;206;0;
957;2024.05.18 05:30;4;22.75;-200;-200;0;206;0;
958;2024.05.18 05:45;4;22.75;-200;-200;0;206;0;
959;2024.05.18 06:00;4;22.75;-200;-200;0;206;0;
960;2024.05.18 06:15;4;22.75;-200;-200;0;206;0;
961;2024.05.18 06:30;4;22.75;-200;-200;0;206;0;
962;2024.05.18 06:45;4;22.75;-200;-200;0;206;0;
963;2024.05.18 07:00;4;22.75;-200;-200;0;206;0;
964;2024.05.18 07:15;4;22.75;-200;-200;0;206;0;
965;2024.05.18 07:30;4;22.75;-200;-200;0;206;0;
966;2024.05.18 07:45;4;22.75;-200;-200;0;206;0;
967;2024.05.18 08:00;4;22.75;-200;-200;0;206;0;
968;2024.05.18 08:15;4;22.75;-200;-200;0;206;0;
969;2024.05.18 08:30;4;22.75;-200;-200;0;206;0;
970;2024.05.18 08:45;4;22.75;-200;-200;0;206;0;
971;2024.05.18 09:00;4;22.6875;-200;-200;0;206;0;
972;2024.05.18 09:15;4;22.6875;-200;-200;0;206;0;
973;2024.05.18 09:30;4;22.6875;-200;-200;0;206;0;
974;2024.05.18 09:45;4;22.6875;-200;-200;0;206;0;
975;2024.05.18 10:00;4;22.625;-200;-200;0;206;0;
976;2024.05.18 10:15;4;22.625;-200;-200;0;206;0;
977;2024.05.18 10:30;4;22.625;-200;-200;0;206;0;
978;2024.05.18 10:45;4;22.625;-200;-200;0;206;0;
979;2024.05.18 11:00;4;22.625;-200;-200;0;206;0;
980;2024.05.18 11:15;4;22.625;-200;-200;0;206;0;
981;2024.05.18 11:30;4;22.625;-200;-200;0;206;0;
982;2024.05.18 11:45;4;22.625;-200;-200;0;206;0;
983;2024.05.18 12:00;4;22.625;-200;-200;0;206;0;
984;2024.05.18 12:15;4;22.625;-200;-200;0;206;0;
985;2024.05.18 12:30;4;22.625;-200;-200;0;206;0;
986;2024.05.18 12:45;4;22.625;-200;-200;0;206;0;
987;2024.05.18 13:00;4;22.625;-200;-200;0;206;0;
988;2024.05.18 13:15;4;22.625;-200;-200;0;206;0;
989;2024.05.18 13:30;4;22.625;-200;-200;0;206;0;
990;2024.05.18 13:45;4;22.625;-200;-200;0;206;0;
991;2024.05.18 14:00;4;22.625;-200;-200;0;206;0;
992;2024.05.18 14:15;4;22.625;-200;-200;0;206;0;
993;2024.05.18 14:30;4;22.625;-200;-200;0;206;0;
994;2024.05.18 14:45;4;22.625;-200;-200;0;206;0;
995;2024.05.18 15:00;4;22.6875;-200;-200;0;206;0;
996;2024.05.18 15:15;4;22.6875;-200;-200;0;206;0;
997;2024.05.18 15:30;4;22.6875;-200;-200;0;206;0;
998;2024.05.18 15:45;4;22.75;-200;-200;0;206;0;
999;2024.05.18 16:00;4;22.75;-200;-200;0;206;0;
1000;2024.05.18 16:15;4;22.75;-200;-200;0;206;0;
1001;2024.05.18 16:30;4;22.75;-200;-200;0;206;0;
1002;2024.05.18 16:45;4;22.75;-200;-200;0;206;0;
1003;2024.05.18 17:00;4;22.75;-200;-200;0;206;0;
1004;2024.05.18 17:15;4;22.75;-200;-200;0;206;0;
1005;2024.05.18 17:30;4;22.75;-200;-200;0;206;0;
1006;2024.05.18 17:45;4;22.75;-200;-200;0;206;0;
1007;2024.05.18 18:00;4;22.75;-200;-200;0;206;0;
1008;2024.05.18 18:15;4;22.75;-200;-200;0;206;0;
1009;2024.05.18 18:30;4;22.75;-200;-200;0;206;0;
1010;2024.05.18 18:45;4;22.75;-200;-200;0;206;0;
1011;2024.05.18 19:00;4;22.75;-200;-200;0;206;0;
1012;2024.05.18 19:15;4;22.75;-200;-200;0;206;0;
1013;2024.05.18 19:30;4;22.75;-200;-200;0;206;0;
1014;2024.05.18 19:45;4;22.75;-200;-200;0;206;0;
1015;2024.05.18 20:00;4;22.75;-200;-200;0;206;0;
1016;2024.05.18 20:15;4;22.75;-200;-200;0;206;0;
1017;2024.05.18 20:30;4;22.75;-200;-200;0;206;0;
1018;2024.05.18 20:45;4;22.75;-200;-200;0;206;0;
1019;2024.05.18 21:00;4;22.75;-200;-200;0;206;0;
1020;2024.05.18 21:15;4;22.75;-200;-200;0;206;0;
1021;2024.05.18 21:30;4;22.75;-200;-200;0;206;0;
1022;2024.05.18 21:45;4;22.75;-200;-200;0;206;0;
1023;2024.05.18 22:00;4;22.75;-200;-200;0;206;0;
1024;2024.05.18 22:15;4;22.8125;-200;-200;0;206;0;
1025;2024.05.18 22:30;4;22.8125;-200;-200;0;206;0;
1026;2024.05.18 22:45;4;22.8125;-200;-200;0;206;0;
1027;2024.05.18 23:00;4;22.8125;-200;-200;0;206;0;
1028;2024.05.18 23:15;4;22.8125;-200;-200;0;206;0;
1029;2024.05.18 23:30;4;22.8125;-200;-200;0;206;0;
1030;2024.05.18 23:45;4;22.8125;-200;-200;0;206;0;
1031;2024.05.19 00:00;4;22.8125;-200;-200;0;206;0;
1032;2024.05.19 00:15;4;22.8125;-200;-200;0;206;0;
1033;2024.05.19 00:30;4;22.8125;-200;-200;0;206;0;
1034;2024.05.19 00:45;4;22.8125;-200;-200;0;206;0;
1035;2024.05.19 01:00;4;22.8125;-200;-200;0;206;0;
1036;2024.05.19 01:15;4;22.8125;-200;-200;0;206;0;
1037;2024.05.19 01:30;4;22.8125;-200;-200;0;206;0;
1038;2024.05.19 01:45;4;22.8125;-200;-200;0;206;0;
1039;2024.05.19 02:00;4;22.875;-200;-200;0;206;0;
1040;2024.05.19 02:15;4;22.875;-200;-200;0;206;0;
1041;2024.05.19 02:30;4;22.875;-200;-200;0;206;0;
1042;2024.05.19 02:45;4;22.875;-200;-200;0;206;0;
1043;2024.05.19 03:00;4;22.875;-200;-200;0;206;0;
1044;2024.05.19 03:15;4;22.875;-200;-200;0;206;0;
1045;2024.05.19 03:30;4;22.875;-200;-200;0;206;0;
1046;2024.05.19 03:45;4;22.875;-200;-200;0;206;0;
1047;2024.05.19 04:00;4;22.875;-200;-200;0;206;0;
1048;2024.05.19 04:15;4;22.875;-200;-200;0;206;0;
1049;2024.05.19 04:30;4;22.875;-200;-200;0;206;0;
1050;2024.05.19 04:45;4;22.875;-200;-200;0;206;0;
1051;2024.05.19 05:00;4;22.875;-200;-200;0;206;0;
1052;2024.05.19 05:15;4;22.875;-200;-200;0;206;0;
1053;2024.05.19 05:30;4;22.875;-200;-200;0;206;0;
1054;2024.05.19 05:45;4;22.875;-200;-200;0;206;0;
1055;2024.05.19 06:00;4;22.9375;-200;-200;0;206;0;
1056;2024.05.19 06:15;4;22.9375;-200;-200;0;206;0;
1057;2024.05.19 06:30;4;22.875;-200;-200;0;206;0;
1058;2024.05.19 06:45;4;22.875;-200;-200;0;206;0;
1059;2024.05.19 07:00;4;22.9375;-200;-200;0;206;0;
1060;2024.05.19 07:15;4;22.875;-200;-200;0;206;0;
1061;2024.05.19 07:30;4;22.875;-200;-200;0;206;0;
1062;2024.05.19 07:45;4;22.875;-200;-200;0;206;0;
1063;2024.05.19 08:00;4;22.875;-200;-200;0;206;0;
1064;2024.05.19 08:15;4;22.875;-200;-200;0;206;0;
1065;2024.05.19 08:30;4;22.875;-200;-200;0;206;0;
1066;2024.05.19 08:45;4;22.875;-200;-200;0;206;0;
1067;2024.05.19 09:00;4;22.875;-200;-200;0;206;0;
1068;2024.05.19 09:15;4;22.875;-200;-200;0;206;0;
1069;2024.05.19 09:30;4;22.875;-200;-200;0;206;0;
1070;2024.05.19 09:45;4;22.875;-200;-200;0;206;0;
1071;2024.05.19 10:00;4;22.875;-200;-200;0;206;0;
1072;2024.05.19 10:15;4;22.875;-200;-200;0;206;0;
1073;2024.05.19 10:30;4;22.875;-200;-200;0;206;0;
1074;2024.05.19 10:45;4;22.875;-200;-200;0;206;0;
1075;2024.05.19 11:00;4;22.875;-200;-200;0;206;0;
1076;2024.05.19 11:15;4;22.8125;-200;-200;0;206;0;
1077;2024.05.19 11:30;4;22.8125;-200;-200;0;206;0;
1078;2024.05.19 11:45;4;22.75;-200;-200;0;206;0;
1079;2024.05.19 12:00;4;22.75;-200;-200;0;206;0;
1080;2024.05.19 12:15;4;22.75;-200;-200;0;206;0;
1081;2024.05.19 12:30;4;22.75;-200;-200;0;206;0;
1082;2024.05.19 12:45;4;22.75;-200;-200;0;206;0;
1083;2024.05.19 13:00;4;22.75;-200;-200;0;206;0;
1084;2024.05.19 13:15;4;22.75;-200;-200;0;206;0;
1085;2024.05.19 13:30;4;22.75;-200;-200;0;206;0;
1086;2024.05.19 13:45;4;22.75;-200;-200;0;206;0;
1087;2024.05.19 14:00;4;22.75;-200;-200;0;206;0;
1088;2024.05.19 14:15;4;22.75;-200;-200;0;206;0;
1089;2024.05.19 14:30;4;22.75;-200;-200;0;206;0;
1090;2024.05.19 14:45;4;22.75;-200;-200;0;206;0;
1091;2024.05.19 15:00;4;22.75;-200;-200;0;206;0;
1092;2024.05.19 15:15;4;22.75;-200;-200;0;206;0;
1093;2024.05.19 15:30;4;22.8125;-200;-200;0;206;0;
1094;2024.05.19 15:45;4;22.8125;-200;-200;0;206;0;
1095;2024.05.19 16:00;4;22.875;-200;-200;0;206;0;
1096;2024.05.19 16:15;4;22.875;-200;-200;0;206;0;
1097;2024.05.19 16:30;4;22.875;-200;-200;0;206;0;
1098;2024.05.19 16:45;4;22.875;-200;-200;0;206;0;
1099;2024.05.19 17:00;4;22.875;-200;-200;0;206;0;
1100;2024.05.19 17:15;4;22.875;-200;-200;0;206;0;
1101;2024.05.19 17:30;4;22.875;-200;-200;0;206;0;
1102;2024.05.19 17:45;4;22.875;-200;-200;0;206;0;
1103;2024.05.19 18:00;4;22.875;-200;-200;0;206;0;
1104;2024.05.19 18:15;4;22.875;-200;-200;0;206;0;
1105;2024.05.19 18:30;4;22.875;-200;-200;0;206;0;
1106;2024.05.19 18:45;4;22.875;-200;-200;0;206;0;
1107;2024.05.19 19:00;4;22.875;-200;-200;0;206;0;
1108;2024.05.19 19:15;4;22.875;-200;-200;0;206;0;
1109;2024.05.19 19:30;4;22.875;-200;-200;0;206;0;
1110;2024.05.19 19:45;4;22.875;-200;-200;0;206;0;
1111;2024.05.19 20:00;4;22.875;-200;-200;0;206;0;
1112;2024.05.19 20:15;4;22.875;-200;-200;0;206;0;
1113;2024.05.19 20:30;4;22.875;-200;-200;0;206;0;
1114;2024.05.19 20:45;4;22.875;-200;-200;0;206;0;
1115;2024.05.19 21:00;4;22.875;-200;-200;0;206;0;
1116;2024.05.19 21:15;4;22.875;-200;-200;0;206;0;
1117;2024.05.19 21:30;4;22.875;-200;-200;0;206;0;
1118;2024.05.19 21:45;4;22.875;-200;-200;0;206;0;
1119;2024.05.19 22:00;4;22.875;-200;-200;0;206;0;
1120;2024.05.19 22:15;4;22.875;-200;-200;0;206;0;
1121;2024.05.19 22:30;4;22.875;-200;-200;0;206;0;
1122;2024.05.19 22:45;4;22.875;-200;-200;0;206;0;
1123;2024.05.19 23:00;4;22.875;-200;-200;0;206;0;
1124;2024.05.19 23:15;4;22.875;-200;-200;0;206;0;
1125;2024.05.19 23:30;4;22.875;-200;-200;0;206;0;
1126;2024.05.19 23:45;4;22.875;-200;-200;0;206;0;
1127;2024.05.20 00:00;4;22.875;-200;-200;0;206;0;
1128;2024.05.20 00:15;4;22.875;-200;-200;0;206;0;
1129;2024.05.20 00:30;4;22.875;-200;-200;0;206;0;
1130;2024.05.20 00:45;4;22.875;-200;-200;0;206;0;
1131;2024.05.20 01:00;4;22.875;-200;-200;0;206;0;
1132;2024.05.20 01:15;4;22.875;-200;-200;0;206;0;
1133;2024.05.20 01:30;4;22.875;-200;-200;0;206;0;
1134;2024.05.20 01:45;4;22.875;-200;-200;0;206;0;
1135;2024.05.20 02:00;4;22.875;-200;-200;0;206;0;
1136;2024.05.20 02:15;4;22.875;-200;-200;0;206;0;
1137;2024.05.20 02:30;4;22.875;-200;-200;0;206;0;
1138;2024.05.20 02:45;4;22.875;-200;-200;0;206;0;
1139;2024.05.20 03:00;4;22.875;-200;-200;0;206;0;
1140;2024.05.20 03:15;4;22.875;-200;-200;0;206;0;
1141;2024.05.20 03:30;4;22.875;-200;-200;0;206;0;
1142;2024.05.20 03:45;4;22.875;-200;-200;0;206;0;
1143;2024.05.20 04:00;4;22.875;-200;-200;0;206;0;
1144;2024.05.20 04:15;4;22.875;-200;-200;0;206;0;
1145;2024.05.20 04:30;4;22.875;-200;-200;0;206;0;
1146;2024.05.20 04:45;4;22.875;-200;-200;0;206;0;
1147;2024.05.20 05:00;4;22.875;-200;-200;0;206;0;
1148;2024.05.20 05:15;4;22.875;-200;-200;0;206;0;
1149;2024.05.20 05:30;4;22.875;-200;-200;0;206;0;
1150;2024.05.20 05:45;4;22.875;-200;-200;0;206;0;
1151;2024.05.20 06:00;4;22.875;-200;-200;0;206;0;
1152;2024.05.20 06:15;4;22.875;-200;-200;0;206;0;
1153;2024.05.20 06:30;4;22.875;-200;-200;0;206;0;
1154;2024.05.20 06:45;4;22.875;-200;-200;0;206;0;
1155;2024.05.20 07:00;4;22.875;-200;-200;0;206;0;
1156;2024.05.20 07:15;4;22.875;-200;-200;0;206;0;
1157;2024.05.20 07:30;4;22.875;-200;-200;0;206;0;
1158;2024.05.20 07:45;4;22.875;-200;-200;0;206;0;
1159;2024.05.20 08:00;4;22.875;-200;-200;0;206;0;
1160;2024.05.20 08:15;4;22.875;-200;-200;0;206;0;
1161;2024.05.20 08:30;4;22.875;-200;-200;0;206;0;
1162;2024.05.20 08:45;4;22.875;-200;-200;0;206;0;
1163;2024.05.20 09:00;4;22.875;-200;-200;0;206;0;
1164;2024.05.20 09:15;4;22.875;-200;-200;0;206;0;
1165;2024.05.20 09:30;4;22.875;-200;-200;0;206;0;
1166;2024.05.20 09:45;4;22.8125;-200;-200;0;206;0;
1167;2024.05.20 10:00;4;22.75;-200;-200;0;206;0;
1168;2024.05.20 10:15;4;22.75;-200;-200;0;206;0;
1169;2024.05.20 10:30;4;22.75;-200;-200;0;206;0;
1170;2024.05.20 10:45;4;22.75;-200;-200;0;206;0;
1171;2024.05.20 11:00;4;22.75;-200;-200;0;206;0;
1172;2024.05.20 11:15;4;22.75;-200;-200;0;206;0;
1173;2024.05.20 11:30;4;22.75;-200;-200;0;206;0;
1174;2024.05.20 11:45;4;22.6875;-200;-200;0;206;0;
1175;2024.05.20 12:00;4;22.6875;-200;-200;0;206;0;
1176;2024.05.20 12:15;4;22.6875;-200;-200;0;206;0;
1177;2024.05.20 12:30;4;22.6875;-200;-200;0;206;0;
1178;2024.05.20 12:45;4;22.6875;-200;-200;0;206;0;
1179;2024.05.20 13:00;4;22.6875;-200;-200;0;206;0;
1180;2024.05.20 13:15;4;22.6875;-200;-200;0;206;0;
1181;2024.05.20 13:30;4;22.6875;-200;-200;0;206;0;
1182;2024.05.20 13:45;4;22.6875;-200;-200;0;206;0;
1183;2024.05.20 14:00;4;22.6875;-200;-200;0;206;0;
1184;2024.05.20 14:15;4;22.6875;-200;-200;0;206;0;
1185;2024.05.20 14:30;4;22.6875;-200;-200;0;206;0;
1186;2024.05.20 14:45;4;22.75;-200;-200;0;206;0;
1187;2024.05.20 15:00;4;22.75;-200;-200;0;206;0;
1188;2024.05.20 15:15;4;22.75;-200;-200;0;206;0;
1189;2024.05.20 15:30;4;22.75;-200;-200;0;206;0;
1190;2024.05.20 15:45;4;22.8125;-200;-200;0;206;0;
1191;2024.05.20 16:00;4;22.875;-200;-200;0;206;0;
1192;2024.05.20 16:15;4;22.875;-200;-200;0;206;0;
1193;2024.05.20 16:30;4;22.875;-200;-200;0;206;0;
1194;2024.05.20 16:45;4;22.9375;-200;-200;0;206;0;
1195;2024.05.20 17:00;4;23;-200;-200;0;206;0;
1196;2024.05.20 17:15;4;23;-200;-200;0;206;0;
1197;2024.05.20 17:30;4;23;-200;-200;0;206;0;
1198;2024.05.20 17:45;4;23.0625;-200;-200;0;206;0;
1199;2024.05.20 18:00;4;23.125;-200;-200;0;206;0;
1200;2024.05.20 18:15;4;23.125;-200;-200;0;206;0;
1201;2024.05.20 18:30;4;23.125;-200;-200;0;206;0;
1202;2024.05.20 18:45;4;23.125;-200;-200;0;206;0;
1203;2024.05.20 19:00;4;23.125;-200;-200;0;206;0;
1204;2024.05.20 19:15;4;23.125;-200;-200;0;206;0;
1205;2024.05.20 19:30;4;23.1875;-200;-200;0;206;0;
1206;2024.05.20 19:45;4;23.1875;-200;-200;0;206;0;
1207;2024.05.20 20:00;4;23.1875;-200;-200;0;206;0;
1208;2024.05.20 20:15;4;23.25;-200;-200;0;206;0;
1209;2024.05.20 20:30;4;23.25;-200;-200;0;206;0;
1210;2024.05.20 20:45;4;23.25;-200;-200;0;206;0;
1211;2024.05.20 21:00;4;23.25;-200;-200;0;206;0;
1212;2024.05.20 21:15;4;23.25;-200;-200;0;206;0;
1213;2024.05.20 21:30;4;23.25;-200;-200;0;206;0;
1214;2024.05.20 21:45;4;23.25;-200;-200;0;206;0;
1215;2024.05.20 22:00;4;23.25;-200;-200;0;206;0;
1216;2024.05.20 22:15;4;23.25;-200;-200;0;206;0;
1217;2024.05.20 22:30;4;23.25;-200;-200;0;206;0;
1218;2024.05.20 22:45;4;23.25;-200;-200;0;206;0;
1219;2024.05.20 23:00;4;23.25;-200;-200;0;206;0;
1220;2024.05.20 23:15;4;23.25;-200;-200;0;206;0;
1221;2024.05.20 23:30;4;23.1875;-200;-200;0;206;0;
1222;2024.05.20 23:45;4;23.1875;-200;-200;0;206;0;
1223;2024.05.21 00:00;4;23.125;-200;-200;0;206;0;
1224;2024.05.21 00:15;4;23.125;-200;-200;0;206;0;
1225;2024.05.21 00:30;4;23.125;-200;-200;0;206;0;
1226;2024.05.21 00:45;4;23.125;-200;-200;0;206;0;
1227;2024.05.21 01:00;4;23.125;-200;-200;0;206;0;
1228;2024.05.21 01:15;4;23.125;-200;-200;0;206;0;
1229;2024.05.21 01:30;4;23.125;-200;-200;0;206;0;
1230;2024.05.21 01:45;4;23.125;-200;-200;0;206;0;
1231;2024.05.21 02:00;4;23.125;-200;-200;0;206;0;
1232;2024.05.21 02:15;4;23.125;-200;-200;0;206;0;
1233;2024.05.21 02:30;4;23.125;-200;-200;0;206;0;
1234;2024.05.21 02:45;4;23.125;-200;-200;0;206;0;
1235;2024.05.21 03:00;4;23.125;-200;-200;0;206;0;
1236;2024.05.21 03:15;4;23.0625;-200;-200;0;206;0;
1237;2024.05.21 03:30;4;23.0625;-200;-200;0;206;0;
1238;2024.05.21 03:45;4;23.0625;-200;-200;0;206;0;
1239;2024.05.21 04:00;4;23.0625;-200;-200;0;206;0;
1240;2024.05.21 04:15;4;23;-200;-200;0;206;0;
1241;2024.05.21 04:30;4;23;-200;-200;0;206;0;
1242;2024.05.21 04:45;4;23;-200;-200;0;206;0;
1243;2024.05.21 05:00;4;23;-200;-200;0;206;0;
1244;2024.05.21 05:15;4;23;-200;-200;0;206;0;
1245;2024.05.21 05:30;4;23;-200;-200;0;206;0;
1246;2024.05.21 05:45;4;23;-200;-200;0;206;0;
1247;2024.05.21 06:00;4;23;-200;-200;0;206;0;
1248;2024.05.21 06:15;4;23;-200;-200;0;206;0;
1249;2024.05.21 06:30;4;22.9375;-200;-200;0;206;0;
1250;2024.05.21 06:45;4;22.9375;-200;-200;0;206;0;
1251;2024.05.21 07:00;4;22.875;-200;-200;0;206;0;
1252;2024.05.21 07:15;4;22.875;-200;-200;0;206;0;
1253;2024.05.21 07:30;4;22.875;-200;-200;0;206;0;
1254;2024.05.21 07:45;4;22.875;-200;-200;0;206;0;
1255;2024.05.21 08:00;4;22.875;-200;-200;0;206;0;
1256;2024.05.21 08:15;4;22.875;-200;-200;0;206;0;
1257;2024.05.21 08:30;4;22.875;-200;-200;0;206;0;
1258;2024.05.21 08:45;4;22.875;-200;-200;0;206;0;
1259;2024.05.21 09:00;4;22.875;-200;-200;0;206;0;
1260;2024.05.21 09:15;4;22.8125;-200;-200;0;206;0;
1261;2024.05.21 09:30;4;22.8125;-200;-200;0;206;0;
1262;2024.05.21 09:45;4;22.8125;-200;-200;0;206;0;
1263;2024.05.21 10:00;4;22.8125;-200;-200;0;206;0;
1264;2024.05.21 10:15;4;22.8125;-200;-200;0;206;0;
1265;2024.05.21 10:30;4;22.75;-200;-200;0;206;0;
1266;2024.05.21 10:45;4;22.75;-200;-200;0;206;0;
1267;2024.05.21 11:00;4;22.75;-200;-200;0;206;0;
1268;2024.05.21 11:15;4;22.75;-200;-200;0;206;0;
1269;2024.05.21 11:30;4;22.75;-200;-200;0;206;0;
1270;2024.05.21 11:45;4;22.75;-200;-200;0;206;0;
1271;2024.05.21 12:00;4;22.75;-200;-200;0;206;0;
1272;2024.05.21 12:15;4;22.75;-200;-200;0;206;0;
1273;2024.05.21 12:30;4;22.75;-200;-200;0;206;0;
1274;2024.05.21 12:45;4;22.75;-200;-200;0;206;0;
1275;2024.05.21 13:00;4;22.75;-200;-200;0;206;0;
1276;2024.05.21 13:15;4;22.75;-200;-200;0;206;0;
1277;2024.05.21 13:30;4;22.75;-200;-200;0;206;0;
1278;2024.05.21 13:45;4;22.75;-200;-200;0;206;0;
1279;2024.05.21 14:00;4;22.75;-200;-200;0;206;0;
1280;2024.05.21 14:15;4;22.75;-200;-200;0;206;0;
1281;2024.05.21 14:30;4;22.75;-200;-200;0;206;0;
1282;2024.05.21 14:45;4;22.75;-200;-200;0;206;0;
1283;2024.05.21 15:00;4;22.75;-200;-200;0;206;0;
1284;2024.05.21 15:15;4;22.75;-200;-200;0;206;0;
1285;2024.05.21 15:30;4;22.75;-200;-200;0;206;0;
1286;2024.05.21 15:45;4;22.75;-200;-200;0;206;0;
1287;2024.05.21 16:00;4;22.8125;-200;-200;0;206;0;
1288;2024.05.21 16:15;4;22.8125;-200;-200;0;206;0;
1289;2024.05.21 16:30;4;22.875;-200;-200;0;206;0;
1290;2024.05.21 16:45;4;22.875;-200;-200;0;206;0;
1291;2024.05.21 17:00;4;22.875;-200;-200;0;206;0;
1292;2024.05.21 17:15;4;22.9375;-200;-200;0;206;0;
1293;2024.05.21 17:30;4;22.9375;-200;-200;0;206;0;
1294;2024.05.21 17:45;4;23;-200;-200;0;206;0;
1295;2024.05.21 18:00;4;23;-200;-200;0;206;0;
1296;2024.05.21 18:15;4;23;-200;-200;0;206;0;
1297;2024.05.21 18:30;4;23;-200;-200;0;206;0;
1298;2024.05.21 18:45;4;23.0625;-200;-200;0;206;0;
1299;2024.05.21 19:00;4;23.125;-200;-200;0;206;0;
1300;2024.05.21 19:15;4;23.125;-200;-200;0;206;0;
1301;2024.05.21 19:30;4;23.125;-200;-200;0;206;0;
1302;2024.05.21 19:45;4;23.125;-200;-200;0;206;0;
1303;2024.05.21 20:00;4;23.125;-200;-200;0;206;0;
1304;2024.05.21 20:15;4;23.125;-200;-200;0;206;0;
1305;2024.05.21 20:30;4;23.125;-200;-200;0;206;0;
1306;2024.05.21 20:45;4;23.125;-200;-200;0;206;0;
1307;2024.05.21 21:00;4;23.1875;-200;-200;0;206;0;
1308;2024.05.21 21:15;4;23.1875;-200;-200;0;206;0;
1309;2024.05.21 21:30;4;23.1875;-200;-200;0;206;0;
1310;2024.05.21 21:45;4;23.1875;-200;-200;0;206;0;
1311;2024.05.21 22:00;4;23.1875;-200;-200;0;206;0;
1312;2024.05.21 22:15;4;23.1875;-200;-200;0;206;0;
1313;2024.05.21 22:30;4;23.125;-200;-200;0;206;0;
1314;2024.05.21 22:45;4;23.125;-200;-200;0;206;0;
1315;2024.05.21 23:00;4;23.125;-200;-200;0;206;0;
1316;2024.05.21 23:15;4;23.125;-200;-200;0;206;0;
1317;2024.05.21 23:30;4;23.125;-200;-200;0;206;0;
1318;2024.05.21 23:45;4;23.125;-200;-200;0;206;0;
1319;2024.05.22 00:00;4;23.0625;-200;-200;0;206;0;
1320;2024.05.22 00:15;4;23.125;-200;-200;0;206;0;
1321;2024.05.22 00:30;4;23.125;-200;-200;0;206;0;
1322;2024.05.22 00:45;4;23.125;-200;-200;0;206;0;
1323;2024.05.22 01:00;4;23.0625;-200;-200;0;206;0;
1324;2024.05.22 01:15;4;23;-200;-200;0;206;0;
1325;2024.05.22 01:30;4;23;-200;-200;0;206;0;
1326;2024.05.22 01:45;4;23;-200;-200;0;206;0;
1327;2024.05.22 02:00;4;23;-200;-200;0;206;0;
1328;2024.05.22 02:15;4;23;-200;-200;0;206;0;
1329;2024.05.22 02:30;4;23;-200;-200;0;206;0;
1330;2024.05.22 02:45;4;23;-200;-200;0;206;0;
1331;2024.05.22 03:00;4;23;-200;-200;0;206;0;
1332;2024.05.22 03:15;4;22.9375;-200;-200;0;206;0;
1333;2024.05.22 03:30;4;22.9375;-200;-200;0;206;0;
1334;2024.05.22 03:45;4;23;-200;-200;0;206;0;
1335;2024.05.22 04:00;4;23;-200;-200;0;206;0;
1336;2024.05.22 04:15;4;23;-200;-200;0;206;0;
1337;2024.05.22 04:30;4;23;-200;-200;0;206;0;
1338;2024.05.22 04:45;4;23;-200;-200;0;206;0;
1339;2024.05.22 05:00;4;23;-200;-200;0;206;0;
1340;2024.05.22 05:15;4;23;-200;-200;0;206;0;
1341;2024.05.22 05:30;4;23;-200;-200;0;206;0;
1342;2024.05.22 05:45;4;23;-200;-200;0;206;0;
1343;2024.05.22 06:00;4;23;-200;-200;0;206;0;
1344;2024.05.22 06:15;4;23;-200;-200;0;206;0;
1345;2024.05.22 06:30;4;23;-200;-200;0;206;0;
1346;2024.05.22 06:45;4;23;-200;-200;0;206;0;
1347;2024.05.22 07:00;4;23;-200;-200;0;206;0;
1348;2024.05.22 07:15;4;23;-200;-200;0;206;0;
1349;2024.05.22 07:30;4;22.9375;-200;-200;0;206;0;
1350;2024.05.22 07:45;4;22.9375;-200;-200;0;206;0;
1351;2024.05.22 08:00;4;22.875;-200;-200;0;206;0;
1352;2024.05.22 08:15;4;22.875;-200;-200;0;206;0;
1353;2024.05.22 08:30;4;22.875;-200;-200;0;206;0;
1354;2024.05.22 08:45;4;22.875;-200;-200;0;206;0;
1355;2024.05.22 09:00;4;22.875;-200;-200;0;206;0;
1356;2024.05.22 09:15;4;22.875;-200;-200;0;206;0;
1357;2024.05.22 09:30;4;22.8125;-200;-200;0;206;0;
1358;2024.05.22 09:45;4;22.8125;-200;-200;0;206;0;
1359;2024.05.22 10:00;4;22.8125;-200;-200;0;206;0;
1360;2024.05.22 10:15;4;22.8125;-200;-200;0;206;0;
1361;2024.05.22 10:30;4;22.8125;-200;-200;0;206;0;
1362;2024.05.22 10:45;4;22.8125;-200;-200;0;206;0;
1363;2024.05.22 11:00;4;22.75;-200;-200;0;206;0;
1364;2024.05.22 11:15;4;22.75;-200;-200;0;206;0;
1365;2024.05.22 11:30;4;22.75;-200;-200;0;206;0;
1366;2024.05.22 11:45;4;22.75;-200;-200;0;206;0;
1367;2024.05.22 12:00;4;22.75;-200;-200;0;206;0;
1368;2024.05.22 12:15;4;22.75;-200;-200;0;206;0;
1369;2024.05.22 12:30;4;22.75;-200;-200;0;206;0;
1370;2024.05.22 12:45;4;22.6875;-200;-200;0;206;0;
1371;2024.05.22 13:00;4;22.6875;-200;-200;0;206;0;
1372;2024.05.22 13:15;4;22.6875;-200;-200;0;206;0;
1373;2024.05.22 13:30;4;22.6875;-200;-200;0;206;0;
1374;2024.05.22 13:45;4;22.6875;-200;-200;0;206;0;
1375;2024.05.22 14:00;4;22.6875;-200;-200;0;206;0;
1376;2024.05.22 14:15;4;22.6875;-200;-200;0;206;0;
1377;2024.05.22 14:30;4;22.6875;-200;-200;0;206;0;
1378;2024.05.22 14:45;4;22.6875;-200;-200;0;206;0;
1379;2024.05.22 15:00;4;22.75;-200;-200;0;206;0;
1380;2024.05.22 15:15;4;22.75;-200;-200;0;206;0;
1381;2024.05.22 15:30;4;22.75;-200;-200;0;206;0;
1382;2024.05.22 15:45;4;22.8125;-200;-200;0;206;0;
1383;2024.05.22 16:00;4;22.875;-200;-200;0;206;0;
1384;2024.05.22 16:15;4;22.875;-200;-200;0;206;0;
1385;2024.05.22 16:30;4;23;-200;-200;0;206;0;
1386;2024.05.22 16:45;4;23;-200;-200;0;206;0;
1387;2024.05.22 17:00;4;23;-200;-200;0;206;0;
1388;2024.05.22 17:15;4;23;-200;-200;0;206;0;
1389;2024.05.22 17:30;4;23.0625;-200;-200;0;206;0;
1390;2024.05.22 17:45;4;23.0625;-200;-200;0;206;0;
1391;2024.05.22 18:00;4;23.125;-200;-200;0;206;0;
1392;2024.05.22 18:15;4;23.125;-200;-200;0;206;0;
1393;2024.05.22 18:30;4;23.125;-200;-200;0;206;0;
1394;2024.05.22 18:45;4;23.125;-200;-200;0;206;0;
1395;2024.05.22 19:00;4;23.125;-200;-200;0;206;0;
1396;2024.05.22 19:15;4;23.125;-200;-200;0;206;0;
1397;2024.05.22 19:30;4;23.125;-200;-200;0;206;0;
1398;2024.05.22 19:45;4;23.1875;-200;-200;0;206;0;
1399;2024.05.22 20:00;4;23.1875;-200;-200;0;206;0;
1400;2024.05.22 20:15;4;23.1875;-200;-200;0;206;0;
1401;2024.05.22 20:30;4;23.25;-200;-200;0;206;0;
1402;2024.05.22 20:45;4;23.25;-200;-200;0;206;0;
1403;2024.05.22 21:00;4;23.25;-200;-200;0;206;0;
1404;2024.05.22 21:15;4;23.1875;-200;-200;0;206;0;
1405;2024.05.22 21:30;4;23.1875;-200;-200;0;206;0;
1406;2024.05.22 21:45;4;23.125;-200;-200;0;206;0;
1407;2024.05.22 22:00;4;23.1875;-200;-200;0;206;0;
1408;2024.05.22 22:15;4;23.1875;-200;-200;0;206;0;
1409;2024.05.22 22:30;4;23.1875;-200;-200;0;206;0;
1410;2024.05.22 22:45;4;23.1875;-200;-200;0;206;0;
1411;2024.05.22 23:00;4;23.1875;-200;-200;0;206;0;
1412;2024.05.22 23:15;4;23.125;-200;-200;0;206;0;
1413;2024.05.22 23:30;4;23.125;-200;-200;0;206;0;
1414;2024.05.22 23:45;4;23.125;-200;-200;0;206;0;
1415;2024.05.23 00:00;4;23.125;-200;-200;0;206;0;
1416;2024.05.23 00:15;4;23.125;-200;-200;0;206;0;
1417;2024.05.23 00:30;4;23.0625;-200;-200;0;206;0;
1418;2024.05.23 00:45;4;23.0625;-200;-200;0;206;0;
1419;2024.05.23 01:00;4;23;-200;-200;0;206;0;
1420;2024.05.23 01:15;4;23;-200;-200;0;206;0;
1421;2024.05.23 01:30;4;23;-200;-200;0;206;0;
1422;2024.05.23 01:45;4;23;-200;-200;0;206;0;
1423;2024.05.23 02:00;4;23;-200;-200;0;206;0;
1424;2024.05.23 02:15;4;23;-200;-200;0;206;0;
1425;2024.05.23 02:30;4;23;-200;-200;0;206;0;
1426;2024.05.23 02:45;4;23;-200;-200;0;206;0;
1427;2024.05.23 03:00;4;23;-200;-200;0;206;0;
1428;2024.05.23 03:15;4;23;-200;-200;0;206;0;
1429;2024.05.23 03:30;4;23;-200;-200;0;206;0;
1430;2024.05.23 03:45;4;22.9375;-200;-200;0;206;0;
1431;2024.05.23 04:00;4;22.9375;-200;-200;0;206;0;
1432;2024.05.23 04:15;4;22.9375;-200;-200;0;206;0;
1433;2024.05.23 04:30;4;22.9375;-200;-200;0;206;0;
1434;2024.05.23 04:45;4;22.9375;-200;-200;0;206;0;
1435;2024.05.23 05:00;4;22.9375;-200;-200;0;206;0;
1436;2024.05.23 05:15;4;22.875;-200;-200;0;206;0;
1437;2024.05.23 05:30;4;22.875;-200;-200;0;206;0;
1438;2024.05.23 05:45;4;22.875;-200;-200;0;206;0;
1439;2024.05.23 06:00;4;22.875;-200;-200;0;206;0;
1440;2024.05.23 06:15;4;22.875;-200;-200;0;206;0;
1441;2024.05.23 06:30;4;22.875;-200;-200;0;206;0;
1442;2024.05.23 06:45;4;22.875;-200;-200;0;206;0;
1443;2024.05.23 07:00;4;22.875;-200;-200;0;206;0;
1444;2024.05.23 07:15;4;22.875;-200;-200;0;206;0;
1445;2024.05.23 07:30;4;22.875;-200;-200;0;206;0;
1446;2024.05.23 07:45;4;22.875;-200;-200;0;206;0;
1447;2024.05.23 08:00;4;22.875;-200;-200;0;206;0;
1448;2024.05.23 08:15;4;22.875;-200;-200;0;206;0;
1449;2024.05.23 08:30;4;22.875;-200;-200;0;206;0;
1450;2024.05.23 08:45;4;22.875;-200;-200;0;206;0;
1451;2024.05.23 09:00;4;22.875;-200;-200;0;206;0;
1452;2024.05.23 09:15;4;22.875;-200;-200;0;206;0;
1453;2024.05.23 09:30;4;22.875;-200;-200;0;206;0;
1454;2024.05.23 09:45;4;22.875;-200;-200;0;206;0;
1455;2024.05.23 10:00;4;22.8125;-200;-200;0;206;0;
1456;2024.05.23 10:15;4;22.8125;-200;-200;0;206;0;
1457;2024.05.23 10:30;4;22.8125;-200;-200;0;206;0;
1458;2024.05.23 10:45;4;22.8125;-200;-200;0;206;0;
1459;2024.05.23 11:00;4;22.75;-200;-200;0;206;0;
1460;2024.05.23 11:15;4;22.75;-200;-200;0;206;0;
1461;2024.05.23 11:30;4;22.75;-200;-200;0;206;0;
1462;2024.05.23 11:45;4;22.75;-200;-200;0;206;0;
1463;2024.05.23 12:00;4;22.75;-200;-200;0;206;0;
1464;2024.05.23 12:15;4;22.75;-200;-200;0;206;0;
1465;2024.05.23 12:30;4;22.75;-200;-200;0;206;0;
1466;2024.05.23 12:45;4;22.75;-200;-200;0;206;0;
1467;2024.05.23 13:00;4;22.75;-200;-200;0;206;0;
1468;2024.05.23 13:15;4;22.75;-200;-200;0;206;0;
1469;2024.05.23 13:30;4;22.75;-200;-200;0;206;0;
1470;2024.05.23 13:45;4;22.75;-200;-200;0;206;0;
1471;2024.05.23 14:00;4;22.75;-200;-200;0;206;0;
1472;2024.05.23 14:15;4;22.75;-200;-200;0;206;0;
1473;2024.05.23 14:30;4;22.75;-200;-200;0;206;0;
1474;2024.05.23 14:45;4;22.75;-200;-200;0;206;0;
1475;2024.05.23 15:00;4;22.75;-200;-200;0;206;0;
1476;2024.05.23 15:15;4;22.75;-200;-200;0;206;0;
1477;2024.05.23 15:30;4;22.8125;-200;-200;0;206;0;
1478;2024.05.23 15:45;4;22.875;-200;-200;0;206;0;
1479;2024.05.23 16:00;4;22.875;-200;-200;0;206;0;
1480;2024.05.23 16:15;4;22.875;-200;-200;0;206;0;
1481;2024.05.23 16:30;4;22.9375;-200;-200;0;206;0;
1482;2024.05.23 16:45;4;23;-200;-200;0;206;0;
1483;2024.05.23 17:00;4;23;-200;-200;0;206;0;
1484;2024.05.23 17:15;4;22.9375;-200;-200;0;206;0;
1485;2024.05.23 17:30;4;22.9375;-200;-200;0;206;0;
1486;2024.05.23 17:45;4;23;-200;-200;0;206;0;
1487;2024.05.23 18:00;4;23;-200;-200;0;206;0;
1488;2024.05.23 18:15;4;23;-200;-200;0;206;0;
1489;2024.05.23 18:30;4;23;-200;-200;0;206;0;
1490;2024.05.23 18:45;4;23.0625;-200;-200;0;206;0;
1491;2024.05.23 19:00;4;23.125;-200;-200;0;206;0;
1492;2024.05.23 19:15;4;23.125;-200;-200;0;206;0;
1493;2024.05.23 19:30;4;23.125;-200;-200;0;206;0;
1494;2024.05.23 19:45;4;23.125;-200;-200;0;206;0;
1495;2024.05.23 20:00;4;23.125;-200;-200;0;206;0;
1496;2024.05.23 20:15;4;23.125;-200;-200;0;206;0;
1497;2024.05.23 20:30;4;23.125;-200;-200;0;206;0;
1498;2024.05.23 20:45;4;23.125;-200;-200;0;206;0;
1499;2024.05.23 21:00;4;23.1875;-200;-200;0;206;0;
1500;2024.05.23 21:15;4;23.1875;-200;-200;0;206;0;
1501;2024.05.23 21:30;4;23.1875;-200;-200;0;206;0;
1502;2024.05.23 21:45;4;23.25;-200;-200;0;206;0;
1503;2024.05.23 22:00;4;23.25;-200;-200;0;206;0;
1504;2024.05.23 22:15;4;23.25;-200;-200;0;206;0;
1505;2024.05.23 22:30;4;23.25;-200;-200;0;206;0;
1506;2024.05.23 22:45;4;23.25;-200;-200;0;206;0;
1507;2024.05.23 23:00;4;23.25;-200;-200;0;206;0;
1508;2024.05.23 23:15;4;23.1875;-200;-200;0;206;0;
1509;2024.05.23 23:30;4;23.1875;-200;-200;0;206;0;
1510;2024.05.23 23:45;4;23.1875;-200;-200;0;206;0;
1511;2024.05.24 00:00;4;23.125;-200;-200;0;206;0;
1512;2024.05.24 00:15;4;23.125;-200;-200;0;206;0;
1513;2024.05.24 00:30;4;23.125;-200;-200;0;206;0;
1514;2024.05.24 00:45;4;23.125;-200;-200;0;206;0;
1515;2024.05.24 01:00;4;23.125;-200;-200;0;206;0;
1516;2024.05.24 01:15;4;23.125;-200;-200;0;206;0;
1517;2024.05.24 01:30;4;23.125;-200;-200;0;206;0;
1518;2024.05.24 01:45;4;23.125;-200;-200;0;206;0;
1519;2024.05.24 02:00;4;23.125;-200;-200;0;206;0;
1520;2024.05.24 02:15;4;23.125;-200;-200;0;206;0;
1521;2024.05.24 02:30;4;23.125;-200;-200;0;206;0;
1522;2024.05.24 02:45;4;23.125;-200;-200;0;206;0;
1523;2024.05.24 03:00;4;23.125;-200;-200;0;206;0;
1524;2024.05.24 03:15;4;23.125;-200;-200;0;206;0;
1525;2024.05.24 03:30;4;23.125;-200;-200;0;206;0;
1526;2024.05.24 03:45;4;23.125;-200;-200;0;206;0;
1527;2024.05.24 04:00;4;23.125;-200;-200;0;206;0;
1528;2024.05.24 04:15;4;23.125;-200;-200;0;206;0;
1529;2024.05.24 04:30;4;23.125;-200;-200;0;206;0;
1530;2024.05.24 04:45;4;23.125;-200;-200;0;206;0;
1531;2024.05.24 05:00;4;23.125;-200;-200;0;206;0;
1532;2024.05.24 05:15;4;23.125;-200;-200;0;206;0;
1533;2024.05.24 05:30;4;23.125;-200;-200;0;206;0;
1534;2024.05.24 05:45;4;23.125;-200;-200;0;206;0;
1535;2024.05.24 06:00;4;23.125;-200;-200;0;206;0;
1536;2024.05.24 06:15;4;23.125;-200;-200;0;206;0;
1537;2024.05.24 06:30;4;23.125;-200;-200;0;206;0;
1538;2024.05.24 06:45;4;23.125;-200;-200;0;206;0;
1539;2024.05.24 07:00;4;23.125;-200;-200;0;206;0;
1540;2024.05.24 07:15;4;23.125;-200;-200;0;206;0;
1541;2024.05.24 07:30;4;23.125;-200;-200;0;206;0;
1542;2024.05.24 07:45;4;23.125;-200;-200;0;206;0;
1543;2024.05.24 08:00;4;23.125;-200;-200;0;206;0;
1544;2024.05.24 08:15;4;23.125;-200;-200;0;206;0;
1545;2024.05.24 08:30;4;23.125;-200;-200;0;206;0;
1546;2024.05.24 08:45;4;23.125;-200;-200;0;206;0;
1547;2024.05.24 09:00;4;23.125;-200;-200;0;206;0;
1548;2024.05.24 09:15;4;23.125;-200;-200;0;206;0;
1549;2024.05.24 09:30;4;23.125;-200;-200;0;206;0;
1550;2024.05.24 09:45;4;23.125;-200;-200;0;206;0;
1551;2024.05.24 10:00;4;23.0625;-200;-200;0;206;0;
1552;2024.05.24 10:15;4;23.0625;-200;-200;0;206;0;
1553;2024.05.24 10:30;4;23.0625;-200;-200;0;206;0;
1554;2024.05.24 10:45;4;23.0625;-200;-200;0;206;0;
1555;2024.05.24 11:00;4;23;-200;-200;0;206;0;
1556;2024.05.24 11:15;4;23;-200;-200;0;206;0;
1557;2024.05.24 11:30;4;23;-200;-200;0;206;0;
1558;2024.05.24 11:45;4;23;-200;-200;0;206;0;
1559;2024.05.24 12:00;4;23;-200;-200;0;206;0;
1560;2024.05.24 12:15;4;23;-200;-200;0;206;0;
1561;2024.05.24 12:30;4;23;-200;-200;0;206;0;
1562;2024.05.24 12:45;4;23;-200;-200;0;206;0;
1563;2024.05.24 13:00;4;23;-200;-200;0;206;0;
1564;2024.05.24 13:15;4;23;-200;-200;0;206;0;
1565;2024.05.24 13:30;4;23.0625;-200;-200;0;206;0;
1566;2024.05.24 13:45;4;23.0625;-200;-200;0;206;0;
1567;2024.05.24 14:00;4;23.125;-200;-200;0;206;0;
1568;2024.05.24 14:15;4;23.125;-200;-200;0;206;0;
1569;2024.05.24 14:30;4;23.125;-200;-200;0;206;0;
1570;2024.05.24 14:45;4;23.125;-200;-200;0;206;0;
1571;2024.05.24 15:00;4;23.125;-200;-200;0;206;0;
1572;2024.05.24 15:15;4;23.1875;-200;-200;0;206;0;
1573;2024.05.24 15:30;4;23.25;-200;-200;0;206;0;
1574;2024.05.24 15:45;4;23.25;-200;-200;0;206;0;
1575;2024.05.24 16:00;4;23.25;-200;-200;0;206;0;
1576;2024.05.24 16:15;4;23.3125;-200;-200;0;206;0;
1577;2024.05.24 16:30;4;23.375;-200;-200;0;206;0;
1578;2024.05.24 16:45;4;23.375;-200;-200;0;206;0;
1579;2024.05.24 17:00;4;23.375;-200;-200;0;206;0;
1580;2024.05.24 17:15;4;23.4375;-200;-200;0;206;0;
1581;2024.05.24 17:30;4;23.4375;-200;-200;0;206;0;
1582;2024.05.24 17:45;4;23.5;-200;-200;0;206;0;
1583;2024.05.24 18:00;4;23.5;-200;-200;0;206;0;
1584;2024.05.24 18:15;4;23.5;-200;-200;0;206;0;
1585;2024.05.24 18:30;4;23.5;-200;-200;0;206;0;
1586;2024.05.24 18:45;4;23.5;-200;-200;0;206;0;
1587;2024.05.24 19:00;4;23.375;-200;-200;0;206;0;
1588;2024.05.24 19:15;4;23.4375;-200;-200;0;206;0;
1589;2024.05.24 19:30;4;23.4375;-200;-200;0;206;0;
1590;2024.05.24 19:45;4;23.4375;-200;-200;0;206;0;
1591;2024.05.24 20:00;4;23.4375;-200;-200;0;206;0;
1592;2024.05.24 20:15;4;23.4375;-200;-200;0;206;0;
1593;2024.05.24 20:30;4;23.4375;-200;-200;0;206;0;
1594;2024.05.24 20:45;4;23.4375;-200;-200;0;206;0;
1595;2024.05.24 21:00;4;23.4375;-200;-200;0;206;0;
1596;2024.05.24 21:15;4;23.375;-200;-200;0;206;0;
1597;2024.05.24 21:30;4;23.375;-200;-200;0;206;0;
1598;2024.05.24 21:45;4;23.375;-200;-200;0;206;0;
1599;2024.05.24 22:00;4;23.375;-200;-200;0;206;0;
1600;2024.05.24 22:15;4;23.375;-200;-200;0;206;0;
1601;2024.05.24 22:30;4;23.375;-200;-200;0;206;0;
1602;2024.05.24 22:45;4;23.375;-200;-200;0;206;0;
1603;2024.05.24 23:00;4;23.375;-200;-200;0;206;0;
1604;2024.05.24 23:15;4;23.375;-200;-200;0;206;0;
1605;2024.05.24 23:30;4;23.375;-200;-200;0;206;0;
1606;2024.05.24 23:45;4;23.375;-200;-200;0;206;0;
1607;2024.05.25 00:00;4;23.375;-200;-200;0;206;0;
1608;2024.05.25 00:15;4;23.375;-200;-200;0;206;0;
1609;2024.05.25 00:30;4;23.3125;-200;-200;0;206;0;
1610;2024.05.25 00:45;4;23.3125;-200;-200;0;206;0;
1611;2024.05.25 01:00;4;23.25;-200;-200;0;206;0;
1612;2024.05.25 01:15;4;23.25;-200;-200;0;206;0;
1613;2024.05.25 01:30;4;23.25;-200;-200;0;206;0;
1614;2024.05.25 01:45;4;23.25;-200;-200;0;206;0;
1615;2024.05.25 02:00;4;23.25;-200;-200;0;206;0;
1616;2024.05.25 02:15;4;23.25;-200;-200;0;206;0;
1617;2024.05.25 02:30;4;23.25;-200;-200;0;206;0;
1618;2024.05.25 02:45;4;23.1875;-200;-200;0;206;0;
1619;2024.05.25 03:00;4;23.1875;-200;-200;0;206;0;
1620;2024.05.25 03:15;4;23.25;-200;-200;0;206;0;
1621;2024.05.25 03:30;4;23.25;-200;-200;0;206;0;
1622;2024.05.25 03:45;4;23.1875;-200;-200;0;206;0;
1623;2024.05.25 04:00;4;23.25;-200;-200;0;206;0;
1624;2024.05.25 04:15;4;23.1875;-200;-200;0;206;0;
1625;2024.05.25 04:30;4;23.1875;-200;-200;0;206;0;
1626;2024.05.25 04:45;4;23.1875;-200;-200;0;206;0;
1627;2024.05.25 05:00;4;23.125;-200;-200;0;206;0;
1628;2024.05.25 05:15;4;23.125;-200;-200;0;206;0;
1629;2024.05.25 05:30;4;23.125;-200;-200;0;206;0;
1630;2024.05.25 05:45;4;23.125;-200;-200;0;206;0;
1631;2024.05.25 06:00;4;23.125;-200;-200;0;206;0;
1632;2024.05.25 06:15;4;23.125;-200;-200;0;206;0;
1633;2024.05.25 06:30;4;23.125;-200;-200;0;206;0;
1634;2024.05.25 06:45;4;23.125;-200;-200;0;206;0;
1635;2024.05.25 07:00;4;23.125;-200;-200;0;206;0;
1636;2024.05.25 07:15;4;23.125;-200;-200;0;206;0;
1637;2024.05.25 07:30;4;23.125;-200;-200;0;206;0;
1638;2024.05.25 07:45;4;23.125;-200;-200;0;206;0;
1639;2024.05.25 08:00;4;23.125;-200;-200;0;206;0;
1640;2024.05.25 08:15;4;23.125;-200;-200;0;206;0;
1641;2024.05.25 08:30;4;23.125;-200;-200;0;206;0;
1642;2024.05.25 08:45;4;23.125;-200;-200;0;206;0;
1643;2024.05.25 09:00;4;23.125;-200;-200;0;206;0;
1644;2024.05.25 09:15;4;23.125;-200;-200;0;206;0;
1645;2024.05.25 09:30;4;23.125;-200;-200;0;206;0;
1646;2024.05.25 09:45;4;23.125;-200;-200;0;206;0;
1647;2024.05.25 10:00;4;23.0625;-200;-200;0;206;0;
1648;2024.05.25 10:15;4;23;-200;-200;0;206;0;
1649;2024.05.25 10:30;4;23;-200;-200;0;206;0;
1650;2024.05.25 10:45;4;23;-200;-200;0;206;0;
1651;2024.05.25 11:00;4;23;-200;-200;0;206;0;
1652;2024.05.25 11:15;4;23;-200;-200;0;206;0;
1653;2024.05.25 11:30;4;23;-200;-200;0;206;0;
1654;2024.05.25 11:45;4;23;-200;-200;0;206;0;
1655;2024.05.25 12:00;4;23;-200;-200;0;206;0;
1656;2024.05.25 12:15;4;23;-200;-200;0;206;0;
1657;2024.05.25 12:30;4;23;-200;-200;0;206;0;
1658;2024.05.25 12:45;4;23;-200;-200;0;206;0;
1659;2024.05.25 13:00;4;23;-200;-200;0;206;0;
1660;2024.05.25 13:15;4;23;-200;-200;0;206;0;
1661;2024.05.25 13:30;4;23;-200;-200;0;206;0;
1662;2024.05.25 13:45;4;23;-200;-200;0;206;0;
1663;2024.05.25 14:00;4;23;-200;-200;0;206;0;
1664;2024.05.25 14:15;4;23;-200;-200;0;206;0;
1665;2024.05.25 14:30;4;23;-200;-200;0;206;0;
1666;2024.05.25 14:45;4;23;-200;-200;0;206;0;
1667;2024.05.25 15:00;4;23;-200;-200;0;206;0;
1668;2024.05.25 15:15;4;23.0625;-200;-200;0;206;0;
1669;2024.05.25 15:30;4;23.125;-200;-200;0;206;0;
1670;2024.05.25 15:45;4;23.125;-200;-200;0;206;0;
1671;2024.05.25 16:00;4;23.125;-200;-200;0;206;0;
1672;2024.05.25 16:15;4;23.125;-200;-200;0;206;0;
1673;2024.05.25 16:30;4;23.125;-200;-200;0;206;0;
1674;2024.05.25 16:45;4;23.125;-200;-200;0;206;0;
1675;2024.05.25 17:00;4;23.125;-200;-200;0;206;0;
1676;2024.05.25 17:15;4;23.125;-200;-200;0;206;0;
1677;2024.05.25 17:30;4;23.125;-200;-200;0;206;0;
1678;2024.05.25 17:45;4;23.1875;-200;-200;0;206;0;
1679;2024.05.25 18:00;4;23.1875;-200;-200;0;206;0;
1680;2024.05.25 18:15;4;23.125;-200;-200;0;206;0;
1681;2024.05.25 18:30;4;23.125;-200;-200;0;206;0;
1682;2024.05.25 18:45;4;23.125;-200;-200;0;206;0;
1683;2024.05.25 19:00;4;23.125;-200;-200;0;206;0;
1684;2024.05.25 19:15;4;23.125;-200;-200;0;206;0;
1685;2024.05.25 19:30;4;23.125;-200;-200;0;206;0;
1686;2024.05.25 19:45;4;23.125;-200;-200;0;206;0;
1687;2024.05.25 20:00;4;23.125;-200;-200;0;206;0;
1688;2024.05.25 20:15;4;23.125;-200;-200;0;206;0;
1689;2024.05.25 20:30;4;23.125;-200;-200;0;206;0;
1690;2024.05.25 20:45;4;23.125;-200;-200;0;206;0;
1691;2024.05.25 21:00;4;23.125;-200;-200;0;206;0;
1692;2024.05.25 21:15;4;23.125;-200;-200;0;206;0;
1693;2024.05.25 21:30;4;23.125;-200;-200;0;206;0;
1694;2024.05.25 21:45;4;23.125;-200;-200;0;206;0;
1695;2024.05.25 22:00;4;23.125;-200;-200;0;206;0;
1696;2024.05.25 22:15;4;23.125;-200;-200;0;206;0;
1697;2024.05.25 22:30;4;23.125;-200;-200;0;206;0;
1698;2024.05.25 22:45;4;23.125;-200;-200;0;206;0;
1699;2024.05.25 23:00;4;23.125;-200;-200;0;206;0;
1700;2024.05.25 23:15;4;23.125;-200;-200;0;206;0;
1701;2024.05.25 23:30;4;23.125;-200;-200;0;206;0;
1702;2024.05.25 23:45;4;23.125;-200;-200;0;206;0;
1703;2024.05.26 00:00;4;23.125;-200;-200;0;206;0;
1704;2024.05.26 00:15;4;23.125;-200;-200;0;206;0;
1705;2024.05.26 00:30;4;23.125;-200;-200;0;206;0;
1706;2024.05.26 00:45;4;23.125;-200;-200;0;206;0;
1707;2024.05.26 01:00;4;23.125;-200;-200;0;206;0;
1708;2024.05.26 01:15;4;23.125;-200;-200;0;206;0;
1709;2024.05.26 01:30;4;23.1875;-200;-200;0;206;0;
1710;2024.05.26 01:45;4;23.1875;-200;-200;0;206;0;
1711;2024.05.26 02:00;4;23.1875;-200;-200;0;206;0;
1712;2024.05.26 02:15;4;23.125;-200;-200;0;206;0;
1713;2024.05.26 02:30;4;23.125;-200;-200;0;206;0;
1714;2024.05.26 02:45;4;23.125;-200;-200;0;206;0;
1715;2024.05.26 03:00;4;23.125;-200;-200;0;206;0;
1716;2024.05.26 03:15;4;23.125;-200;-200;0;206;0;
1717;2024.05.26 03:30;4;23.125;-200;-200;0;206;0;
1718;2024.05.26 03:45;4;23.125;-200;-200;0;206;0;
1719;2024.05.26 04:00;4;23.125;-200;-200;0;206;0;
1720;2024.05.26 04:15;4;23.125;-200;-200;0;206;0;
1721;2024.05.26 04:30;4;23.125;-200;-200;0;206;0;
1722;2024.05.26 04:45;4;23.125;-200;-200;0;206;0;
1723;2024.05.26 05:00;4;23.125;-200;-200;0;206;0;
1724;2024.05.26 05:15;4;23.125;-200;-200;0;206;0;
1725;2024.05.26 05:30;4;23.125;-200;-200;0;206;0;
1726;2024.05.26 05:45;4;23.125;-200;-200;0;206;0;
1727;2024.05.26 06:00;4;23.125;-200;-200;0;206;0;
1728;2024.05.26 06:15;4;23.125;-200;-200;0;206;0;
1729;2024.05.26 06:30;4;23.125;-200;-200;0;206;0;
1730;2024.05.26 06:45;4;23.125;-200;-200;0;206;0;
1731;2024.05.26 07:00;4;23.125;-200;-200;0;206;0;
1732;2024.05.26 07:15;4;23.125;-200;-200;0;206;0;
1733;2024.05.26 07:30;4;23.125;-200;-200;0;206;0;
1734;2024.05.26 07:45;4;23.125;-200;-200;0;206;0;
1735;2024.05.26 08:00;4;23.125;-200;-200;0;206;0;
1736;2024.05.26 08:15;4;23.125;-200;-200;0;206;0;
1737;2024.05.26 08:30;4;23.125;-200;-200;0;206;0;
1738;2024.05.26 08:45;4;23.125;-200;-200;0;206;0;
1739;2024.05.26 09:00;4;23.125;-200;-200;0;206;0;
1740;2024.05.26 09:15;4;23.0625;-200;-200;0;206;0;
1741;2024.05.26 09:30;4;23.0625;-200;-200;0;206;0;
1742;2024.05.26 09:45;4;23.0625;-200;-200;0;206;0;
1743;2024.05.26 10:00;4;23;-200;-200;0;206;0;
1744;2024.05.26 10:15;4;23;-200;-200;0;206;0;
1745;2024.05.26 10:30;4;23;-200;-200;0;206;0;
1746;2024.05.26 10:45;4;23;-200;-200;0;206;0;
1747;2024.05.26 11:00;4;23;-200;-200;0;206;0;
1748;2024.05.26 11:15;4;23;-200;-200;0;206;0;
1749;2024.05.26 11:30;4;23;-200;-200;0;206;0;
1750;2024.05.26 11:45;4;22.9375;-200;-200;0;206;0;
1751;2024.05.26 12:00;4;22.9375;-200;-200;0;206;0;
1752;2024.05.26 12:15;4;22.9375;-200;-200;0;206;0;
1753;2024.05.26 12:30;4;22.875;-200;-200;0;206;0;
1754;2024.05.26 12:45;4;22.875;-200;-200;0;206;0;
1755;2024.05.26 13:00;4;22.875;-200;-200;0;206;0;
1756;2024.05.26 13:15;4;22.875;-200;-200;0;206;0;
1757;2024.05.26 13:30;4;22.9375;-200;-200;0;206;0;
1758;2024.05.26 13:45;4;22.9375;-200;-200;0;206;0;
1759;2024.05.26 14:00;4;22.9375;-200;-200;0;206;0;
1760;2024.05.26 14:15;4;22.875;-200;-200;0;206;0;
1761;2024.05.26 14:30;4;22.9375;-200;-200;0;206;0;
1762;2024.05.26 14:45;4;22.9375;-200;-200;0;206;0;
1763;2024.05.26 15:00;4;22.9375;-200;-200;0;206;0;
1764;2024.05.26 15:15;4;23;-200;-200;0;206;0;
1765;2024.05.26 15:30;4;23;-200;-200;0;206;0;
1766;2024.05.26 15:45;4;23;-200;-200;0;206;0;
1767;2024.05.26 16:00;4;23;-200;-200;0;206;0;
1768;2024.05.26 16:15;4;23.0625;-200;-200;0;206;0;
1769;2024.05.26 16:30;4;23.125;-200;-200;0;206;0;
1770;2024.05.26 16:45;4;23.125;-200;-200;0;206;0;
1771;2024.05.26 17:00;4;23.125;-200;-200;0;206;0;
1772;2024.05.26 17:15;4;23.125;-200;-200;0;206;0;
1773;2024.05.26 17:30;4;23.125;-200;-200;0;206;0;
1774;2024.05.26 17:45;4;23.125;-200;-200;0;206;0;
1775;2024.05.26 18:00;4;23.125;-200;-200;0;206;0;
1776;2024.05.26 18:15;4;23.125;-200;-200;0;206;0;
1777;2024.05.26 18:30;4;23.125;-200;-200;0;206;0;
1778;2024.05.26 18:45;4;23.125;-200;-200;0;206;0;
1779;2024.05.26 19:00;4;23.125;-200;-200;0;206;0;
1780;2024.05.26 19:15;4;23.125;-200;-200;0;206;0;
1781;2024.05.26 19:30;4;23.125;-200;-200;0;206;0;
1782;2024.05.26 19:45;4;23.125;-200;-200;0;206;0;
1783;2024.05.26 20:00;4;23.125;-200;-200;0;206;0;
1784;2024.05.26 20:15;4;23.125;-200;-200;0;206;0;
1785;2024.05.26 20:30;4;23.125;-200;-200;0;206;0;
1786;2024.05.26 20:45;4;23.125;-200;-200;0;206;0;
1787;2024.05.26 21:00;4;23.125;-200;-200;0;206;0;
1788;2024.05.26 21:15;4;23.125;-200;-200;0;206;0;
1789;2024.05.26 21:30;4;23.125;-200;-200;0;206;0;
1790;2024.05.26 21:45;4;23.125;-200;-200;0;206;0;
1791;2024.05.26 22:00;4;23.125;-200;-200;0;206;0;
1792;2024.05.26 22:15;4;23.125;-200;-200;0;206;0;
1793;2024.05.26 22:30;4;23.125;-200;-200;0;206;0;
1794;2024.05.26 22:45;4;23.125;-200;-200;0;206;0;
1795;2024.05.26 23:00;4;23.125;-200;-200;0;206;0;
1796;2024.05.26 23:15;4;23.125;-200;-200;0;206;0;
1797;2024.05.26 23:30;4;23.125;-200;-200;0;206;0;
1798;2024.05.26 23:45;4;23.125;-200;-200;0;206;0;
1799;2024.05.27 00:00;4;23.125;-200;-200;0;206;0;
1800;2024.05.27 00:15;4;23.125;-200;-200;0;206;0;
1801;2024.05.27 00:30;4;23.125;-200;-200;0;206;0;
1802;2024.05.27 00:45;4;23.125;-200;-200;0;206;0;
1803;2024.05.27 01:00;4;23.125;-200;-200;0;206;0;
1804;2024.05.27 01:15;4;23.125;-200;-200;0;206;0;
1805;2024.05.27 01:30;4;23.125;-200;-200;0;206;0;
1806;2024.05.27 01:45;4;23.125;-200;-200;0;206;0;
1807;2024.05.27 02:00;4;23.125;-200;-200;0;206;0;
1808;2024.05.27 02:15;4;23.125;-200;-200;0;206;0;
1809;2024.05.27 02:30;4;23.125;-200;-200;0;206;0;
1810;2024.05.27 02:45;4;23.125;-200;-200;0;206;0;
1811;2024.05.27 03:00;4;23.125;-200;-200;0;206;0;
1812;2024.05.27 03:15;4;23.125;-200;-200;0;206;0;
1813;2024.05.27 03:30;4;23.125;-200;-200;0;206;0;
1814;2024.05.27 03:45;4;23.125;-200;-200;0;206;0;
1815;2024.05.27 04:00;4;23.125;-200;-200;0;206;0;
1816;2024.05.27 04:15;4;23.125;-200;-200;0;206;0;
1817;2024.05.27 04:30;4;23.125;-200;-200;0;206;0;
1818;2024.05.27 04:45;4;23.125;-200;-200;0;206;0;
1819;2024.05.27 05:00;4;23.125;-200;-200;0;206;0;
1820;2024.05.27 05:15;4;23.125;-200;-200;0;206;0;
1821;2024.05.27 05:30;4;23.125;-200;-200;0;206;0;
1822;2024.05.27 05:45;4;23.125;-200;-200;0;206;0;
1823;2024.05.27 06:00;4;23.125;-200;-200;0;206;0;
1824;2024.05.27 06:15;4;23.125;-200;-200;0;206;0;
1825;2024.05.27 06:30;4;23.125;-200;-200;0;206;0;
1826;2024.05.27 06:45;4;23.125;-200;-200;0;206;0;
1827;2024.05.27 07:00;4;23.125;-200;-200;0;206;0;
1828;2024.05.27 07:15;4;23.125;-200;-200;0;206;0;
1829;2024.05.27 07:30;4;23.125;-200;-200;0;206;0;
1830;2024.05.27 07:45;4;23.125;-200;-200;0;206;0;
1831;2024.05.27 08:00;4;23.125;-200;-200;0;206;0;
1832;2024.05.27 08:15;4;23.0625;-200;-200;0;206;0;
1833;2024.05.27 08:30;4;23.0625;-200;-200;0;206;0;
1834;2024.05.27 08:45;4;23;-200;-200;0;206;0;
1835;2024.05.27 09:00;4;23;-200;-200;0;206;0;
1836;2024.05.27 09:15;4;23;-200;-200;0;206;0;
1837;2024.05.27 09:30;4;23;-200;-200;0;206;0;
1838;2024.05.27 09:45;4;23;-200;-200;0;206;0;
1839;2024.05.27 10:00;4;23;-200;-200;0;206;0;
1840;2024.05.27 10:15;4;23;-200;-200;0;206;0;
1841;2024.05.27 10:30;4;23;-200;-200;0;206;0;
1842;2024.05.27 10:45;4;23;-200;-200;0;206;0;
1843;2024.05.27 11:00;4;23;-200;-200;0;206;0;
1844;2024.05.27 11:15;4;22.9375;-200;-200;0;206;0;
1845;2024.05.27 11:30;4;22.9375;-200;-200;0;206;0;
1846;2024.05.27 11:45;4;22.9375;-200;-200;0;206;0;
1847;2024.05.27 12:00;4;22.875;-200;-200;0;206;0;
1848;2024.05.27 12:15;4;22.875;-200;-200;0;206;0;
1849;2024.05.27 12:30;4;22.875;-200;-200;0;206;0;
1850;2024.05.27 12:45;4;22.875;-200;-200;0;206;0;
1851;2024.05.27 13:00;4;22.875;-200;-200;0;206;0;
1852;2024.05.27 13:15;4;22.875;-200;-200;0;206;0;
1853;2024.05.27 13:30;4;22.875;-200;-200;0;206;0;
1854;2024.05.27 13:45;4;22.875;-200;-200;0;206;0;
1855;2024.05.27 14:00;4;22.875;-200;-200;0;206;0;
1856;2024.05.27 14:15;4;22.875;-200;-200;0;206;0;
1857;2024.05.27 14:30;4;22.875;-200;-200;0;206;0;
1858;2024.05.27 14:45;4;22.875;-200;-200;0;206;0;
1859;2024.05.27 15:00;4;22.875;-200;-200;0;206;0;
1860;2024.05.27 15:15;4;22.875;-200;-200;0;206;0;
1861;2024.05.27 15:30;4;22.875;-200;-200;0;206;0;
1862;2024.05.27 15:45;4;22.875;-200;-200;0;206;0;
1863;2024.05.27 16:00;4;22.9375;-200;-200;0;206;0;
1864;2024.05.27 16:15;4;22.9375;-200;-200;0;206;0;
1865;2024.05.27 16:30;4;23;-200;-200;0;206;0;
1866;2024.05.27 16:45;4;23;-200;-200;0;206;0;
1867;2024.05.27 17:00;4;23;-200;-200;0;206;0;
1868;2024.05.27 17:15;4;23;-200;-200;0;206;0;
1869;2024.05.27 17:30;4;23;-200;-200;0;206;0;
1870;2024.05.27 17:45;4;23;-200;-200;0;206;0;
1871;2024.05.27 18:00;4;23;-200;-200;0;206;0;
1872;2024.05.27 18:15;4;23;-200;-200;0;206;0;
1873;2024.05.27 18:30;4;23.0625;-200;-200;0;206;0;
1874;2024.05.27 18:45;4;23.0625;-200;-200;0;206;0;
1875;2024.05.27 19:00;4;23.0625;-200;-200;0;206;0;
1876;2024.05.27 19:15;4;23.0625;-200;-200;0;206;0;
1877;2024.05.27 19:30;4;23;-200;-200;0;206;0;
1878;2024.05.27 19:45;4;23.0625;-200;-200;0;206;0;
1879;2024.05.27 20:00;4;23.0625;-200;-200;0;206;0;
1880;2024.05.27 20:15;4;23.0625;-200;-200;0;206;0;
1881;2024.05.27 20:30;4;23.0625;-200;-200;0;206;0;
1882;2024.05.27 20:45;4;23;-200;-200;0;206;0;
1883;2024.05.27 21:00;4;23;-200;-200;0;206;0;
1884;2024.05.27 21:15;4;23.0625;-200;-200;0;206;0;
1885;2024.05.27 21:30;4;23.0625;-200;-200;0;206;0;
1886;2024.05.27 21:45;4;23.0625;-200;-200;0;206;0;
1887;2024.05.27 22:00;4;23.0625;-200;-200;0;206;0;
1888;2024.05.27 22:15;4;23.0625;-200;-200;0;206;0;
1889;2024.05.27 22:30;4;23.0625;-200;-200;0;206;0;
1890;2024.05.27 22:45;4;23.0625;-200;-200;0;206;0;
1891;2024.05.27 23:00;4;23.0625;-200;-200;0;206;0;
1892;2024.05.27 23:15;4;23.0625;-200;-200;0;206;0;
1893;2024.05.27 23:30;4;23.0625;-200;-200;0;206;0;
1894;2024.05.27 23:45;4;23.0625;-200;-200;0;206;0;
1895;2024.05.28 00:00;4;23.0625;-200;-200;0;206;0;
1896;2024.05.28 00:15;4;23.0625;-200;-200;0;206;0;
1897;2024.05.28 00:30;4;23;-200;-200;0;206;0;
1898;2024.05.28 00:45;4;23;-200;-200;0;206;0;
1899;2024.05.28 01:00;4;23;-200;-200;0;206;0;
1900;2024.05.28 01:15;4;23;-200;-200;0;206;0;
1901;2024.05.28 01:30;4;23;-200;-200;0;206;0;
1902;2024.05.28 01:45;4;23;-200;-200;0;206;0;
1903;2024.05.28 02:00;4;23;-200;-200;0;206;0;
1904;2024.05.28 02:15;4;23;-200;-200;0;206;0;
1905;2024.05.28 02:30;4;23.0625;-200;-200;0;206;0;
1906;2024.05.28 02:45;4;23.0625;-200;-200;0;206;0;
1907;2024.05.28 03:00;4;23;-200;-200;0;206;0;
1908;2024.05.28 03:15;4;23;-200;-200;0;206;0;
1909;2024.05.28 03:30;4;23;-200;-200;0;206;0;
1910;2024.05.28 03:45;4;23.0625;-200;-200;0;206;0;
1911;2024.05.28 04:00;4;23.0625;-200;-200;0;206;0;
1912;2024.05.28 04:15;4;23.0625;-200;-200;0;206;0;
1913;2024.05.28 04:30;4;23.125;-200;-200;0;206;0;
1914;2024.05.28 04:45;4;23.0625;-200;-200;0;206;0;
1915;2024.05.28 05:00;4;23.0625;-200;-200;0;206;0;
1916;2024.05.28 05:15;4;23.0625;-200;-200;0;206;0;
1917;2024.05.28 05:30;4;23.0625;-200;-200;0;206;0;
1918;2024.05.28 05:45;4;23.0625;-200;-200;0;206;0;
1919;2024.05.28 06:00;4;23.0625;-200;-200;0;206;0;
1920;2024.05.28 06:15;4;23.0625;-200;-200;0;206;0;
1921;2024.05.28 06:30;4;23.0625;-200;-200;0;206;0;
1922;2024.05.28 06:45;4;23.125;-200;-200;0;206;0;
1923;2024.05.28 07:00;4;23.125;-200;-200;0;206;0;
1924;2024.05.28 07:15;4;23.125;-200;-200;0;206;0;
1925;2024.05.28 07:30;4;23.125;-200;-200;0;206;0;
1926;2024.05.28 07:45;4;23.125;-200;-200;0;206;0;
1927;2024.05.28 08:00;4;23.125;-200;-200;0;206;0;
1928;2024.05.28 08:15;4;23.125;-200;-200;0;206;0;
1929;2024.05.28 08:30;4;23.125;-200;-200;0;206;0;
1930;2024.05.28 08:45;4;23.125;-200;-200;0;206;0;
1931;2024.05.28 09:00;4;23.125;-200;-200;0;206;0;
1932;2024.05.28 09:15;4;23.125;-200;-200;0;206;0;
1933;2024.05.28 09:30;4;23.125;-200;-200;0;206;0;
1934;2024.05.28 09:45;4;23.0625;-200;-200;0;206;0;
1935;2024.05.28 10:00;4;23.0625;-200;-200;0;206;0;
1936;2024.05.28 10:15;4;23;-200;-200;0;206;0;
1937;2024.05.28 10:30;4;23;-200;-200;0;206;0;
1938;2024.05.28 10:45;4;23;-200;-200;0;206;0;
1939;2024.05.28 11:00;4;23;-200;-200;0;206;0;
1940;2024.05.28 11:15;4;23;-200;-200;0;206;0;
1941;2024.05.28 11:30;4;23;-200;-200;0;206;0;
1942;2024.05.28 11:45;4;22.9375;-200;-200;0;206;0;
1943;2024.05.28 12:00;4;22.9375;-200;-200;0;206;0;
1944;2024.05.28 12:15;4;22.9375;-200;-200;0;206;0;
1945;2024.05.28 12:30;4;22.9375;-200;-200;0;206;0;
1946;2024.05.28 12:45;4;22.9375;-200;-200;0;206;0;
1947;2024.05.28 13:00;4;22.875;-200;-200;0;206;0;
1948;2024.05.28 13:15;4;22.9375;-200;-200;0;206;0;
1949;2024.05.28 13:30;4;23;-200;-200;0;206;0;
1950;2024.05.28 13:45;4;22.9375;-200;-200;0;206;0;
1951;2024.05.28 14:00;4;23;-200;-200;0;206;0;
1952;2024.05.28 14:15;4;23;-200;-200;0;206;0;
1953;2024.05.28 14:30;4;23;-200;-200;0;206;0;
1954;2024.05.28 14:45;4;23.0625;-200;-200;0;206;0;
1955;2024.05.28 15:00;4;23.125;-200;-200;0;206;0;
1956;2024.05.28 15:15;4;23.125;-200;-200;0;206;0;
1957;2024.05.28 15:30;4;23.125;-200;-200;0;206;0;
1958;2024.05.28 15:45;4;23.1875;-200;-200;0;206;0;
1959;2024.05.28 16:00;4;23.25;-200;-200;0;206;0;
1960;2024.05.28 16:15;4;23.25;-200;-200;0;206;0;
1961;2024.05.28 16:30;4;23.25;-200;-200;0;206;0;
1962;2024.05.28 16:45;4;23.25;-200;-200;0;206;0;
1963;2024.05.28 17:00;4;23.3125;-200;-200;0;206;0;
1964;2024.05.28 17:15;4;23.3125;-200;-200;0;206;0;
1965;2024.05.28 17:30;4;23.375;-200;-200;0;206;0;
1966;2024.05.28 17:45;4;23.375;-200;-200;0;206;0;
1967;2024.05.28 18:00;4;23.375;-200;-200;0;206;0;
1968;2024.05.28 18:15;4;23.375;-200;-200;0;206;0;
1969;2024.05.28 18:30;4;23.375;-200;-200;0;206;0;
1970;2024.05.28 18:45;4;23.375;-200;-200;0;206;0;
1971;2024.05.28 19:00;4;23.375;-200;-200;0;206;0;
1972;2024.05.28 19:15;4;23.375;-200;-200;0;206;0;
1973;2024.05.28 19:30;4;23.375;-200;-200;0;206;0;
1974;2024.05.28 19:45;4;23.375;-200;-200;0;206;0;
1975;2024.05.28 20:00;4;23.3125;-200;-200;0;206;0;
1976;2024.05.28 20:15;4;23.25;-200;-200;0;206;0;
1977;2024.05.28 20:30;4;23.25;-200;-200;0;206;0;
1978;2024.05.28 20:45;4;23.1875;-200;-200;0;206;0;
1979;2024.05.28 21:00;4;23.25;-200;-200;0;206;0;
1980;2024.05.28 21:15;4;23.125;-200;-200;0;206;0;
1981;2024.05.28 21:30;4;23.125;-200;-200;0;206;0;
1982;2024.05.28 21:45;4;23.125;-200;-200;0;206;0;
1983;2024.05.28 22:00;4;23.1875;-200;-200;0;206;0;
1984;2024.05.28 22:15;4;23.25;-200;-200;0;206;0;
1985;2024.05.28 22:30;4;23.25;-200;-200;0;206;0;
1986;2024.05.28 22:45;4;23.25;-200;-200;0;206;0;
1987;2024.05.28 23:00;4;23.25;-200;-200;0;206;0;
1988;2024.05.28 23:15;4;23.3125;-200;-200;0;206;0;
1989;2024.05.28 23:30;4;23.375;-200;-200;0;206;0;
1990;2024.05.28 23:45;4;23.375;-200;-200;0;206;0;
1991;2024.05.29 00:00;4;23.375;-200;-200;0;206;0;
1992;2024.05.29 00:15;4;23.375;-200;-200;0;206;0;
1993;2024.05.29 00:30;4;23.375;-200;-200;0;206;0;
1994;2024.05.29 00:45;4;23.375;-200;-200;0;206;0;
1995;2024.05.29 01:00;4;23.375;-200;-200;0;206;0;
1996;2024.05.29 01:15;4;23.375;-200;-200;0;206;0;
1997;2024.05.29 01:30;4;23.375;-200;-200;0;206;0;
1998;2024.05.29 01:45;4;23.375;-200;-200;0;206;0;
1999;2024.05.29 02:00;4;23.375;-200;-200;0;206;0;
2000;2024.05.29 02:15;4;23.375;-200;-200;0;206;0;
2001;2024.05.29 02:30;4;23.375;-200;-200;0;206;0;
2002;2024.05.29 02:45;4;23.375;-200;-200;0;206;0;
2003;2024.05.29 03:00;4;23.375;-200;-200;0;206;0;
2004;2024.05.29 03:15;4;23.375;-200;-200;0;206;0;
2005;2024.05.29 03:30;4;23.375;-200;-200;0;206;0;
2006;2024.05.29 03:45;4;23.375;-200;-200;0;206;0;
2007;2024.05.29 04:00;4;23.375;-200;-200;0;206;0;
2008;2024.05.29 04:15;4;23.375;-200;-200;0;206;0;
2009;2024.05.29 04:30;4;23.375;-200;-200;0;206;0;
2010;2024.05.29 04:45;4;23.375;-200;-200;0;206;0;
2011;2024.05.29 05:00;4;23.5;-200;-200;0;206;0;
2012;2024.05.29 05:15;4;23.625;-200;-200;0;206;0;
2013;2024.05.29 05:30;4;23.75;-200;-200;0;206;0;
2014;2024.05.29 05:45;4;23.75;-200;-200;0;206;0;
2015;2024.05.29 06:00;4;23.875;-200;-200;0;206;0;
2016;2024.05.29 06:15;4;23.875;-200;-200;0;206;0;
2017;2024.05.29 06:30;4;23.9375;-200;-200;0;206;0;
2018;2024.05.29 06:45;4;24;-200;-200;0;206;0;
2019;2024.05.29 07:00;4;24;-200;-200;0;206;0;
2020;2024.05.29 07:15;4;24;-200;-200;0;206;0;
2021;2024.05.29 07:30;4;24;-200;-200;0;206;0;
2022;2024.05.29 07:45;4;24;-200;-200;0;206;0;
2023;2024.05.29 08:00;4;24;-200;-200;0;206;0;
2024;2024.05.29 08:15;4;24;-200;-200;0;206;0;
2025;2024.05.29 08:30;4;24;-200;-200;0;206;0;
2026;2024.05.29 08:45;4;24;-200;-200;0;206;0;
2027;2024.05.29 09:00;4;24;-200;-200;0;206;0;
2028;2024.05.29 09:15;4;24;-200;-200;0;206;0;
2029;2024.05.29 09:30;4;24;-200;-200;0;206;0;
2030;2024.05.29 09:45;4;24;-200;-200;0;206;0;
2031;2024.05.29 10:00;4;23.9375;-200;-200;0;206;0;
2032;2024.05.29 10:15;4;23.9375;-200;-200;0;206;0;
2033;2024.05.29 10:30;4;23.9375;-200;-200;0;206;0;
2034;2024.05.29 10:45;4;23.875;-200;-200;0;206;0;
2035;2024.05.29 11:00;4;23.875;-200;-200;0;206;0;
2036;2024.05.29 11:15;4;23.875;-200;-200;0;206;0;
2037;2024.05.29 11:30;4;23.875;-200;-200;0;206;0;
2038;2024.05.29 11:45;4;23.875;-200;-200;0;206;0;
2039;2024.05.29 12:00;4;23.8125;-200;-200;0;206;0;
2040;2024.05.29 12:15;4;23.75;-200;-200;0;206;0;
2041;2024.05.29 12:30;4;23.75;-200;-200;0;206;0;
2042;2024.05.29 12:45;4;23.75;-200;-200;0;206;0;
2043;2024.05.29 13:00;4;23.75;-200;-200;0;206;0;
2044;2024.05.29 13:15;4;23.75;-200;-200;0;206;0;
2045;2024.05.29 13:30;4;23.75;-200;-200;0;206;0;
2046;2024.05.29 13:45;4;23.75;-200;-200;0;206;0;
2047;2024.05.29 14:00;4;23.75;-200;-200;0;206;0;
2048;2024.05.29 14:15;4;23.75;-200;-200;0;206;0;
2049;2024.05.29 14:30;4;23.75;-200;-200;0;206;0;
2050;2024.05.29 14:45;4;23.75;-200;-200;0;206;0;
2051;2024.05.29 15:00;4;23.75;-200;-200;0;206;0;
2052;2024.05.29 15:15;4;23.75;-200;-200;0;206;0;
2053;2024.05.29 15:30;4;23.75;-200;-200;0;206;0;
2054;2024.05.29 15:45;4;23.75;-200;-200;0;206;0;
2055;2024.05.29 16:00;4;23.75;-200;-200;0;206;0;
2056;2024.05.29 16:15;4;23.75;-200;-200;0;206;0;
2057;2024.05.29 16:30;4;23.75;-200;-200;0;206;0;
2058;2024.05.29 16:45;4;23.75;-200;-200;0;206;0;
2059;2024.05.29 17:00;4;23.75;-200;-200;0;206;0;
2060;2024.05.29 17:15;4;23.75;-200;-200;0;206;0;
2061;2024.05.29 17:30;4;23.75;-200;-200;0;206;0;
2062;2024.05.29 17:45;4;23.75;-200;-200;0;206;0;
2063;2024.05.29 18:00;4;23.6875;-200;-200;0;206;0;
2064;2024.05.29 18:15;4;23.6875;-200;-200;0;206;0;
2065;2024.05.29 18:30;4;23.6875;-200;-200;0;206;0;
2066;2024.05.29 18:45;4;23.6875;-200;-200;0;206;0;
2067;2024.05.29 19:00;4;23.6875;-200;-200;0;206;0;
2068;2024.05.29 19:15;4;23.6875;-200;-200;0;206;0;
2069;2024.05.29 19:30;4;23.6875;-200;-200;0;206;0;
2070;2024.05.29 19:45;4;23.6875;-200;-200;0;206;0;
2071;2024.05.29 20:00;4;23.625;-200;-200;0;206;0;
2072;2024.05.29 20:15;4;23.625;-200;-200;0;206;0;
2073;2024.05.29 20:30;4;23.625;-200;-200;0;206;0;
2074;2024.05.29 20:45;4;23.625;-200;-200;0;206;0;
2075;2024.05.29 21:00;4;23.625;-200;-200;0;206;0;
2076;2024.05.29 21:15;4;23.625;-200;-200;0;206;0;
2077;2024.05.29 21:30;4;23.625;-200;-200;0;206;0;
2078;2024.05.29 21:45;4;23.625;-200;-200;0;206;0;
2079;2024.05.29 22:00;4;23.5625;-200;-200;0;206;0;
2080;2024.05.29 22:15;4;23.5;-200;-200;0;206;0;
2081;2024.05.29 22:30;4;23.5;-200;-200;0;206;0;
2082;2024.05.29 22:45;4;23.5;-200;-200;0;206;0;
2083;2024.05.29 23:00;4;23.5;-200;-200;0;206;0;
2084;2024.05.29 23:15;4;23.5;-200;-200;0;206;0;
2085;2024.05.29 23:30;4;23.5;-200;-200;0;206;0;
2086;2024.05.29 23:45;4;23.5;-200;-200;0;206;0;
2087;2024.05.30 00:00;4;23.5;-200;-200;0;206;0;
2088;2024.05.30 00:15;4;23.5;-200;-200;0;206;0;
2089;2024.05.30 00:30;4;23.5;-200;-200;0;206;0;
2090;2024.05.30 00:45;4;23.5;-200;-200;0;206;0;
2091;2024.05.30 01:00;4;23.4375;-200;-200;0;206;0;
2092;2024.05.30 01:15;4;23.4375;-200;-200;0;206;0;
2093;2024.05.30 01:30;4;23.4375;-200;-200;0;206;0;
2094;2024.05.30 01:45;4;23.4375;-200;-200;0;206;0;
2095;2024.05.30 02:00;4;23.4375;-200;-200;0;206;0;
2096;2024.05.30 02:15;4;23.4375;-200;-200;0;206;0;
2097;2024.05.30 02:30;4;23.4375;-200;-200;0;206;0;
2098;2024.05.30 02:45;4;23.5;-200;-200;0;206;0;
2099;2024.05.30 03:00;4;23.4375;-200;-200;0;206;0;
2100;2024.05.30 03:15;4;23.4375;-200;-200;0;206;0;
2101;2024.05.30 03:30;4;23.4375;-200;-200;0;206;0;
2102;2024.05.30 03:45;4;23.5;-200;-200;0;206;0;
2103;2024.05.30 04:00;4;23.5;-200;-200;0;206;0;
2104;2024.05.30 04:15;4;23.5;-200;-200;0;206;0;
2105;2024.05.30 04:30;4;23.5;-200;-200;0;206;0;
2106;2024.05.30 04:45;4;23.5;-200;-200;0;206;0;
2107;2024.05.30 05:00;4;23.5;-200;-200;0;206;0;
2108;2024.05.30 05:15;4;23.5;-200;-200;0;206;0;
2109;2024.05.30 05:30;4;23.5;-200;-200;0;206;0;
2110;2024.05.30 05:45;4;23.5;-200;-200;0;206;0;
2111;2024.05.30 06:00;4;23.5;-200;-200;0;206;0;
2112;2024.05.30 06:15;4;23.5;-200;-200;0;206;0;
2113;2024.05.30 06:30;4;23.5;-200;-200;0;206;0;
2114;2024.05.30 06:45;4;23.5;-200;-200;0;206;0;
2115;2024.05.30 07:00;4;23.5;-200;-200;0;206;0;
2116;2024.05.30 07:15;4;23.5;-200;-200;0;206;0;
2117;2024.05.30 07:30;4;23.5;-200;-200;0;206;0;
2118;2024.05.30 07:45;4;23.5;-200;-200;0;206;0;
2119;2024.05.30 08:00;4;23.5;-200;-200;0;206;0;
2120;2024.05.30 08:15;4;23.5;-200;-200;0;206;0;
2121;2024.05.30 08:30;4;23.5;-200;-200;0;206;0;
2122;2024.05.30 08:45;4;23.5;-200;-200;0;206;0;
2123;2024.05.30 09:00;4;23.5;-200;-200;0;206;0;
2124;2024.05.30 09:15;4;23.5;-200;-200;0;206;0;
2125;2024.05.30 09:30;4;23.5;-200;-200;0;206;0;
2126;2024.05.30 09:45;4;23.5;-200;-200;0;206;0;
2127;2024.05.30 10:00;4;23.5;-200;-200;0;206;0;
2128;2024.05.30 10:15;4;23.5;-200;-200;0;206;0;
2129;2024.05.30 10:30;4;23.5;-200;-200;0;206;0;
2130;2024.05.30 10:45;4;23.5;-200;-200;0;206;0;
2131;2024.05.30 11:00;4;23.5;-200;-200;0;206;0;
2132;2024.05.30 11:15;4;23.5;-200;-200;0;206;0;
2133;2024.05.30 11:30;4;23.5;-200;-200;0;206;0;
2134;2024.05.30 11:45;4;23.5;-200;-200;0;206;0;
2135;2024.05.30 12:00;4;23.5;-200;-200;0;206;0;
2136;2024.05.30 12:15;4;23.4375;-200;-200;0;206;0;
2137;2024.05.30 12:30;4;23.375;-200;-200;0;206;0;
2138;2024.05.30 12:45;4;23.375;-200;-200;0;206;0;
2139;2024.05.30 13:00;4;23.375;-200;-200;0;206;0;
2140;2024.05.30 13:15;4;23.375;-200;-200;0;206;0;
2141;2024.05.30 13:30;4;23.375;-200;-200;0;206;0;
2142;2024.05.30 13:45;4;23.375;-200;-200;0;206;0;
2143;2024.05.30 14:00;4;23.375;-200;-200;0;206;0;
2144;2024.05.30 14:15;4;23.375;-200;-200;0;206;0;
2145;2024.05.30 14:30;4;23.375;-200;-200;0;206;0;
2146;2024.05.30 14:45;4;23.375;-200;-200;0;206;0;
2147;2024.05.30 15:00;4;23.375;-200;-200;0;206;0;
2148;2024.05.30 15:15;4;23.375;-200;-200;0;206;0;
2149;2024.05.30 15:30;4;23.375;-200;-200;0;206;0;
2150;2024.05.30 15:45;4;23.4375;-200;-200;0;206;0;
2151;2024.05.30 16:00;4;23.4375;-200;-200;0;206;0;
2152;2024.05.30 16:15;4;23.4375;-200;-200;0;206;0;
2153;2024.05.30 16:30;4;23.5;-200;-200;0;206;0;
2154;2024.05.30 16:45;4;23.5;-200;-200;0;206;0;
2155;2024.05.30 17:00;4;23.5;-200;-200;0;206;0;
2156;2024.05.30 17:15;4;23.5625;-200;-200;0;206;0;
2157;2024.05.30 17:30;4;23.5625;-200;-200;0;206;0;
2158;2024.05.30 17:45;4;23.5625;-200;-200;0;206;0;
2159;2024.05.30 18:00;4;23.5625;-200;-200;0;206;0;
2160;2024.05.30 18:15;4;23.625;-200;-200;0;206;0;
2161;2024.05.30 18:30;4;23.625;-200;-200;0;206;0;
2162;2024.05.30 18:45;4;23.625;-200;-200;0;206;0;
2163;2024.05.30 19:00;4;23.625;-200;-200;0;206;0;
2164;2024.05.30 19:15;4;23.625;-200;-200;0;206;0;
2165;2024.05.30 19:30;4;23.625;-200;-200;0;206;0;
2166;2024.05.30 19:45;4;23.5625;-200;-200;0;206;0;
2167;2024.05.30 20:00;4;23.5625;-200;-200;0;206;0;
2168;2024.05.30 20:15;4;23.5625;-200;-200;0;206;0;
2169;2024.05.30 20:30;4;23.5625;-200;-200;0;206;0;
2170;2024.05.30 20:45;4;23.5625;-200;-200;0;206;0;
2171;2024.05.30 21:00;4;23.5625;-200;-200;0;206;0;
2172;2024.05.30 21:15;4;23.5625;-200;-200;0;206;0;
2173;2024.05.30 21:30;4;23.5;-200;-200;0;206;0;
2174;2024.05.30 21:45;4;23.5;-200;-200;0;206;0;
2175;2024.05.30 22:00;4;23.5;-200;-200;0;206;0;
2176;2024.05.30 22:15;4;23.5;-200;-200;0;206;0;
2177;2024.05.30 22:30;4;23.5;-200;-200;0;206;0;
2178;2024.05.30 22:45;4;23.5;-200;-200;0;206;0;
2179;2024.05.30 23:00;4;23.5;-200;-200;0;206;0;
2180;2024.05.30 23:15;4;23.5;-200;-200;0;206;0;
2181;2024.05.30 23:30;4;23.5;-200;-200;0;206;0;
2182;2024.05.30 23:45;4;23.4375;-200;-200;0;206;0;
2183;2024.05.31 00:00;4;23.4375;-200;-200;0;206;0;
2184;2024.05.31 00:15;4;23.4375;-200;-200;0;206;0;
2185;2024.05.31 00:30;4;23.4375;-200;-200;0;206;0;
2186;2024.05.31 00:45;4;23.375;-200;-200;0;206;0;
2187;2024.05.31 01:00;4;23.375;-200;-200;0;206;0;
2188;2024.05.31 01:15;4;23.375;-200;-200;0;206;0;
2189;2024.05.31 01:30;4;23.375;-200;-200;0;206;0;
2190;2024.05.31 01:45;4;23.375;-200;-200;0;206;0;
2191;2024.05.31 02:00;4;23.375;-200;-200;0;206;0;
2192;2024.05.31 02:15;4;23.375;-200;-200;0;206;0;
2193;2024.05.31 02:30;4;23.375;-200;-200;0;206;0;
2194;2024.05.31 02:45;4;23.375;-200;-200;0;206;0;
2195;2024.05.31 03:00;4;23.375;-200;-200;0;206;0;
2196;2024.05.31 03:15;4;23.375;-200;-200;0;206;0;
2197;2024.05.31 03:30;4;23.375;-200;-200;0;206;0;
2198;2024.05.31 03:45;4;23.375;-200;-200;0;206;0;
2199;2024.05.31 04:00;4;23.375;-200;-200;0;206;0;
2200;2024.05.31 04:15;4;23.4375;-200;-200;0;206;0;
2201;2024.05.31 04:30;4;23.375;-200;-200;0;206;0;
2202;2024.05.31 04:45;4;23.375;-200;-200;0;206;0;
2203;2024.05.31 05:00;4;23.375;-200;-200;0;206;0;
2204;2024.05.31 05:15;4;23.375;-200;-200;0;206;0;
2205;2024.05.31 05:30;4;23.375;-200;-200;0;206;0;
2206;2024.05.31 05:45;4;23.4375;-200;-200;0;206;0;
2207;2024.05.31 06:00;4;23.4375;-200;-200;0;206;0;
2208;2024.05.31 06:15;4;23.4375;-200;-200;0;206;0;
2209;2024.05.31 06:30;4;23.4375;-200;-200;0;206;0;
2210;2024.05.31 06:45;4;23.4375;-200;-200;0;206;0;
2211;2024.05.31 07:00;4;23.4375;-200;-200;0;206;0;
2212;2024.05.31 07:15;4;23.4375;-200;-200;0;206;0;
2213;2024.05.31 07:30;4;23.4375;-200;-200;0;206;0;
2214;2024.05.31 07:45;4;23.5;-200;-200;0;206;0;
2215;2024.05.31 08:00;4;23.625;-200;-200;0;206;0;
2216;2024.05.31 08:15;4;23.6875;-200;-200;0;206;0;
2217;2024.05.31 08:30;4;23.75;-200;-200;0;206;0;
2218;2024.05.31 08:45;4;23.875;-200;-200;0;206;0;
2219;2024.05.31 09:00;4;23.875;-200;-200;0;206;0;
2220;2024.05.31 09:15;4;23.875;-200;-200;0;206;0;
2221;2024.05.31 09:30;4;23.875;-200;-200;0;206;0;
2222;2024.05.31 09:45;4;23.75;-200;-200;0;206;0;
2223;2024.05.31 10:00;4;23.6875;-200;-200;0;206;0;
2224;2024.05.31 10:15;4;23.625;-200;-200;0;206;0;
2225;2024.05.31 10:30;4;23.625;-200;-200;0;206;0;
2226;2024.05.31 10:45;4;23.6875;-200;-200;0;206;0;
2227;2024.05.31 11:00;4;23.75;-200;-200;0;206;0;
2228;2024.05.31 11:15;4;23.75;-200;-200;0;206;0;
2229;2024.05.31 11:30;4;23.75;-200;-200;0;206;0;
2230;2024.05.31 11:45;4;23.75;-200;-200;0;206;0;
2231;2024.05.31 12:00;4;23.75;-200;-200;0;206;0;
2232;2024.05.31 12:15;4;23.75;-200;-200;0;206;0;
2233;2024.05.31 12:30;4;23.75;-200;-200;0;206;0;
2234;2024.05.31 12:45;4;23.75;-200;-200;0;206;0;
2235;2024.05.31 13:00;4;23.75;-200;-200;0;206;0;
2236;2024.05.31 13:15;4;23.75;-200;-200;0;206;0;
2237;2024.05.31 13:30;4;23.75;-200;-200;0;206;0;
2238;2024.05.31 13:45;4;23.75;-200;-200;0;206;0;
2239;2024.05.31 14:00;4;23.6875;-200;-200;0;206;0;
2240;2024.05.31 14:15;4;23.6875;-200;-200;0;206;0;
2241;2024.05.31 14:30;4;23.6875;-200;-200;0;206;0;
2242;2024.05.31 14:45;4;23.6875;-200;-200;0;206;0;
2243;2024.05.31 15:00;4;23.6875;-200;-200;0;206;0;
2244;2024.05.31 15:15;4;23.75;-200;-200;0;206;0;
2245;2024.05.31 15:30;4;23.75;-200;-200;0;206;0;
2246;2024.05.31 15:45;4;23.75;-200;-200;0;206;0;
2247;2024.05.31 16:00;4;23.75;-200;-200;0;206;0;
2248;2024.05.31 16:15;4;23.75;-200;-200;0;206;0;
2249;2024.05.31 16:30;4;23.75;-200;-200;0;206;0;
2250;2024.05.31 16:45;4;23.75;-200;-200;0;206;0;
2251;2024.05.31 17:00;4;23.75;-200;-200;0;206;0;
2252;2024.05.31 17:15;4;23.75;-200;-200;0;206;0;
2253;2024.05.31 17:30;4;23.75;-200;-200;0;206;0;
2254;2024.05.31 17:45;4;23.6875;-200;-200;0;206;0;
2255;2024.05.31 18:00;4;23.625;-200;-200;0;206;0;
2256;2024.05.31 18:15;4;23.625;-200;-200;0;206;0;
2257;2024.05.31 18:30;4;23.5625;-200;-200;0;206;0;
2258;2024.05.31 18:45;4;23.5625;-200;-200;0;206;0;
2259;2024.05.31 19:00;4;23.5;-200;-200;0;206;0;
2260;2024.05.31 19:15;4;23.5;-200;-200;0;206;0;
2261;2024.05.31 19:30;4;23.5;-200;-200;0;206;0;
2262;2024.05.31 19:45;4;23.5;-200;-200;0;206;0;
2263;2024.05.31 20:00;4;23.4375;-200;-200;0;206;0;
2264;2024.05.31 20:15;4;23.4375;-200;-200;0;206;0;
2265;2024.05.31 20:30;4;23.375;-200;-200;0;206;0;
2266;2024.05.31 20:45;4;23.375;-200;-200;0;206;0;
2267;2024.05.31 21:00;4;23.375;-200;-200;0;206;0;
2268;2024.05.31 21:15;4;23.375;-200;-200;0;206;0;
2269;2024.05.31 21:30;4;23.375;-200;-200;0;206;0;
2270;2024.05.31 21:45;4;23.375;-200;-200;0;206;0;
2271;2024.05.31 22:00;4;23.375;-200;-200;0;206;0;
2272;2024.05.31 22:15;4;23.375;-200;-200;0;206;0;
2273;2024.05.31 22:30;4;23.375;-200;-200;0;206;0;
2274;2024.05.31 22:45;4;23.3125;-200;-200;0;206;0;
2275;2024.05.31 23:00;4;23.3125;-200;-200;0;206;0;
2276;2024.05.31 23:15;4;23.3125;-200;-200;0;206;0;
2277;2024.05.31 23:30;4;23.25;-200;-200;0;206;0;
2278;2024.05.31 23:45;4;23.25;-200;-200;0;206;0;
2279;2024.06.01 00:00;4;23.25;-200;-200;0;206;0;
2280;2024.06.01 00:15;4;23.25;-200;-200;0;206;0;
2281;2024.06.01 00:30;4;23.25;-200;-200;0;206;0;
2282;2024.06.01 00:45;4;23.25;-200;-200;0;206;0;
2283;2024.06.01 01:00;4;23.25;-200;-200;0;206;0;
2284;2024.06.01 01:15;4;23.25;-200;-200;0;206;0;
2285;2024.06.01 01:30;4;23.25;-200;-200;0;206;0;
2286;2024.06.01 01:45;4;23.25;-200;-200;0;206;0;
2287;2024.06.01 02:00;4;23.25;-200;-200;0;206;0;
2288;2024.06.01 02:15;4;23.25;-200;-200;0;206;0;
2289;2024.06.01 02:30;4;23.25;-200;-200;0;206;0;
2290;2024.06.01 02:45;4;23.25;-200;-200;0;206;0;
2291;2024.06.01 03:00;4;23.25;-200;-200;0;206;0;
2292;2024.06.01 03:15;4;23.25;-200;-200;0;206;0;
2293;2024.06.01 03:30;4;23.25;-200;-200;0;206;0;
2294;2024.06.01 03:45;4;23.25;-200;-200;0;206;0;
2295;2024.06.01 04:00;4;23.25;-200;-200;0;206;0;
2296;2024.06.01 04:15;4;23.1875;-200;-200;0;206;0;
2297;2024.06.01 04:30;4;23.25;-200;-200;0;206;0;
2298;2024.06.01 04:45;4;23.25;-200;-200;0;206;0;
2299;2024.06.01 05:00;4;23.25;-200;-200;0;206;0;
2300;2024.06.01 05:15;4;23.25;-200;-200;0;206;0;
2301;2024.06.01 05:30;4;23.25;-200;-200;0;206;0;
2302;2024.06.01 05:45;4;23.25;-200;-200;0;206;0;
2303;2024.06.01 06:00;4;23.25;-200;-200;0;206;0;
2304;2024.06.01 06:15;4;23.25;-200;-200;0;206;0;
2305;2024.06.01 06:30;4;23.25;-200;-200;0;206;0;
2306;2024.06.01 06:45;4;23.25;-200;-200;0;206;0;
2307;2024.06.01 07:00;4;23.25;-200;-200;0;206;0;
2308;2024.06.01 07:15;4;23.375;-200;-200;0;206;0;
2309;2024.06.01 07:30;4;23.375;-200;-200;0;206;0;
2310;2024.06.01 07:45;4;23.375;-200;-200;0;206;0;
2311;2024.06.01 08:00;4;23.375;-200;-200;0;206;0;
2312;2024.06.01 08:15;4;23.4375;-200;-200;0;206;0;
2313;2024.06.01 08:30;4;23.4375;-200;-200;0;206;0;
2314;2024.06.01 08:45;4;23.4375;-200;-200;0;206;0;
2315;2024.06.01 09:00;4;23.4375;-200;-200;0;206;0;
2316;2024.06.01 09:15;4;23.5;-200;-200;0;206;0;
2317;2024.06.01 09:30;4;23.5;-200;-200;0;206;0;
2318;2024.06.01 09:45;4;23.5;-200;-200;0;206;0;
2319;2024.06.01 10:00;4;23.5;-200;-200;0;206;0;
2320;2024.06.01 10:15;4;23.5;-200;-200;0;206;0;
2321;2024.06.01 10:30;4;23.5;-200;-200;0;206;0;
2322;2024.06.01 10:45;4;23.4375;-200;-200;0;206;0;
2323;2024.06.01 11:00;4;23.4375;-200;-200;0;206;0;
2324;2024.06.01 11:15;4;23.375;-200;-200;0;206;0;
2325;2024.06.01 11:30;4;23.375;-200;-200;0;206;0;
2326;2024.06.01 11:45;4;23.375;-200;-200;0;206;0;
2327;2024.06.01 12:00;4;23.4375;-200;-200;0;206;0;
2328;2024.06.01 12:15;4;23.4375;-200;-200;0;206;0;
2329;2024.06.01 12:30;4;23.4375;-200;-200;0;206;0;
2330;2024.06.01 12:45;4;23.4375;-200;-200;0;206;0;
2331;2024.06.01 13:00;4;23.4375;-200;-200;0;206;0;
2332;2024.06.01 13:15;4;23.4375;-200;-200;0;206;0;
2333;2024.06.01 13:30;4;23.4375;-200;-200;0;206;0;
2334;2024.06.01 13:45;4;23.5;-200;-200;0;206;0;
2335;2024.06.01 14:00;4;23.5;-200;-200;0;206;0;
2336;2024.06.01 14:15;4;23.5;-200;-200;0;206;0;
2337;2024.06.01 14:30;4;23.5;-200;-200;0;206;0;
2338;2024.06.01 14:45;4;23.5;-200;-200;0;206;0;
2339;2024.06.01 15:00;4;23.5;-200;-200;0;206;0;
2340;2024.06.01 15:15;4;23.5;-200;-200;0;206;0;
2341;2024.06.01 15:30;4;23.5;-200;-200;0;206;0;
2342;2024.06.01 15:45;4;23.5;-200;-200;0;206;0;
2343;2024.06.01 16:00;4;23.5;-200;-200;0;206;0;
2344;2024.06.01 16:15;4;23.4375;-200;-200;0;206;0;
2345;2024.06.01 16:30;4;23.4375;-200;-200;0;206;0;
2346;2024.06.01 16:45;4;23.4375;-200;-200;0;206;0;
2347;2024.06.01 17:00;4;23.4375;-200;-200;0;206;0;
2348;2024.06.01 17:15;4;23.4375;-200;-200;0;206;0;
2349;2024.06.01 17:30;4;23.4375;-200;-200;0;206;0;
2350;2024.06.01 17:45;4;23.375;-200;-200;0;206;0;
2351;2024.06.01 18:00;4;23.375;-200;-200;0;206;0;
2352;2024.06.01 18:15;4;23.375;-200;-200;0;206;0;
2353;2024.06.01 18:30;4;23.375;-200;-200;0;206;0;
2354;2024.06.01 18:45;4;23.3125;-200;-200;0;206;0;
2355;2024.06.01 19:00;4;23.3125;-200;-200;0;206;0;
2356;2024.06.01 19:15;4;23.25;-200;-200;0;206;0;
2357;2024.06.01 19:30;4;23.25;-200;-200;0;206;0;
2358;2024.06.01 19:45;4;23.25;-200;-200;0;206;0;
2359;2024.06.01 20:00;4;23.25;-200;-200;0;206;0;
2360;2024.06.01 20:15;4;23.25;-200;-200;0;206;0;
2361;2024.06.01 20:30;4;23.1875;-200;-200;0;206;0;
2362;2024.06.01 20:45;4;23.125;-200;-200;0;206;0;
2363;2024.06.01 21:00;4;23.125;-200;-200;0;206;0;
2364;2024.06.01 21:15;4;23.125;-200;-200;0;206;0;
2365;2024.06.01 21:30;4;23.125;-200;-200;0;206;0;
2366;2024.06.01 21:45;4;23.125;-200;-200;0;206;0;
2367;2024.06.01 22:00;4;23.125;-200;-200;0;206;0;
2368;2024.06.01 22:15;4;23.125;-200;-200;0;206;0;
2369;2024.06.01 22:30;4;23.125;-200;-200;0;206;0;
2370;2024.06.01 22:45;4;23.125;-200;-200;0;206;0;
2371;2024.06.01 23:00;4;23.125;-200;-200;0;206;0;
2372;2024.06.01 23:15;4;23.125;-200;-200;0;206;0;
2373;2024.06.01 23:30;4;23.125;-200;-200;0;206;0;
2374;2024.06.01 23:45;4;23.125;-200;-200;0;206;0;
2375;2024.06.02 00:00;4;23.125;-200;-200;0;206;0;
2376;2024.06.02 00:15;4;23.125;-200;-200;0;206;0;
2377;2024.06.02 00:30;4;23.125;-200;-200;0;206;0;
2378;2024.06.02 00:45;4;23.125;-200;-200;0;206;0;
2379;2024.06.02 01:00;4;23.125;-200;-200;0;206;0;
2380;2024.06.02 01:15;4;23.125;-200;-200;0;206;0;
2381;2024.06.02 01:30;4;23.125;-200;-200;0;206;0;
2382;2024.06.02 01:45;4;23.125;-200;-200;0;206;0;
2383;2024.06.02 02:00;4;23.125;-200;-200;0;206;0;
2384;2024.06.02 02:15;4;23.125;-200;-200;0;206;0;
2385;2024.06.02 02:30;4;23.125;-200;-200;0;206;0;
2386;2024.06.02 02:45;4;23.125;-200;-200;0;206;0;
2387;2024.06.02 03:00;4;23.125;-200;-200;0;206;0;
2388;2024.06.02 03:15;4;23.125;-200;-200;0;206;0;
2389;2024.06.02 03:30;4;23.125;-200;-200;0;206;0;
2390;2024.06.02 03:45;4;23.125;-200;-200;0;206;0;
2391;2024.06.02 04:00;4;23.125;-200;-200;0;206;0;
2392;2024.06.02 04:15;4;23.125;-200;-200;0;206;0;
2393;2024.06.02 04:30;4;23.125;-200;-200;0;206;0;
2394;2024.06.02 04:45;4;23.125;-200;-200;0;206;0;
2395;2024.06.02 05:00;4;23.125;-200;-200;0;206;0;
2396;2024.06.02 05:15;4;23.125;-200;-200;0;206;0;
2397;2024.06.02 05:30;4;23.125;-200;-200;0;206;0;
2398;2024.06.02 05:45;4;23.125;-200;-200;0;206;0;
2399;2024.06.02 06:00;4;23.125;-200;-200;0;206;0;
2400;2024.06.02 06:15;4;23.125;-200;-200;0;206;0;
2401;2024.06.02 06:30;4;23.125;-200;-200;0;206;0;
2402;2024.06.02 06:45;4;23.125;-200;-200;0;206;0;
2403;2024.06.02 07:00;4;23.125;-200;-200;0;206;0;
2404;2024.06.02 07:15;4;23.125;-200;-200;0;206;0;
2405;2024.06.02 07:30;4;23.125;-200;-200;0;206;0;
2406;2024.06.02 07:45;4;23.125;-200;-200;0;206;0;
2407;2024.06.02 08:00;4;23.125;-200;-200;0;206;0;
2408;2024.06.02 08:15;4;23.125;-200;-200;0;206;0;
2409;2024.06.02 08:30;4;23.125;-200;-200;0;206;0;
2410;2024.06.02 08:45;4;23.125;-200;-200;0;206;0;
2411;2024.06.02 09:00;4;23.125;-200;-200;0;206;0;
2412;2024.06.02 09:15;4;23.125;-200;-200;0;206;0;
2413;2024.06.02 09:30;4;23.125;-200;-200;0;206;0;
2414;2024.06.02 09:45;4;23.125;-200;-200;0;206;0;
2415;2024.06.02 10:00;4;23.125;-200;-200;0;206;0;
2416;2024.06.02 10:15;4;23.125;-200;-200;0;206;0;
2417;2024.06.02 10:30;4;23.125;-200;-200;0;206;0;
2418;2024.06.02 10:45;4;23.125;-200;-200;0;206;0;
2419;2024.06.02 11:00;4;23.125;-200;-200;0;206;0;
2420;2024.06.02 11:15;4;23.125;-200;-200;0;206;0;
2421;2024.06.02 11:30;4;23.125;-200;-200;0;206;0;
2422;2024.06.02 11:45;4;23.125;-200;-200;0;206;0;
2423;2024.06.02 12:00;4;23.125;-200;-200;0;206;0;
2424;2024.06.02 12:15;4;23.125;-200;-200;0;206;0;
2425;2024.06.02 12:30;4;23.125;-200;-200;0;206;0;
2426;2024.06.02 12:45;4;23.125;-200;-200;0;206;0;
2427;2024.06.02 13:00;4;23.125;-200;-200;0;206;0;
2428;2024.06.02 13:15;4;23.125;-200;-200;0;206;0;
2429;2024.06.02 13:30;4;23.125;-200;-200;0;206;0;
2430;2024.06.02 13:45;4;23.125;-200;-200;0;206;0;
2431;2024.06.02 14:00;4;23.1875;-200;-200;0;206;0;
2432;2024.06.02 14:15;4;23.1875;-200;-200;0;206;0;
2433;2024.06.02 14:30;4;23.25;-200;-200;0;206;0;
2434;2024.06.02 14:45;4;23.25;-200;-200;0;206;0;
2435;2024.06.02 15:00;4;23.25;-200;-200;0;206;0;
2436;2024.06.02 15:15;4;23.25;-200;-200;0;206;0;
2437;2024.06.02 15:30;4;23.25;-200;-200;0;206;0;
2438;2024.06.02 15:45;4;23.25;-200;-200;0;206;0;
2439;2024.06.02 16:00;4;23.25;-200;-200;0;206;0;
2440;2024.06.02 16:15;4;23.25;-200;-200;0;206;0;
2441;2024.06.02 16:30;4;23.25;-200;-200;0;206;0;
2442;2024.06.02 16:45;4;23.25;-200;-200;0;206;0;
2443;2024.06.02 17:00;4;23.25;-200;-200;0;206;0;
2444;2024.06.02 17:15;4;23.25;-200;-200;0;206;0;
2445;2024.06.02 17:30;4;23.25;-200;-200;0;206;0;
2446;2024.06.02 17:45;4;23.25;-200;-200;0;206;0;
2447;2024.06.02 18:00;4;23.25;-200;-200;0;206;0;
2448;2024.06.02 18:15;4;23.25;-200;-200;0;206;0;
2449;2024.06.02 18:30;4;23.25;-200;-200;0;206;0;
2450;2024.06.02 18:45;4;23.25;-200;-200;0;206;0;
2451;2024.06.02 19:00;4;23.25;-200;-200;0;206;0;
2452;2024.06.02 19:15;4;23.25;-200;-200;0;206;0;
2453;2024.06.02 19:30;4;23.25;-200;-200;0;206;0;
2454;2024.06.02 19:45;4;23.1875;-200;-200;0;206;0;
2455;2024.06.02 20:00;4;23.1875;-200;-200;0;206;0;
2456;2024.06.02 20:15;4;23.1875;-200;-200;0;206;0;
2457;2024.06.02 20:30;4;23.125;-200;-200;0;206;0;
2458;2024.06.02 20:45;4;23.125;-200;-200;0;206;0;
2459;2024.06.02 21:00;4;23.125;-200;-200;0;206;0;
2460;2024.06.02 21:15;4;23.125;-200;-200;0;206;0;
2461;2024.06.02 21:30;4;23.125;-200;-200;0;206;0;
2462;2024.06.02 21:45;4;23.125;-200;-200;0;206;0;
2463;2024.06.02 22:00;4;23.125;-200;-200;0;206;0;
2464;2024.06.02 22:15;4;23.125;-200;-200;0;206;0;
2465;2024.06.02 22:30;4;23.125;-200;-200;0;206;0;
2466;2024.06.02 22:45;4;23.125;-200;-200;0;206;0;
2467;2024.06.02 23:00;4;23.125;-200;-200;0;206;0;
2468;2024.06.02 23:15;4;23.125;-200;-200;0;206;0;
2469;2024.06.02 23:30;4;23.125;-200;-200;0;206;0;
2470;2024.06.02 23:45;4;23.125;-200;-200;0;206;0;
2471;2024.06.03 00:00;4;23.125;-200;-200;0;206;0;
2472;2024.06.03 00:15;4;23.125;-200;-200;0;206;0;
2473;2024.06.03 00:30;4;23.125;-200;-200;0;206;0;
2474;2024.06.03 00:45;4;23.125;-200;-200;0;206;0;
2475;2024.06.03 01:00;4;23.125;-200;-200;0;206;0;
2476;2024.06.03 01:15;4;23.125;-200;-200;0;206;0;
2477;2024.06.03 01:30;4;23.125;-200;-200;0;206;0;
2478;2024.06.03 01:45;4;23.125;-200;-200;0;206;0;
2479;2024.06.03 02:00;4;23.125;-200;-200;0;206;0;
2480;2024.06.03 02:15;4;23.125;-200;-200;0;206;0;
2481;2024.06.03 02:30;4;23.125;-200;-200;0;206;0;
2482;2024.06.03 02:45;4;23.125;-200;-200;0;206;0;
2483;2024.06.03 03:00;4;23.125;-200;-200;0;206;0;
2484;2024.06.03 03:15;4;23.125;-200;-200;0;206;0;
2485;2024.06.03 03:30;4;23.125;-200;-200;0;206;0;
2486;2024.06.03 03:45;4;23.125;-200;-200;0;206;0;
2487;2024.06.03 04:00;4;23.125;-200;-200;0;206;0;
2488;2024.06.03 04:15;4;23.125;-200;-200;0;206;0;
2489;2024.06.03 04:30;4;23.125;-200;-200;0;206;0;
2490;2024.06.03 04:45;4;23.125;-200;-200;0;206;0;
2491;2024.06.03 05:00;4;23.125;-200;-200;0;206;0;
2492;2024.06.03 05:15;4;23.125;-200;-200;0;206;0;
2493;2024.06.03 05:30;4;23.125;-200;-200;0;206;0;
2494;2024.06.03 05:45;4;23.125;-200;-200;0;206;0;
2495;2024.06.03 06:00;4;23.125;-200;-200;0;206;0;
2496;2024.06.03 06:15;4;23.125;-200;-200;0;206;0;
2497;2024.06.03 06:30;4;23.125;-200;-200;0;206;0;
2498;2024.06.03 06:45;4;23.125;-200;-200;0;206;0;
2499;2024.06.03 07:00;4;23.1875;-200;-200;0;206;0;
2500;2024.06.03 07:15;4;23.1875;-200;-200;0;206;0;
2501;2024.06.03 07:30;4;23.1875;-200;-200;0;206;0;
2502;2024.06.03 07:45;4;23.125;-200;-200;0;206;0;
2503;2024.06.03 08:00;4;23.125;-200;-200;0;206;0;
2504;2024.06.03 08:15;4;23.1875;-200;-200;0;206;0;
2505;2024.06.03 08:30;4;23.125;-200;-200;0;206;0;
2506;2024.06.03 08:45;4;23.125;-200;-200;0;206;0;
2507;2024.06.03 09:00;4;23.125;-200;-200;0;206;0;
2508;2024.06.03 09:15;4;23.125;-200;-200;0;206;0;
2509;2024.06.03 09:30;4;23.125;-200;-200;0;206;0;
2510;2024.06.03 09:45;4;23.1875;-200;-200;0;206;0;
2511;2024.06.03 10:00;4;23.125;-200;-200;0;206;0;
2512;2024.06.03 10:15;4;23.125;-200;-200;0;206;0;
2513;2024.06.03 10:30;4;23.125;-200;-200;0;206;0;
2514;2024.06.03 10:45;4;23.1875;-200;-200;0;206;0;
2515;2024.06.03 11:00;4;23.1875;-200;-200;0;206;0;
2516;2024.06.03 11:15;4;23.1875;-200;-200;0;206;0;
2517;2024.06.03 11:30;4;23.1875;-200;-200;0;206;0;
2518;2024.06.03 11:45;4;23.1875;-200;-200;0;206;0;
2519;2024.06.03 12:00;4;23.1875;-200;-200;0;206;0;
2520;2024.06.03 12:15;4;23.1875;-200;-200;0;206;0;
2521;2024.06.03 12:30;4;23.1875;-200;-200;0;206;0;
2522;2024.06.03 12:45;4;23.125;-200;-200;0;206;0;
2523;2024.06.03 13:00;4;23.1875;-200;-200;0;206;0;
2524;2024.06.03 13:15;4;23.1875;-200;-200;0;206;0;
2525;2024.06.03 13:30;4;23.1875;-200;-200;0;206;0;
2526;2024.06.03 13:45;4;23.25;-200;-200;0;206;0;
2527;2024.06.03 14:00;4;23.25;-200;-200;0;206;0;
2528;2024.06.03 14:15;4;23.25;-200;-200;0;206;0;
2529;2024.06.03 14:30;4;23.25;-200;-200;0;206;0;
2530;2024.06.03 14:45;4;23.25;-200;-200;0;206;0;
2531;2024.06.03 15:00;4;23.25;-200;-200;0;206;0;
2532;2024.06.03 15:15;4;23.25;-200;-200;0;206;0;
2533;2024.06.03 15:30;4;23.25;-200;-200;0;206;0;
2534;2024.06.03 15:45;4;23.3125;-200;-200;0;206;0;
2535;2024.06.03 16:00;4;23.375;-200;-200;0;206;0;
2536;2024.06.03 16:15;4;23.375;-200;-200;0;206;0;
2537;2024.06.03 16:30;4;23.375;-200;-200;0;206;0;
2538;2024.06.03 16:45;4;23.375;-200;-200;0;206;0;
2539;2024.06.03 17:00;4;23.375;-200;-200;0;206;0;
2540;2024.06.03 17:15;4;23.375;-200;-200;0;206;0;
2541;2024.06.03 17:30;4;23.375;-200;-200;0;206;0;
2542;2024.06.03 17:45;4;23.375;-200;-200;0;206;0;
2543;2024.06.03 18:00;4;23.375;-200;-200;0;206;0;
2544;2024.06.03 18:15;4;23.4375;-200;-200;0;206;0;
2545;2024.06.03 18:30;4;23.5;-200;-200;0;206;0;
2546;2024.06.03 18:45;4;23.5;-200;-200;0;206;0;
2547;2024.06.03 19:00;4;23.5;-200;-200;0;206;0;
2548;2024.06.03 19:15;4;23.5;-200;-200;0;206;0;
2549;2024.06.03 19:30;4;23.5;-200;-200;0;206;0;
2550;2024.06.03 19:45;4;23.5;-200;-200;0;206;0;
2551;2024.06.03 20:00;4;23.5;-200;-200;0;206;0;
2552;2024.06.03 20:15;4;23.5;-200;-200;0;206;0;
2553;2024.06.03 20:30;4;23.4375;-200;-200;0;206;0;
2554;2024.06.03 20:45;4;23.375;-200;-200;0;206;0;
2555;2024.06.03 21:00;4;23.375;-200;-200;0;206;0;
2556;2024.06.03 21:15;4;23.375;-200;-200;0;206;0;
2557;2024.06.03 21:30;4;23.4375;-200;-200;0;206;0;
2558;2024.06.03 21:45;4;23.5;-200;-200;0;206;0;
2559;2024.06.03 22:00;4;23.5;-200;-200;0;206;0;
2560;2024.06.03 22:15;4;23.5;-200;-200;0;206;0;
2561;2024.06.03 22:30;4;23.5;-200;-200;0;206;0;
2562;2024.06.03 22:45;4;23.5;-200;-200;0;206;0;
2563;2024.06.03 23:00;4;23.5;-200;-200;0;206;0;
2564;2024.06.03 23:15;4;23.5;-200;-200;0;206;0;
2565;2024.06.03 23:30;4;23.5;-200;-200;0;206;0;
2566;2024.06.03 23:45;4;23.5;-200;-200;0;206;0;
2567;2024.06.04 00:00;4;23.5;-200;-200;0;206;0;
2568;2024.06.04 00:15;4;23.5625;-200;-200;0;206;0;
2569;2024.06.04 00:30;4;23.625;-200;-200;0;206;0;
2570;2024.06.04 00:45;4;23.625;-200;-200;0;206;0;
2571;2024.06.04 01:00;4;23.625;-200;-200;0;206;0;
2572;2024.06.04 01:15;4;23.625;-200;-200;0;206;0;
2573;2024.06.04 01:30;4;23.625;-200;-200;0;206;0;
2574;2024.06.04 01:45;4;23.625;-200;-200;0;206;0;
2575;2024.06.04 02:00;4;23.625;-200;-200;0;206;0;
2576;2024.06.04 02:15;4;23.625;-200;-200;0;206;0;
2577;2024.06.04 02:30;4;23.625;-200;-200;0;206;0;
2578;2024.06.04 02:45;4;23.6875;-200;-200;0;206;0;
2579;2024.06.04 03:00;4;23.6875;-200;-200;0;206;0;
2580;2024.06.04 03:15;4;23.6875;-200;-200;0;206;0;
2581;2024.06.04 03:30;4;23.6875;-200;-200;0;206;0;
2582;2024.06.04 03:45;4;23.6875;-200;-200;0;206;0;
2583;2024.06.04 04:00;4;23.6875;-200;-200;0;206;0;
2584;2024.06.04 04:15;4;23.6875;-200;-200;0;206;0;
2585;2024.06.04 04:30;4;23.6875;-200;-200;0;206;0;
2586;2024.06.04 04:45;4;23.6875;-200;-200;0;206;0;
2587;2024.06.04 05:00;4;23.6875;-200;-200;0;206;0;
2588;2024.06.04 05:15;4;23.625;-200;-200;0;206;0;
2589;2024.06.04 05:30;4;23.625;-200;-200;0;206;0;
2590;2024.06.04 05:45;4;23.625;-200;-200;0;206;0;
2591;2024.06.04 06:00;4;23.625;-200;-200;0;206;0;
2592;2024.06.04 06:15;4;23.625;-200;-200;0;206;0;
2593;2024.06.04 06:30;4;23.625;-200;-200;0;206;0;
2594;2024.06.04 06:45;4;23.625;-200;-200;0;206;0;
2595;2024.06.04 07:00;4;23.625;-200;-200;0;206;0;
2596;2024.06.04 07:15;4;23.625;-200;-200;0;206;0;
2597;2024.06.04 07:30;4;23.625;-200;-200;0;206;0;
2598;2024.06.04 07:45;4;23.625;-200;-200;0;206;0;
2599;2024.06.04 08:00;4;23.625;-200;-200;0;206;0;
2600;2024.06.04 08:15;4;23.625;-200;-200;0;206;0;
2601;2024.06.04 08:30;4;23.625;-200;-200;0;206;0;
2602;2024.06.04 08:45;4;23.625;-200;-200;0;206;0;
2603;2024.06.04 09:00;4;23.625;-200;-200;0;206;0;
2604;2024.06.04 09:15;4;23.625;-200;-200;0;206;0;
2605;2024.06.04 09:30;4;23.625;-200;-200;0;206;0;
2606;2024.06.04 09:45;4;23.625;-200;-200;0;206;0;
2607;2024.06.04 10:00;4;23.625;-200;-200;0;206;0;
2608;2024.06.04 10:15;4;23.625;-200;-200;0;206;0;
2609;2024.06.04 10:30;4;23.625;-200;-200;0;206;0;
2610;2024.06.04 10:45;4;23.625;-200;-200;0;206;0;
2611;2024.06.04 11:00;4;23.625;-200;-200;0;206;0;
2612;2024.06.04 11:15;4;23.625;-200;-200;0;206;0;
2613;2024.06.04 11:30;4;23.625;-200;-200;0;206;0;
2614;2024.06.04 11:45;4;23.625;-200;-200;0;206;0;
2615;2024.06.04 12:00;4;23.625;-200;-200;0;206;0;
2616;2024.06.04 12:15;4;23.625;-200;-200;0;206;0;
2617;2024.06.04 12:30;4;23.625;-200;-200;0;206;0;
2618;2024.06.04 12:45;4;23.625;-200;-200;0;206;0;
2619;2024.06.04 13:00;4;23.625;-200;-200;0;206;0;
2620;2024.06.04 13:15;4;23.625;-200;-200;0;206;0;
2621;2024.06.04 13:30;4;23.625;-200;-200;0;206;0;
2622;2024.06.04 13:45;4;23.625;-200;-200;0;206;0;
2623;2024.06.04 14:00;4;23.625;-200;-200;0;206;0;
2624;2024.06.04 14:15;4;23.625;-200;-200;0;206;0;
2625;2024.06.04 14:30;4;23.625;-200;-200;0;206;0;
2626;2024.06.04 14:45;4;23.625;-200;-200;0;206;0;
2627;2024.06.04 15:00;4;23.625;-200;-200;0;206;0;
2628;2024.06.04 15:15;4;23.625;-200;-200;0;206;0;
2629;2024.06.04 15:30;4;23.625;-200;-200;0;206;0;
2630;2024.06.04 15:45;4;23.625;-200;-200;0;206;0;
2631;2024.06.04 16:00;4;23.625;-200;-200;0;206;0;
2632;2024.06.04 16:15;4;23.625;-200;-200;0;206;0;
2633;2024.06.04 16:30;4;23.625;-200;-200;0;206;0;
2634;2024.06.04 16:45;4;23.625;-200;-200;0;206;0;
2635;2024.06.04 17:00;4;23.625;-200;-200;0;206;0;
2636;2024.06.04 17:15;4;23.625;-200;-200;0;206;0;
2637;2024.06.04 17:30;4;23.6875;-200;-200;0;206;0;
2638;2024.06.04 17:45;4;23.6875;-200;-200;0;206;0;
2639;2024.06.04 18:00;4;23.6875;-200;-200;0;206;0;
2640;2024.06.04 18:15;4;23.6875;-200;-200;0;206;0;
2641;2024.06.04 18:30;4;23.6875;-200;-200;0;206;0;
2642;2024.06.04 18:45;4;23.6875;-200;-200;0;206;0;
2643;2024.06.04 19:00;4;23.625;-200;-200;0;206;0;
2644;2024.06.04 19:15;4;23.5625;-200;-200;0;206;0;
2645;2024.06.04 19:30;4;23.5625;-200;-200;0;206;0;
2646;2024.06.04 19:45;4;23.5625;-200;-200;0;206;0;
2647;2024.06.04 20:00;4;23.5;-200;-200;0;206;0;
2648;2024.06.04 20:15;4;23.5;-200;-200;0;206;0;
2649;2024.06.04 20:30;4;23.5;-200;-200;0;206;0;
2650;2024.06.04 20:45;4;23.5;-200;-200;0;206;0;
2651;2024.06.04 21:00;4;23.5;-200;-200;0;206;0;
2652;2024.06.04 21:15;4;23.5;-200;-200;0;206;0;
2653;2024.06.04 21:30;4;23.5;-200;-200;0;206;0;
2654;2024.06.04 21:45;4;23.5;-200;-200;0;206;0;
2655;2024.06.04 22:00;4;23.5;-200;-200;0;206;0;
2656;2024.06.04 22:15;4;23.5;-200;-200;0;206;0;
2657;2024.06.04 22:30;4;23.5;-200;-200;0;206;0;
2658;2024.06.04 22:45;4;23.4375;-200;-200;0;206;0;
2659;2024.06.04 23:00;4;23.4375;-200;-200;0;206;0;
2660;2024.06.04 23:15;4;23.375;-200;-200;0;206;0;
2661;2024.06.04 23:30;4;23.375;-200;-200;0;206;0;
2662;2024.06.04 23:45;4;23.4375;-200;-200;0;206;0;
2663;2024.06.05 00:00;4;23.4375;-200;-200;0;206;0;
2664;2024.06.05 00:15;4;23.4375;-200;-200;0;206;0;
2665;2024.06.05 00:30;4;23.4375;-200;-200;0;206;0;
2666;2024.06.05 00:45;4;23.5;-200;-200;0;206;0;
2667;2024.06.05 01:00;4;23.5;-200;-200;0;206;0;
2668;2024.06.05 01:15;4;23.5;-200;-200;0;206;0;
2669;2024.06.05 01:30;4;23.5;-200;-200;0;206;0;
2670;2024.06.05 01:45;4;23.5;-200;-200;0;206;0;
2671;2024.06.05 02:00;4;23.5;-200;-200;0;206;0;
2672;2024.06.05 02:15;4;23.5;-200;-200;0;206;0;
2673;2024.06.05 02:30;4;23.5;-200;-200;0;206;0;
2674;2024.06.05 02:45;4;23.5;-200;-200;0;206;0;
2675;2024.06.05 03:00;4;23.5;-200;-200;0;206;0;
2676;2024.06.05 03:15;4;23.5;-200;-200;0;206;0;
2677;2024.06.05 03:30;4;23.5;-200;-200;0;206;0;
2678;2024.06.05 03:45;4;23.5;-200;-200;0;206;0;
2679;2024.06.05 04:00;4;23.5;-200;-200;0;206;0;
2680;2024.06.05 04:15;4;23.5;-200;-200;0;206;0;
2681;2024.06.05 04:30;4;23.4375;-200;-200;0;206;0;
2682;2024.06.05 04:45;4;23.4375;-200;-200;0;206;0;
2683;2024.06.05 05:00;4;23.4375;-200;-200;0;206;0;
2684;2024.06.05 05:15;4;23.4375;-200;-200;0;206;0;
2685;2024.06.05 05:30;4;23.5;-200;-200;0;206;0;
2686;2024.06.05 05:45;4;23.5;-200;-200;0;206;0;
2687;2024.06.05 06:00;4;23.5;-200;-200;0;206;0;
2688;2024.06.05 06:15;4;23.5;-200;-200;0;206;0;
2689;2024.06.05 06:30;4;23.5;-200;-200;0;206;0;
2690;2024.06.05 06:45;4;23.4375;-200;-200;0;206;0;
2691;2024.06.05 07:00;4;23.375;-200;-200;0;206;0;
2692;2024.06.05 07:15;4;23.4375;-200;-200;0;206;0;
2693;2024.06.05 07:30;4;23.375;-200;-200;0;206;0;
2694;2024.06.05 07:45;4;23.375;-200;-200;0;206;0;
2695;2024.06.05 08:00;4;23.375;-200;-200;0;206;0;
2696;2024.06.05 08:15;4;23.375;-200;-200;0;206;0;
2697;2024.06.05 08:30;4;23.375;-200;-200;0;206;0;
2698;2024.06.05 08:45;4;23.375;-200;-200;0;206;0;
2699;2024.06.05 09:00;4;23.375;-200;-200;0;206;0;
2700;2024.06.05 09:15;4;23.375;-200;-200;0;206;0;
2701;2024.06.05 09:30;4;23.375;-200;-200;0;206;0;
2702;2024.06.05 09:45;4;23.375;-200;-200;0;206;0;
2703;2024.06.05 10:00;4;23.375;-200;-200;0;206;0;
2704;2024.06.05 10:15;4;23.375;-200;-200;0;206;0;
2705;2024.06.05 10:30;4;23.375;-200;-200;0;206;0;
2706;2024.06.05 10:45;4;23.375;-200;-200;0;206;0;
2707;2024.06.05 11:00;4;23.375;-200;-200;0;206;0;
2708;2024.06.05 11:15;4;23.4375;-200;-200;0;206;0;
2709;2024.06.05 11:30;4;23.375;-200;-200;0;206;0;
2710;2024.06.05 11:45;4;23.4375;-200;-200;0;206;0;
2711;2024.06.05 12:00;4;23.4375;-200;-200;0;206;0;
2712;2024.06.05 12:15;4;23.4375;-200;-200;0;206;0;
2713;2024.06.05 12:30;4;23.4375;-200;-200;0;206;0;
2714;2024.06.05 12:45;4;23.4375;-200;-200;0;206;0;
2715;2024.06.05 13:00;4;23.5;-200;-200;0;206;0;
2716;2024.06.05 13:15;4;23.5;-200;-200;0;206;0;
2717;2024.06.05 13:30;4;23.5;-200;-200;0;206;0;
2718;2024.06.05 13:45;4;23.5;-200;-200;0;206;0;
2719;2024.06.05 14:00;4;23.5;-200;-200;0;206;0;
2720;2024.06.05 14:15;4;23.5;-200;-200;0;206;0;
2721;2024.06.05 14:30;4;23.5;-200;-200;0;206;0;
2722;2024.06.05 14:45;4;23.5;-200;-200;0;206;0;
2723;2024.06.05 15:00;4;23.5625;-200;-200;0;206;0;
2724;2024.06.05 15:15;4;23.625;-200;-200;0;206;0;
2725;2024.06.05 15:30;4;23.625;-200;-200;0;206;0;
2726;2024.06.05 15:45;4;23.6875;-200;-200;0;206;0;
2727;2024.06.05 16:00;4;23.6875;-200;-200;0;206;0;
2728;2024.06.05 16:15;4;23.75;-200;-200;0;206;0;
2729;2024.06.05 16:30;4;23.75;-200;-200;0;206;0;
2730;2024.06.05 16:45;4;23.75;-200;-200;0;206;0;
2731;2024.06.05 17:00;4;23.75;-200;-200;0;206;0;
2732;2024.06.05 17:15;4;23.75;-200;-200;0;206;0;
2733;2024.06.05 17:30;4;23.75;-200;-200;0;206;0;
2734;2024.06.05 17:45;4;23.75;-200;-200;0;206;0;
2735;2024.06.05 18:00;4;23.75;-200;-200;0;206;0;
2736;2024.06.05 18:15;4;23.75;-200;-200;0;206;0;
2737;2024.06.05 18:30;4;23.75;-200;-200;0;206;0;
2738;2024.06.05 18:45;4;23.75;-200;-200;0;206;0;
2739;2024.06.05 19:00;4;23.75;-200;-200;0;206;0;
2740;2024.06.05 19:15;4;23.75;-200;-200;0;206;0;
2741;2024.06.05 19:30;4;23.6875;-200;-200;0;206;0;
2742;2024.06.05 19:45;4;23.6875;-200;-200;0;206;0;
2743;2024.06.05 20:00;4;23.6875;-200;-200;0;206;0;
2744;2024.06.05 20:15;4;23.625;-200;-200;0;206;0;
2745;2024.06.05 20:30;4;23.625;-200;-200;0;206;0;
2746;2024.06.05 20:45;4;23.6875;-200;-200;0;206;0;
2747;2024.06.05 21:00;4;23.6875;-200;-200;0;206;0;
2748;2024.06.05 21:15;4;23.6875;-200;-200;0;206;0;
2749;2024.06.05 21:30;4;23.6875;-200;-200;0;206;0;
2750;2024.06.05 21:45;4;23.6875;-200;-200;0;206;0;
2751;2024.06.05 22:00;4;23.6875;-200;-200;0;206;0;
2752;2024.06.05 22:15;4;23.6875;-200;-200;0;206;0;
2753;2024.06.05 22:30;4;23.6875;-200;-200;0;206;0;
2754;2024.06.05 22:45;4;23.625;-200;-200;0;206;0;
2755;2024.06.05 23:00;4;23.625;-200;-200;0;206;0;
2756;2024.06.05 23:15;4;23.625;-200;-200;0;206;0;
2757;2024.06.05 23:30;4;23.625;-200;-200;0;206;0;
2758;2024.06.05 23:45;4;23.625;-200;-200;0;206;0;
2759;2024.06.06 00:00;4;23.625;-200;-200;0;206;0;
2760;2024.06.06 00:15;4;23.625;-200;-200;0;206;0;
2761;2024.06.06 00:30;4;23.625;-200;-200;0;206;0;
2762;2024.06.06 00:45;4;23.625;-200;-200;0;206;0;
2763;2024.06.06 01:00;4;23.625;-200;-200;0;206;0;
2764;2024.06.06 01:15;4;23.625;-200;-200;0;206;0;
2765;2024.06.06 01:30;4;23.5625;-200;-200;0;206;0;
2766;2024.06.06 01:45;4;23.5625;-200;-200;0;206;0;
2767;2024.06.06 02:00;4;23.5625;-200;-200;0;206;0;
2768;2024.06.06 02:15;4;23.5625;-200;-200;0;206;0;
2769;2024.06.06 02:30;4;23.5625;-200;-200;0;206;0;
2770;2024.06.06 02:45;4;23.5625;-200;-200;0;206;0;
2771;2024.06.06 03:00;4;23.5625;-200;-200;0;206;0;
2772;2024.06.06 03:15;4;23.5625;-200;-200;0;206;0;
2773;2024.06.06 03:30;4;23.5625;-200;-200;0;206;0;
2774;2024.06.06 03:45;4;23.5625;-200;-200;0;206;0;
2775;2024.06.06 04:00;4;23.625;-200;-200;0;206;0;
2776;2024.06.06 04:15;4;23.625;-200;-200;0;206;0;
2777;2024.06.06 04:30;4;23.625;-200;-200;0;206;0;
2778;2024.06.06 04:45;4;23.625;-200;-200;0;206;0;
2779;2024.06.06 05:00;4;23.625;-200;-200;0;206;0;
2780;2024.06.06 05:15;4;23.625;-200;-200;0;206;0;
2781;2024.06.06 05:30;4;23.625;-200;-200;0;206;0;
2782;2024.06.06 05:45;4;23.625;-200;-200;0;206;0;
2783;2024.06.06 06:00;4;23.625;-200;-200;0;206;0;
2784;2024.06.06 06:15;4;23.5625;-200;-200;0;206;0;
2785;2024.06.06 06:30;4;23.5625;-200;-200;0;206;0;
2786;2024.06.06 06:45;4;23.5625;-200;-200;0;206;0;
2787;2024.06.06 07:00;4;23.5625;-200;-200;0;206;0;
2788;2024.06.06 07:15;4;23.5;-200;-200;0;206;0;
2789;2024.06.06 07:30;4;23.5;-200;-200;0;206;0;
2790;2024.06.06 07:45;4;23.5;-200;-200;0;206;0;
2791;2024.06.06 08:00;4;23.5;-200;-200;0;206;0;
2792;2024.06.06 08:15;4;23.5;-200;-200;0;206;0;
2793;2024.06.06 08:30;4;23.5;-200;-200;0;206;0;
2794;2024.06.06 08:45;4;23.5;-200;-200;0;206;0;
2795;2024.06.06 09:00;4;23.5;-200;-200;0;206;0;
2796;2024.06.06 09:15;4;23.5;-200;-200;0;206;0;
2797;2024.06.06 09:30;4;23.5;-200;-200;0;206;0;
2798;2024.06.06 09:45;4;23.4375;-200;-200;0;206;0;
2799;2024.06.06 10:00;4;23.4375;-200;-200;0;206;0;
2800;2024.06.06 10:15;4;23.4375;-200;-200;0;206;0;
2801;2024.06.06 10:30;4;23.4375;-200;-200;0;206;0;
2802;2024.06.06 10:45;4;23.4375;-200;-200;0;206;0;
2803;2024.06.06 11:00;4;23.4375;-200;-200;0;206;0;
2804;2024.06.06 11:15;4;23.4375;-200;-200;0;206;0;
2805;2024.06.06 11:30;4;23.4375;-200;-200;0;206;0;
2806;2024.06.06 11:45;4;23.4375;-200;-200;0;206;0;
2807;2024.06.06 12:00;4;23.375;-200;-200;0;206;0;
2808;2024.06.06 12:15;4;23.375;-200;-200;0;206;0;
2809;2024.06.06 12:30;4;23.375;-200;-200;0;206;0;
2810;2024.06.06 12:45;4;23.375;-200;-200;0;206;0;
2811;2024.06.06 13:00;4;23.375;-200;-200;0;206;0;
2812;2024.06.06 13:15;4;23.375;-200;-200;0;206;0;
2813;2024.06.06 13:30;4;23.375;-200;-200;0;206;0;
2814;2024.06.06 13:45;4;23.375;-200;-200;0;206;0;
2815;2024.06.06 14:00;4;23.375;-200;-200;0;206;0;
2816;2024.06.06 14:15;4;23.375;-200;-200;0;206;0;
2817;2024.06.06 14:30;4;23.375;-200;-200;0;206;0;
2818;2024.06.06 14:45;4;23.375;-200;-200;0;206;0;
2819;2024.06.06 15:00;4;23.4375;-200;-200;0;206;0;
2820;2024.06.06 15:15;4;23.4375;-200;-200;0;206;0;
2821;2024.06.06 15:30;4;23.4375;-200;-200;0;206;0;
2822;2024.06.06 15:45;4;23.5;-200;-200;0;206;0;
2823;2024.06.06 16:00;4;23.5;-200;-200;0;206;0;
2824;2024.06.06 16:15;4;23.5;-200;-200;0;206;0;
2825;2024.06.06 16:30;4;23.5;-200;-200;0;206;0;
2826;2024.06.06 16:45;4;23.5625;-200;-200;0;206;0;
2827;2024.06.06 17:00;4;23.625;-200;-200;0;206;0;
2828;2024.06.06 17:15;4;23.625;-200;-200;0;206;0;
2829;2024.06.06 17:30;4;23.625;-200;-200;0;206;0;
2830;2024.06.06 17:45;4;23.6875;-200;-200;0;206;0;
2831;2024.06.06 18:00;4;23.6875;-200;-200;0;206;0;
2832;2024.06.06 18:15;4;23.625;-200;-200;0;206;0;
2833;2024.06.06 18:30;4;23.625;-200;-200;0;206;0;
2834;2024.06.06 18:45;4;23.5;-200;-200;0;206;0;
2835;2024.06.06 19:00;4;23.4375;-200;-200;0;206;0;
2836;2024.06.06 19:15;4;23.375;-200;-200;0;206;0;
2837;2024.06.06 19:30;4;23.375;-200;-200;0;206;0;
2838;2024.06.06 19:45;4;23.3125;-200;-200;0;206;0;
2839;2024.06.06 20:00;4;23.25;-200;-200;0;206;0;
2840;2024.06.06 20:15;4;23.25;-200;-200;0;206;0;
2841;2024.06.06 20:30;4;23.1875;-200;-200;0;206;0;
2842;2024.06.06 20:45;4;23.1875;-200;-200;0;206;0;
2843;2024.06.06 21:00;4;23.1875;-200;-200;0;206;0;
2844;2024.06.06 21:15;4;23.1875;-200;-200;0;206;0;
2845;2024.06.06 21:30;4;23.1875;-200;-200;0;206;0;
2846;2024.06.06 21:45;4;23.1875;-200;-200;0;206;0;
2847;2024.06.06 22:00;4;23.125;-200;-200;0;206;0;
2848;2024.06.06 22:15;4;23.1875;-200;-200;0;206;0;
2849;2024.06.06 22:30;4;23.125;-200;-200;0;206;0;
2850;2024.06.06 22:45;4;23.125;-200;-200;0;206;0;
2851;2024.06.06 23:00;4;23.125;-200;-200;0;206;0;
2852;2024.06.06 23:15;4;23.125;-200;-200;0;206;0;
2853;2024.06.06 23:30;4;23.125;-200;-200;0;206;0;
2854;2024.06.06 23:45;4;23.125;-200;-200;0;206;0;
2855;2024.06.07 00:00;4;23.125;-200;-200;0;206;0;
2856;2024.06.07 00:15;4;23.125;-200;-200;0;206;0;
2857;2024.06.07 00:30;4;23.125;-200;-200;0;206;0;
2858;2024.06.07 00:45;4;23;-200;-200;0;206;0;
2859;2024.06.07 01:00;4;23;-200;-200;0;206;0;
2860;2024.06.07 01:15;4;23;-200;-200;0;206;0;
2861;2024.06.07 01:30;4;23;-200;-200;0;206;0;
2862;2024.06.07 01:45;4;23.0625;-200;-200;0;206;0;
2863;2024.06.07 02:00;4;23.0625;-200;-200;0;206;0;
2864;2024.06.07 02:15;4;23.0625;-200;-200;0;206;0;
2865;2024.06.07 02:30;4;23.0625;-200;-200;0;206;0;
2866;2024.06.07 02:45;4;23.0625;-200;-200;0;206;0;
2867;2024.06.07 03:00;4;23.0625;-200;-200;0;206;0;
2868;2024.06.07 03:15;4;23.0625;-200;-200;0;206;0;
2869;2024.06.07 03:30;4;23.125;-200;-200;0;206;0;
2870;2024.06.07 03:45;4;23.125;-200;-200;0;206;0;
2871;2024.06.07 04:00;4;23.125;-200;-200;0;206;0;
2872;2024.06.07 04:15;4;23.125;-200;-200;0;206;0;
2873;2024.06.07 04:30;4;23.125;-200;-200;0;206;0;
2874;2024.06.07 04:45;4;23.125;-200;-200;0;206;0;
2875;2024.06.07 05:00;4;23.125;-200;-200;0;206;0;
2876;2024.06.07 05:15;4;23.125;-200;-200;0;206;0;
2877;2024.06.07 05:30;4;23.0625;-200;-200;0;206;0;
2878;2024.06.07 05:45;4;23.0625;-200;-200;0;206;0;
2879;2024.06.07 06:00;4;23.125;-200;-200;0;206;0;
2880;2024.06.07 06:15;4;23.25;-200;-200;0;206;0;
2881;2024.06.07 06:30;4;23.25;-200;-200;0;206;0;
2882;2024.06.07 06:45;4;23.25;-200;-200;0;206;0;
2883;2024.06.07 07:00;4;23.375;-200;-200;0;206;0;
2884;2024.06.07 07:15;4;23.375;-200;-200;0;206;0;
2885;2024.06.07 07:30;4;23.375;-200;-200;0;206;0;
2886;2024.06.07 07:45;4;23.375;-200;-200;0;206;0;
2887;2024.06.07 08:00;4;23.375;-200;-200;0;206;0;
2888;2024.06.07 08:15;4;23.375;-200;-200;0;206;0;
2889;2024.06.07 08:30;4;23.375;-200;-200;0;206;0;
2890;2024.06.07 08:45;4;23.375;-200;-200;0;206;0;
2891;2024.06.07 09:00;4;23.375;-200;-200;0;206;0;
2892;2024.06.07 09:15;4;23.3125;-200;-200;0;206;0;
2893;2024.06.07 09:30;4;23.3125;-200;-200;0;206;0;
2894;2024.06.07 09:45;4;23.3125;-200;-200;0;206;0;
2895;2024.06.07 10:00;4;23.25;-200;-200;0;206;0;
2896;2024.06.07 10:15;4;23.25;-200;-200;0;206;0;
2897;2024.06.07 10:30;4;23.25;-200;-200;0;206;0;
2898;2024.06.07 10:45;4;23.25;-200;-200;0;206;0;
2899;2024.06.07 11:00;4;23.25;-200;-200;0;206;0;
2900;2024.06.07 11:15;4;23.25;-200;-200;0;206;0;
2901;2024.06.07 11:30;4;23.25;-200;-200;0;206;0;
2902;2024.06.07 11:45;4;23.25;-200;-200;0;206;0;
2903;2024.06.07 12:00;4;23.25;-200;-200;0;206;0;
2904;2024.06.07 12:15;4;23.1875;-200;-200;0;206;0;
2905;2024.06.07 12:30;4;23.1875;-200;-200;0;206;0;
2906;2024.06.07 12:45;4;23.25;-200;-200;0;206;0;
2907;2024.06.07 13:00;4;23.25;-200;-200;0;206;0;
2908;2024.06.07 13:15;4;23.25;-200;-200;0;206;0;
2909;2024.06.07 13:30;4;23.25;-200;-200;0;206;0;
2910;2024.06.07 13:45;4;23.25;-200;-200;0;206;0;
2911;2024.06.07 14:00;4;23.25;-200;-200;0;206;0;
2912;2024.06.07 14:15;4;23.25;-200;-200;0;206;0;
2913;2024.06.07 14:30;4;23.25;-200;-200;0;206;0;
2914;2024.06.07 14:45;4;23.25;-200;-200;0;206;0;
2915;2024.06.07 15:00;4;23.25;-200;-200;0;206;0;
2916;2024.06.07 15:15;4;23.3125;-200;-200;0;206;0;
2917;2024.06.07 15:30;4;23.3125;-200;-200;0;206;0;
2918;2024.06.07 15:45;4;23.375;-200;-200;0;206;0;
2919;2024.06.07 16:00;4;23.375;-200;-200;0;206;0;
2920;2024.06.07 16:15;4;23.375;-200;-200;0;206;0;
2921;2024.06.07 16:30;4;23.3125;-200;-200;0;206;0;
2922;2024.06.07 16:45;4;23.3125;-200;-200;0;206;0;
2923;2024.06.07 17:00;4;23.3125;-200;-200;0;206;0;
2924;2024.06.07 17:15;4;23.3125;-200;-200;0;206;0;
2925;2024.06.07 17:30;4;23.3125;-200;-200;0;206;0;
2926;2024.06.07 17:45;4;23.375;-200;-200;0;206;0;
2927;2024.06.07 18:00;4;23.375;-200;-200;0;206;0;
2928;2024.06.07 18:15;4;23.375;-200;-200;0;206;0;
2929;2024.06.07 18:30;4;23.375;-200;-200;0;206;0;
2930;2024.06.07 18:45;4;23.375;-200;-200;0;206;0;
2931;2024.06.07 19:00;4;23.375;-200;-200;0;206;0;
2932;2024.06.07 19:15;4;23.375;-200;-200;0;206;0;
2933;2024.06.07 19:30;4;23.375;-200;-200;0;206;0;
2934;2024.06.07 19:45;4;23.375;-200;-200;0;206;0;
2935;2024.06.07 20:00;4;23.375;-200;-200;0;206;0;
2936;2024.06.07 20:15;4;23.375;-200;-200;0;206;0;
2937;2024.06.07 20:30;4;23.375;-200;-200;0;206;0;
2938;2024.06.07 20:45;4;23.5;-200;-200;0;206;0;
2939;2024.06.07 21:00;4;23.5;-200;-200;0;206;0;
2940;2024.06.07 21:15;4;23.5;-200;-200;0;206;0;
2941;2024.06.07 21:30;4;23.4375;-200;-200;0;206;0;
2942;2024.06.07 21:45;4;23.4375;-200;-200;0;206;0;
2943;2024.06.07 22:00;4;23.4375;-200;-200;0;206;0;
2944;2024.06.07 22:15;4;23.4375;-200;-200;0;206;0;
2945;2024.06.07 22:30;4;23.4375;-200;-200;0;206;0;
2946;2024.06.07 22:45;4;23.4375;-200;-200;0;206;0;
2947;2024.06.07 23:00;4;23.4375;-200;-200;0;206;0;
2948;2024.06.07 23:15;4;23.4375;-200;-200;0;206;0;
2949;2024.06.07 23:30;4;23.4375;-200;-200;0;206;0;
2950;2024.06.07 23:45;4;23.375;-200;-200;0;206;0;
2951;2024.06.08 00:00;4;23.375;-200;-200;0;206;0;
2952;2024.06.08 00:15;4;23.375;-200;-200;0;206;0;
2953;2024.06.08 00:30;4;23.375;-200;-200;0;206;0;
2954;2024.06.08 00:45;4;23.375;-200;-200;0;206;0;
2955;2024.06.08 01:00;4;23.375;-200;-200;0;206;0;
2956;2024.06.08 01:15;4;23.375;-200;-200;0;206;0;
2957;2024.06.08 01:30;4;23.375;-200;-200;0;206;0;
2958;2024.06.08 01:45;4;23.375;-200;-200;0;206;0;
2959;2024.06.08 02:00;4;23.375;-200;-200;0;206;0;
2960;2024.06.08 02:15;4;23.375;-200;-200;0;206;0;
2961;2024.06.08 02:30;4;23.375;-200;-200;0;206;0;
2962;2024.06.08 02:45;4;23.375;-200;-200;0;206;0;
2963;2024.06.08 03:00;4;23.375;-200;-200;0;206;0;
2964;2024.06.08 03:15;4;23.375;-200;-200;0;206;0;
2965;2024.06.08 03:30;4;23.375;-200;-200;0;206;0;
2966;2024.06.08 03:45;4;23.375;-200;-200;0;206;0;
2967;2024.06.08 04:00;4;23.375;-200;-200;0;206;0;
2968;2024.06.08 04:15;4;23.375;-200;-200;0;206;0;
2969;2024.06.08 04:30;4;23.375;-200;-200;0;206;0;
2970;2024.06.08 04:45;4;23.375;-200;-200;0;206;0;
2971;2024.06.08 05:00;4;23.375;-200;-200;0;206;0;
2972;2024.06.08 05:15;4;23.375;-200;-200;0;206;0;
2973;2024.06.08 05:30;4;23.375;-200;-200;0;206;0;
2974;2024.06.08 05:45;4;23.375;-200;-200;0;206;0;
2975;2024.06.08 06:00;4;23.375;-200;-200;0;206;0;
2976;2024.06.08 06:15;4;23.3125;-200;-200;0;206;0;
2977;2024.06.08 06:30;4;23.3125;-200;-200;0;206;0;
2978;2024.06.08 06:45;4;23.3125;-200;-200;0;206;0;
2979;2024.06.08 07:00;4;23.3125;-200;-200;0;206;0;
2980;2024.06.08 07:15;4;23.3125;-200;-200;0;206;0;
2981;2024.06.08 07:30;4;23.3125;-200;-200;0;206;0;
2982;2024.06.08 07:45;4;23.3125;-200;-200;0;206;0;
2983;2024.06.08 08:00;4;23.3125;-200;-200;0;206;0;
2984;2024.06.08 08:15;4;23.3125;-200;-200;0;206;0;
2985;2024.06.08 08:30;4;23.375;-200;-200;0;206;0;
2986;2024.06.08 08:45;4;23.375;-200;-200;0;206;0;
2987;2024.06.08 09:00;4;23.375;-200;-200;0;206;0;
2988;2024.06.08 09:15;4;23.375;-200;-200;0;206;0;
2989;2024.06.08 09:30;4;23.375;-200;-200;0;206;0;
2990;2024.06.08 09:45;4;23.3125;-200;-200;0;206;0;
2991;2024.06.08 10:00;4;23.3125;-200;-200;0;206;0;
2992;2024.06.08 10:15;4;23.3125;-200;-200;0;206;0;
2993;2024.06.08 10:30;4;23.25;-200;-200;0;206;0;
2994;2024.06.08 10:45;4;23.25;-200;-200;0;206;0;
2995;2024.06.08 11:00;4;23.25;-200;-200;0;206;0;
2996;2024.06.08 11:15;4;23.25;-200;-200;0;206;0;
2997;2024.06.08 11:30;4;23.25;-200;-200;0;206;0;
2998;2024.06.08 11:45;4;23.25;-200;-200;0;206;0;
2999;2024.06.08 12:00;4;23.25;-200;-200;0;206;0;
3000;2024.06.08 12:15;4;23.25;-200;-200;0;206;0;
3001;2024.06.08 12:30;4;23.25;-200;-200;0;206;0;
3002;2024.06.08 12:45;4;23.25;-200;-200;0;206;0;
3003;2024.06.08 13:00;4;23.25;-200;-200;0;206;0;
3004;2024.06.08 13:15;4;23.25;-200;-200;0;206;0;
3005;2024.06.08 13:30;4;23.25;-200;-200;0;206;0;
3006;2024.06.08 13:45;4;23.25;-200;-200;0;206;0;
3007;2024.06.08 14:00;4;23.25;-200;-200;0;206;0;
3008;2024.06.08 14:15;4;23.25;-200;-200;0;206;0;
3009;2024.06.08 14:30;4;23.25;-200;-200;0;206;0;
3010;2024.06.08 14:45;4;23.25;-200;-200;0;206;0;
3011;2024.06.08 15:00;4;23.25;-200;-200;0;206;0;
3012;2024.06.08 15:15;4;23.3125;-200;-200;0;206;0;
3013;2024.06.08 15:30;4;23.3125;-200;-200;0;206;0;
3014;2024.06.08 15:45;4;23.3125;-200;-200;0;206;0;
3015;2024.06.08 16:00;4;23.3125;-200;-200;0;206;0;
3016;2024.06.08 16:15;4;23.25;-200;-200;0;206;0;
3017;2024.06.08 16:30;4;23.25;-200;-200;0;206;0;
3018;2024.06.08 16:45;4;23.25;-200;-200;0;206;0;
3019;2024.06.08 17:00;4;23.25;-200;-200;0;206;0;
3020;2024.06.08 17:15;4;23.25;-200;-200;0;206;0;
3021;2024.06.08 17:30;4;23.25;-200;-200;0;206;0;
3022;2024.06.08 17:45;4;23.25;-200;-200;0;206;0;
3023;2024.06.08 18:00;4;23.25;-200;-200;0;206;0;
3024;2024.06.08 18:15;4;23.1875;-200;-200;0;206;0;
3025;2024.06.08 18:30;4;23.1875;-200;-200;0;206;0;
3026;2024.06.08 18:45;4;23.125;-200;-200;0;206;0;
3027;2024.06.08 19:00;4;23.125;-200;-200;0;206;0;
3028;2024.06.08 19:15;4;23.125;-200;-200;0;206;0;
3029;2024.06.08 19:30;4;23.125;-200;-200;0;206;0;
3030;2024.06.08 19:45;4;23.125;-200;-200;0;206;0;
3031;2024.06.08 20:00;4;23.125;-200;-200;0;206;0;
3032;2024.06.08 20:15;4;23.125;-200;-200;0;206;0;
3033;2024.06.08 20:30;4;23.125;-200;-200;0;206;0;
3034;2024.06.08 20:45;4;23.125;-200;-200;0;206;0;
3035;2024.06.08 21:00;4;23.125;-200;-200;0;206;0;
3036;2024.06.08 21:15;4;23.125;-200;-200;0;206;0;
3037;2024.06.08 21:30;4;23.125;-200;-200;0;206;0;
3038;2024.06.08 21:45;4;23.125;-200;-200;0;206;0;
3039;2024.06.08 22:00;4;23.125;-200;-200;0;206;0;
3040;2024.06.08 22:15;4;23.125;-200;-200;0;206;0;
3041;2024.06.08 22:30;4;23.125;-200;-200;0;206;0;
3042;2024.06.08 22:45;4;23.125;-200;-200;0;206;0;
3043;2024.06.08 23:00;4;23.125;-200;-200;0;206;0;
3044;2024.06.08 23:15;4;23.125;-200;-200;0;206;0;
3045;2024.06.08 23:30;4;23.125;-200;-200;0;206;0;
3046;2024.06.08 23:45;4;23.125;-200;-200;0;206;0;
3047;2024.06.09 00:00;4;23.125;-200;-200;0;206;0;
3048;2024.06.09 00:15;4;23.125;-200;-200;0;206;0;
3049;2024.06.09 00:30;4;23.125;-200;-200;0;206;0;
3050;2024.06.09 00:45;4;23.125;-200;-200;0;206;0;
3051;2024.06.09 01:00;4;23.125;-200;-200;0;206;0;
3052;2024.06.09 01:15;4;23.125;-200;-200;0;206;0;
3053;2024.06.09 01:30;4;23.125;-200;-200;0;206;0;
3054;2024.06.09 01:45;4;23.125;-200;-200;0;206;0;
3055;2024.06.09 02:00;4;23.125;-200;-200;0;206;0;
3056;2024.06.09 02:15;4;23.125;-200;-200;0;206;0;
3057;2024.06.09 02:30;4;23.125;-200;-200;0;206;0;
3058;2024.06.09 02:45;4;23.125;-200;-200;0;206;0;
3059;2024.06.09 03:00;4;23.125;-200;-200;0;206;0;
3060;2024.06.09 03:15;4;23.125;-200;-200;0;206;0;
3061;2024.06.09 03:30;4;23.125;-200;-200;0;206;0;
3062;2024.06.09 03:45;4;23.125;-200;-200;0;206;0;
3063;2024.06.09 04:00;4;23.125;-200;-200;0;206;0;
3064;2024.06.09 04:15;4;23.125;-200;-200;0;206;0;
3065;2024.06.09 04:30;4;23.125;-200;-200;0;206;0;
3066;2024.06.09 04:45;4;23.0625;-200;-200;0;206;0;
3067;2024.06.09 05:00;4;23.0625;-200;-200;0;206;0;
3068;2024.06.09 05:15;4;23.0625;-200;-200;0;206;0;
3069;2024.06.09 05:30;4;23;-200;-200;0;206;0;
3070;2024.06.09 05:45;4;23;-200;-200;0;206;0;
3071;2024.06.09 06:00;4;23;-200;-200;0;206;0;
3072;2024.06.09 06:15;4;23;-200;-200;0;206;0;
3073;2024.06.09 06:30;4;23;-200;-200;0;206;0;
3074;2024.06.09 06:45;4;23;-200;-200;0;206;0;
3075;2024.06.09 07:00;4;23;-200;-200;0;206;0;
3076;2024.06.09 07:15;4;23;-200;-200;0;206;0;
3077;2024.06.09 07:30;4;23;-200;-200;0;206;0;
3078;2024.06.09 07:45;4;23;-200;-200;0;206;0;
3079;2024.06.09 08:00;4;23;-200;-200;0;206;0;
3080;2024.06.09 08:15;4;23;-200;-200;0;206;0;
3081;2024.06.09 08:30;4;23;-200;-200;0;206;0;
3082;2024.06.09 08:45;4;23;-200;-200;0;206;0;
3083;2024.06.09 09:00;4;23;-200;-200;0;206;0;
3084;2024.06.09 09:15;4;23;-200;-200;0;206;0;
3085;2024.06.09 09:30;4;23;-200;-200;0;206;0;
3086;2024.06.09 09:45;4;23;-200;-200;0;206;0;
3087;2024.06.09 10:00;4;23;-200;-200;0;206;0;
3088;2024.06.09 10:15;4;23;-200;-200;0;206;0;
3089;2024.06.09 10:30;4;23;-200;-200;0;206;0;
3090;2024.06.09 10:45;4;23;-200;-200;0;206;0;
3091;2024.06.09 11:00;4;23;-200;-200;0;206;0;
3092;2024.06.09 11:15;4;23;-200;-200;0;206;0;
3093;2024.06.09 11:30;4;23;-200;-200;0;206;0;
3094;2024.06.09 11:45;4;23;-200;-200;0;206;0;
3095;2024.06.09 12:00;4;23;-200;-200;0;206;0;
3096;2024.06.09 12:15;4;23;-200;-200;0;206;0;
3097;2024.06.09 12:30;4;23.0625;-200;-200;0;206;0;
3098;2024.06.09 12:45;4;23.125;-200;-200;0;206;0;
3099;2024.06.09 13:00;4;23.125;-200;-200;0;206;0;
3100;2024.06.09 13:15;4;23.1875;-200;-200;0;206;0;
3101;2024.06.09 13:30;4;23.25;-200;-200;0;206;0;
3102;2024.06.09 13:45;4;23.25;-200;-200;0;206;0;
3103;2024.06.09 14:00;4;23.25;-200;-200;0;206;0;
3104;2024.06.09 14:15;4;23.3125;-200;-200;0;206;0;
3105;2024.06.09 14:30;4;23.3125;-200;-200;0;206;0;
3106;2024.06.09 14:45;4;23.3125;-200;-200;0;206;0;
3107;2024.06.09 15:00;4;23.3125;-200;-200;0;206;0;
3108;2024.06.09 15:15;4;23.3125;-200;-200;0;206;0;
3109;2024.06.09 15:30;4;23.3125;-200;-200;0;206;0;
3110;2024.06.09 15:45;4;23.3125;-200;-200;0;206;0;
3111;2024.06.09 16:00;4;23.3125;-200;-200;0;206;0;
3112;2024.06.09 16:15;4;23.3125;-200;-200;0;206;0;
3113;2024.06.09 16:30;4;23.3125;-200;-200;0;206;0;
3114;2024.06.09 16:45;4;23.3125;-200;-200;0;206;0;
3115;2024.06.09 17:00;4;23.3125;-200;-200;0;206;0;
3116;2024.06.09 17:15;4;23.25;-200;-200;0;206;0;
3117;2024.06.09 17:30;4;23.25;-200;-200;0;206;0;
3118;2024.06.09 17:45;4;23.25;-200;-200;0;206;0;
3119;2024.06.09 18:00;4;23.25;-200;-200;0;206;0;
3120;2024.06.09 18:15;4;23.25;-200;-200;0;206;0;
3121;2024.06.09 18:30;4;23.25;-200;-200;0;206;0;
3122;2024.06.09 18:45;4;23.25;-200;-200;0;206;0;
3123;2024.06.09 19:00;4;23.1875;-200;-200;0;206;0;
3124;2024.06.09 19:15;4;23.1875;-200;-200;0;206;0;
3125;2024.06.09 19:30;4;23.125;-200;-200;0;206;0;
3126;2024.06.09 19:45;4;23.125;-200;-200;0;206;0;
3127;2024.06.09 20:00;4;23.125;-200;-200;0;206;0;
3128;2024.06.09 20:15;4;23.125;-200;-200;0;206;0;
3129;2024.06.09 20:30;4;23.125;-200;-200;0;206;0;
3130;2024.06.09 20:45;4;23.125;-200;-200;0;206;0;
3131;2024.06.09 21:00;4;23.125;-200;-200;0;206;0;
3132;2024.06.09 21:15;4;23.125;-200;-200;0;206;0;
3133;2024.06.09 21:30;4;23.125;-200;-200;0;206;0;
3134;2024.06.09 21:45;4;23.125;-200;-200;0;206;0;
3135;2024.06.09 22:00;4;23.1875;-200;-200;0;206;0;
3136;2024.06.09 22:15;4;23.1875;-200;-200;0;206;0;
3137;2024.06.09 22:30;4;23.1875;-200;-200;0;206;0;
3138;2024.06.09 22:45;4;23.25;-200;-200;0;206;0;
3139;2024.06.09 23:00;4;23.3125;-200;-200;0;206;0;
3140;2024.06.09 23:15;4;23.375;-200;-200;0;206;0;
3141;2024.06.09 23:30;4;23.375;-200;-200;0;206;0;
3142;2024.06.09 23:45;4;23.375;-200;-200;0;206;0;
3143;2024.06.10 00:00;4;23.375;-200;-200;0;206;0;
3144;2024.06.10 00:15;4;23.375;-200;-200;0;206;0;
3145;2024.06.10 00:30;4;23.3125;-200;-200;0;206;0;
3146;2024.06.10 00:45;4;23.375;-200;-200;0;206;0;
3147;2024.06.10 01:00;4;23.375;-200;-200;0;206;0;
3148;2024.06.10 01:15;4;23.375;-200;-200;0;206;0;
3149;2024.06.10 01:30;4;23.375;-200;-200;0;206;0;
3150;2024.06.10 01:45;4;23.375;-200;-200;0;206;0;
3151;2024.06.10 02:00;4;23.375;-200;-200;0;206;0;
3152;2024.06.10 02:15;4;23.3125;-200;-200;0;206;0;
3153;2024.06.10 02:30;4;23.25;-200;-200;0;206;0;
3154;2024.06.10 02:45;4;23.25;-200;-200;0;206;0;
3155;2024.06.10 03:00;4;23.25;-200;-200;0;206;0;
3156;2024.06.10 03:15;4;23.25;-200;-200;0;206;0;
3157;2024.06.10 03:30;4;23.25;-200;-200;0;206;0;
3158;2024.06.10 03:45;4;23.25;-200;-200;0;206;0;
3159;2024.06.10 04:00;4;23.25;-200;-200;0;206;0;
3160;2024.06.10 04:15;4;23.25;-200;-200;0;206;0;
3161;2024.06.10 04:30;4;23.25;-200;-200;0;206;0;
3162;2024.06.10 04:45;4;23.25;-200;-200;0;206;0;
3163;2024.06.10 05:00;4;23.25;-200;-200;0;206;0;
3164;2024.06.10 05:15;4;23.25;-200;-200;0;206;0;
3165;2024.06.10 05:30;4;23.25;-200;-200;0;206;0;
3166;2024.06.10 05:45;4;23.1875;-200;-200;0;206;0;
3167;2024.06.10 06:00;4;23.25;-200;-200;0;206;0;
3168;2024.06.10 06:15;4;23.25;-200;-200;0;206;0;
3169;2024.06.10 06:30;4;23.25;-200;-200;0;206;0;
3170;2024.06.10 06:45;4;23.25;-200;-200;0;206;0;
3171;2024.06.10 07:00;4;23.1875;-200;-200;0;206;0;
3172;2024.06.10 07:15;4;23.1875;-200;-200;0;206;0;
3173;2024.06.10 07:30;4;23.1875;-200;-200;0;206;0;
3174;2024.06.10 07:45;4;23.1875;-200;-200;0;206;0;
3175;2024.06.10 08:00;4;23.125;-200;-200;0;206;0;
3176;2024.06.10 08:15;4;23.125;-200;-200;0;206;0;
3177;2024.06.10 08:30;4;23.125;-200;-200;0;206;0;
3178;2024.06.10 08:45;4;23.1875;-200;-200;0;206;0;
3179;2024.06.10 09:00;4;23.1875;-200;-200;0;206;0;
3180;2024.06.10 09:15;4;23.25;-200;-200;0;206;0;
3181;2024.06.10 09:30;4;23.25;-200;-200;0;206;0;
3182;2024.06.10 09:45;4;23.25;-200;-200;0;206;0;
3183;2024.06.10 10:00;4;23.25;-200;-200;0;206;0;
3184;2024.06.10 10:15;4;23.25;-200;-200;0;206;0;
3185;2024.06.10 10:30;4;23.1875;-200;-200;0;206;0;
3186;2024.06.10 10:45;4;23.1875;-200;-200;0;206;0;
3187;2024.06.10 11:00;4;23.1875;-200;-200;0;206;0;
3188;2024.06.10 11:15;4;23.1875;-200;-200;0;206;0;
3189;2024.06.10 11:30;4;23.25;-200;-200;0;206;0;
3190;2024.06.10 11:45;4;23.25;-200;-200;0;206;0;
3191;2024.06.10 12:00;4;23.25;-200;-200;0;206;0;
3192;2024.06.10 12:15;4;23.25;-200;-200;0;206;0;
3193;2024.06.10 12:30;4;23.1875;-200;-200;0;206;0;
3194;2024.06.10 12:45;4;23.1875;-200;-200;0;206;0;
3195;2024.06.10 13:00;4;23.1875;-200;-200;0;206;0;
3196;2024.06.10 13:15;4;23.25;-200;-200;0;206;0;
3197;2024.06.10 13:30;4;23.25;-200;-200;0;206;0;
3198;2024.06.10 13:45;4;23.25;-200;-200;0;206;0;
3199;2024.06.10 14:00;4;23.25;-200;-200;0;206;0;
3200;2024.06.10 14:15;4;23.25;-200;-200;0;206;0;
3201;2024.06.10 14:30;4;23.25;-200;-200;0;206;0;
3202;2024.06.10 14:45;4;23.25;-200;-200;0;206;0;
3203;2024.06.10 15:00;4;23.25;-200;-200;0;206;0;
3204;2024.06.10 15:15;4;23.3125;-200;-200;0;206;0;
3205;2024.06.10 15:30;4;23.3125;-200;-200;0;206;0;
3206;2024.06.10 15:45;4;23.375;-200;-200;0;206;0;
3207;2024.06.10 16:00;4;23.375;-200;-200;0;206;0;
3208;2024.06.10 16:15;4;23.375;-200;-200;0;206;0;
3209;2024.06.10 16:30;4;23.3125;-200;-200;0;206;0;
3210;2024.06.10 16:45;4;23.375;-200;-200;0;206;0;
3211;2024.06.10 17:00;4;23.375;-200;-200;0;206;0;
3212;2024.06.10 17:15;4;23.375;-200;-200;0;206;0;
3213;2024.06.10 17:30;4;23.375;-200;-200;0;206;0;
3214;2024.06.10 17:45;4;23.375;-200;-200;0;206;0;
3215;2024.06.10 18:00;4;23.375;-200;-200;0;206;0;
3216;2024.06.10 18:15;4;23.375;-200;-200;0;206;0;
3217;2024.06.10 18:30;4;23.375;-200;-200;0;206;0;
3218;2024.06.10 18:45;4;23.375;-200;-200;0;206;0;
3219;2024.06.10 19:00;4;23.375;-200;-200;0;206;0;
3220;2024.06.10 19:15;4;23.375;-200;-200;0;206;0;
3221;2024.06.10 19:30;4;23.375;-200;-200;0;206;0;
3222;2024.06.10 19:45;4;23.375;-200;-200;0;206;0;
3223;2024.06.10 20:00;4;23.375;-200;-200;0;206;0;
3224;2024.06.10 20:15;4;23.375;-200;-200;0;206;0;
3225;2024.06.10 20:30;4;23.4375;-200;-200;0;206;0;
3226;2024.06.10 20:45;4;23.4375;-200;-200;0;206;0;
3227;2024.06.10 21:00;4;23.4375;-200;-200;0;206;0;
3228;2024.06.10 21:15;4;23.5;-200;-200;0;206;0;
3229;2024.06.10 21:30;4;23.5;-200;-200;0;206;0;
3230;2024.06.10 21:45;4;23.4375;-200;-200;0;206;0;
3231;2024.06.10 22:00;4;23.375;-200;-200;0;206;0;
3232;2024.06.10 22:15;4;23.375;-200;-200;0;206;0;
3233;2024.06.10 22:30;4;23.3125;-200;-200;0;206;0;
3234;2024.06.10 22:45;4;23.3125;-200;-200;0;206;0;
3235;2024.06.10 23:00;4;23.25;-200;-200;0;206;0;
3236;2024.06.10 23:15;4;23.25;-200;-200;0;206;0;
3237;2024.06.10 23:30;4;23.25;-200;-200;0;206;0;
3238;2024.06.10 23:45;4;23.25;-200;-200;0;206;0;
3239;2024.06.11 00:00;4;23.25;-200;-200;0;206;0;
3240;2024.06.11 00:15;4;23.1875;-200;-200;0;206;0;
3241;2024.06.11 00:30;4;23.1875;-200;-200;0;206;0;
3242;2024.06.11 00:45;4;23.1875;-200;-200;0;206;0;
3243;2024.06.11 01:00;4;23.1875;-200;-200;0;206;0;
3244;2024.06.11 01:15;4;23.1875;-200;-200;0;206;0;
3245;2024.06.11 01:30;4;23.1875;-200;-200;0;206;0;
3246;2024.06.11 01:45;4;23.125;-200;-200;0;206;0;
3247;2024.06.11 02:00;4;23.125;-200;-200;0;206;0;
3248;2024.06.11 02:15;4;23.125;-200;-200;0;206;0;
3249;2024.06.11 02:30;4;23.125;-200;-200;0;206;0;
3250;2024.06.11 02:45;4;23.125;-200;-200;0;206;0;
3251;2024.06.11 03:00;4;23.125;-200;-200;0;206;0;
3252;2024.06.11 03:15;4;23.125;-200;-200;0;206;0;
3253;2024.06.11 03:30;4;23.125;-200;-200;0;206;0;
3254;2024.06.11 03:45;4;23.125;-200;-200;0;206;0;
3255;2024.06.11 04:00;4;23.125;-200;-200;0;206;0;
3256;2024.06.11 04:15;4;23.125;-200;-200;0;206;0;
3257;2024.06.11 04:30;4;23.125;-200;-200;0;206;0;
3258;2024.06.11 04:45;4;23.125;-200;-200;0;206;0;
3259;2024.06.11 05:00;4;23.125;-200;-200;0;206;0;
3260;2024.06.11 05:15;4;23.125;-200;-200;0;206;0;
3261;2024.06.11 05:30;4;23.125;-200;-200;0;206;0;
3262;2024.06.11 05:45;4;23.125;-200;-200;0;206;0;
3263;2024.06.11 06:00;4;23.125;-200;-200;0;206;0;
3264;2024.06.11 06:15;4;23.125;-200;-200;0;206;0;
3265;2024.06.11 06:30;4;23.125;-200;-200;0;206;0;
3266;2024.06.11 06:45;4;23.125;-200;-200;0;206;0;
3267;2024.06.11 07:00;4;23.125;-200;-200;0;206;0;
3268;2024.06.11 07:15;4;23.125;-200;-200;0;206;0;
3269;2024.06.11 07:30;4;23.125;-200;-200;0;206;0;
3270;2024.06.11 07:45;4;23.0625;-200;-200;0;206;0;
3271;2024.06.11 08:00;4;23.0625;-200;-200;0;206;0;
3272;2024.06.11 08:15;4;23.0625;-200;-200;0;206;0;
3273;2024.06.11 08:30;4;23;-200;-200;0;206;0;
3274;2024.06.11 08:45;4;23;-200;-200;0;206;0;
3275;2024.06.11 09:00;4;23;-200;-200;0;206;0;
3276;2024.06.11 09:15;4;23;-200;-200;0;206;0;
3277;2024.06.11 09:30;4;23;-200;-200;0;206;0;
3278;2024.06.11 09:45;4;23;-200;-200;0;206;0;
3279;2024.06.11 10:00;4;23;-200;-200;0;206;0;
3280;2024.06.11 10:15;4;23;-200;-200;0;206;0;
3281;2024.06.11 10:30;4;23;-200;-200;0;206;0;
3282;2024.06.11 10:45;4;23;-200;-200;0;206;0;
3283;2024.06.11 11:00;4;23;-200;-200;0;206;0;
3284;2024.06.11 11:15;4;23;-200;-200;0;206;0;
3285;2024.06.11 11:30;4;22.9375;-200;-200;0;206;0;
3286;2024.06.11 11:45;4;22.9375;-200;-200;0;206;0;
3287;2024.06.11 12:00;4;23;-200;-200;0;206;0;
3288;2024.06.11 12:15;4;23;-200;-200;0;206;0;
3289;2024.06.11 12:30;4;23;-200;-200;0;206;0;
3290;2024.06.11 12:45;4;23;-200;-200;0;206;0;
3291;2024.06.11 13:00;4;23;-200;-200;0;206;0;
3292;2024.06.11 13:15;4;23;-200;-200;0;206;0;
3293;2024.06.11 13:30;4;23;-200;-200;0;206;0;
3294;2024.06.11 13:45;4;23;-200;-200;0;206;0;
3295;2024.06.11 14:00;4;23.0625;-200;-200;0;206;0;
3296;2024.06.11 14:15;4;23.0625;-200;-200;0;206;0;
3297;2024.06.11 14:30;4;23.0625;-200;-200;0;206;0;
3298;2024.06.11 14:45;4;23.0625;-200;-200;0;206;0;
3299;2024.06.11 15:00;4;23.0625;-200;-200;0;206;0;
3300;2024.06.11 15:15;4;23.125;-200;-200;0;206;0;
3301;2024.06.11 15:30;4;23.125;-200;-200;0;206;0;
3302;2024.06.11 15:45;4;23.125;-200;-200;0;206;0;
3303;2024.06.11 16:00;4;23.125;-200;-200;0;206;0;
3304;2024.06.11 16:15;4;23.125;-200;-200;0;206;0;
3305;2024.06.11 16:30;4;23.1875;-200;-200;0;206;0;
3306;2024.06.11 16:45;4;23.1875;-200;-200;0;206;0;
3307;2024.06.11 17:00;4;23.25;-200;-200;0;206;0;
3308;2024.06.11 17:15;4;23.25;-200;-200;0;206;0;
3309;2024.06.11 17:30;4;23.25;-200;-200;0;206;0;
3310;2024.06.11 17:45;4;23.25;-200;-200;0;206;0;
3311;2024.06.11 18:00;4;23.25;-200;-200;0;206;0;
3312;2024.06.11 18:15;4;23.25;-200;-200;0;206;0;
3313;2024.06.11 18:30;4;23.25;-200;-200;0;206;0;
3314;2024.06.11 18:45;4;23.25;-200;-200;0;206;0;
3315;2024.06.11 19:00;4;23.25;-200;-200;0;206;0;
3316;2024.06.11 19:15;4;23.25;-200;-200;0;206;0;
3317;2024.06.11 19:30;4;23.25;-200;-200;0;206;0;
3318;2024.06.11 19:45;4;23.25;-200;-200;0;206;0;
3319;2024.06.11 20:00;4;23.25;-200;-200;0;206;0;
3320;2024.06.11 20:15;4;23.25;-200;-200;0;206;0;
3321;2024.06.11 20:30;4;23.25;-200;-200;0;206;0;
3322;2024.06.11 20:45;4;23.25;-200;-200;0;206;0;
3323;2024.06.11 21:00;4;23.25;-200;-200;0;206;0;
3324;2024.06.11 21:15;4;23.25;-200;-200;0;206;0;
3325;2024.06.11 21:30;4;23.25;-200;-200;0;206;0;
3326;2024.06.11 21:45;4;23.25;-200;-200;0;206;0;
3327;2024.06.11 22:00;4;23.25;-200;-200;0;206;0;
3328;2024.06.11 22:15;4;23.25;-200;-200;0;206;0;
3329;2024.06.11 22:30;4;23.25;-200;-200;0;206;0;
3330;2024.06.11 22:45;4;23.25;-200;-200;0;206;0;
3331;2024.06.11 23:00;4;23.25;-200;-200;0;206;0;
3332;2024.06.11 23:15;4;23.25;-200;-200;0;206;0;
3333;2024.06.11 23:30;4;23.25;-200;-200;0;206;0;
3334;2024.06.11 23:45;4;23.25;-200;-200;0;206;0;
3335;2024.06.12 00:00;4;23.25;-200;-200;0;206;0;
3336;2024.06.12 00:15;4;23.25;-200;-200;0;206;0;
3337;2024.06.12 00:30;4;23.1875;-200;-200;0;206;0;
3338;2024.06.12 00:45;4;23.1875;-200;-200;0;206;0;
3339;2024.06.12 01:00;4;23.125;-200;-200;0;206;0;
3340;2024.06.12 01:15;4;23.125;-200;-200;0;206;0;
3341;2024.06.12 01:30;4;23.125;-200;-200;0;206;0;
3342;2024.06.12 01:45;4;23.125;-200;-200;0;206;0;
3343;2024.06.12 02:00;4;23.125;-200;-200;0;206;0;
3344;2024.06.12 02:15;4;23.125;-200;-200;0;206;0;
3345;2024.06.12 02:30;4;23.125;-200;-200;0;206;0;
3346;2024.06.12 02:45;4;23.125;-200;-200;0;206;0;
3347;2024.06.12 03:00;4;23.1875;-200;-200;0;206;0;
3348;2024.06.12 03:15;4;23.25;-200;-200;0;206;0;
3349;2024.06.12 03:30;4;23.25;-200;-200;0;206;0;
3350;2024.06.12 03:45;4;23.25;-200;-200;0;206;0;
3351;2024.06.12 04:00;4;23.25;-200;-200;0;206;0;
3352;2024.06.12 04:15;4;23.25;-200;-200;0;206;0;
3353;2024.06.12 04:30;4;23.25;-200;-200;0;206;0;
3354;2024.06.12 04:45;4;23.25;-200;-200;0;206;0;
3355;2024.06.12 05:00;4;23.25;-200;-200;0;206;0;
3356;2024.06.12 05:15;4;23.25;-200;-200;0;206;0;
3357;2024.06.12 05:30;4;23.25;-200;-200;0;206;0;
3358;2024.06.12 05:45;4;23.25;-200;-200;0;206;0;
3359;2024.06.12 06:00;4;23.25;-200;-200;0;206;0;
3360;2024.06.12 06:15;4;23.25;-200;-200;0;206;0;
3361;2024.06.12 06:30;4;23.25;-200;-200;0;206;0;
3362;2024.06.12 06:45;4;23.25;-200;-200;0;206;0;
3363;2024.06.12 07:00;4;23.25;-200;-200;0;206;0;
3364;2024.06.12 07:15;4;23.25;-200;-200;0;206;0;
3365;2024.06.12 07:30;4;23.25;-200;-200;0;206;0;
3366;2024.06.12 07:45;4;23.25;-200;-200;0;206;0;
3367;2024.06.12 08:00;4;23.25;-200;-200;0;206;0;
3368;2024.06.12 08:15;4;23.25;-200;-200;0;206;0;
3369;2024.06.12 08:30;4;23.25;-200;-200;0;206;0;
3370;2024.06.12 08:45;4;23.25;-200;-200;0;206;0;
3371;2024.06.12 09:00;4;23.25;-200;-200;0;206;0;
3372;2024.06.12 09:15;4;23.25;-200;-200;0;206;0;
3373;2024.06.12 09:30;4;23.25;-200;-200;0;206;0;
3374;2024.06.12 09:45;4;23.25;-200;-200;0;206;0;
3375;2024.06.12 10:00;4;23.25;-200;-200;0;206;0;
3376;2024.06.12 10:15;4;23.25;-200;-200;0;206;0;
3377;2024.06.12 10:30;4;23.25;-200;-200;0;206;0;
3378;2024.06.12 10:45;4;23.25;-200;-200;0;206;0;
3379;2024.06.12 11:00;4;23.25;-200;-200;0;206;0;
3380;2024.06.12 11:15;4;23.25;-200;-200;0;206;0;
3381;2024.06.12 11:30;4;23.25;-200;-200;0;206;0;
3382;2024.06.12 11:45;4;23.25;-200;-200;0;206;0;
3383;2024.06.12 12:00;4;23.25;-200;-200;0;206;0;
3384;2024.06.12 12:15;4;23.25;-200;-200;0;206;0;
3385;2024.06.12 12:30;4;23.1875;-200;-200;0;206;0;
3386;2024.06.12 12:45;4;23.1875;-200;-200;0;206;0;
3387;2024.06.12 13:00;4;23.1875;-200;-200;0;206;0;
3388;2024.06.12 13:15;4;23.1875;-200;-200;0;206;0;
3389;2024.06.12 13:30;4;23.125;-200;-200;0;206;0;
3390;2024.06.12 13:45;4;23.1875;-200;-200;0;206;0;
3391;2024.06.12 14:00;4;23.1875;-200;-200;0;206;0;
3392;2024.06.12 14:15;4;23.125;-200;-200;0;206;0;
3393;2024.06.12 14:30;4;23.1875;-200;-200;0;206;0;
3394;2024.06.12 14:45;4;23.125;-200;-200;0;206;0;
3395;2024.06.12 15:00;4;23.1875;-200;-200;0;206;0;
3396;2024.06.12 15:15;4;23.1875;-200;-200;0;206;0;
3397;2024.06.12 15:30;4;23.1875;-200;-200;0;206;0;
3398;2024.06.12 15:45;4;23.1875;-200;-200;0;206;0;
3399;2024.06.12 16:00;4;23.1875;-200;-200;0;206;0;
3400;2024.06.12 16:15;4;23.1875;-200;-200;0;206;0;
3401;2024.06.12 16:30;4;23.125;-200;-200;0;206;0;
3402;2024.06.12 16:45;4;23.125;-200;-200;0;206;0;
3403;2024.06.12 17:00;4;23.125;-200;-200;0;206;0;
3404;2024.06.12 17:15;4;23.125;-200;-200;0;206;0;
3405;2024.06.12 17:30;4;23.125;-200;-200;0;206;0;
3406;2024.06.12 17:45;4;23.125;-200;-200;0;206;0;
3407;2024.06.12 18:00;4;23.125;-200;-200;0;206;0;
3408;2024.06.12 18:15;4;23.1875;-200;-200;0;206;0;
3409;2024.06.12 18:30;4;23.1875;-200;-200;0;206;0;
3410;2024.06.12 18:45;4;23.1875;-200;-200;0;206;0;
3411;2024.06.12 19:00;4;23.1875;-200;-200;0;206;0;
3412;2024.06.12 19:15;4;23.1875;-200;-200;0;206;0;
3413;2024.06.12 19:30;4;23.25;-200;-200;0;206;0;
3414;2024.06.12 19:45;4;23.25;-200;-200;0;206;0;
3415;2024.06.12 20:00;4;23.1875;-200;-200;0;206;0;
3416;2024.06.12 20:15;4;23.1875;-200;-200;0;206;0;
3417;2024.06.12 20:30;4;23.125;-200;-200;0;206;0;
3418;2024.06.12 20:45;4;23.125;-200;-200;0;206;0;
3419;2024.06.12 21:00;4;23.25;-200;-200;0;206;0;
3420;2024.06.12 21:15;4;23.3125;-200;-200;0;206;0;
3421;2024.06.12 21:30;4;23.375;-200;-200;0;206;0;
3422;2024.06.12 21:45;4;23.375;-200;-200;0;206;0;
3423;2024.06.12 22:00;4;23.375;-200;-200;0;206;0;
3424;2024.06.12 22:15;4;23.375;-200;-200;0;206;0;
3425;2024.06.12 22:30;4;23.375;-200;-200;0;206;0;
3426;2024.06.12 22:45;4;23.4375;-200;-200;0;206;0;
3427;2024.06.12 23:00;4;23.5;-200;-200;0;206;0;
3428;2024.06.12 23:15;4;23.5;-200;-200;0;206;0;
3429;2024.06.12 23:30;4;23.5;-200;-200;0;206;0;
3430;2024.06.12 23:45;4;23.4375;-200;-200;0;206;0;
3431;2024.06.13 00:00;4;23.375;-200;-200;0;206;0;
3432;2024.06.13 00:15;4;23.375;-200;-200;0;206;0;
3433;2024.06.13 00:30;4;23.375;-200;-200;0;206;0;
3434;2024.06.13 00:45;4;23.375;-200;-200;0;206;0;
3435;2024.06.13 01:00;4;23.3125;-200;-200;0;206;0;
3436;2024.06.13 01:15;4;23.3125;-200;-200;0;206;0;
3437;2024.06.13 01:30;4;23.25;-200;-200;0;206;0;
3438;2024.06.13 01:45;4;23.25;-200;-200;0;206;0;
3439;2024.06.13 02:00;4;23.25;-200;-200;0;206;0;
3440;2024.06.13 02:15;4;23.25;-200;-200;0;206;0;
3441;2024.06.13 02:30;4;23.25;-200;-200;0;206;0;
3442;2024.06.13 02:45;4;23.25;-200;-200;0;206;0;
3443;2024.06.13 03:00;4;23.25;-200;-200;0;206;0;
3444;2024.06.13 03:15;4;23.1875;-200;-200;0;206;0;
3445;2024.06.13 03:30;4;23.1875;-200;-200;0;206;0;
3446;2024.06.13 03:45;4;23.1875;-200;-200;0;206;0;
3447;2024.06.13 04:00;4;23.125;-200;-200;0;206;0;
3448;2024.06.13 04:15;4;23.1875;-200;-200;0;206;0;
3449;2024.06.13 04:30;4;23.1875;-200;-200;0;206;0;
3450;2024.06.13 04:45;4;23.125;-200;-200;0;206;0;
3451;2024.06.13 05:00;4;23.125;-200;-200;0;206;0;
3452;2024.06.13 05:15;4;23.125;-200;-200;0;206;0;
3453;2024.06.13 05:30;4;23.125;-200;-200;0;206;0;
3454;2024.06.13 05:45;4;23.1875;-200;-200;0;206;0;
3455;2024.06.13 06:00;4;23.1875;-200;-200;0;206;0;
3456;2024.06.13 06:15;4;23.1875;-200;-200;0;206;0;
3457;2024.06.13 06:30;4;23.25;-200;-200;0;206;0;
3458;2024.06.13 06:45;4;23.25;-200;-200;0;206;0;
3459;2024.06.13 07:00;4;23.1875;-200;-200;0;206;0;
3460;2024.06.13 07:15;4;23.1875;-200;-200;0;206;0;
3461;2024.06.13 07:30;4;23.1875;-200;-200;0;206;0;
3462;2024.06.13 07:45;4;23.1875;-200;-200;0;206;0;
3463;2024.06.13 08:00;4;23.1875;-200;-200;0;206;0;
3464;2024.06.13 08:15;4;23.1875;-200;-200;0;206;0;
3465;2024.06.13 08:30;4;23.1875;-200;-200;0;206;0;
3466;2024.06.13 08:45;4;23.1875;-200;-200;0;206;0;
3467;2024.06.13 09:00;4;23.25;-200;-200;0;206;0;
3468;2024.06.13 09:15;4;23.25;-200;-200;0;206;0;
3469;2024.06.13 09:30;4;23.25;-200;-200;0;206;0;
3470;2024.06.13 09:45;4;23.1875;-200;-200;0;206;0;
3471;2024.06.13 10:00;4;23.125;-200;-200;0;206;0;
3472;2024.06.13 10:15;4;23.1875;-200;-200;0;206;0;
3473;2024.06.13 10:30;4;23.1875;-200;-200;0;206;0;
3474;2024.06.13 10:45;4;23.25;-200;-200;0;206;0;
3475;2024.06.13 11:00;4;23.1875;-200;-200;0;206;0;
3476;2024.06.13 11:15;4;23.1875;-200;-200;0;206;0;
3477;2024.06.13 11:30;4;23.25;-200;-200;0;206;0;
3478;2024.06.13 11:45;4;23.25;-200;-200;0;206;0;
3479;2024.06.13 12:00;4;23.1875;-200;-200;0;206;0;
3480;2024.06.13 12:15;4;23.25;-200;-200;0;206;0;
3481;2024.06.13 12:30;4;23.25;-200;-200;0;206;0;
3482;2024.06.13 12:45;4;23.25;-200;-200;0;206;0;
3483;2024.06.13 13:00;4;23.25;-200;-200;0;206;0;
3484;2024.06.13 13:15;4;23.25;-200;-200;0;206;0;
3485;2024.06.13 13:30;4;23.25;-200;-200;0;206;0;
3486;2024.06.13 13:45;4;23.25;-200;-200;0;206;0;
3487;2024.06.13 14:00;4;23.25;-200;-200;0;206;0;
3488;2024.06.13 14:15;4;23.25;-200;-200;0;206;0;
3489;2024.06.13 14:30;4;23.25;-200;-200;0;206;0;
3490;2024.06.13 14:45;4;23.25;-200;-200;0;206;0;
3491;2024.06.13 15:00;4;23.25;-200;-200;0;206;0;
3492;2024.06.13 15:15;4;23.25;-200;-200;0;206;0;
3493;2024.06.13 15:30;4;23.1875;-200;-200;0;206;0;
3494;2024.06.13 15:45;4;23.25;-200;-200;0;206;0;
3495;2024.06.13 16:00;4;23.25;-200;-200;0;206;0;
3496;2024.06.13 16:15;4;23.25;-200;-200;0;206;0;
3497;2024.06.13 16:30;4;23.25;-200;-200;0;206;0;
3498;2024.06.13 16:45;4;23.25;-200;-200;0;206;0;
3499;2024.06.13 17:00;4;23.25;-200;-200;0;206;0;
3500;2024.06.13 17:15;4;23.25;-200;-200;0;206;0;
3501;2024.06.13 17:30;4;23.25;-200;-200;0;206;0;
3502;2024.06.13 17:45;4;23.25;-200;-200;0;206;0;
3503;2024.06.13 18:00;4;23.25;-200;-200;0;206;0;
3504;2024.06.13 18:15;4;23.25;-200;-200;0;206;0;
3505;2024.06.13 18:30;4;23.25;-200;-200;0;206;0;
3506;2024.06.13 18:45;4;23.25;-200;-200;0;206;0;
3507;2024.06.13 19:00;4;23.25;-200;-200;0;206;0;
3508;2024.06.13 19:15;4;23.25;-200;-200;0;206;0;
3509;2024.06.13 19:30;4;23.25;-200;-200;0;206;0;
3510;2024.06.13 19:45;4;23.25;-200;-200;0;206;0;
3511;2024.06.13 20:00;4;23.25;-200;-200;0;206;0;
3512;2024.06.13 20:15;4;23.25;-200;-200;0;206;0;
3513;2024.06.13 20:30;4;23.25;-200;-200;0;206;0;
3514;2024.06.13 20:45;4;23.25;-200;-200;0;206;0;
3515;2024.06.13 21:00;4;23.25;-200;-200;0;206;0;
3516;2024.06.13 21:15;4;23.25;-200;-200;0;206;0;
3517;2024.06.13 21:30;4;23.25;-200;-200;0;206;0;
3518;2024.06.13 21:45;4;23.25;-200;-200;0;206;0;
3519;2024.06.13 22:00;4;23.1875;-200;-200;0;206;0;
3520;2024.06.13 22:15;4;23.1875;-200;-200;0;206;0;
3521;2024.06.13 22:30;4;23.1875;-200;-200;0;206;0;
3522;2024.06.13 22:45;4;23.1875;-200;-200;0;206;0;
3523;2024.06.13 23:00;4;23.25;-200;-200;0;206;0;
3524;2024.06.13 23:15;4;23.25;-200;-200;0;206;0;
3525;2024.06.13 23:30;4;23.25;-200;-200;0;206;0;
3526;2024.06.13 23:45;4;23.25;-200;-200;0;206;0;
3527;2024.06.14 00:00;4;23.25;-200;-200;0;206;0;
3528;2024.06.14 00:15;4;23.25;-200;-200;0;206;0;
3529;2024.06.14 00:30;4;23.25;-200;-200;0;206;0;
3530;2024.06.14 00:45;4;23.25;-200;-200;0;206;0;
3531;2024.06.14 01:00;4;23.25;-200;-200;0;206;0;
3532;2024.06.14 01:15;4;23.25;-200;-200;0;206;0;
3533;2024.06.14 01:30;4;23.25;-200;-200;0;206;0;
3534;2024.06.14 01:45;4;23.25;-200;-200;0;206;0;
3535;2024.06.14 02:00;4;23.25;-200;-200;0;206;0;
3536;2024.06.14 02:15;4;23.25;-200;-200;0;206;0;
3537;2024.06.14 02:30;4;23.25;-200;-200;0;206;0;
3538;2024.06.14 02:45;4;23.25;-200;-200;0;206;0;
3539;2024.06.14 03:00;4;23.25;-200;-200;0;206;0;
3540;2024.06.14 03:15;4;23.25;-200;-200;0;206;0;
3541;2024.06.14 03:30;4;23.25;-200;-200;0;206;0;
3542;2024.06.14 03:45;4;23.25;-200;-200;0;206;0;
3543;2024.06.14 04:00;4;23.25;-200;-200;0;206;0;
3544;2024.06.14 04:15;4;23.25;-200;-200;0;206;0;
3545;2024.06.14 04:30;4;23.25;-200;-200;0;206;0;
3546;2024.06.14 04:45;4;23.25;-200;-200;0;206;0;
3547;2024.06.14 05:00;4;23.25;-200;-200;0;206;0;
3548;2024.06.14 05:15;4;23.25;-200;-200;0;206;0;
3549;2024.06.14 05:30;4;23.25;-200;-200;0;206;0;
3550;2024.06.14 05:45;4;23.25;-200;-200;0;206;0;
3551;2024.06.14 06:00;4;23.25;-200;-200;0;206;0;
3552;2024.06.14 06:15;4;23.25;-200;-200;0;206;0;
3553;2024.06.14 06:30;4;23.25;-200;-200;0;206;0;
3554;2024.06.14 06:45;4;23.25;-200;-200;0;206;0;
3555;2024.06.14 07:00;4;23.25;-200;-200;0;206;0;
3556;2024.06.14 07:15;4;23.3125;-200;-200;0;206;0;
3557;2024.06.14 07:30;4;23.25;-200;-200;0;206;0;
3558;2024.06.14 07:45;4;23.3125;-200;-200;0;206;0;
3559;2024.06.14 08:00;4;23.25;-200;-200;0;206;0;
3560;2024.06.14 08:15;4;23.3125;-200;-200;0;206;0;
3561;2024.06.14 08:30;4;23.3125;-200;-200;0;206;0;
3562;2024.06.14 08:45;4;23.3125;-200;-200;0;206;0;
3563;2024.06.14 09:00;4;23.3125;-200;-200;0;206;0;
3564;2024.06.14 09:15;4;23.3125;-200;-200;0;206;0;
3565;2024.06.14 09:30;4;23.3125;-200;-200;0;206;0;
3566;2024.06.14 09:45;4;23.3125;-200;-200;0;206;0;
3567;2024.06.14 10:00;4;23.3125;-200;-200;0;206;0;
3568;2024.06.14 10:15;4;23.3125;-200;-200;0;206;0;
3569;2024.06.14 10:30;4;23.3125;-200;-200;0;206;0;
3570;2024.06.14 10:45;4;23.3125;-200;-200;0;206;0;
3571;2024.06.14 11:00;4;23.3125;-200;-200;0;206;0;
3572;2024.06.14 11:15;4;23.3125;-200;-200;0;206;0;
3573;2024.06.14 11:30;4;23.3125;-200;-200;0;206;0;
3574;2024.06.14 11:45;4;23.3125;-200;-200;0;206;0;
3575;2024.06.14 12:00;4;23.3125;-200;-200;0;206;0;
3576;2024.06.14 12:15;4;23.3125;-200;-200;0;206;0;
3577;2024.06.14 12:30;4;23.3125;-200;-200;0;206;0;
3578;2024.06.14 12:45;4;23.3125;-200;-200;0;206;0;
3579;2024.06.14 13:00;4;23.25;-200;-200;0;206;0;
3580;2024.06.14 13:15;4;23.3125;-200;-200;0;206;0;
3581;2024.06.14 13:30;4;23.3125;-200;-200;0;206;0;
3582;2024.06.14 13:45;4;23.375;-200;-200;0;206;0;
3583;2024.06.14 14:00;4;23.375;-200;-200;0;206;0;
3584;2024.06.14 14:15;4;23.375;-200;-200;0;206;0;
3585;2024.06.14 14:30;4;23.375;-200;-200;0;206;0;
3586;2024.06.14 14:45;4;23.4375;-200;-200;0;206;0;
3587;2024.06.14 15:00;4;23.5;-200;-200;0;206;0;
3588;2024.06.14 15:15;4;23.5;-200;-200;0;206;0;
3589;2024.06.14 15:30;4;23.5;-200;-200;0;206;0;
3590;2024.06.14 15:45;4;23.5625;-200;-200;0;206;0;
3591;2024.06.14 16:00;4;23.5625;-200;-200;0;206;0;
3592;2024.06.14 16:15;4;23.625;-200;-200;0;206;0;
3593;2024.06.14 16:30;4;23.625;-200;-200;0;206;0;
3594;2024.06.14 16:45;4;23.625;-200;-200;0;206;0;
3595;2024.06.14 17:00;4;23.625;-200;-200;0;206;0;
3596;2024.06.14 17:15;4;23.625;-200;-200;0;206;0;
3597;2024.06.14 17:30;4;23.625;-200;-200;0;206;0;
3598;2024.06.14 17:45;4;23.625;-200;-200;0;206;0;
3599;2024.06.14 18:00;4;23.625;-200;-200;0;206;0;
3600;2024.06.14 18:15;4;23.6875;-200;-200;0;206;0;
3601;2024.06.14 18:30;4;23.625;-200;-200;0;206;0;
3602;2024.06.14 18:45;4;23.6875;-200;-200;0;206;0;
3603;2024.06.14 19:00;4;23.6875;-200;-200;0;206;0;
3604;2024.06.14 19:15;4;23.625;-200;-200;0;206;0;
3605;2024.06.14 19:30;4;23.625;-200;-200;0;206;0;
3606;2024.06.14 19:45;4;23.625;-200;-200;0;206;0;
3607;2024.06.14 20:00;4;23.625;-200;-200;0;206;0;
3608;2024.06.14 20:15;4;23.625;-200;-200;0;206;0;
3609;2024.06.14 20:30;4;23.625;-200;-200;0;206;0;
3610;2024.06.14 20:45;4;23.625;-200;-200;0;206;0;
3611;2024.06.14 21:00;4;23.625;-200;-200;0;206;0;
3612;2024.06.14 21:15;4;23.625;-200;-200;0;206;0;
3613;2024.06.14 21:30;4;23.625;-200;-200;0;206;0;
3614;2024.06.14 21:45;4;23.625;-200;-200;0;206;0;
3615;2024.06.14 22:00;4;23.625;-200;-200;0;206;0;
3616;2024.06.14 22:15;4;23.625;-200;-200;0;206;0;
3617;2024.06.14 22:30;4;23.625;-200;-200;0;206;0;
3618;2024.06.14 22:45;4;23.625;-200;-200;0;206;0;
3619;2024.06.14 23:00;4;23.625;-200;-200;0;206;0;
3620;2024.06.14 23:15;4;23.5625;-200;-200;0;206;0;
3621;2024.06.14 23:30;4;23.5;-200;-200;0;206;0;
3622;2024.06.14 23:45;4;23.5;-200;-200;0;206;0;
3623;2024.06.15 00:00;4;23.5625;-200;-200;0;206;0;
3624;2024.06.15 00:15;4;23.5625;-200;-200;0;206;0;
3625;2024.06.15 00:30;4;23.625;-200;-200;0;206;0;
3626;2024.06.15 00:45;4;23.625;-200;-200;0;206;0;
3627;2024.06.15 01:00;4;23.625;-200;-200;0;206;0;
3628;2024.06.15 01:15;4;23.625;-200;-200;0;206;0;
3629;2024.06.15 01:30;4;23.5625;-200;-200;0;206;0;
3630;2024.06.15 01:45;4;23.5625;-200;-200;0;206;0;
3631;2024.06.15 02:00;4;23.5;-200;-200;0;206;0;
3632;2024.06.15 02:15;4;23.5;-200;-200;0;206;0;
3633;2024.06.15 02:30;4;23.5;-200;-200;0;206;0;
3634;2024.06.15 02:45;4;23.5625;-200;-200;0;206;0;
3635;2024.06.15 03:00;4;23.5625;-200;-200;0;206;0;
3636;2024.06.15 03:15;4;23.5625;-200;-200;0;206;0;
3637;2024.06.15 03:30;4;23.5;-200;-200;0;206;0;
3638;2024.06.15 03:45;4;23.5;-200;-200;0;206;0;
3639;2024.06.15 04:00;4;23.5;-200;-200;0;206;0;
3640;2024.06.15 04:15;4;23.5;-200;-200;0;206;0;
3641;2024.06.15 04:30;4;23.5;-200;-200;0;206;0;
3642;2024.06.15 04:45;4;23.5;-200;-200;0;206;0;
3643;2024.06.15 05:00;4;23.5;-200;-200;0;206;0;
3644;2024.06.15 05:15;4;23.5;-200;-200;0;206;0;
3645;2024.06.15 05:30;4;23.5;-200;-200;0;206;0;
3646;2024.06.15 05:45;4;23.5;-200;-200;0;206;0;
3647;2024.06.15 06:00;4;23.5;-200;-200;0;206;0;
3648;2024.06.15 06:15;4;23.5;-200;-200;0;206;0;
3649;2024.06.15 06:30;4;23.4375;-200;-200;0;206;0;
3650;2024.06.15 06:45;4;23.4375;-200;-200;0;206;0;
3651;2024.06.15 07:00;4;23.4375;-200;-200;0;206;0;
3652;2024.06.15 07:15;4;23.4375;-200;-200;0;206;0;
3653;2024.06.15 07:30;4;23.4375;-200;-200;0;206;0;
3654;2024.06.15 07:45;4;23.4375;-200;-200;0;206;0;
3655;2024.06.15 08:00;4;23.375;-200;-200;0;206;0;
3656;2024.06.15 08:15;4;23.375;-200;-200;0;206;0;
3657;2024.06.15 08:30;4;23.375;-200;-200;0;206;0;
3658;2024.06.15 08:45;4;23.375;-200;-200;0;206;0;
3659;2024.06.15 09:00;4;23.375;-200;-200;0;206;0;
3660;2024.06.15 09:15;4;23.375;-200;-200;0;206;0;
3661;2024.06.15 09:30;4;23.375;-200;-200;0;206;0;
3662;2024.06.15 09:45;4;23.375;-200;-200;0;206;0;
3663;2024.06.15 10:00;4;23.375;-200;-200;0;206;0;
3664;2024.06.15 10:15;4;23.375;-200;-200;0;206;0;
3665;2024.06.15 10:30;4;23.3125;-200;-200;0;206;0;
3666;2024.06.15 10:45;4;23.3125;-200;-200;0;206;0;
3667;2024.06.15 11:00;4;23.3125;-200;-200;0;206;0;
3668;2024.06.15 11:15;4;23.3125;-200;-200;0;206;0;
3669;2024.06.15 11:30;4;23.25;-200;-200;0;206;0;
3670;2024.06.15 11:45;4;23.25;-200;-200;0;206;0;
3671;2024.06.15 12:00;4;23.25;-200;-200;0;206;0;
3672;2024.06.15 12:15;4;23.25;-200;-200;0;206;0;
3673;2024.06.15 12:30;4;23.25;-200;-200;0;206;0;
3674;2024.06.15 12:45;4;23.25;-200;-200;0;206;0;
3675;2024.06.15 13:00;4;23.25;-200;-200;0;206;0;
3676;2024.06.15 13:15;4;23.25;-200;-200;0;206;0;
3677;2024.06.15 13:30;4;23.25;-200;-200;0;206;0;
3678;2024.06.15 13:45;4;23.25;-200;-200;0;206;0;
3679;2024.06.15 14:00;4;23.25;-200;-200;0;206;0;
3680;2024.06.15 14:15;4;23.25;-200;-200;0;206;0;
3681;2024.06.15 14:30;4;23.25;-200;-200;0;206;0;
3682;2024.06.15 14:45;4;23.25;-200;-200;0;206;0;
3683;2024.06.15 15:00;4;23.25;-200;-200;0;206;0;
3684;2024.06.15 15:15;4;23.25;-200;-200;0;206;0;
3685;2024.06.15 15:30;4;23.25;-200;-200;0;206;0;
3686;2024.06.15 15:45;4;23.25;-200;-200;0;206;0;
3687;2024.06.15 16:00;4;23.25;-200;-200;0;206;0;
3688;2024.06.15 16:15;4;23.25;-200;-200;0;206;0;
3689;2024.06.15 16:30;4;23.25;-200;-200;0;206;0;
3690;2024.06.15 16:45;4;23.25;-200;-200;0;206;0;
3691;2024.06.15 17:00;4;23.25;-200;-200;0;206;0;
3692;2024.06.15 17:15;4;23.25;-200;-200;0;206;0;
3693;2024.06.15 17:30;4;23.25;-200;-200;0;206;0;
3694;2024.06.15 17:45;4;23.25;-200;-200;0;206;0;
3695;2024.06.15 18:00;4;23.25;-200;-200;0;206;0;
3696;2024.06.15 18:15;4;23.25;-200;-200;0;206;0;
3697;2024.06.15 18:30;4;23.25;-200;-200;0;206;0;
3698;2024.06.15 18:45;4;23.25;-200;-200;0;206;0;
3699;2024.06.15 19:00;4;23.25;-200;-200;0;206;0;
3700;2024.06.15 19:15;4;23.1875;-200;-200;0;206;0;
3701;2024.06.15 19:30;4;23.1875;-200;-200;0;206;0;
3702;2024.06.15 19:45;4;23.1875;-200;-200;0;206;0;
3703;2024.06.15 20:00;4;23.125;-200;-200;0;206;0;
3704;2024.06.15 20:15;4;23.125;-200;-200;0;206;0;
3705;2024.06.15 20:30;4;23.125;-200;-200;0;206;0;
3706;2024.06.15 20:45;4;23.125;-200;-200;0;206;0;
3707;2024.06.15 21:00;4;23.125;-200;-200;0;206;0;
3708;2024.06.15 21:15;4;23.125;-200;-200;0;206;0;
3709;2024.06.15 21:30;4;23.125;-200;-200;0;206;0;
3710;2024.06.15 21:45;4;23.125;-200;-200;0;206;0;
3711;2024.06.15 22:00;4;23.0625;-200;-200;0;206;0;
3712;2024.06.15 22:15;4;23.0625;-200;-200;0;206;0;
3713;2024.06.15 22:30;4;23.0625;-200;-200;0;206;0;
3714;2024.06.15 22:45;4;23;-200;-200;0;206;0;
3715;2024.06.15 23:00;4;23;-200;-200;0;206;0;
3716;2024.06.15 23:15;4;23;-200;-200;0;206;0;
3717;2024.06.15 23:30;4;23;-200;-200;0;206;0;
3718;2024.06.15 23:45;4;23;-200;-200;0;206;0;
3719;2024.06.16 00:00;4;23;-200;-200;0;206;0;
3720;2024.06.16 00:15;4;23;-200;-200;0;206;0;
3721;2024.06.16 00:30;4;23;-200;-200;0;206;0;
3722;2024.06.16 00:45;4;23;-200;-200;0;206;0;
3723;2024.06.16 01:00;4;23;-200;-200;0;206;0;
3724;2024.06.16 01:15;4;23;-200;-200;0;206;0;
3725;2024.06.16 01:30;4;23;-200;-200;0;206;0;
3726;2024.06.16 01:45;4;23;-200;-200;0;206;0;
3727;2024.06.16 02:00;4;23;-200;-200;0;206;0;
3728;2024.06.16 02:15;4;23;-200;-200;0;206;0;
3729;2024.06.16 02:30;4;23;-200;-200;0;206;0;
3730;2024.06.16 02:45;4;23.0625;-200;-200;0;206;0;
3731;2024.06.16 03:00;4;23.0625;-200;-200;0;206;0;
3732;2024.06.16 03:15;4;23.0625;-200;-200;0;206;0;
3733;2024.06.16 03:30;4;23.125;-200;-200;0;206;0;
3734;2024.06.16 03:45;4;23.125;-200;-200;0;206;0;
3735;2024.06.16 04:00;4;23.125;-200;-200;0;206;0;
3736;2024.06.16 04:15;4;23.125;-200;-200;0;206;0;
3737;2024.06.16 04:30;4;23.125;-200;-200;0;206;0;
3738;2024.06.16 04:45;4;23.125;-200;-200;0;206;0;
3739;2024.06.16 05:00;4;23.125;-200;-200;0;206;0;
3740;2024.06.16 05:15;4;23.125;-200;-200;0;206;0;
3741;2024.06.16 05:30;4;23.125;-200;-200;0;206;0;
3742;2024.06.16 05:45;4;23.125;-200;-200;0;206;0;
3743;2024.06.16 06:00;4;23.125;-200;-200;0;206;0;
3744;2024.06.16 06:15;4;23.125;-200;-200;0;206;0;
3745;2024.06.16 06:30;4;23.125;-200;-200;0;206;0;
3746;2024.06.16 06:45;4;23.125;-200;-200;0;206;0;
3747;2024.06.16 07:00;4;23.125;-200;-200;0;206;0;
3748;2024.06.16 07:15;4;23.125;-200;-200;0;206;0;
3749;2024.06.16 07:30;4;23.1875;-200;-200;0;206;0;
3750;2024.06.16 07:45;4;23.1875;-200;-200;0;206;0;
3751;2024.06.16 08:00;4;23.1875;-200;-200;0;206;0;
3752;2024.06.16 08:15;4;23.25;-200;-200;0;206;0;
3753;2024.06.16 08:30;4;23.25;-200;-200;0;206;0;
3754;2024.06.16 08:45;4;23.25;-200;-200;0;206;0;
3755;2024.06.16 09:00;4;23.25;-200;-200;0;206;0;
3756;2024.06.16 09:15;4;23.25;-200;-200;0;206;0;
3757;2024.06.16 09:30;4;23.25;-200;-200;0;206;0;
3758;2024.06.16 09:45;4;23.25;-200;-200;0;206;0;
3759;2024.06.16 10:00;4;23.25;-200;-200;0;206;0;
3760;2024.06.16 10:15;4;23.25;-200;-200;0;206;0;
3761;2024.06.16 10:30;4;23.25;-200;-200;0;206;0;
3762;2024.06.16 10:45;4;23.25;-200;-200;0;206;0;
3763;2024.06.16 11:00;4;23.25;-200;-200;0;206;0;
3764;2024.06.16 11:15;4;23.25;-200;-200;0;206;0;
3765;2024.06.16 11:30;4;23.25;-200;-200;0;206;0;
3766;2024.06.16 11:45;4;23.25;-200;-200;0;206;0;
3767;2024.06.16 12:00;4;23.25;-200;-200;0;206;0;
3768;2024.06.16 12:15;4;23.25;-200;-200;0;206;0;
3769;2024.06.16 12:30;4;23.25;-200;-200;0;206;0;
3770;2024.06.16 12:45;4;23.25;-200;-200;0;206;0;
3771;2024.06.16 13:00;4;23.25;-200;-200;0;206;0;
3772;2024.06.16 13:15;4;23.25;-200;-200;0;206;0;
3773;2024.06.16 13:30;4;23.25;-200;-200;0;206;0;
3774;2024.06.16 13:45;4;23.25;-200;-200;0;206;0;
3775;2024.06.16 14:00;4;23.25;-200;-200;0;206;0;
3776;2024.06.16 14:15;4;23.25;-200;-200;0;206;0;
3777;2024.06.16 14:30;4;23.25;-200;-200;0;206;0;
3778;2024.06.16 14:45;4;23.25;-200;-200;0;206;0;
3779;2024.06.16 15:00;4;23.25;-200;-200;0;206;0;
3780;2024.06.16 15:15;4;23.25;-200;-200;0;206;0;
3781;2024.06.16 15:30;4;23.25;-200;-200;0;206;0;
3782;2024.06.16 15:45;4;23.25;-200;-200;0;206;0;
3783;2024.06.16 16:00;4;23.25;-200;-200;0;206;0;
3784;2024.06.16 16:15;4;23.25;-200;-200;0;206;0;
3785;2024.06.16 16:30;4;23.25;-200;-200;0;206;0;
3786;2024.06.16 16:45;4;23.25;-200;-200;0;206;0;
3787;2024.06.16 17:00;4;23.25;-200;-200;0;206;0;
3788;2024.06.16 17:15;4;23.1875;-200;-200;0;206;0;
3789;2024.06.16 17:30;4;23.1875;-200;-200;0;206;0;
3790;2024.06.16 17:45;4;23.125;-200;-200;0;206;0;
3791;2024.06.16 18:00;4;23.125;-200;-200;0;206;0;
3792;2024.06.16 18:15;4;23.125;-200;-200;0;206;0;
3793;2024.06.16 18:30;4;23.125;-200;-200;0;206;0;
3794;2024.06.16 18:45;4;23.125;-200;-200;0;206;0;
3795;2024.06.16 19:00;4;23.125;-200;-200;0;206;0;
3796;2024.06.16 19:15;4;23.125;-200;-200;0;206;0;
3797;2024.06.16 19:30;4;23.125;-200;-200;0;206;0;
3798;2024.06.16 19:45;4;23.125;-200;-200;0;206;0;
3799;2024.06.16 20:00;4;23.0625;-200;-200;0;206;0;
3800;2024.06.16 20:15;4;23.0625;-200;-200;0;206;0;
3801;2024.06.16 20:30;4;23.0625;-200;-200;0;206;0;
3802;2024.06.16 20:45;4;23.0625;-200;-200;0;206;0;
3803;2024.06.16 21:00;4;23;-200;-200;0;206;0;
3804;2024.06.16 21:15;4;23;-200;-200;0;206;0;
3805;2024.06.16 21:30;4;23.0625;-200;-200;0;206;0;
3806;2024.06.16 21:45;4;23;-200;-200;0;206;0;
3807;2024.06.16 22:00;4;23;-200;-200;0;206;0;
3808;2024.06.16 22:15;4;23;-200;-200;0;206;0;
3809;2024.06.16 22:30;4;23;-200;-200;0;206;0;
3810;2024.06.16 22:45;4;23;-200;-200;0;206;0;
3811;2024.06.16 23:00;4;23;-200;-200;0;206;0;
3812;2024.06.16 23:15;4;23;-200;-200;0;206;0;
3813;2024.06.16 23:30;4;23;-200;-200;0;206;0;
3814;2024.06.16 23:45;4;23;-200;-200;0;206;0;
3815;2024.06.17 00:00;4;23;-200;-200;0;206;0;
3816;2024.06.17 00:15;4;23;-200;-200;0;206;0;
3817;2024.06.17 00:30;4;23;-200;-200;0;206;0;
3818;2024.06.17 00:45;4;23;-200;-200;0;206;0;
3819;2024.06.17 01:00;4;23;-200;-200;0;206;0;
3820;2024.06.17 01:15;4;23;-200;-200;0;206;0;
3821;2024.06.17 01:30;4;23.0625;-200;-200;0;206;0;
3822;2024.06.17 01:45;4;23.0625;-200;-200;0;206;0;
3823;2024.06.17 02:00;4;23.0625;-200;-200;0;206;0;
3824;2024.06.17 02:15;4;23.125;-200;-200;0;206;0;
3825;2024.06.17 02:30;4;23.125;-200;-200;0;206;0;
3826;2024.06.17 02:45;4;23.125;-200;-200;0;206;0;
3827;2024.06.17 03:00;4;23.125;-200;-200;0;206;0;
3828;2024.06.17 03:15;4;23.125;-200;-200;0;206;0;
3829;2024.06.17 03:30;4;23.125;-200;-200;0;206;0;
3830;2024.06.17 03:45;4;23.125;-200;-200;0;206;0;
3831;2024.06.17 04:00;4;23.125;-200;-200;0;206;0;
3832;2024.06.17 04:15;4;23.125;-200;-200;0;206;0;
3833;2024.06.17 04:30;4;23.125;-200;-200;0;206;0;
3834;2024.06.17 04:45;4;23.125;-200;-200;0;206;0;
3835;2024.06.17 05:00;4;23.125;-200;-200;0;206;0;
3836;2024.06.17 05:15;4;23.125;-200;-200;0;206;0;
3837;2024.06.17 05:30;4;23.1875;-200;-200;0;206;0;
3838;2024.06.17 05:45;4;23.1875;-200;-200;0;206;0;
3839;2024.06.17 06:00;4;23.1875;-200;-200;0;206;0;
3840;2024.06.17 06:15;4;23.125;-200;-200;0;206;0;
3841;2024.06.17 06:30;4;23.125;-200;-200;0;206;0;
3842;2024.06.17 06:45;4;23.125;-200;-200;0;206;0;
3843;2024.06.17 07:00;4;23.125;-200;-200;0;206;0;
3844;2024.06.17 07:15;4;23.125;-200;-200;0;206;0;
3845;2024.06.17 07:30;4;23.125;-200;-200;0;206;0;
3846;2024.06.17 07:45;4;23.125;-200;-200;0;206;0;
3847;2024.06.17 08:00;4;23.125;-200;-200;0;206;0;
3848;2024.06.17 08:15;4;23.125;-200;-200;0;206;0;
3849;2024.06.17 08:30;4;23.0625;-200;-200;0;206;0;
3850;2024.06.17 08:45;4;23.0625;-200;-200;0;206;0;
3851;2024.06.17 09:00;4;23.0625;-200;-200;0;206;0;
3852;2024.06.17 09:15;4;23.0625;-200;-200;0;206;0;
3853;2024.06.17 09:30;4;23.0625;-200;-200;0;206;0;
3854;2024.06.17 09:45;4;23.125;-200;-200;0;206;0;
3855;2024.06.17 10:00;4;23.125;-200;-200;0;206;0;
3856;2024.06.17 10:15;4;23.125;-200;-200;0;206;0;
3857;2024.06.17 10:30;4;23.125;-200;-200;0;206;0;
3858;2024.06.17 10:45;4;23.125;-200;-200;0;206;0;
3859;2024.06.17 11:00;4;23.125;-200;-200;0;206;0;
3860;2024.06.17 11:15;4;23.125;-200;-200;0;206;0;
3861;2024.06.17 11:30;4;23.125;-200;-200;0;206;0;
3862;2024.06.17 11:45;4;23.125;-200;-200;0;206;0;
3863;2024.06.17 12:00;4;23.125;-200;-200;0;206;0;
3864;2024.06.17 12:15;4;23.125;-200;-200;0;206;0;
3865;2024.06.17 12:30;4;23.125;-200;-200;0;206;0;
3866;2024.06.17 12:45;4;23.125;-200;-200;0;206;0;
3867;2024.06.17 13:00;4;23.125;-200;-200;0;206;0;
3868;2024.06.17 13:15;4;23.125;-200;-200;0;206;0;
3869;2024.06.17 13:30;4;23.125;-200;-200;0;206;0;
3870;2024.06.17 13:45;4;23.125;-200;-200;0;206;0;
3871;2024.06.17 14:00;4;23.125;-200;-200;0;206;0;
3872;2024.06.17 14:15;4;23.125;-200;-200;0;206;0;
3873;2024.06.17 14:30;4;23.125;-200;-200;0;206;0;
3874;2024.06.17 14:45;4;23.125;-200;-200;0;206;0;
3875;2024.06.17 15:00;4;23.125;-200;-200;0;206;0;
3876;2024.06.17 15:15;4;23.125;-200;-200;0;206;0;
3877;2024.06.17 15:30;4;23.125;-200;-200;0;206;0;
3878;2024.06.17 15:45;4;23.25;-200;-200;0;206;0;
3879;2024.06.17 16:00;4;23.25;-200;-200;0;206;0;
3880;2024.06.17 16:15;4;23.25;-200;-200;0;206;0;
3881;2024.06.17 16:30;4;23.25;-200;-200;0;206;0;
3882;2024.06.17 16:45;4;23.25;-200;-200;0;206;0;
3883;2024.06.17 17:00;4;23.3125;-200;-200;0;206;0;
3884;2024.06.17 17:15;4;23.3125;-200;-200;0;206;0;
3885;2024.06.17 17:30;4;23.3125;-200;-200;0;206;0;
3886;2024.06.17 17:45;4;23.375;-200;-200;0;206;0;
3887;2024.06.17 18:00;4;23.375;-200;-200;0;206;0;
3888;2024.06.17 18:15;4;23.375;-200;-200;0;206;0;
3889;2024.06.17 18:30;4;23.375;-200;-200;0;206;0;
3890;2024.06.17 18:45;4;23.375;-200;-200;0;206;0;
3891;2024.06.17 19:00;4;23.375;-200;-200;0;206;0;
3892;2024.06.17 19:15;4;23.375;-200;-200;0;206;0;
3893;2024.06.17 19:30;4;23.375;-200;-200;0;206;0;
3894;2024.06.17 19:45;4;23.375;-200;-200;0;206;0;
3895;2024.06.17 20:00;4;23.375;-200;-200;0;206;0;
3896;2024.06.17 20:15;4;23.4375;-200;-200;0;206;0;
3897;2024.06.17 20:30;4;23.4375;-200;-200;0;206;0;
3898;2024.06.17 20:45;4;23.4375;-200;-200;0;206;0;
3899;2024.06.17 21:00;4;23.4375;-200;-200;0;206;0;
3900;2024.06.17 21:15;4;23.4375;-200;-200;0;206;0;
3901;2024.06.17 21:30;4;23.4375;-200;-200;0;206;0;
3902;2024.06.17 21:45;4;23.4375;-200;-200;0;206;0;
3903;2024.06.17 22:00;4;23.4375;-200;-200;0;206;0;
3904;2024.06.17 22:15;4;23.4375;-200;-200;0;206;0;
3905;2024.06.17 22:30;4;23.4375;-200;-200;0;206;0;
3906;2024.06.17 22:45;4;23.4375;-200;-200;0;206;0;
3907;2024.06.17 23:00;4;23.4375;-200;-200;0;206;0;
3908;2024.06.17 23:15;4;23.375;-200;-200;0;206;0;
3909;2024.06.17 23:30;4;23.375;-200;-200;0;206;0;
3910;2024.06.17 23:45;4;23.375;-200;-200;0;206;0;
3911;2024.06.18 00:00;4;23.375;-200;-200;0;206;0;
3912;2024.06.18 00:15;4;23.375;-200;-200;0;206;0;
3913;2024.06.18 00:30;4;23.3125;-200;-200;0;206;0;
3914;2024.06.18 00:45;4;23.25;-200;-200;0;206;0;
3915;2024.06.18 01:00;4;23.25;-200;-200;0;206;0;
3916;2024.06.18 01:15;4;23.25;-200;-200;0;206;0;
3917;2024.06.18 01:30;4;23.25;-200;-200;0;206;0;
3918;2024.06.18 01:45;4;23.25;-200;-200;0;206;0;
3919;2024.06.18 02:00;4;23.1875;-200;-200;0;206;0;
3920;2024.06.18 02:15;4;23.1875;-200;-200;0;206;0;
3921;2024.06.18 02:30;4;23.1875;-200;-200;0;206;0;
3922;2024.06.18 02:45;4;23.125;-200;-200;0;206;0;
3923;2024.06.18 03:00;4;23.125;-200;-200;0;206;0;
3924;2024.06.18 03:15;4;23.125;-200;-200;0;206;0;
3925;2024.06.18 03:30;4;23.125;-200;-200;0;206;0;
3926;2024.06.18 03:45;4;23.125;-200;-200;0;206;0;
3927;2024.06.18 04:00;4;23.125;-200;-200;0;206;0;
3928;2024.06.18 04:15;4;23.125;-200;-200;0;206;0;
3929;2024.06.18 04:30;4;23.125;-200;-200;0;206;0;
3930;2024.06.18 04:45;4;23.125;-200;-200;0;206;0;
3931;2024.06.18 05:00;4;23.125;-200;-200;0;206;0;
3932;2024.06.18 05:15;4;23.125;-200;-200;0;206;0;
3933;2024.06.18 05:30;4;23.125;-200;-200;0;206;0;
3934;2024.06.18 05:45;4;23.125;-200;-200;0;206;0;
3935;2024.06.18 06:00;4;23.125;-200;-200;0;206;0;
3936;2024.06.18 06:15;4;23.125;-200;-200;0;206;0;
3937;2024.06.18 06:30;4;23.125;-200;-200;0;206;0;
3938;2024.06.18 06:45;4;23.125;-200;-200;0;206;0;
3939;2024.06.18 07:00;4;23.125;-200;-200;0;206;0;
3940;2024.06.18 07:15;4;23.0625;-200;-200;0;206;0;
3941;2024.06.18 07:30;4;23.0625;-200;-200;0;206;0;
3942;2024.06.18 07:45;4;23.0625;-200;-200;0;206;0;
3943;2024.06.18 08:00;4;23.0625;-200;-200;0;206;0;
3944;2024.06.18 08:15;4;23.0625;-200;-200;0;206;0;
3945;2024.06.18 08:30;4;23.125;-200;-200;0;206;0;
3946;2024.06.18 08:45;4;23.0625;-200;-200;0;206;0;
3947;2024.06.18 09:00;4;23.0625;-200;-200;0;206;0;
3948;2024.06.18 09:15;4;23.0625;-200;-200;0;206;0;
3949;2024.06.18 09:30;4;23.0625;-200;-200;0;206;0;
3950;2024.06.18 09:45;4;23.0625;-200;-200;0;206;0;
3951;2024.06.18 10:00;4;23.0625;-200;-200;0;206;0;
3952;2024.06.18 10:15;4;23.0625;-200;-200;0;206;0;
3953;2024.06.18 10:30;4;23.0625;-200;-200;0;206;0;
3954;2024.06.18 10:45;4;23.0625;-200;-200;0;206;0;
3955;2024.06.18 11:00;4;23.0625;-200;-200;0;206;0;
3956;2024.06.18 11:15;4;23.0625;-200;-200;0;206;0;
3957;2024.06.18 11:30;4;23.0625;-200;-200;0;206;0;
3958;2024.06.18 11:45;4;23.0625;-200;-200;0;206;0;
3959;2024.06.18 12:00;4;23.0625;-200;-200;0;206;0;
3960;2024.06.18 12:15;4;23.0625;-200;-200;0;206;0;
3961;2024.06.18 12:30;4;23.0625;-200;-200;0;206;0;
3962;2024.06.18 12:45;4;23.0625;-200;-200;0;206;0;
3963;2024.06.18 13:00;4;23.125;-200;-200;0;206;0;
3964;2024.06.18 13:15;4;23.125;-200;-200;0;206;0;
3965;2024.06.18 13:30;4;23.125;-200;-200;0;206;0;
3966;2024.06.18 13:45;4;23.125;-200;-200;0;206;0;
3967;2024.06.18 14:00;4;23.125;-200;-200;0;206;0;
3968;2024.06.18 14:15;4;23.125;-200;-200;0;206;0;
3969;2024.06.18 14:30;4;23.125;-200;-200;0;206;0;
3970;2024.06.18 14:45;4;23.125;-200;-200;0;206;0;
3971;2024.06.18 15:00;4;23.125;-200;-200;0;206;0;
3972;2024.06.18 15:15;4;23.125;-200;-200;0;206;0;
3973;2024.06.18 15:30;4;23.125;-200;-200;0;206;0;
3974;2024.06.18 15:45;4;23.125;-200;-200;0;206;0;
3975;2024.06.18 16:00;4;23.125;-200;-200;0;206;0;
3976;2024.06.18 16:15;4;23.1875;-200;-200;0;206;0;
3977;2024.06.18 16:30;4;23.25;-200;-200;0;206;0;
3978;2024.06.18 16:45;4;23.25;-200;-200;0;206;0;
3979;2024.06.18 17:00;4;23.25;-200;-200;0;206;0;
3980;2024.06.18 17:15;4;23.25;-200;-200;0;206;0;
3981;2024.06.18 17:30;4;23.25;-200;-200;0;206;0;
3982;2024.06.18 17:45;4;23.3125;-200;-200;0;206;0;
3983;2024.06.18 18:00;4;23.3125;-200;-200;0;206;0;
3984;2024.06.18 18:15;4;23.3125;-200;-200;0;206;0;
3985;2024.06.18 18:30;4;23.3125;-200;-200;0;206;0;
3986;2024.06.18 18:45;4;23.3125;-200;-200;0;206;0;
3987;2024.06.18 19:00;4;23.375;-200;-200;0;206;0;
3988;2024.06.18 19:15;4;23.375;-200;-200;0;206;0;
3989;2024.06.18 19:30;4;23.3125;-200;-200;0;206;0;
3990;2024.06.18 19:45;4;23.375;-200;-200;0;206;0;
3991;2024.06.18 20:00;4;23.375;-200;-200;0;206;0;
3992;2024.06.18 20:15;4;23.375;-200;-200;0;206;0;
3993;2024.06.18 20:30;4;23.375;-200;-200;0;206;0;
3994;2024.06.18 20:45;4;23.375;-200;-200;0;206;0;
3995;2024.06.18 21:00;4;23.375;-200;-200;0;206;0;
3996;2024.06.18 21:15;4;23.375;-200;-200;0;206;0;
3997;2024.06.18 21:30;4;23.375;-200;-200;0;206;0;
3998;2024.06.18 21:45;4;23.375;-200;-200;0;206;0;
3999;2024.06.18 22:00;4;23.375;-200;-200;0;206;0;
4000;2024.06.18 22:15;4;23.375;-200;-200;0;206;0;
4001;2024.06.18 22:30;4;23.375;-200;-200;0;206;0;
4002;2024.06.18 22:45;4;23.375;-200;-200;0;206;0;
4003;2024.06.18 23:00;4;23.375;-200;-200;0;206;0;
4004;2024.06.18 23:15;4;23.375;-200;-200;0;206;0;
4005;2024.06.18 23:30;4;23.375;-200;-200;0;206;0;
4006;2024.06.18 23:45;4;23.375;-200;-200;0;206;0;
4007;2024.06.19 00:00;4;23.375;-200;-200;0;206;0;
4008;2024.06.19 00:15;4;23.375;-200;-200;0;206;0;
4009;2024.06.19 00:30;4;23.3125;-200;-200;0;206;0;
4010;2024.06.19 00:45;4;23.3125;-200;-200;0;206;0;
4011;2024.06.19 01:00;4;23.25;-200;-200;0;206;0;
4012;2024.06.19 01:15;4;23.25;-200;-200;0;206;0;
4013;2024.06.19 01:30;4;23.25;-200;-200;0;206;0;
4014;2024.06.19 01:45;4;23.25;-200;-200;0;206;0;
4015;2024.06.19 02:00;4;23.25;-200;-200;0;206;0;
4016;2024.06.19 02:15;4;23.25;-200;-200;0;206;0;
4017;2024.06.19 02:30;4;23.25;-200;-200;0;206;0;
4018;2024.06.19 02:45;4;23.25;-200;-200;0;206;0;
4019;2024.06.19 03:00;4;23.25;-200;-200;0;206;0;
4020;2024.06.19 03:15;4;23.25;-200;-200;0;206;0;
4021;2024.06.19 03:30;4;23.25;-200;-200;0;206;0;
4022;2024.06.19 03:45;4;23.25;-200;-200;0;206;0;
4023;2024.06.19 04:00;4;23.25;-200;-200;0;206;0;
4024;2024.06.19 04:15;4;23.25;-200;-200;0;206;0;
4025;2024.06.19 04:30;4;23.25;-200;-200;0;206;0;
4026;2024.06.19 04:45;4;23.25;-200;-200;0;206;0;
4027;2024.06.19 05:00;4;23.25;-200;-200;0;206;0;
4028;2024.06.19 05:15;4;23.25;-200;-200;0;206;0;
4029;2024.06.19 05:30;4;23.25;-200;-200;0;206;0;
4030;2024.06.19 05:45;4;23.25;-200;-200;0;206;0;
4031;2024.06.19 06:00;4;23.25;-200;-200;0;206;0;
4032;2024.06.19 06:15;4;23.25;-200;-200;0;206;0;
4033;2024.06.19 06:30;4;23.1875;-200;-200;0;206;0;
4034;2024.06.19 06:45;4;23.1875;-200;-200;0;206;0;
4035;2024.06.19 07:00;4;23.1875;-200;-200;0;206;0;
4036;2024.06.19 07:15;4;23.1875;-200;-200;0;206;0;
4037;2024.06.19 07:30;4;23.1875;-200;-200;0;206;0;
4038;2024.06.19 07:45;4;23.1875;-200;-200;0;206;0;
4039;2024.06.19 08:00;4;23.1875;-200;-200;0;206;0;
4040;2024.06.19 08:15;4;23.1875;-200;-200;0;206;0;
4041;2024.06.19 08:30;4;23.1875;-200;-200;0;206;0;
4042;2024.06.19 08:45;4;23.1875;-200;-200;0;206;0;
4043;2024.06.19 09:00;4;23.1875;-200;-200;0;206;0;
4044;2024.06.19 09:15;4;23.1875;-200;-200;0;206;0;
4045;2024.06.19 09:30;4;23.125;-200;-200;0;206;0;
4046;2024.06.19 09:45;4;23.125;-200;-200;0;206;0;
4047;2024.06.19 10:00;4;23.125;-200;-200;0;206;0;
4048;2024.06.19 10:15;4;23.125;-200;-200;0;206;0;
4049;2024.06.19 10:30;4;23.125;-200;-200;0;206;0;
4050;2024.06.19 10:45;4;23.125;-200;-200;0;206;0;
4051;2024.06.19 11:00;4;23.125;-200;-200;0;206;0;
4052;2024.06.19 11:15;4;23.125;-200;-200;0;206;0;
4053;2024.06.19 11:30;4;23.125;-200;-200;0;206;0;
4054;2024.06.19 11:45;4;23.125;-200;-200;0;206;0;
4055;2024.06.19 12:00;4;23.125;-200;-200;0;206;0;
4056;2024.06.19 12:15;4;23.125;-200;-200;0;206;0;
4057;2024.06.19 12:30;4;23.125;-200;-200;0;206;0;
4058;2024.06.19 12:45;4;23.125;-200;-200;0;206;0;
4059;2024.06.19 13:00;4;23.1875;-200;-200;0;206;0;
4060;2024.06.19 13:15;4;23.1875;-200;-200;0;206;0;
4061;2024.06.19 13:30;4;23.1875;-200;-200;0;206;0;
4062;2024.06.19 13:45;4;23.1875;-200;-200;0;206;0;
4063;2024.06.19 14:00;4;23.1875;-200;-200;0;206;0;
4064;2024.06.19 14:15;4;23.1875;-200;-200;0;206;0;
4065;2024.06.19 14:30;4;23.1875;-200;-200;0;206;0;
4066;2024.06.19 14:45;4;23.25;-200;-200;0;206;0;
4067;2024.06.19 15:00;4;23.25;-200;-200;0;206;0;
4068;2024.06.19 15:15;4;23.25;-200;-200;0;206;0;
4069;2024.06.19 15:30;4;23.3125;-200;-200;0;206;0;
4070;2024.06.19 15:45;4;23.375;-200;-200;0;206;0;
4071;2024.06.19 16:00;4;23.375;-200;-200;0;206;0;
4072;2024.06.19 16:15;4;23.375;-200;-200;0;206;0;
4073;2024.06.19 16:30;4;23.375;-200;-200;0;206;0;
4074;2024.06.19 16:45;4;23.375;-200;-200;0;206;0;
4075;2024.06.19 17:00;4;23.375;-200;-200;0;206;0;
4076;2024.06.19 17:15;4;23.375;-200;-200;0;206;0;
4077;2024.06.19 17:30;4;23.375;-200;-200;0;206;0;
4078;2024.06.19 17:45;4;23.375;-200;-200;0;206;0;
4079;2024.06.19 18:00;4;23.375;-200;-200;0;206;0;
4080;2024.06.19 18:15;4;23.375;-200;-200;0;206;0;
4081;2024.06.19 18:30;4;23.375;-200;-200;0;206;0;
4082;2024.06.19 18:45;4;23.375;-200;-200;0;206;0;
4083;2024.06.19 19:00;4;23.375;-200;-200;0;206;0;
4084;2024.06.19 19:15;4;23.375;-200;-200;0;206;0;
4085;2024.06.19 19:30;4;23.375;-200;-200;0;206;0;
4086;2024.06.19 19:45;4;23.375;-200;-200;0;206;0;
4087;2024.06.19 20:00;4;23.375;-200;-200;0;206;0;
4088;2024.06.19 20:15;4;23.375;-200;-200;0;206;0;
4089;2024.06.19 20:30;4;23.375;-200;-200;0;206;0;
4090;2024.06.19 20:45;4;23.375;-200;-200;0;206;0;
4091;2024.06.19 21:00;4;23.375;-200;-200;0;206;0;
4092;2024.06.19 21:15;4;23.375;-200;-200;0;206;0;
4093;2024.06.19 21:30;4;23.375;-200;-200;0;206;0;
4094;2024.06.19 21:45;4;23.375;-200;-200;0;206;0;
4095;2024.06.19 22:00;4;23.375;-200;-200;0;206;0;
4096;2024.06.19 22:15;4;23.375;-200;-200;0;206;0;
4097;2024.06.19 22:30;4;23.375;-200;-200;0;206;0;
4098;2024.06.19 22:45;4;23.375;-200;-200;0;206;0;
4099;2024.06.19 23:00;4;23.4375;-200;-200;0;206;0;
4100;2024.06.19 23:15;4;23.4375;-200;-200;0;206;0;
4101;2024.06.19 23:30;4;23.4375;-200;-200;0;206;0;
4102;2024.06.19 23:45;4;23.375;-200;-200;0;206;0;
4103;2024.06.20 00:00;4;23.375;-200;-200;0;206;0;
4104;2024.06.20 00:15;4;23.375;-200;-200;0;206;0;
4105;2024.06.20 00:30;4;23.375;-200;-200;0;206;0;
4106;2024.06.20 00:45;4;23.375;-200;-200;0;206;0;
4107;2024.06.20 01:00;4;23.375;-200;-200;0;206;0;
4108;2024.06.20 01:15;4;23.375;-200;-200;0;206;0;
4109;2024.06.20 01:30;4;23.375;-200;-200;0;206;0;
4110;2024.06.20 01:45;4;23.4375;-200;-200;0;206;0;
4111;2024.06.20 02:00;4;23.4375;-200;-200;0;206;0;
4112;2024.06.20 02:15;4;23.5;-200;-200;0;206;0;
4113;2024.06.20 02:30;4;23.5;-200;-200;0;206;0;
4114;2024.06.20 02:45;4;23.5;-200;-200;0;206;0;
4115;2024.06.20 03:00;4;23.5;-200;-200;0;206;0;
4116;2024.06.20 03:15;4;23.5;-200;-200;0;206;0;
4117;2024.06.20 03:30;4;23.5;-200;-200;0;206;0;
4118;2024.06.20 03:45;4;23.5;-200;-200;0;206;0;
4119;2024.06.20 04:00;4;23.5;-200;-200;0;206;0;
4120;2024.06.20 04:15;4;23.5;-200;-200;0;206;0;
4121;2024.06.20 04:30;4;23.5;-200;-200;0;206;0;
4122;2024.06.20 04:45;4;23.5;-200;-200;0;206;0;
4123;2024.06.20 05:00;4;23.5;-200;-200;0;206;0;
4124;2024.06.20 05:15;4;23.5;-200;-200;0;206;0;
4125;2024.06.20 05:30;4;23.5;-200;-200;0;206;0;
4126;2024.06.20 05:45;4;23.5;-200;-200;0;206;0;
4127;2024.06.20 06:00;4;23.5;-200;-200;0;206;0;
4128;2024.06.20 06:15;4;23.5;-200;-200;0;206;0;
4129;2024.06.20 06:30;4;23.5;-200;-200;0;206;0;
4130;2024.06.20 06:45;4;23.5;-200;-200;0;206;0;
4131;2024.06.20 07:00;4;23.5;-200;-200;0;206;0;
4132;2024.06.20 07:15;4;23.5;-200;-200;0;206;0;
4133;2024.06.20 07:30;4;23.5;-200;-200;0;206;0;
4134;2024.06.20 07:45;4;23.5;-200;-200;0;206;0;
4135;2024.06.20 08:00;4;23.5;-200;-200;0;206;0;
4136;2024.06.20 08:15;4;23.5;-200;-200;0;206;0;
4137;2024.06.20 08:30;4;23.5;-200;-200;0;206;0;
4138;2024.06.20 08:45;4;23.5;-200;-200;0;206;0;
4139;2024.06.20 09:00;4;23.5;-200;-200;0;206;0;
4140;2024.06.20 09:15;4;23.4375;-200;-200;0;206;0;
4141;2024.06.20 09:30;4;23.4375;-200;-200;0;206;0;
4142;2024.06.20 09:45;4;23.4375;-200;-200;0;206;0;
4143;2024.06.20 10:00;4;23.4375;-200;-200;0;206;0;
4144;2024.06.20 10:15;4;23.4375;-200;-200;0;206;0;
4145;2024.06.20 10:30;4;23.375;-200;-200;0;206;0;
4146;2024.06.20 10:45;4;23.375;-200;-200;0;206;0;
4147;2024.06.20 11:00;4;23.375;-200;-200;0;206;0;
4148;2024.06.20 11:15;4;23.375;-200;-200;0;206;0;
4149;2024.06.20 11:30;4;23.375;-200;-200;0;206;0;
4150;2024.06.20 11:45;4;23.375;-200;-200;0;206;0;
4151;2024.06.20 12:00;4;23.375;-200;-200;0;206;0;
4152;2024.06.20 12:15;4;23.25;-200;-200;0;206;0;
4153;2024.06.20 12:30;4;23.125;-200;-200;0;206;0;
4154;2024.06.20 12:45;4;22.1875;-200;-200;0;206;0;
4155;2024.06.20 13:00;4;21.9375;-200;-200;0;206;0;
4156;2024.06.20 13:15;4;21.5;-200;-200;0;206;0;
4157;2024.06.20 13:30;4;21.125;-200;-200;0;206;0;
4158;2024.06.20 13:45;4;20.9375;-200;-200;0;206;0;
4159;2024.06.20 14:00;4;20.75;-200;-200;0;206;0;
4160;2024.06.20 14:15;4;20.5;-200;-200;0;206;0;
4161;2024.06.20 14:30;4;20.25;-200;-200;0;206;0;
4162;2024.06.20 14:45;4;19.125;-200;-200;0;206;0;
4163;2024.06.20 15:00;4;18.8125;-200;-200;0;206;0;
4164;2024.06.20 15:15;4;18.1875;-200;-200;0;206;0;
4165;2024.06.20 15:30;4;18.1875;-200;-200;0;206;0;
4166;2024.06.20 15:45;4;19.125;-200;-200;0;206;0;
4167;2024.06.20 16:00;4;20.0625;-200;-200;0;206;0;
4168;2024.06.20 16:15;4;19.5;-200;-200;0;206;0;
4169;2024.06.20 16:30;4;19.125;-200;-200;0;206;0;
4170;2024.06.20 16:45;4;18.75;-200;-200;0;206;0;
4171;2024.06.20 17:00;4;18.375;-200;-200;0;206;0;
4172;2024.06.20 17:15;4;20;-200;-200;0;206;0;
4173;2024.06.20 17:30;4;20.375;-200;-200;0;206;0;
4174;2024.06.20 17:45;4;20.6875;-200;-200;0;206;0;
4175;2024.06.20 18:00;4;22.25;-200;-200;0;206;0;
4176;2024.06.20 18:15;4;24.125;-200;-200;0;206;0;
4177;2024.06.20 18:30;4;22.625;-200;-200;0;206;0;
4178;2024.06.20 18:45;4;23.375;-200;-200;0;206;0;
4179;2024.06.20 19:00;4;24.3125;-200;-200;0;206;0;
4180;2024.06.20 19:15;4;25.625;-200;-200;0;206;0;
4181;2024.06.20 19:30;4;26.75;-200;-200;0;206;0;
4182;2024.06.20 19:45;4;26.75;-200;-200;0;206;0;
4183;2024.06.20 20:00;4;26.25;-200;-200;0;206;0;
4184;2024.06.20 20:15;4;25.375;-200;-200;0;206;0;
4185;2024.06.20 20:30;4;24.8125;-200;-200;0;206;0;
4186;2024.06.20 20:45;4;24.375;-200;-200;0;206;0;
4187;2024.06.20 21:00;4;24.375;-200;-200;0;206;0;
4188;2024.06.20 21:15;4;24.0625;-200;-200;0;206;0;
4189;2024.06.20 21:30;4;25;-200;-200;0;206;0;
4190;2024.06.20 21:45;4;24;-200;-200;0;206;0;
4191;2024.06.20 22:00;4;23.6875;-200;-200;0;206;0;
4192;2024.06.20 22:15;4;23.4375;-200;-200;0;206;0;
4193;2024.06.20 22:30;4;23.5;-200;-200;0;206;0;
4194;2024.06.20 22:45;4;23.375;-200;-200;0;206;0;
4195;2024.06.20 23:00;4;23.3125;-200;-200;0;206;0;
4196;2024.06.20 23:15;4;23.25;-200;-200;0;206;0;
4197;2024.06.20 23:30;4;23.25;-200;-200;0;206;0;
4198;2024.06.20 23:45;4;23.375;-200;-200;0;206;0;
4199;2024.06.21 00:00;4;23.375;-200;-200;0;206;0;
4200;2024.06.21 00:15;4;23.375;-200;-200;0;206;0;
4201;2024.06.21 00:30;4;23.375;-200;-200;0;206;0;
4202;2024.06.21 00:45;4;23.375;-200;-200;0;206;0;
4203;2024.06.21 01:00;4;23.375;-200;-200;0;206;0;
4204;2024.06.21 01:15;4;23.375;-200;-200;0;206;0;
4205;2024.06.21 01:30;4;23.375;-200;-200;0;206;0;
4206;2024.06.21 01:45;4;23.375;-200;-200;0;206;0;
4207;2024.06.21 02:00;4;23.375;-200;-200;0;206;0;
4208;2024.06.21 02:15;4;23.25;-200;-200;0;206;0;
4209;2024.06.21 02:30;4;23.25;-200;-200;0;206;0;
4210;2024.06.21 02:45;4;23.25;-200;-200;0;206;0;
4211;2024.06.21 03:00;4;23.25;-200;-200;0;206;0;
4212;2024.06.21 03:15;4;23.25;-200;-200;0;206;0;
4213;2024.06.21 03:30;4;23.1875;-200;-200;0;206;0;
4214;2024.06.21 03:45;4;23.1875;-200;-200;0;206;0;
4215;2024.06.21 04:00;4;23.125;-200;-200;0;206;0;
4216;2024.06.21 04:15;4;23.125;-200;-200;0;206;0;
4217;2024.06.21 04:30;4;23.125;-200;-200;0;206;0;
4218;2024.06.21 04:45;4;23.125;-200;-200;0;206;0;
4219;2024.06.21 05:00;4;23.125;-200;-200;0;206;0;
4220;2024.06.21 05:15;4;23.125;-200;-200;0;206;0;
4221;2024.06.21 05:30;4;23.125;-200;-200;0;206;0;
4222;2024.06.21 05:45;4;23.125;-200;-200;0;206;0;
4223;2024.06.21 06:00;4;23.125;-200;-200;0;206;0;
4224;2024.06.21 06:15;4;23.0625;-200;-200;0;206;0;
4225;2024.06.21 06:30;4;23.0625;-200;-200;0;206;0;
4226;2024.06.21 06:45;4;23;-200;-200;0;206;0;
4227;2024.06.21 07:00;4;23;-200;-200;0;206;0;
4228;2024.06.21 07:15;4;23;-200;-200;0;206;0;
4229;2024.06.21 07:30;4;23;-200;-200;0;206;0;
4230;2024.06.21 07:45;4;23;-200;-200;0;206;0;
4231;2024.06.21 08:00;4;23;-200;-200;0;206;0;
4232;2024.06.21 08:15;4;23;-200;-200;0;206;0;
4233;2024.06.21 08:30;4;23;-200;-200;0;206;0;
4234;2024.06.21 08:45;4;23;-200;-200;0;206;0;
4235;2024.06.21 09:00;4;23;-200;-200;0;206;0;
4236;2024.06.21 09:15;4;23;-200;-200;0;206;0;
4237;2024.06.21 09:30;4;23;-200;-200;0;206;0;
4238;2024.06.21 09:45;4;23;-200;-200;0;206;0;
4239;2024.06.21 10:00;4;23;-200;-200;0;206;0;
4240;2024.06.21 10:15;4;23;-200;-200;0;206;0;
4241;2024.06.21 10:30;4;23;-200;-200;0;206;0;
4242;2024.06.21 10:45;4;23;-200;-200;0;206;0;
4243;2024.06.21 11:00;4;23;-200;-200;0;206;0;
4244;2024.06.21 11:15;4;23;-200;-200;0;206;0;
4245;2024.06.21 11:30;4;23;-200;-200;0;206;0;
4246;2024.06.21 11:45;4;23;-200;-200;0;206;0;
4247;2024.06.21 12:00;4;23;-200;-200;0;206;0;
4248;2024.06.21 12:15;4;23;-200;-200;0;206;0;
4249;2024.06.21 12:30;4;23;-200;-200;0;206;0;
4250;2024.06.21 12:45;4;22.9375;-200;-200;0;206;0;
4251;2024.06.21 13:00;4;23;-200;-200;0;206;0;
4252;2024.06.21 13:15;4;23;-200;-200;0;206;0;
4253;2024.06.21 13:30;4;22.9375;-200;-200;0;206;0;
4254;2024.06.21 13:45;4;23;-200;-200;0;206;0;
4255;2024.06.21 14:00;4;23;-200;-200;0;206;0;
4256;2024.06.21 14:15;4;23;-200;-200;0;206;0;
4257;2024.06.21 14:30;4;23;-200;-200;0;206;0;
4258;2024.06.21 14:45;4;23;-200;-200;0;206;0;
4259;2024.06.21 15:00;4;23.0625;-200;-200;0;206;0;
4260;2024.06.21 15:15;4;23.125;-200;-200;0;206;0;
4261;2024.06.21 15:30;4;23.125;-200;-200;0;206;0;
4262;2024.06.21 15:45;4;23.1875;-200;-200;0;206;0;
4263;2024.06.21 16:00;4;23.25;-200;-200;0;206;0;
4264;2024.06.21 16:15;4;23.25;-200;-200;0;206;0;
4265;2024.06.21 16:30;4;23.3125;-200;-200;0;206;0;
4266;2024.06.21 16:45;4;23.375;-200;-200;0;206;0;
4267;2024.06.21 17:00;4;23.375;-200;-200;0;206;0;
4268;2024.06.21 17:15;4;23;-200;-200;0;206;0;
4269;2024.06.21 17:30;4;23.25;-200;-200;0;206;0;
4270;2024.06.21 17:45;4;23.375;-200;-200;0;206;0;
4271;2024.06.21 18:00;4;23.125;-200;-200;0;206;0;
4272;2024.06.21 18:15;4;23.25;-200;-200;0;206;0;
4273;2024.06.21 18:30;4;23.375;-200;-200;0;206;0;
4274;2024.06.21 18:45;4;23.5;-200;-200;0;206;0;
4275;2024.06.21 19:00;4;23.5;-200;-200;0;206;0;
4276;2024.06.21 19:15;4;23.5;-200;-200;0;206;0;
4277;2024.06.21 19:30;4;23.5625;-200;-200;0;206;0;
4278;2024.06.21 19:45;4;23.5625;-200;-200;0;206;0;
4279;2024.06.21 20:00;4;23.5625;-200;-200;0;206;0;
4280;2024.06.21 20:15;4;23.625;-200;-200;0;206;0;
4281;2024.06.21 20:30;4;23.625;-200;-200;0;206;0;
4282;2024.06.21 20:45;4;23.625;-200;-200;0;206;0;
4283;2024.06.21 21:00;4;23.625;-200;-200;0;206;0;
4284;2024.06.21 21:15;4;23.625;-200;-200;0;206;0;
4285;2024.06.21 21:30;4;23.625;-200;-200;0;206;0;
4286;2024.06.21 21:45;4;23.625;-200;-200;0;206;0;
4287;2024.06.21 22:00;4;23.625;-200;-200;0;206;0;
4288;2024.06.21 22:15;4;23.625;-200;-200;0;206;0;
4289;2024.06.21 22:30;4;23.625;-200;-200;0;206;0;
4290;2024.06.21 22:45;4;23.5625;-200;-200;0;206;0;
4291;2024.06.21 23:00;4;23.5;-200;-200;0;206;0;
4292;2024.06.21 23:15;4;23.5;-200;-200;0;206;0;
4293;2024.06.21 23:30;4;23.5;-200;-200;0;206;0;
4294;2024.06.21 23:45;4;23.5;-200;-200;0;206;0;
4295;2024.06.22 00:00;4;23.5;-200;-200;0;206;0;
4296;2024.06.22 00:15;4;23.5;-200;-200;0;206;0;
4297;2024.06.22 00:30;4;23.5;-200;-200;0;206;0;
4298;2024.06.22 00:45;4;23.5;-200;-200;0;206;0;
4299;2024.06.22 01:00;4;23.5;-200;-200;0;206;0;
4300;2024.06.22 01:15;4;23.5;-200;-200;0;206;0;
4301;2024.06.22 01:30;4;23.5;-200;-200;0;206;0;
4302;2024.06.22 01:45;4;23.5;-200;-200;0;206;0;
4303;2024.06.22 02:00;4;23.5;-200;-200;0;206;0;
4304;2024.06.22 02:15;4;23.5;-200;-200;0;206;0;
4305;2024.06.22 02:30;4;23.5;-200;-200;0;206;0;
4306;2024.06.22 02:45;4;23.5;-200;-200;0;206;0;
4307;2024.06.22 03:00;4;23.5;-200;-200;0;206;0;
4308;2024.06.22 03:15;4;23.5;-200;-200;0;206;0;
4309;2024.06.22 03:30;4;23.5;-200;-200;0;206;0;
4310;2024.06.22 03:45;4;23.5;-200;-200;0;206;0;
4311;2024.06.22 04:00;4;23.5;-200;-200;0;206;0;
4312;2024.06.22 04:15;4;23.4375;-200;-200;0;206;0;
4313;2024.06.22 04:30;4;23.4375;-200;-200;0;206;0;
4314;2024.06.22 04:45;4;23.4375;-200;-200;0;206;0;
4315;2024.06.22 05:00;4;23.5;-200;-200;0;206;0;
4316;2024.06.22 05:15;4;23.5;-200;-200;0;206;0;
4317;2024.06.22 05:30;4;23.5;-200;-200;0;206;0;
4318;2024.06.22 05:45;4;23.5;-200;-200;0;206;0;
4319;2024.06.22 06:00;4;23.5;-200;-200;0;206;0;
4320;2024.06.22 06:15;4;23.5;-200;-200;0;206;0;
4321;2024.06.22 06:30;4;23.4375;-200;-200;0;206;0;
4322;2024.06.22 06:45;4;23.4375;-200;-200;0;206;0;
4323;2024.06.22 07:00;4;23.375;-200;-200;0;206;0;
4324;2024.06.22 07:15;4;23.375;-200;-200;0;206;0;
4325;2024.06.22 07:30;4;23.375;-200;-200;0;206;0;
4326;2024.06.22 07:45;4;23.375;-200;-200;0;206;0;
4327;2024.06.22 08:00;4;23.25;-200;-200;0;206;0;
4328;2024.06.22 08:15;4;23.25;-200;-200;0;206;0;
4329;2024.06.22 08:30;4;23.25;-200;-200;0;206;0;
4330;2024.06.22 08:45;4;23.25;-200;-200;0;206;0;
4331;2024.06.22 09:00;4;23.1875;-200;-200;0;206;0;
4332;2024.06.22 09:15;4;23.25;-200;-200;0;206;0;
4333;2024.06.22 09:30;4;23.25;-200;-200;0;206;0;
4334;2024.06.22 09:45;4;23.25;-200;-200;0;206;0;
4335;2024.06.22 10:00;4;23.3125;-200;-200;0;206;0;
4336;2024.06.22 10:15;4;23.25;-200;-200;0;206;0;
4337;2024.06.22 10:30;4;23.25;-200;-200;0;206;0;
4338;2024.06.22 10:45;4;23.25;-200;-200;0;206;0;
4339;2024.06.22 11:00;4;23.25;-200;-200;0;206;0;
4340;2024.06.22 11:15;4;23.25;-200;-200;0;206;0;
4341;2024.06.22 11:30;4;23.25;-200;-200;0;206;0;
4342;2024.06.22 11:45;4;23.25;-200;-200;0;206;0;
4343;2024.06.22 12:00;4;23.25;-200;-200;0;206;0;
4344;2024.06.22 12:15;4;23.25;-200;-200;0;206;0;
4345;2024.06.22 12:30;4;23.25;-200;-200;0;206;0;
4346;2024.06.22 12:45;4;23.25;-200;-200;0;206;0;
4347;2024.06.22 13:00;4;23.125;-200;-200;0;206;0;
4348;2024.06.22 13:15;4;23.125;-200;-200;0;206;0;
4349;2024.06.22 13:30;4;23.125;-200;-200;0;206;0;
4350;2024.06.22 13:45;4;23.1875;-200;-200;0;206;0;
4351;2024.06.22 14:00;4;23.1875;-200;-200;0;206;0;
4352;2024.06.22 14:15;4;23.25;-200;-200;0;206;0;
4353;2024.06.22 14:30;4;23.25;-200;-200;0;206;0;
4354;2024.06.22 14:45;4;23.1875;-200;-200;0;206;0;
4355;2024.06.22 15:00;4;23.1875;-200;-200;0;206;0;
4356;2024.06.22 15:15;4;23.1875;-200;-200;0;206;0;
4357;2024.06.22 15:30;4;23.1875;-200;-200;0;206;0;
4358;2024.06.22 15:45;4;23.1875;-200;-200;0;206;0;
4359;2024.06.22 16:00;4;23.1875;-200;-200;0;206;0;
4360;2024.06.22 16:15;4;23.25;-200;-200;0;206;0;
4361;2024.06.22 16:30;4;23.25;-200;-200;0;206;0;
4362;2024.06.22 16:45;4;23.1875;-200;-200;0;206;0;
4363;2024.06.22 17:00;4;23.125;-200;-200;0;206;0;
4364;2024.06.22 17:15;4;23.125;-200;-200;0;206;0;
4365;2024.06.22 17:30;4;23.125;-200;-200;0;206;0;
4366;2024.06.22 17:45;4;23.125;-200;-200;0;206;0;
4367;2024.06.22 18:00;4;23.125;-200;-200;0;206;0;
4368;2024.06.22 18:15;4;23.125;-200;-200;0;206;0;
4369;2024.06.22 18:30;4;23.125;-200;-200;0;206;0;
4370;2024.06.22 18:45;4;23.125;-200;-200;0;206;0;
4371;2024.06.22 19:00;4;23.125;-200;-200;0;206;0;
4372;2024.06.22 19:15;4;23.125;-200;-200;0;206;0;
4373;2024.06.22 19:30;4;23.125;-200;-200;0;206;0;
4374;2024.06.22 19:45;4;23.125;-200;-200;0;206;0;
4375;2024.06.22 20:00;4;23.125;-200;-200;0;206;0;
4376;2024.06.22 20:15;4;23.125;-200;-200;0;206;0;
4377;2024.06.22 20:30;4;23.125;-200;-200;0;206;0;
4378;2024.06.22 20:45;4;23.125;-200;-200;0;206;0;
4379;2024.06.22 21:00;4;23.125;-200;-200;0;206;0;
4380;2024.06.22 21:15;4;23.125;-200;-200;0;206;0;
4381;2024.06.22 21:30;4;23.125;-200;-200;0;206;0;
4382;2024.06.22 21:45;4;23.125;-200;-200;0;206;0;
4383;2024.06.22 22:00;4;23.125;-200;-200;0;206;0;
4384;2024.06.22 22:15;4;23.125;-200;-200;0;206;0;
4385;2024.06.22 22:30;4;23.125;-200;-200;0;206;0;
4386;2024.06.22 22:45;4;23.125;-200;-200;0;206;0;
4387;2024.06.22 23:00;4;23.125;-200;-200;0;206;0;
4388;2024.06.22 23:15;4;23.125;-200;-200;0;206;0;
4389;2024.06.22 23:30;4;23.125;-200;-200;0;206;0;
4390;2024.06.22 23:45;4;23.125;-200;-200;0;206;0;
4391;2024.06.23 00:00;4;23.125;-200;-200;0;206;0;
4392;2024.06.23 00:15;4;23.125;-200;-200;0;206;0;
4393;2024.06.23 00:30;4;23.125;-200;-200;0;206;0;
4394;2024.06.23 00:45;4;23.125;-200;-200;0;206;0;
4395;2024.06.23 01:00;4;23.125;-200;-200;0;206;0;
4396;2024.06.23 01:15;4;23.125;-200;-200;0;206;0;
4397;2024.06.23 01:30;4;23.1875;-200;-200;0;206;0;
4398;2024.06.23 01:45;4;23.1875;-200;-200;0;206;0;
4399;2024.06.23 02:00;4;23.1875;-200;-200;0;206;0;
4400;2024.06.23 02:15;4;23.1875;-200;-200;0;206;0;
4401;2024.06.23 02:30;4;23.1875;-200;-200;0;206;0;
4402;2024.06.23 02:45;4;23.1875;-200;-200;0;206;0;
4403;2024.06.23 03:00;4;23.1875;-200;-200;0;206;0;
4404;2024.06.23 03:15;4;23.1875;-200;-200;0;206;0;
4405;2024.06.23 03:30;4;23.1875;-200;-200;0;206;0;
4406;2024.06.23 03:45;4;23.1875;-200;-200;0;206;0;
4407;2024.06.23 04:00;4;23.25;-200;-200;0;206;0;
4408;2024.06.23 04:15;4;23.25;-200;-200;0;206;0;
4409;2024.06.23 04:30;4;23.25;-200;-200;0;206;0;
4410;2024.06.23 04:45;4;23.25;-200;-200;0;206;0;
4411;2024.06.23 05:00;4;23.25;-200;-200;0;206;0;
4412;2024.06.23 05:15;4;23.25;-200;-200;0;206;0;
4413;2024.06.23 05:30;4;23.25;-200;-200;0;206;0;
4414;2024.06.23 05:45;4;23.25;-200;-200;0;206;0;
4415;2024.06.23 06:00;4;23.25;-200;-200;0;206;0;
4416;2024.06.23 06:15;4;23.25;-200;-200;0;206;0;
4417;2024.06.23 06:30;4;23.25;-200;-200;0;206;0;
4418;2024.06.23 06:45;4;23.25;-200;-200;0;206;0;
4419;2024.06.23 07:00;4;23.25;-200;-200;0;206;0;
4420;2024.06.23 07:15;4;23.25;-200;-200;0;206;0;
4421;2024.06.23 07:30;4;23.25;-200;-200;0;206;0;
4422;2024.06.23 07:45;4;23.25;-200;-200;0;206;0;
4423;2024.06.23 08:00;4;23.25;-200;-200;0;206;0;
4424;2024.06.23 08:15;4;23.25;-200;-200;0;206;0;
4425;2024.06.23 08:30;4;23.25;-200;-200;0;206;0;
4426;2024.06.23 08:45;4;23.25;-200;-200;0;206;0;
4427;2024.06.23 09:00;4;23.25;-200;-200;0;206;0;
4428;2024.06.23 09:15;4;23.25;-200;-200;0;206;0;
4429;2024.06.23 09:30;4;23.25;-200;-200;0;206;0;
4430;2024.06.23 09:45;4;23.125;-200;-200;0;206;0;
4431;2024.06.23 10:00;4;23.1875;-200;-200;0;206;0;
4432;2024.06.23 10:15;4;23.125;-200;-200;0;206;0;
4433;2024.06.23 10:30;4;23.1875;-200;-200;0;206;0;
4434;2024.06.23 10:45;4;23.25;-200;-200;0;206;0;
4435;2024.06.23 11:00;4;23.25;-200;-200;0;206;0;
4436;2024.06.23 11:15;4;23.1875;-200;-200;0;206;0;
4437;2024.06.23 11:30;4;23.1875;-200;-200;0;206;0;
4438;2024.06.23 11:45;4;23.125;-200;-200;0;206;0;
4439;2024.06.23 12:00;4;23.125;-200;-200;0;206;0;
4440;2024.06.23 12:15;4;23.1875;-200;-200;0;206;0;
4441;2024.06.23 12:30;4;23.125;-200;-200;0;206;0;
4442;2024.06.23 12:45;4;23.125;-200;-200;0;206;0;
4443;2024.06.23 13:00;4;23.125;-200;-200;0;206;0;
4444;2024.06.23 13:15;4;23.125;-200;-200;0;206;0;
4445;2024.06.23 13:30;4;23.125;-200;-200;0;206;0;
4446;2024.06.23 13:45;4;23.125;-200;-200;0;206;0;
4447;2024.06.23 14:00;4;23.125;-200;-200;0;206;0;
4448;2024.06.23 14:15;4;23.125;-200;-200;0;206;0;
4449;2024.06.23 14:30;4;23.125;-200;-200;0;206;0;
4450;2024.06.23 14:45;4;23.125;-200;-200;0;206;0;
4451;2024.06.23 15:00;4;23.125;-200;-200;0;206;0;
4452;2024.06.23 15:15;4;23.125;-200;-200;0;206;0;
4453;2024.06.23 15:30;4;23.125;-200;-200;0;206;0;
4454;2024.06.23 15:45;4;23.125;-200;-200;0;206;0;
4455;2024.06.23 16:00;4;23.125;-200;-200;0;206;0;
4456;2024.06.23 16:15;4;23.125;-200;-200;0;206;0;
4457;2024.06.23 16:30;4;23.0625;-200;-200;0;206;0;
4458;2024.06.23 16:45;4;23.0625;-200;-200;0;206;0;
4459;2024.06.23 17:00;4;23.125;-200;-200;0;206;0;
4460;2024.06.23 17:15;4;23.0625;-200;-200;0;206;0;
4461;2024.06.23 17:30;4;23.0625;-200;-200;0;206;0;
4462;2024.06.23 17:45;4;23.125;-200;-200;0;206;0;
4463;2024.06.23 18:00;4;23.125;-200;-200;0;206;0;
4464;2024.06.23 18:15;4;23.1875;-200;-200;0;206;0;
4465;2024.06.23 18:30;4;23.1875;-200;-200;0;206;0;
4466;2024.06.23 18:45;4;23.25;-200;-200;0;206;0;
4467;2024.06.23 19:00;4;23.25;-200;-200;0;206;0;
4468;2024.06.23 19:15;4;23.25;-200;-200;0;206;0;
4469;2024.06.23 19:30;4;23.25;-200;-200;0;206;0;
4470;2024.06.23 19:45;4;23.1875;-200;-200;0;206;0;
4471;2024.06.23 20:00;4;23.1875;-200;-200;0;206;0;
4472;2024.06.23 20:15;4;23.25;-200;-200;0;206;0;
4473;2024.06.23 20:30;4;23.1875;-200;-200;0;206;0;
4474;2024.06.23 20:45;4;23.125;-200;-200;0;206;0;
4475;2024.06.23 21:00;4;23.125;-200;-200;0;206;0;
4476;2024.06.23 21:15;4;23.125;-200;-200;0;206;0;
4477;2024.06.23 21:30;4;23.125;-200;-200;0;206;0;
4478;2024.06.23 21:45;4;23.1875;-200;-200;0;206;0;
4479;2024.06.23 22:00;4;23.125;-200;-200;0;206;0;
4480;2024.06.23 22:15;4;23.125;-200;-200;0;206;0;
4481;2024.06.23 22:30;4;23.125;-200;-200;0;206;0;
4482;2024.06.23 22:45;4;23.125;-200;-200;0;206;0;
4483;2024.06.23 23:00;4;23.125;-200;-200;0;206;0;
4484;2024.06.23 23:15;4;23.125;-200;-200;0;206;0;
4485;2024.06.23 23:30;4;23.0625;-200;-200;0;206;0;
4486;2024.06.23 23:45;4;23.0625;-200;-200;0;206;0;
4487;2024.06.24 00:00;4;23.125;-200;-200;0;206;0;
4488;2024.06.24 00:15;4;23.125;-200;-200;0;206;0;
4489;2024.06.24 00:30;4;23.1875;-200;-200;0;206;0;
4490;2024.06.24 00:45;4;23.25;-200;-200;0;206;0;
4491;2024.06.24 01:00;4;23.1875;-200;-200;0;206;0;
4492;2024.06.24 01:15;4;23.25;-200;-200;0;206;0;
4493;2024.06.24 01:30;4;23.25;-200;-200;0;206;0;
4494;2024.06.24 01:45;4;23.25;-200;-200;0;206;0;
4495;2024.06.24 02:00;4;23.3125;-200;-200;0;206;0;
4496;2024.06.24 02:15;4;23.25;-200;-200;0;206;0;
4497;2024.06.24 02:30;4;23.25;-200;-200;0;206;0;
4498;2024.06.24 02:45;4;23.25;-200;-200;0;206;0;
4499;2024.06.24 03:00;4;23.25;-200;-200;0;206;0;
4500;2024.06.24 03:15;4;23.25;-200;-200;0;206;0;
4501;2024.06.24 03:30;4;23.25;-200;-200;0;206;0;
4502;2024.06.24 03:45;4;23.3125;-200;-200;0;206;0;
4503;2024.06.24 04:00;4;23.25;-200;-200;0;206;0;
4504;2024.06.24 04:15;4;23.25;-200;-200;0;206;0;
4505;2024.06.24 04:30;4;23.3125;-200;-200;0;206;0;
4506;2024.06.24 04:45;4;23.3125;-200;-200;0;206;0;
4507;2024.06.24 05:00;4;23.375;-200;-200;0;206;0;
4508;2024.06.24 05:15;4;23.375;-200;-200;0;206;0;
4509;2024.06.24 05:30;4;23.375;-200;-200;0;206;0;
4510;2024.06.24 05:45;4;23.375;-200;-200;0;206;0;
4511;2024.06.24 06:00;4;23.375;-200;-200;0;206;0;
4512;2024.06.24 06:15;4;23.375;-200;-200;0;206;0;
4513;2024.06.24 06:30;4;23.375;-200;-200;0;206;0;
4514;2024.06.24 06:45;4;23.375;-200;-200;0;206;0;
4515;2024.06.24 07:00;4;23.375;-200;-200;0;206;0;
4516;2024.06.24 07:15;4;23.375;-200;-200;0;206;0;
4517;2024.06.24 07:30;4;23.375;-200;-200;0;206;0;
4518;2024.06.24 07:45;4;23.375;-200;-200;0;206;0;
4519;2024.06.24 08:00;4;23.375;-200;-200;0;206;0;
4520;2024.06.24 08:15;4;23.375;-200;-200;0;206;0;
4521;2024.06.24 08:30;4;23.375;-200;-200;0;206;0;
4522;2024.06.24 08:45;4;23.375;-200;-200;0;206;0;
4523;2024.06.24 09:00;4;23.375;-200;-200;0;206;0;
4524;2024.06.24 09:15;4;23.375;-200;-200;0;206;0;
4525;2024.06.24 09:30;4;23.375;-200;-200;0;206;0;
4526;2024.06.24 09:45;4;23.375;-200;-200;0;206;0;
4527;2024.06.24 10:00;4;23.4375;-200;-200;0;206;0;
4528;2024.06.24 10:15;4;23.4375;-200;-200;0;206;0;
4529;2024.06.24 10:30;4;23.4375;-200;-200;0;206;0;
4530;2024.06.24 10:45;4;23.5;-200;-200;0;206;0;
4531;2024.06.24 11:00;4;23.5;-200;-200;0;206;0;
4532;2024.06.24 11:15;4;23.5;-200;-200;0;206;0;
4533;2024.06.24 11:30;4;23.5;-200;-200;0;206;0;
4534;2024.06.24 11:45;4;23.5;-200;-200;0;206;0;
4535;2024.06.24 12:00;4;23.5;-200;-200;0;206;0;
4536;2024.06.24 12:15;4;23.375;-200;-200;0;206;0;
4537;2024.06.24 12:30;4;23.375;-200;-200;0;206;0;
4538;2024.06.24 12:45;4;23.4375;-200;-200;0;206;0;
4539;2024.06.24 13:00;4;23.4375;-200;-200;0;206;0;
4540;2024.06.24 13:15;4;23.5;-200;-200;0;206;0;
4541;2024.06.24 13:30;4;23.5;-200;-200;0;206;0;
4542;2024.06.24 13:45;4;23.5;-200;-200;0;206;0;
4543;2024.06.24 14:00;4;23.5;-200;-200;0;206;0;
4544;2024.06.24 14:15;4;23.5;-200;-200;0;206;0;
4545;2024.06.24 14:30;4;23.4375;-200;-200;0;206;0;
4546;2024.06.24 14:45;4;23.4375;-200;-200;0;206;0;
4547;2024.06.24 15:00;4;23.5;-200;-200;0;206;0;
4548;2024.06.24 15:15;4;23.5;-200;-200;0;206;0;
4549;2024.06.24 15:30;4;23.5;-200;-200;0;206;0;
4550;2024.06.24 15:45;4;23.5;-200;-200;0;206;0;
4551;2024.06.24 16:00;4;23.5;-200;-200;0;206;0;
4552;2024.06.24 16:15;4;23.5;-200;-200;0;206;0;
4553;2024.06.24 16:30;4;23.5;-200;-200;0;206;0;
4554;2024.06.24 16:45;4;23.5625;-200;-200;0;206;0;
4555;2024.06.24 17:00;4;23.5625;-200;-200;0;206;0;
4556;2024.06.24 17:15;4;23.5625;-200;-200;0;206;0;
4557;2024.06.24 17:30;4;23.5625;-200;-200;0;206;0;
4558;2024.06.24 17:45;4;23.5;-200;-200;0;206;0;
4559;2024.06.24 18:00;4;23.5;-200;-200;0;206;0;
4560;2024.06.24 18:15;4;23.5;-200;-200;0;206;0;
4561;2024.06.24 18:30;4;23.5;-200;-200;0;206;0;
4562;2024.06.24 18:45;4;23.5;-200;-200;0;206;0;
4563;2024.06.24 19:00;4;23.5;-200;-200;0;206;0;
4564;2024.06.24 19:15;4;23.5;-200;-200;0;206;0;
4565;2024.06.24 19:30;4;23.5;-200;-200;0;206;0;
4566;2024.06.24 19:45;4;23.5;-200;-200;0;206;0;
4567;2024.06.24 20:00;4;23.5;-200;-200;0;206;0;
4568;2024.06.24 20:15;4;23.5;-200;-200;0;206;0;
4569;2024.06.24 20:30;4;23.5;-200;-200;0;206;0;
4570;2024.06.24 20:45;4;23.5;-200;-200;0;206;0;
4571;2024.06.24 21:00;4;23.5;-200;-200;0;206;0;
4572;2024.06.24 21:15;4;23.375;-200;-200;0;206;0;
4573;2024.06.24 21:30;4;23.375;-200;-200;0;206;0;
4574;2024.06.24 21:45;4;23.375;-200;-200;0;206;0;
4575;2024.06.24 22:00;4;23.4375;-200;-200;0;206;0;
4576;2024.06.24 22:15;4;23.375;-200;-200;0;206;0;
4577;2024.06.24 22:30;4;23.4375;-200;-200;0;206;0;
4578;2024.06.24 22:45;4;23.4375;-200;-200;0;206;0;
4579;2024.06.24 23:00;4;23.375;-200;-200;0;206;0;
4580;2024.06.24 23:15;4;23.4375;-200;-200;0;206;0;
4581;2024.06.24 23:30;4;23.5;-200;-200;0;206;0;
4582;2024.06.24 23:45;4;23.5;-200;-200;0;206;0;
4583;2024.06.25 00:00;4;23.5625;-200;-200;0;206;0;
4584;2024.06.25 00:15;4;23.625;-200;-200;0;206;0;
4585;2024.06.25 00:30;4;23.625;-200;-200;0;206;0;
4586;2024.06.25 00:45;4;23.625;-200;-200;0;206;0;
4587;2024.06.25 01:00;4;23.5;-200;-200;0;206;0;
4588;2024.06.25 01:15;4;23.625;-200;-200;0;206;0;
4589;2024.06.25 01:30;4;23.5;-200;-200;0;206;0;
4590;2024.06.25 01:45;4;23.5;-200;-200;0;206;0;
4591;2024.06.25 02:00;4;23.4375;-200;-200;0;206;0;
4592;2024.06.25 02:15;4;23.5;-200;-200;0;206;0;
4593;2024.06.25 02:30;4;23.4375;-200;-200;0;206;0;
4594;2024.06.25 02:45;4;23.4375;-200;-200;0;206;0;
4595;2024.06.25 03:00;4;23.375;-200;-200;0;206;0;
4596;2024.06.25 03:15;4;23.5;-200;-200;0;206;0;
4597;2024.06.25 03:30;4;23.5;-200;-200;0;206;0;
4598;2024.06.25 03:45;4;23.5;-200;-200;0;206;0;
4599;2024.06.25 04:00;4;23.4375;-200;-200;0;206;0;
4600;2024.06.25 04:15;4;23.4375;-200;-200;0;206;0;
4601;2024.06.25 04:30;4;23.375;-200;-200;0;206;0;
4602;2024.06.25 04:45;4;23.375;-200;-200;0;206;0;
4603;2024.06.25 05:00;4;23.375;-200;-200;0;206;0;
4604;2024.06.25 05:15;4;23.375;-200;-200;0;206;0;
4605;2024.06.25 05:30;4;23.375;-200;-200;0;206;0;
4606;2024.06.25 05:45;4;23.3125;-200;-200;0;206;0;
4607;2024.06.25 06:00;4;23.3125;-200;-200;0;206;0;
4608;2024.06.25 06:15;4;23.25;-200;-200;0;206;0;
4609;2024.06.25 06:30;4;23.25;-200;-200;0;206;0;
4610;2024.06.25 06:45;4;23.25;-200;-200;0;206;0;
4611;2024.06.25 07:00;4;23.25;-200;-200;0;206;0;
4612;2024.06.25 07:15;4;23.25;-200;-200;0;206;0;
4613;2024.06.25 07:30;4;23.3125;-200;-200;0;206;0;
4614;2024.06.25 07:45;4;23.25;-200;-200;0;206;0;
4615;2024.06.25 08:00;4;23.25;-200;-200;0;206;0;
4616;2024.06.25 08:15;4;23.25;-200;-200;0;206;0;
4617;2024.06.25 08:30;4;23.25;-200;-200;0;206;0;
4618;2024.06.25 08:45;4;23.25;-200;-200;0;206;0;
4619;2024.06.25 09:00;4;23.25;-200;-200;0;206;0;
4620;2024.06.25 09:15;4;23.25;-200;-200;0;206;0;
4621;2024.06.25 09:30;4;23.25;-200;-200;0;206;0;
4622;2024.06.25 09:45;4;23.25;-200;-200;0;206;0;
4623;2024.06.25 10:00;4;23.25;-200;-200;0;206;0;
4624;2024.06.25 10:15;4;23.25;-200;-200;0;206;0;
4625;2024.06.25 10:30;4;23.25;-200;-200;0;206;0;
4626;2024.06.25 10:45;4;23.25;-200;-200;0;206;0;
4627;2024.06.25 11:00;4;23.25;-200;-200;0;206;0;
4628;2024.06.25 11:15;4;23.25;-200;-200;0;206;0;
4629;2024.06.25 11:30;4;23.25;-200;-200;0;206;0;
4630;2024.06.25 11:45;4;23.25;-200;-200;0;206;0;
4631;2024.06.25 12:00;4;23.1875;-200;-200;0;206;0;
4632;2024.06.25 12:15;4;23.125;-200;-200;0;206;0;
4633;2024.06.25 12:30;4;23.125;-200;-200;0;206;0;
4634;2024.06.25 12:45;4;23.125;-200;-200;0;206;0;
4635;2024.06.25 13:00;4;23.125;-200;-200;0;206;0;
4636;2024.06.25 13:15;4;23.1875;-200;-200;0;206;0;
4637;2024.06.25 13:30;4;23.1875;-200;-200;0;206;0;
4638;2024.06.25 13:45;4;23.25;-200;-200;0;206;0;
4639;2024.06.25 14:00;4;23.25;-200;-200;0;206;0;
4640;2024.06.25 14:15;4;23.1875;-200;-200;0;206;0;
4641;2024.06.25 14:30;4;23.1875;-200;-200;0;206;0;
4642;2024.06.25 14:45;4;23.1875;-200;-200;0;206;0;
4643;2024.06.25 15:00;4;23.1875;-200;-200;0;206;0;
4644;2024.06.25 15:15;4;23.25;-200;-200;0;206;0;
4645;2024.06.25 15:30;4;23.25;-200;-200;0;206;0;
4646;2024.06.25 15:45;4;23.25;-200;-200;0;206;0;
4647;2024.06.25 16:00;4;23.375;-200;-200;0;206;0;
4648;2024.06.25 16:15;4;23.375;-200;-200;0;206;0;
4649;2024.06.25 16:30;4;23.375;-200;-200;0;206;0;
4650;2024.06.25 16:45;4;23.375;-200;-200;0;206;0;
4651;2024.06.25 17:00;4;23.625;-200;-200;0;206;0;
4652;2024.06.25 17:15;4;23.625;-200;-200;0;206;0;
4653;2024.06.25 17:30;4;23.5625;-200;-200;0;206;0;
4654;2024.06.25 17:45;4;23.5;-200;-200;0;206;0;
4655;2024.06.25 18:00;4;23.5;-200;-200;0;206;0;
4656;2024.06.25 18:15;4;23.5;-200;-200;0;206;0;
4657;2024.06.25 18:30;4;23.4375;-200;-200;0;206;0;
4658;2024.06.25 18:45;4;23.4375;-200;-200;0;206;0;
4659;2024.06.25 19:00;4;23.4375;-200;-200;0;206;0;
4660;2024.06.25 19:15;4;23.375;-200;-200;0;206;0;
4661;2024.06.25 19:30;4;23.375;-200;-200;0;206;0;
4662;2024.06.25 19:45;4;23.375;-200;-200;0;206;0;
4663;2024.06.25 20:00;4;23.375;-200;-200;0;206;0;
4664;2024.06.25 20:15;4;23.375;-200;-200;0;206;0;
4665;2024.06.25 20:30;4;23.375;-200;-200;0;206;0;
4666;2024.06.25 20:45;4;23.375;-200;-200;0;206;0;
4667;2024.06.25 21:00;4;23.375;-200;-200;0;206;0;
4668;2024.06.25 21:15;4;23.3125;-200;-200;0;206;0;
4669;2024.06.25 21:30;4;23.3125;-200;-200;0;206;0;
4670;2024.06.25 21:45;4;23.3125;-200;-200;0;206;0;
4671;2024.06.25 22:00;4;23.25;-200;-200;0;206;0;
4672;2024.06.25 22:15;4;23.25;-200;-200;0;206;0;
4673;2024.06.25 22:30;4;23.25;-200;-200;0;206;0;
4674;2024.06.25 22:45;4;23.25;-200;-200;0;206;0;
4675;2024.06.25 23:00;4;23.1875;-200;-200;0;206;0;
4676;2024.06.25 23:15;4;23.1875;-200;-200;0;206;0;
4677;2024.06.25 23:30;4;23.125;-200;-200;0;206;0;
4678;2024.06.25 23:45;4;23.125;-200;-200;0;206;0;
4679;2024.06.26 00:00;4;23.125;-200;-200;0;206;0;
4680;2024.06.26 00:15;4;23.125;-200;-200;0;206;0;
4681;2024.06.26 00:30;4;23.125;-200;-200;0;206;0;
4682;2024.06.26 00:45;4;23.125;-200;-200;0;206;0;
4683;2024.06.26 01:00;4;23.125;-200;-200;0;206;0;
4684;2024.06.26 01:15;4;23.125;-200;-200;0;206;0;
4685;2024.06.26 01:30;4;23.125;-200;-200;0;206;0;
4686;2024.06.26 01:45;4;23.125;-200;-200;0;206;0;
4687;2024.06.26 02:00;4;23.125;-200;-200;0;206;0;
4688;2024.06.26 02:15;4;23.125;-200;-200;0;206;0;
4689;2024.06.26 02:30;4;23.125;-200;-200;0;206;0;
4690;2024.06.26 02:45;4;23.1875;-200;-200;0;206;0;
4691;2024.06.26 03:00;4;23.1875;-200;-200;0;206;0;
4692;2024.06.26 03:15;4;23.25;-200;-200;0;206;0;
4693;2024.06.26 03:30;4;23.25;-200;-200;0;206;0;
4694;2024.06.26 03:45;4;23.25;-200;-200;0;206;0;
4695;2024.06.26 04:00;4;23.25;-200;-200;0;206;0;
4696;2024.06.26 04:15;4;23.25;-200;-200;0;206;0;
4697;2024.06.26 04:30;4;23.25;-200;-200;0;206;0;
4698;2024.06.26 04:45;4;23.25;-200;-200;0;206;0;
4699;2024.06.26 05:00;4;23.25;-200;-200;0;206;0;
4700;2024.06.26 05:15;4;23.25;-200;-200;0;206;0;
4701;2024.06.26 05:30;4;23.25;-200;-200;0;206;0;
4702;2024.06.26 05:45;4;23.25;-200;-200;0;206;0;
4703;2024.06.26 06:00;4;23.3125;-200;-200;0;206;0;
4704;2024.06.26 06:15;4;23.3125;-200;-200;0;206;0;
4705;2024.06.26 06:30;4;23.3125;-200;-200;0;206;0;
4706;2024.06.26 06:45;4;23.3125;-200;-200;0;206;0;
4707;2024.06.26 07:00;4;23.3125;-200;-200;0;206;0;
4708;2024.06.26 07:15;4;23.3125;-200;-200;0;206;0;
4709;2024.06.26 07:30;4;23.375;-200;-200;0;206;0;
4710;2024.06.26 07:45;4;23.375;-200;-200;0;206;0;
4711;2024.06.26 08:00;4;23.3125;-200;-200;0;206;0;
4712;2024.06.26 08:15;4;23.3125;-200;-200;0;206;0;
4713;2024.06.26 08:30;4;23.3125;-200;-200;0;206;0;
4714;2024.06.26 08:45;4;23.375;-200;-200;0;206;0;
4715;2024.06.26 09:00;4;23.375;-200;-200;0;206;0;
4716;2024.06.26 09:15;4;23.375;-200;-200;0;206;0;
4717;2024.06.26 09:30;4;23.375;-200;-200;0;206;0;
4718;2024.06.26 09:45;4;23.375;-200;-200;0;206;0;
4719;2024.06.26 10:00;4;23.375;-200;-200;0;206;0;
4720;2024.06.26 10:15;4;23.375;-200;-200;0;206;0;
4721;2024.06.26 10:30;4;23.375;-200;-200;0;206;0;
4722;2024.06.26 10:45;4;23.375;-200;-200;0;206;0;
4723;2024.06.26 11:00;4;23.375;-200;-200;0;206;0;
4724;2024.06.26 11:15;4;23.375;-200;-200;0;206;0;
4725;2024.06.26 11:30;4;23.375;-200;-200;0;206;0;
4726;2024.06.26 11:45;4;23.375;-200;-200;0;206;0;
4727;2024.06.26 12:00;4;23.375;-200;-200;0;206;0;
4728;2024.06.26 12:15;4;23.375;-200;-200;0;206;0;
4729;2024.06.26 12:30;4;23.375;-200;-200;0;206;0;
4730;2024.06.26 12:45;4;23.375;-200;-200;0;206;0;
4731;2024.06.26 13:00;4;23.4375;-200;-200;0;206;0;
4732;2024.06.26 13:15;4;23.4375;-200;-200;0;206;0;
4733;2024.06.26 13:30;4;23.4375;-200;-200;0;206;0;
4734;2024.06.26 13:45;4;23.4375;-200;-200;0;206;0;
4735;2024.06.26 14:00;4;23.4375;-200;-200;0;206;0;
4736;2024.06.26 14:15;4;23.5;-200;-200;0;206;0;
4737;2024.06.26 14:30;4;23.5;-200;-200;0;206;0;
4738;2024.06.26 14:45;4;23.5;-200;-200;0;206;0;
4739;2024.06.26 15:00;4;23.5;-200;-200;0;206;0;
4740;2024.06.26 15:15;4;23.5;-200;-200;0;206;0;
4741;2024.06.26 15:30;4;23.5;-200;-200;0;206;0;
4742;2024.06.26 15:45;4;23.5;-200;-200;0;206;0;
4743;2024.06.26 16:00;4;23.5625;-200;-200;0;206;0;
4744;2024.06.26 16:15;4;23.5625;-200;-200;0;206;0;
4745;2024.06.26 16:30;4;23.625;-200;-200;0;206;0;
4746;2024.06.26 16:45;4;23.625;-200;-200;0;206;0;
4747;2024.06.26 17:00;4;23.625;-200;-200;0;206;0;
4748;2024.06.26 17:15;4;23.625;-200;-200;0;206;0;
4749;2024.06.26 17:30;4;23.6875;-200;-200;0;206;0;
4750;2024.06.26 17:45;4;23.6875;-200;-200;0;206;0;
4751;2024.06.26 18:00;4;23.75;-200;-200;0;206;0;
4752;2024.06.26 18:15;4;23.75;-200;-200;0;206;0;
4753;2024.06.26 18:30;4;23.75;-200;-200;0;206;0;
4754;2024.06.26 18:45;4;23.75;-200;-200;0;206;0;
4755;2024.06.26 19:00;4;23.75;-200;-200;0;206;0;
4756;2024.06.26 19:15;4;23.75;-200;-200;0;206;0;
4757;2024.06.26 19:30;4;23.75;-200;-200;0;206;0;
4758;2024.06.26 19:45;4;23.75;-200;-200;0;206;0;
4759;2024.06.26 20:00;4;23.75;-200;-200;0;206;0;
4760;2024.06.26 20:15;4;23.75;-200;-200;0;206;0;
4761;2024.06.26 20:30;4;23.75;-200;-200;0;206;0;
4762;2024.06.26 20:45;4;23.75;-200;-200;0;206;0;
4763;2024.06.26 21:00;4;23.8125;-200;-200;0;206;0;
4764;2024.06.26 21:15;4;23.8125;-200;-200;0;206;0;
4765;2024.06.26 21:30;4;23.8125;-200;-200;0;206;0;
4766;2024.06.26 21:45;4;23.75;-200;-200;0;206;0;
4767;2024.06.26 22:00;4;23.625;-200;-200;0;206;0;
4768;2024.06.26 22:15;4;23.625;-200;-200;0;206;0;
4769;2024.06.26 22:30;4;23.6875;-200;-200;0;206;0;
4770;2024.06.26 22:45;4;23.625;-200;-200;0;206;0;
4771;2024.06.26 23:00;4;23.625;-200;-200;0;206;0;
4772;2024.06.26 23:15;4;23.625;-200;-200;0;206;0;
4773;2024.06.26 23:30;4;23.625;-200;-200;0;206;0;
4774;2024.06.26 23:45;4;23.625;-200;-200;0;206;0;
4775;2024.06.27 00:00;4;23.625;-200;-200;0;206;0;
4776;2024.06.27 00:15;4;23.625;-200;-200;0;206;0;
4777;2024.06.27 00:30;4;23.625;-200;-200;0;206;0;
4778;2024.06.27 00:45;4;23.625;-200;-200;0;206;0;
4779;2024.06.27 01:00;4;23.625;-200;-200;0;206;0;
4780;2024.06.27 01:15;4;23.625;-200;-200;0;206;0;
4781;2024.06.27 01:30;4;23.6875;-200;-200;0;206;0;
4782;2024.06.27 01:45;4;23.75;-200;-200;0;206;0;
4783;2024.06.27 02:00;4;23.75;-200;-200;0;206;0;
4784;2024.06.27 02:15;4;23.75;-200;-200;0;206;0;
4785;2024.06.27 02:30;4;23.75;-200;-200;0;206;0;
4786;2024.06.27 02:45;4;23.8125;-200;-200;0;206;0;
4787;2024.06.27 03:00;4;23.75;-200;-200;0;206;0;
4788;2024.06.27 03:15;4;23.75;-200;-200;0;206;0;
4789;2024.06.27 03:30;4;23.75;-200;-200;0;206;0;
4790;2024.06.27 03:45;4;23.8125;-200;-200;0;206;0;
4791;2024.06.27 04:00;4;23.8125;-200;-200;0;206;0;
4792;2024.06.27 04:15;4;23.8125;-200;-200;0;206;0;
4793;2024.06.27 04:30;4;23.8125;-200;-200;0;206;0;
4794;2024.06.27 04:45;4;23.75;-200;-200;0;206;0;
4795;2024.06.27 05:00;4;23.75;-200;-200;0;206;0;
4796;2024.06.27 05:15;4;23.75;-200;-200;0;206;0;
4797;2024.06.27 05:30;4;23.75;-200;-200;0;206;0;
4798;2024.06.27 05:45;4;23.75;-200;-200;0;206;0;
4799;2024.06.27 06:00;4;23.75;-200;-200;0;206;0;
4800;2024.06.27 06:15;4;23.75;-200;-200;0;206;0;
4801;2024.06.27 06:30;4;23.75;-200;-200;0;206;0;
4802;2024.06.27 06:45;4;23.75;-200;-200;0;206;0;
4803;2024.06.27 07:00;4;23.75;-200;-200;0;206;0;
4804;2024.06.27 07:15;4;23.75;-200;-200;0;206;0;
4805;2024.06.27 07:30;4;23.75;-200;-200;0;206;0;
4806;2024.06.27 07:45;4;23.75;-200;-200;0;206;0;
4807;2024.06.27 08:00;4;23.75;-200;-200;0;206;0;
4808;2024.06.27 08:15;4;23.75;-200;-200;0;206;0;
4809;2024.06.27 08:30;4;23.75;-200;-200;0;206;0;
4810;2024.06.27 08:45;4;23.75;-200;-200;0;206;0;
4811;2024.06.27 09:00;4;23.75;-200;-200;0;206;0;
4812;2024.06.27 09:15;4;23.75;-200;-200;0;206;0;
4813;2024.06.27 09:30;4;23.75;-200;-200;0;206;0;
4814;2024.06.27 09:45;4;23.6875;-200;-200;0;206;0;
4815;2024.06.27 10:00;4;23.6875;-200;-200;0;206;0;
4816;2024.06.27 10:15;4;23.6875;-200;-200;0;206;0;
4817;2024.06.27 10:30;4;23.6875;-200;-200;0;206;0;
4818;2024.06.27 10:45;4;23.6875;-200;-200;0;206;0;
4819;2024.06.27 11:00;4;23.6875;-200;-200;0;206;0;
4820;2024.06.27 11:15;4;23.6875;-200;-200;0;206;0;
4821;2024.06.27 11:30;4;23.6875;-200;-200;0;206;0;
4822;2024.06.27 11:45;4;23.6875;-200;-200;0;206;0;
4823;2024.06.27 12:00;4;23.6875;-200;-200;0;206;0;
4824;2024.06.27 12:15;4;23.6875;-200;-200;0;206;0;
4825;2024.06.27 12:30;4;23.6875;-200;-200;0;206;0;
4826;2024.06.27 12:45;4;23.6875;-200;-200;0;206;0;
4827;2024.06.27 13:00;4;23.6875;-200;-200;0;206;0;
4828;2024.06.27 13:15;4;23.625;-200;-200;0;206;0;
4829;2024.06.27 13:30;4;23.625;-200;-200;0;206;0;
4830;2024.06.27 13:45;4;23.625;-200;-200;0;206;0;
4831;2024.06.27 14:00;4;23.625;-200;-200;0;206;0;
4832;2024.06.27 14:15;4;23.625;-200;-200;0;206;0;
4833;2024.06.27 14:30;4;23.625;-200;-200;0;206;0;
4834;2024.06.27 14:45;4;23.625;-200;-200;0;206;0;
4835;2024.06.27 15:00;4;23.625;-200;-200;0;206;0;
4836;2024.06.27 15:15;4;23.625;-200;-200;0;206;0;
4837;2024.06.27 15:30;4;23.625;-200;-200;0;206;0;
4838;2024.06.27 15:45;4;23.6875;-200;-200;0;206;0;
4839;2024.06.27 16:00;4;23.75;-200;-200;0;206;0;
4840;2024.06.27 16:15;4;23.75;-200;-200;0;206;0;
4841;2024.06.27 16:30;4;23.75;-200;-200;0;206;0;
4842;2024.06.27 16:45;4;23.75;-200;-200;0;206;0;
4843;2024.06.27 17:00;4;23.625;-200;-200;0;206;0;
4844;2024.06.27 17:15;4;23.625;-200;-200;0;206;0;
4845;2024.06.27 17:30;4;23.6875;-200;-200;0;206;0;
4846;2024.06.27 17:45;4;23.6875;-200;-200;0;206;0;
4847;2024.06.27 18:00;4;23.75;-200;-200;0;206;0;
4848;2024.06.27 18:15;4;23.5625;-200;-200;0;206;0;
4849;2024.06.27 18:30;4;23.625;-200;-200;0;206;0;
4850;2024.06.27 18:45;4;23.6875;-200;-200;0;206;0;
4851;2024.06.27 19:00;4;23.6875;-200;-200;0;206;0;
4852;2024.06.27 19:15;4;23.75;-200;-200;0;206;0;
4853;2024.06.27 19:30;4;23.625;-200;-200;0;206;0;
4854;2024.06.27 19:45;4;23.625;-200;-200;0;206;0;
4855;2024.06.27 20:00;4;23.625;-200;-200;0;206;0;
4856;2024.06.27 20:15;4;23.75;-200;-200;0;206;0;
4857;2024.06.27 20:30;4;23.75;-200;-200;0;206;0;
4858;2024.06.27 20:45;4;23.625;-200;-200;0;206;0;
4859;2024.06.27 21:00;4;23.625;-200;-200;0;206;0;
4860;2024.06.27 21:15;4;23.6875;-200;-200;0;206;0;
4861;2024.06.27 21:30;4;23.6875;-200;-200;0;206;0;
4862;2024.06.27 21:45;4;23.625;-200;-200;0;206;0;
4863;2024.06.27 22:00;4;23.75;-200;-200;0;206;0;
4864;2024.06.27 22:15;4;23.75;-200;-200;0;206;0;
4865;2024.06.27 22:30;4;23.75;-200;-200;0;206;0;
4866;2024.06.27 22:45;4;23.75;-200;-200;0;206;0;
4867;2024.06.27 23:00;4;23.75;-200;-200;0;206;0;
4868;2024.06.27 23:15;4;23.875;-200;-200;0;206;0;
4869;2024.06.27 23:30;4;23.875;-200;-200;0;206;0;
4870;2024.06.27 23:45;4;23.875;-200;-200;0;206;0;
4871;2024.06.28 00:00;4;23.875;-200;-200;0;206;0;
4872;2024.06.28 00:15;4;23.875;-200;-200;0;206;0;
4873;2024.06.28 00:30;4;23.875;-200;-200;0;206;0;
4874;2024.06.28 00:45;4;23.875;-200;-200;0;206;0;
4875;2024.06.28 01:00;4;23.75;-200;-200;0;206;0;
4876;2024.06.28 01:15;4;23.75;-200;-200;0;206;0;
4877;2024.06.28 01:30;4;23.75;-200;-200;0;206;0;
4878;2024.06.28 01:45;4;23.75;-200;-200;0;206;0;
4879;2024.06.28 02:00;4;23.75;-200;-200;0;206;0;
4880;2024.06.28 02:15;4;23.75;-200;-200;0;206;0;
4881;2024.06.28 02:30;4;23.75;-200;-200;0;206;0;
4882;2024.06.28 02:45;4;23.75;-200;-200;0;206;0;
4883;2024.06.28 03:00;4;23.75;-200;-200;0;206;0;
4884;2024.06.28 03:15;4;23.75;-200;-200;0;206;0;
4885;2024.06.28 03:30;4;23.75;-200;-200;0;206;0;
4886;2024.06.28 03:45;4;23.75;-200;-200;0;206;0;
4887;2024.06.28 04:00;4;23.75;-200;-200;0;206;0;
4888;2024.06.28 04:15;4;23.75;-200;-200;0;206;0;
4889;2024.06.28 04:30;4;23.75;-200;-200;0;206;0;
4890;2024.06.28 04:45;4;23.75;-200;-200;0;206;0;
4891;2024.06.28 05:00;4;23.75;-200;-200;0;206;0;
4892;2024.06.28 05:15;4;23.75;-200;-200;0;206;0;
4893;2024.06.28 05:30;4;23.75;-200;-200;0;206;0;
4894;2024.06.28 05:45;4;23.8125;-200;-200;0;206;0;
4895;2024.06.28 06:00;4;23.8125;-200;-200;0;206;0;
4896;2024.06.28 06:15;4;23.875;-200;-200;0;206;0;
4897;2024.06.28 06:30;4;23.875;-200;-200;0;206;0;
4898;2024.06.28 06:45;4;23.875;-200;-200;0;206;0;
4899;2024.06.28 07:00;4;23.8125;-200;-200;0;206;0;
4900;2024.06.28 07:15;4;23.75;-200;-200;0;206;0;
4901;2024.06.28 07:30;4;23.75;-200;-200;0;206;0;
4902;2024.06.28 07:45;4;23.75;-200;-200;0;206;0;
4903;2024.06.28 08:00;4;23.75;-200;-200;0;206;0;
4904;2024.06.28 08:15;4;23.75;-200;-200;0;206;0;
4905;2024.06.28 08:30;4;23.75;-200;-200;0;206;0;
4906;2024.06.28 08:45;4;23.75;-200;-200;0;206;0;
4907;2024.06.28 09:00;4;23.75;-200;-200;0;206;0;
4908;2024.06.28 09:15;4;23.75;-200;-200;0;206;0;
4909;2024.06.28 09:30;4;23.75;-200;-200;0;206;0;
4910;2024.06.28 09:45;4;23.75;-200;-200;0;206;0;
4911;2024.06.28 10:00;4;23.75;-200;-200;0;206;0;
4912;2024.06.28 10:15;4;23.75;-200;-200;0;206;0;
4913;2024.06.28 10:30;4;23.75;-200;-200;0;206;0;
4914;2024.06.28 10:45;4;23.75;-200;-200;0;206;0;
4915;2024.06.28 11:00;4;23.75;-200;-200;0;206;0;
4916;2024.06.28 11:15;4;23.75;-200;-200;0;206;0;
4917;2024.06.28 11:30;4;23.75;-200;-200;0;206;0;
4918;2024.06.28 11:45;4;23.75;-200;-200;0;206;0;
4919;2024.06.28 12:00;4;23.75;-200;-200;0;206;0;
4920;2024.06.28 12:15;4;23.6875;-200;-200;0;206;0;
4921;2024.06.28 12:30;4;23.75;-200;-200;0;206;0;
4922;2024.06.28 12:45;4;23.75;-200;-200;0;206;0;
4923;2024.06.28 13:00;4;23.75;-200;-200;0;206;0;
4924;2024.06.28 13:15;4;23.75;-200;-200;0;206;0;
4925;2024.06.28 13:30;4;23.75;-200;-200;0;206;0;
4926;2024.06.28 13:45;4;23.75;-200;-200;0;206;0;
4927;2024.06.28 14:00;4;23.75;-200;-200;0;206;0;
4928;2024.06.28 14:15;4;23.75;-200;-200;0;206;0;
4929;2024.06.28 14:30;4;23.75;-200;-200;0;206;0;
4930;2024.06.28 14:45;4;23.75;-200;-200;0;206;0;
4931;2024.06.28 15:00;4;23.75;-200;-200;0;206;0;
4932;2024.06.28 15:15;4;23.75;-200;-200;0;206;0;
4933;2024.06.28 15:30;4;23.75;-200;-200;0;206;0;
4934;2024.06.28 15:45;4;23.75;-200;-200;0;206;0;
4935;2024.06.28 16:00;4;23.75;-200;-200;0;206;0;
4936;2024.06.28 16:15;4;23.75;-200;-200;0;206;0;
4937;2024.06.28 16:30;4;23.75;-200;-200;0;206;0;
4938;2024.06.28 16:45;4;23.75;-200;-200;0;206;0;
4939;2024.06.28 17:00;4;23.75;-200;-200;0;206;0;
4940;2024.06.28 17:15;4;23.6875;-200;-200;0;206;0;
4941;2024.06.28 17:30;4;23.75;-200;-200;0;206;0;
4942;2024.06.28 17:45;4;23.75;-200;-200;0;206;0;
4943;2024.06.28 18:00;4;23.75;-200;-200;0;206;0;
4944;2024.06.28 18:15;4;23.75;-200;-200;0;206;0;
4945;2024.06.28 18:30;4;23.75;-200;-200;0;206;0;
4946;2024.06.28 18:45;4;23.75;-200;-200;0;206;0;
4947;2024.06.28 19:00;4;23.75;-200;-200;0;206;0;
4948;2024.06.28 19:15;4;23.75;-200;-200;0;206;0;
4949;2024.06.28 19:30;4;23.75;-200;-200;0;206;0;
4950;2024.06.28 19:45;4;23.6875;-200;-200;0;206;0;
4951;2024.06.28 20:00;4;23.75;-200;-200;0;206;0;
4952;2024.06.28 20:15;4;23.75;-200;-200;0;206;0;
4953;2024.06.28 20:30;4;23.75;-200;-200;0;206;0;
4954;2024.06.28 20:45;4;23.6875;-200;-200;0;206;0;
4955;2024.06.28 21:00;4;23.6875;-200;-200;0;206;0;
4956;2024.06.28 21:15;4;23.6875;-200;-200;0;206;0;
4957;2024.06.28 21:30;4;23.625;-200;-200;0;206;0;
4958;2024.06.28 21:45;4;23.625;-200;-200;0;206;0;
4959;2024.06.28 22:00;4;23.5625;-200;-200;0;206;0;
4960;2024.06.28 22:15;4;23.5;-200;-200;0;206;0;
4961;2024.06.28 22:30;4;23.5;-200;-200;0;206;0;
4962;2024.06.28 22:45;4;23.5;-200;-200;0;206;0;
4963;2024.06.28 23:00;4;23.5;-200;-200;0;206;0;
4964;2024.06.28 23:15;4;23.5;-200;-200;0;206;0;
4965;2024.06.28 23:30;4;23.5;-200;-200;0;206;0;
4966;2024.06.28 23:45;4;23.4375;-200;-200;0;206;0;
4967;2024.06.29 00:00;4;23.375;-200;-200;0;206;0;
4968;2024.06.29 00:15;4;23.375;-200;-200;0;206;0;
4969;2024.06.29 00:30;4;23.375;-200;-200;0;206;0;
4970;2024.06.29 00:45;4;23.375;-200;-200;0;206;0;
4971;2024.06.29 01:00;4;23.3125;-200;-200;0;206;0;
4972;2024.06.29 01:15;4;23.375;-200;-200;0;206;0;
4973;2024.06.29 01:30;4;23.3125;-200;-200;0;206;0;
4974;2024.06.29 01:45;4;23.25;-200;-200;0;206;0;
4975;2024.06.29 02:00;4;23.25;-200;-200;0;206;0;
4976;2024.06.29 02:15;4;23.25;-200;-200;0;206;0;
4977;2024.06.29 02:30;4;23.25;-200;-200;0;206;0;
4978;2024.06.29 02:45;4;23.3125;-200;-200;0;206;0;
4979;2024.06.29 03:00;4;23.3125;-200;-200;0;206;0;
4980;2024.06.29 03:15;4;23.375;-200;-200;0;206;0;
4981;2024.06.29 03:30;4;23.375;-200;-200;0;206;0;
4982;2024.06.29 03:45;4;23.375;-200;-200;0;206;0;
4983;2024.06.29 04:00;4;23.375;-200;-200;0;206;0;
4984;2024.06.29 04:15;4;23.375;-200;-200;0;206;0;
4985;2024.06.29 04:30;4;23.375;-200;-200;0;206;0;
4986;2024.06.29 04:45;4;23.375;-200;-200;0;206;0;
4987;2024.06.29 05:00;4;23.375;-200;-200;0;206;0;
4988;2024.06.29 05:15;4;23.375;-200;-200;0;206;0;
4989;2024.06.29 05:30;4;23.375;-200;-200;0;206;0;
4990;2024.06.29 05:45;4;23.3125;-200;-200;0;206;0;
4991;2024.06.29 06:00;4;23.375;-200;-200;0;206;0;
4992;2024.06.29 06:15;4;23.375;-200;-200;0;206;0;
4993;2024.06.29 06:30;4;23.375;-200;-200;0;206;0;
4994;2024.06.29 06:45;4;23.375;-200;-200;0;206;0;
4995;2024.06.29 07:00;4;23.375;-200;-200;0;206;0;
4996;2024.06.29 07:15;4;23.375;-200;-200;0;206;0;
4997;2024.06.29 07:30;4;23.375;-200;-200;0;206;0;
4998;2024.06.29 07:45;4;23.375;-200;-200;0;206;0;
4999;2024.06.29 08:00;4;23.375;-200;-200;0;206;0;
5000;2024.06.29 08:15;4;23.4375;-200;-200;0;206;0;
5001;2024.06.29 08:30;4;23.5;-200;-200;0;206;0;
5002;2024.06.29 08:45;4;23.4375;-200;-200;0;206;0;
5003;2024.06.29 09:00;4;23.4375;-200;-200;0;206;0;
5004;2024.06.29 09:15;4;23.5;-200;-200;0;206;0;
5005;2024.06.29 09:30;4;23.5;-200;-200;0;206;0;
5006;2024.06.29 09:45;4;23.4375;-200;-200;0;206;0;
5007;2024.06.29 10:00;4;23.4375;-200;-200;0;206;0;
5008;2024.06.29 10:15;4;23.5;-200;-200;0;206;0;
5009;2024.06.29 10:30;4;23.4375;-200;-200;0;206;0;
5010;2024.06.29 10:45;4;23.5;-200;-200;0;206;0;
5011;2024.06.29 11:00;4;23.5;-200;-200;0;206;0;
5012;2024.06.29 11:15;4;23.5;-200;-200;0;206;0;
5013;2024.06.29 11:30;4;23.5;-200;-200;0;206;0;
5014;2024.06.29 11:45;4;23.4375;-200;-200;0;206;0;
5015;2024.06.29 12:00;4;23.4375;-200;-200;0;206;0;
5016;2024.06.29 12:15;4;23.375;-200;-200;0;206;0;
5017;2024.06.29 12:30;4;23.25;-200;-200;0;206;0;
5018;2024.06.29 12:45;4;23.25;-200;-200;0;206;0;
5019;2024.06.29 13:00;4;23.25;-200;-200;0;206;0;
5020;2024.06.29 13:15;4;23.25;-200;-200;0;206;0;
5021;2024.06.29 13:30;4;23.25;-200;-200;0;206;0;
5022;2024.06.29 13:45;4;23.25;-200;-200;0;206;0;
5023;2024.06.29 14:00;4;23.25;-200;-200;0;206;0;
5024;2024.06.29 14:15;4;23.25;-200;-200;0;206;0;
5025;2024.06.29 14:30;4;23.25;-200;-200;0;206;0;
5026;2024.06.29 14:45;4;23.25;-200;-200;0;206;0;
5027;2024.06.29 15:00;4;23.25;-200;-200;0;206;0;
5028;2024.06.29 15:15;4;23.3125;-200;-200;0;206;0;
5029;2024.06.29 15:30;4;23.375;-200;-200;0;206;0;
5030;2024.06.29 15:45;4;23.375;-200;-200;0;206;0;
5031;2024.06.29 16:00;4;23.375;-200;-200;0;206;0;
5032;2024.06.29 16:15;4;23.375;-200;-200;0;206;0;
5033;2024.06.29 16:30;4;23.375;-200;-200;0;206;0;
5034;2024.06.29 16:45;4;23.375;-200;-200;0;206;0;
5035;2024.06.29 17:00;4;23.375;-200;-200;0;206;0;
5036;2024.06.29 17:15;4;23.375;-200;-200;0;206;0;
5037;2024.06.29 17:30;4;23.375;-200;-200;0;206;0;
5038;2024.06.29 17:45;4;23.375;-200;-200;0;206;0;
5039;2024.06.29 18:00;4;23.375;-200;-200;0;206;0;
5040;2024.06.29 18:15;4;23.375;-200;-200;0;206;0;
5041;2024.06.29 18:30;4;23.3125;-200;-200;0;206;0;
5042;2024.06.29 18:45;4;23.3125;-200;-200;0;206;0;
5043;2024.06.29 19:00;4;23.3125;-200;-200;0;206;0;
5044;2024.06.29 19:15;4;23.25;-200;-200;0;206;0;
5045;2024.06.29 19:30;4;23.25;-200;-200;0;206;0;
5046;2024.06.29 19:45;4;23.25;-200;-200;0;206;0;
5047;2024.06.29 20:00;4;23.25;-200;-200;0;206;0;
5048;2024.06.29 20:15;4;23.25;-200;-200;0;206;0;
5049;2024.06.29 20:30;4;23.25;-200;-200;0;206;0;
5050;2024.06.29 20:45;4;23.25;-200;-200;0;206;0;
5051;2024.06.29 21:00;4;23.25;-200;-200;0;206;0;
5052;2024.06.29 21:15;4;23.25;-200;-200;0;206;0;
5053;2024.06.29 21:30;4;23.25;-200;-200;0;206;0;
5054;2024.06.29 21:45;4;23.25;-200;-200;0;206;0;
5055;2024.06.29 22:00;4;23.25;-200;-200;0;206;0;
5056;2024.06.29 22:15;4;23.3125;-200;-200;0;206;0;
5057;2024.06.29 22:30;4;23.25;-200;-200;0;206;0;
5058;2024.06.29 22:45;4;23.25;-200;-200;0;206;0;
5059;2024.06.29 23:00;4;23.25;-200;-200;0;206;0;
5060;2024.06.29 23:15;4;23.375;-200;-200;0;206;0;
5061;2024.06.29 23:30;4;23.375;-200;-200;0;206;0;
5062;2024.06.29 23:45;4;23.5;-200;-200;0;206;0;
5063;2024.06.30 00:00;4;23.5;-200;-200;0;206;0;
5064;2024.06.30 00:15;4;23.5625;-200;-200;0;206;0;
5065;2024.06.30 00:30;4;23.8125;-200;-200;0;206;0;
5066;2024.06.30 00:45;4;23.8125;-200;-200;0;206;0;
5067;2024.06.30 01:00;4;23.75;-200;-200;0;206;0;
5068;2024.06.30 01:15;4;23.75;-200;-200;0;206;0;
5069;2024.06.30 01:30;4;23.75;-200;-200;0;206;0;
5070;2024.06.30 01:45;4;23.6875;-200;-200;0;206;0;
5071;2024.06.30 02:00;4;23.625;-200;-200;0;206;0;
5072;2024.06.30 02:15;4;23.625;-200;-200;0;206;0;
5073;2024.06.30 02:30;4;23.75;-200;-200;0;206;0;
5074;2024.06.30 02:45;4;23.625;-200;-200;0;206;0;
5075;2024.06.30 03:00;4;23.625;-200;-200;0;206;0;
5076;2024.06.30 03:15;4;23.625;-200;-200;0;206;0;
5077;2024.06.30 03:30;4;23.625;-200;-200;0;206;0;
5078;2024.06.30 03:45;4;23.5625;-200;-200;0;206;0;
5079;2024.06.30 04:00;4;23.5;-200;-200;0;206;0;
5080;2024.06.30 04:15;4;23.5;-200;-200;0;206;0;
5081;2024.06.30 04:30;4;23.5;-200;-200;0;206;0;
5082;2024.06.30 04:45;4;23.5;-200;-200;0;206;0;
5083;2024.06.30 05:00;4;23.5;-200;-200;0;206;0;
5084;2024.06.30 05:15;4;23.4375;-200;-200;0;206;0;
5085;2024.06.30 05:30;4;23.4375;-200;-200;0;206;0;
5086;2024.06.30 05:45;4;23.4375;-200;-200;0;206;0;
5087;2024.06.30 06:00;4;23.375;-200;-200;0;206;0;
5088;2024.06.30 06:15;4;23.375;-200;-200;0;206;0;
5089;2024.06.30 06:30;4;23.375;-200;-200;0;206;0;
5090;2024.06.30 06:45;4;23.375;-200;-200;0;206;0;
5091;2024.06.30 07:00;4;23.3125;-200;-200;0;206;0;
5092;2024.06.30 07:15;4;23.375;-200;-200;0;206;0;
5093;2024.06.30 07:30;4;23.375;-200;-200;0;206;0;
5094;2024.06.30 07:45;4;23.25;-200;-200;0;206;0;
5095;2024.06.30 08:00;4;23.3125;-200;-200;0;206;0;
5096;2024.06.30 08:15;4;23.25;-200;-200;0;206;0;
5097;2024.06.30 08:30;4;23.25;-200;-200;0;206;0;
5098;2024.06.30 08:45;4;23.25;-200;-200;0;206;0;
5099;2024.06.30 09:00;4;23.25;-200;-200;0;206;0;
5100;2024.06.30 09:15;4;23.25;-200;-200;0;206;0;
5101;2024.06.30 09:30;4;23.25;-200;-200;0;206;0;
5102;2024.06.30 09:45;4;23.25;-200;-200;0;206;0;
5103;2024.06.30 10:00;4;23.25;-200;-200;0;206;0;
5104;2024.06.30 10:15;4;23.25;-200;-200;0;206;0;
5105;2024.06.30 10:30;4;23.1875;-200;-200;0;206;0;
5106;2024.06.30 10:45;4;23.25;-200;-200;0;206;0;
5107;2024.06.30 11:00;4;23.25;-200;-200;0;206;0;
5108;2024.06.30 11:15;4;23.25;-200;-200;0;206;0;
5109;2024.06.30 11:30;4;23.25;-200;-200;0;206;0;
5110;2024.06.30 11:45;4;23.1875;-200;-200;0;206;0;
5111;2024.06.30 12:00;4;23.1875;-200;-200;0;206;0;
5112;2024.06.30 12:15;4;23.125;-200;-200;0;206;0;
5113;2024.06.30 12:30;4;23.1875;-200;-200;0;206;0;
5114;2024.06.30 12:45;4;23.125;-200;-200;0;206;0;
5115;2024.06.30 13:00;4;23.1875;-200;-200;0;206;0;
5116;2024.06.30 13:15;4;23.25;-200;-200;0;206;0;
5117;2024.06.30 13:30;4;23.1875;-200;-200;0;206;0;
5118;2024.06.30 13:45;4;23.1875;-200;-200;0;206;0;
5119;2024.06.30 14:00;4;23.25;-200;-200;0;206;0;
5120;2024.06.30 14:15;4;23.25;-200;-200;0;206;0;
5121;2024.06.30 14:30;4;23.25;-200;-200;0;206;0;
5122;2024.06.30 14:45;4;23.25;-200;-200;0;206;0;
5123;2024.06.30 15:00;4;23.1875;-200;-200;0;206;0;
5124;2024.06.30 15:15;4;23.1875;-200;-200;0;206;0;
5125;2024.06.30 15:30;4;23.125;-200;-200;0;206;0;
5126;2024.06.30 15:45;4;23.25;-200;-200;0;206;0;
5127;2024.06.30 16:00;4;23.25;-200;-200;0;206;0;
5128;2024.06.30 16:15;4;23.25;-200;-200;0;206;0;
5129;2024.06.30 16:30;4;23.25;-200;-200;0;206;0;
5130;2024.06.30 16:45;4;23.25;-200;-200;0;206;0;
5131;2024.06.30 17:00;4;23.25;-200;-200;0;206;0;
5132;2024.06.30 17:15;4;23.25;-200;-200;0;206;0;
5133;2024.06.30 17:30;4;23.25;-200;-200;0;206;0;
5134;2024.06.30 17:45;4;23.25;-200;-200;0;206;0;
5135;2024.06.30 18:00;4;23.25;-200;-200;0;206;0;
5136;2024.06.30 18:15;4;23.25;-200;-200;0;206;0;
5137;2024.06.30 18:30;4;23.25;-200;-200;0;206;0;
5138;2024.06.30 18:45;4;23.25;-200;-200;0;206;0;
5139;2024.06.30 19:00;4;23.25;-200;-200;0;206;0;
5140;2024.06.30 19:15;4;23.25;-200;-200;0;206;0;
5141;2024.06.30 19:30;4;23.25;-200;-200;0;206;0;
5142;2024.06.30 19:45;4;23.25;-200;-200;0;206;0;
5143;2024.06.30 20:00;4;23.25;-200;-200;0;206;0;
5144;2024.06.30 20:15;4;23.25;-200;-200;0;206;0;
5145;2024.06.30 20:30;4;23.25;-200;-200;0;206;0;
5146;2024.06.30 20:45;4;23.25;-200;-200;0;206;0;
5147;2024.06.30 21:00;4;23.25;-200;-200;0;206;0;
5148;2024.06.30 21:15;4;23.3125;-200;-200;0;206;0;
5149;2024.06.30 21:30;4;23.25;-200;-200;0;206;0;
5150;2024.06.30 21:45;4;23.3125;-200;-200;0;206;0;
5151;2024.06.30 22:00;4;23.3125;-200;-200;0;206;0;
5152;2024.06.30 22:15;4;23.3125;-200;-200;0;206;0;
5153;2024.06.30 22:30;4;23.375;-200;-200;0;206;0;
5154;2024.06.30 22:45;4;23.3125;-200;-200;0;206;0;
5155;2024.06.30 23:00;4;23.375;-200;-200;0;206;0;
5156;2024.06.30 23:15;4;23.375;-200;-200;0;206;0;
5157;2024.06.30 23:30;4;23.375;-200;-200;0;206;0;
5158;2024.06.30 23:45;4;23.375;-200;-200;0;206;0;
5159;2024.07.01 00:00;4;23.375;-200;-200;0;206;0;
5160;2024.07.01 00:15;4;23.375;-200;-200;0;206;0;
5161;2024.07.01 00:30;4;23.375;-200;-200;0;206;0;
5162;2024.07.01 00:45;4;23.375;-200;-200;0;206;0;
5163;2024.07.01 01:00;4;23.375;-200;-200;0;206;0;
5164;2024.07.01 01:15;4;23.4375;-200;-200;0;206;0;
5165;2024.07.01 01:30;4;23.5;-200;-200;0;206;0;
5166;2024.07.01 01:45;4;23.4375;-200;-200;0;206;0;
5167;2024.07.01 02:00;4;23.4375;-200;-200;0;206;0;
5168;2024.07.01 02:15;4;23.4375;-200;-200;0;206;0;
5169;2024.07.01 02:30;4;23.5;-200;-200;0;206;0;
5170;2024.07.01 02:45;4;23.5;-200;-200;0;206;0;
5171;2024.07.01 03:00;4;23.5;-200;-200;0;206;0;
5172;2024.07.01 03:15;4;23.4375;-200;-200;0;206;0;
5173;2024.07.01 03:30;4;23.4375;-200;-200;0;206;0;
5174;2024.07.01 03:45;4;23.5;-200;-200;0;206;0;
5175;2024.07.01 04:00;4;23.5;-200;-200;0;206;0;
5176;2024.07.01 04:15;4;23.4375;-200;-200;0;206;0;
5177;2024.07.01 04:30;4;23.375;-200;-200;0;206;0;
5178;2024.07.01 04:45;4;23.375;-200;-200;0;206;0;
5179;2024.07.01 05:00;4;23.4375;-200;-200;0;206;0;
5180;2024.07.01 05:15;4;23.375;-200;-200;0;206;0;
5181;2024.07.01 05:30;4;23.375;-200;-200;0;206;0;
5182;2024.07.01 05:45;4;23.375;-200;-200;0;206;0;
5183;2024.07.01 06:00;4;23.375;-200;-200;0;206;0;
5184;2024.07.01 06:15;4;23.375;-200;-200;0;206;0;
5185;2024.07.01 06:30;4;23.375;-200;-200;0;206;0;
5186;2024.07.01 06:45;4;23.375;-200;-200;0;206;0;
5187;2024.07.01 07:00;4;23.375;-200;-200;0;206;0;
5188;2024.07.01 07:15;4;23.375;-200;-200;0;206;0;
5189;2024.07.01 07:30;4;23.375;-200;-200;0;206;0;
5190;2024.07.01 07:45;4;23.375;-200;-200;0;206;0;
5191;2024.07.01 08:00;4;23.375;-200;-200;0;206;0;
5192;2024.07.01 08:15;4;23.375;-200;-200;0;206;0;
5193;2024.07.01 08:30;4;23.375;-200;-200;0;206;0;
5194;2024.07.01 08:45;4;23.375;-200;-200;0;206;0;
5195;2024.07.01 09:00;4;23.375;-200;-200;0;206;0;
5196;2024.07.01 09:15;4;23.375;-200;-200;0;206;0;
5197;2024.07.01 09:30;4;23.375;-200;-200;0;206;0;
5198;2024.07.01 09:45;4;23.375;-200;-200;0;206;0;
5199;2024.07.01 10:00;4;23.375;-200;-200;0;206;0;
5200;2024.07.01 10:15;4;23.375;-200;-200;0;206;0;
5201;2024.07.01 10:30;4;23.375;-200;-200;0;206;0;
5202;2024.07.01 10:45;4;23.375;-200;-200;0;206;0;
5203;2024.07.01 11:00;4;23.375;-200;-200;0;206;0;
5204;2024.07.01 11:15;4;23.375;-200;-200;0;206;0;
5205;2024.07.01 11:30;4;23.375;-200;-200;0;206;0;
5206;2024.07.01 11:45;4;23.375;-200;-200;0;206;0;
5207;2024.07.01 12:00;4;23.375;-200;-200;0;206;0;
5208;2024.07.01 12:15;4;23.3125;-200;-200;0;206;0;
5209;2024.07.01 12:30;4;23.25;-200;-200;0;206;0;
5210;2024.07.01 12:45;4;23.25;-200;-200;0;206;0;
5211;2024.07.01 13:00;4;23.25;-200;-200;0;206;0;
5212;2024.07.01 13:15;4;23.25;-200;-200;0;206;0;
5213;2024.07.01 13:30;4;23.25;-200;-200;0;206;0;
5214;2024.07.01 13:45;4;23.25;-200;-200;0;206;0;
5215;2024.07.01 14:00;4;23.25;-200;-200;0;206;0;
5216;2024.07.01 14:15;4;23.3125;-200;-200;0;206;0;
5217;2024.07.01 14:30;4;23.3125;-200;-200;0;206;0;
5218;2024.07.01 14:45;4;23.3125;-200;-200;0;206;0;
5219;2024.07.01 15:00;4;23.3125;-200;-200;0;206;0;
5220;2024.07.01 15:15;4;23.3125;-200;-200;0;206;0;
5221;2024.07.01 15:30;4;23.375;-200;-200;0;206;0;
5222;2024.07.01 15:45;4;23.5;-200;-200;0;206;0;
5223;2024.07.01 16:00;4;23.5;-200;-200;0;206;0;
5224;2024.07.01 16:15;4;23.5625;-200;-200;0;206;0;
5225;2024.07.01 16:30;4;23.625;-200;-200;0;206;0;
5226;2024.07.01 16:45;4;23.625;-200;-200;0;206;0;
5227;2024.07.01 17:00;4;23.625;-200;-200;0;206;0;
5228;2024.07.01 17:15;4;23.625;-200;-200;0;206;0;
5229;2024.07.01 17:30;4;23.625;-200;-200;0;206;0;
5230;2024.07.01 17:45;4;23.6875;-200;-200;0;206;0;
5231;2024.07.01 18:00;4;23.625;-200;-200;0;206;0;
5232;2024.07.01 18:15;4;23.6875;-200;-200;0;206;0;
5233;2024.07.01 18:30;4;23.6875;-200;-200;0;206;0;
5234;2024.07.01 18:45;4;23.375;-200;-200;0;206;0;
5235;2024.07.01 19:00;4;23.5;-200;-200;0;206;0;
5236;2024.07.01 19:15;4;23.25;-200;-200;0;206;0;
5237;2024.07.01 19:30;4;23.375;-200;-200;0;206;0;
5238;2024.07.01 19:45;4;23.4375;-200;-200;0;206;0;
5239;2024.07.01 20:00;4;23.375;-200;-200;0;206;0;
5240;2024.07.01 20:15;4;23.25;-200;-200;0;206;0;
5241;2024.07.01 20:30;4;23.375;-200;-200;0;206;0;
5242;2024.07.01 20:45;4;23.25;-200;-200;0;206;0;
5243;2024.07.01 21:00;4;23.375;-200;-200;0;206;0;
5244;2024.07.01 21:15;4;23.1875;-200;-200;0;206;0;
5245;2024.07.01 21:30;4;23.375;-200;-200;0;206;0;
5246;2024.07.01 21:45;4;23.375;-200;-200;0;206;0;
5247;2024.07.01 22:00;4;23.25;-200;-200;0;206;0;
5248;2024.07.01 22:15;4;23.5;-200;-200;0;206;0;
5249;2024.07.01 22:30;4;23.5625;-200;-200;0;206;0;
5250;2024.07.01 22:45;4;23.5;-200;-200;0;206;0;
5251;2024.07.01 23:00;4;23.625;-200;-200;0;206;0;
5252;2024.07.01 23:15;4;23.5;-200;-200;0;206;0;
5253;2024.07.01 23:30;4;23.5;-200;-200;0;206;0;
5254;2024.07.01 23:45;4;23.4375;-200;-200;0;206;0;
5255;2024.07.02 00:00;4;23.4375;-200;-200;0;206;0;
5256;2024.07.02 00:15;4;23.375;-200;-200;0;206;0;
5257;2024.07.02 00:30;4;23.4375;-200;-200;0;206;0;
5258;2024.07.02 00:45;4;23.4375;-200;-200;0;206;0;
5259;2024.07.02 01:00;4;23.4375;-200;-200;0;206;0;
5260;2024.07.02 01:15;4;23.4375;-200;-200;0;206;0;
5261;2024.07.02 01:30;4;23.375;-200;-200;0;206;0;
5262;2024.07.02 01:45;4;23.375;-200;-200;0;206;0;
5263;2024.07.02 02:00;4;23.375;-200;-200;0;206;0;
5264;2024.07.02 02:15;4;23.375;-200;-200;0;206;0;
5265;2024.07.02 02:30;4;23.4375;-200;-200;0;206;0;
5266;2024.07.02 02:45;4;23.4375;-200;-200;0;206;0;
5267;2024.07.02 03:00;4;23.5;-200;-200;0;206;0;
5268;2024.07.02 03:15;4;23.4375;-200;-200;0;206;0;
5269;2024.07.02 03:30;4;23.375;-200;-200;0;206;0;
5270;2024.07.02 03:45;4;23.4375;-200;-200;0;206;0;
5271;2024.07.02 04:00;4;23.375;-200;-200;0;206;0;
5272;2024.07.02 04:15;4;23.375;-200;-200;0;206;0;
5273;2024.07.02 04:30;4;23.375;-200;-200;0;206;0;
5274;2024.07.02 04:45;4;23.375;-200;-200;0;206;0;
5275;2024.07.02 05:00;4;23.375;-200;-200;0;206;0;
5276;2024.07.02 05:15;4;23.375;-200;-200;0;206;0;
5277;2024.07.02 05:30;4;23.375;-200;-200;0;206;0;
5278;2024.07.02 05:45;4;23.375;-200;-200;0;206;0;
5279;2024.07.02 06:00;4;23.25;-200;-200;0;206;0;
5280;2024.07.02 06:15;4;23.25;-200;-200;0;206;0;
5281;2024.07.02 06:30;4;23.25;-200;-200;0;206;0;
5282;2024.07.02 06:45;4;23.25;-200;-200;0;206;0;
5283;2024.07.02 07:00;4;23.25;-200;-200;0;206;0;
5284;2024.07.02 07:15;4;23.25;-200;-200;0;206;0;
5285;2024.07.02 07:30;4;23.25;-200;-200;0;206;0;
5286;2024.07.02 07:45;4;23.1875;-200;-200;0;206;0;
5287;2024.07.02 08:00;4;23.1875;-200;-200;0;206;0;
5288;2024.07.02 08:15;4;23.1875;-200;-200;0;206;0;
5289;2024.07.02 08:30;4;23.1875;-200;-200;0;206;0;
5290;2024.07.02 08:45;4;23.1875;-200;-200;0;206;0;
5291;2024.07.02 09:00;4;23.125;-200;-200;0;206;0;
5292;2024.07.02 09:15;4;23.125;-200;-200;0;206;0;
5293;2024.07.02 09:30;4;23.125;-200;-200;0;206;0;
5294;2024.07.02 09:45;4;23.125;-200;-200;0;206;0;
5295;2024.07.02 10:00;4;23.125;-200;-200;0;206;0;
5296;2024.07.02 10:15;4;23.125;-200;-200;0;206;0;
5297;2024.07.02 10:30;4;23.0625;-200;-200;0;206;0;
5298;2024.07.02 10:45;4;23;-200;-200;0;206;0;
5299;2024.07.02 11:00;4;23.0625;-200;-200;0;206;0;
5300;2024.07.02 11:15;4;23;-200;-200;0;206;0;
5301;2024.07.02 11:30;4;23;-200;-200;0;206;0;
5302;2024.07.02 11:45;4;23;-200;-200;0;206;0;
5303;2024.07.02 12:00;4;23.125;-200;-200;0;206;0;
5304;2024.07.02 12:15;4;23.0625;-200;-200;0;206;0;
5305;2024.07.02 12:30;4;23.0625;-200;-200;0;206;0;
5306;2024.07.02 12:45;4;23.0625;-200;-200;0;206;0;
5307;2024.07.02 13:00;4;23.125;-200;-200;0;206;0;
5308;2024.07.02 13:15;4;23.125;-200;-200;0;206;0;
5309;2024.07.02 13:30;4;23.125;-200;-200;0;206;0;
5310;2024.07.02 13:45;4;23.0625;-200;-200;0;206;0;
5311;2024.07.02 14:00;4;23.0625;-200;-200;0;206;0;
5312;2024.07.02 14:15;4;23.0625;-200;-200;0;206;0;
5313;2024.07.02 14:30;4;23.0625;-200;-200;0;206;0;
5314;2024.07.02 14:45;4;23.0625;-200;-200;0;206;0;
5315;2024.07.02 15:00;4;23.0625;-200;-200;0;206;0;
5316;2024.07.02 15:15;4;23.125;-200;-200;0;206;0;
5317;2024.07.02 15:30;4;23.125;-200;-200;0;206;0;
5318;2024.07.02 15:45;4;23.125;-200;-200;0;206;0;
5319;2024.07.02 16:00;4;23.125;-200;-200;0;206;0;
5320;2024.07.02 16:15;4;23.1875;-200;-200;0;206;0;
5321;2024.07.02 16:30;4;23.1875;-200;-200;0;206;0;
5322;2024.07.02 16:45;4;23.25;-200;-200;0;206;0;
5323;2024.07.02 17:00;4;23.25;-200;-200;0;206;0;
5324;2024.07.02 17:15;4;23.3125;-200;-200;0;206;0;
5325;2024.07.02 17:30;4;23.3125;-200;-200;0;206;0;
5326;2024.07.02 17:45;4;23.25;-200;-200;0;206;0;
5327;2024.07.02 18:00;4;23.25;-200;-200;0;206;0;
5328;2024.07.02 18:15;4;23.3125;-200;-200;0;206;0;
5329;2024.07.02 18:30;4;23.125;-200;-200;0;206;0;
5330;2024.07.02 18:45;4;23.25;-200;-200;0;206;0;
5331;2024.07.02 19:00;4;23.3125;-200;-200;0;206;0;
5332;2024.07.02 19:15;4;23.25;-200;-200;0;206;0;
5333;2024.07.02 19:30;4;23.375;-200;-200;0;206;0;
5334;2024.07.02 19:45;4;23.5;-200;-200;0;206;0;
5335;2024.07.02 20:00;4;23.3125;-200;-200;0;206;0;
5336;2024.07.02 20:15;4;23.375;-200;-200;0;206;0;
5337;2024.07.02 20:30;4;23.5;-200;-200;0;206;0;
5338;2024.07.02 20:45;4;23.5625;-200;-200;0;206;0;
5339;2024.07.02 21:00;4;23.375;-200;-200;0;206;0;
5340;2024.07.02 21:15;4;23.5;-200;-200;0;206;0;
5341;2024.07.02 21:30;4;23.5;-200;-200;0;206;0;
5342;2024.07.02 21:45;4;23.375;-200;-200;0;206;0;
5343;2024.07.02 22:00;4;23.625;-200;-200;0;206;0;
5344;2024.07.02 22:15;4;23.5625;-200;-200;0;206;0;
5345;2024.07.02 22:30;4;23.75;-200;-200;0;206;0;
5346;2024.07.02 22:45;4;23.625;-200;-200;0;206;0;
5347;2024.07.02 23:00;4;23.6875;-200;-200;0;206;0;
5348;2024.07.02 23:15;4;23.4375;-200;-200;0;206;0;
5349;2024.07.02 23:30;4;23.4375;-200;-200;0;206;0;
5350;2024.07.02 23:45;4;23.4375;-200;-200;0;206;0;
5351;2024.07.03 00:00;4;23.5;-200;-200;0;206;0;
5352;2024.07.03 00:15;4;23.5;-200;-200;0;206;0;
5353;2024.07.03 00:30;4;23.5;-200;-200;0;206;0;
5354;2024.07.03 00:45;4;23.5;-200;-200;0;206;0;
5355;2024.07.03 01:00;4;23.5;-200;-200;0;206;0;
5356;2024.07.03 01:15;4;23.5625;-200;-200;0;206;0;
5357;2024.07.03 01:30;4;23.5;-200;-200;0;206;0;
5358;2024.07.03 01:45;4;23.5625;-200;-200;0;206;0;
5359;2024.07.03 02:00;4;23.5;-200;-200;0;206;0;
5360;2024.07.03 02:15;4;23.5;-200;-200;0;206;0;
5361;2024.07.03 02:30;4;23.5;-200;-200;0;206;0;
5362;2024.07.03 02:45;4;23.5;-200;-200;0;206;0;
5363;2024.07.03 03:00;4;23.5;-200;-200;0;206;0;
5364;2024.07.03 03:15;4;23.5;-200;-200;0;206;0;
5365;2024.07.03 03:30;4;23.4375;-200;-200;0;206;0;
5366;2024.07.03 03:45;4;23.4375;-200;-200;0;206;0;
5367;2024.07.03 04:00;4;23.4375;-200;-200;0;206;0;
5368;2024.07.03 04:15;4;23.4375;-200;-200;0;206;0;
5369;2024.07.03 04:30;4;23.375;-200;-200;0;206;0;
5370;2024.07.03 04:45;4;23.375;-200;-200;0;206;0;
5371;2024.07.03 05:00;4;23.375;-200;-200;0;206;0;
5372;2024.07.03 05:15;4;23.375;-200;-200;0;206;0;
5373;2024.07.03 05:30;4;23.375;-200;-200;0;206;0;
5374;2024.07.03 05:45;4;23.375;-200;-200;0;206;0;
5375;2024.07.03 06:00;4;23.375;-200;-200;0;206;0;
5376;2024.07.03 06:15;4;23.375;-200;-200;0;206;0;
5377;2024.07.03 06:30;4;23.375;-200;-200;0;206;0;
5378;2024.07.03 06:45;4;23.375;-200;-200;0;206;0;
5379;2024.07.03 07:00;4;23.375;-200;-200;0;206;0;
5380;2024.07.03 07:15;4;23.375;-200;-200;0;206;0;
5381;2024.07.03 07:30;4;23.375;-200;-200;0;206;0;
5382;2024.07.03 07:45;4;23.375;-200;-200;0;206;0;
5383;2024.07.03 08:00;4;23.375;-200;-200;0;206;0;
5384;2024.07.03 08:15;4;23.375;-200;-200;0;206;0;
5385;2024.07.03 08:30;4;23.375;-200;-200;0;206;0;
5386;2024.07.03 08:45;4;23.375;-200;-200;0;206;0;
5387;2024.07.03 09:00;4;23.375;-200;-200;0;206;0;
5388;2024.07.03 09:15;4;23.3125;-200;-200;0;206;0;
5389;2024.07.03 09:30;4;23.3125;-200;-200;0;206;0;
5390;2024.07.03 09:45;4;23.25;-200;-200;0;206;0;
5391;2024.07.03 10:00;4;23.3125;-200;-200;0;206;0;
5392;2024.07.03 10:15;4;23.25;-200;-200;0;206;0;
5393;2024.07.03 10:30;4;23.3125;-200;-200;0;206;0;
5394;2024.07.03 10:45;4;23.25;-200;-200;0;206;0;
5395;2024.07.03 11:00;4;23.25;-200;-200;0;206;0;
5396;2024.07.03 11:15;4;23.3125;-200;-200;0;206;0;
5397;2024.07.03 11:30;4;23.25;-200;-200;0;206;0;
5398;2024.07.03 11:45;4;23.25;-200;-200;0;206;0;
5399;2024.07.03 12:00;4;23.1875;-200;-200;0;206;0;
5400;2024.07.03 12:15;4;23.1875;-200;-200;0;206;0;
5401;2024.07.03 12:30;4;23.1875;-200;-200;0;206;0;
5402;2024.07.03 12:45;4;23.125;-200;-200;0;206;0;
5403;2024.07.03 13:00;4;23.125;-200;-200;0;206;0;
5404;2024.07.03 13:15;4;23.125;-200;-200;0;206;0;
5405;2024.07.03 13:30;4;23.125;-200;-200;0;206;0;
5406;2024.07.03 13:45;4;23.125;-200;-200;0;206;0;
5407;2024.07.03 14:00;4;23.1875;-200;-200;0;206;0;
5408;2024.07.03 14:15;4;23.25;-200;-200;0;206;0;
5409;2024.07.03 14:30;4;23.25;-200;-200;0;206;0;
5410;2024.07.03 14:45;4;23.25;-200;-200;0;206;0;
5411;2024.07.03 15:00;4;23.1875;-200;-200;0;206;0;
5412;2024.07.03 15:15;4;23.25;-200;-200;0;206;0;
5413;2024.07.03 15:30;4;23.25;-200;-200;0;206;0;
5414;2024.07.03 15:45;4;23.25;-200;-200;0;206;0;
5415;2024.07.03 16:00;4;23.25;-200;-200;0;206;0;
5416;2024.07.03 16:15;4;23.25;-200;-200;0;206;0;
5417;2024.07.03 16:30;4;23.25;-200;-200;0;206;0;
5418;2024.07.03 16:45;4;23.25;-200;-200;0;206;0;
5419;2024.07.03 17:00;4;23.25;-200;-200;0;206;0;
5420;2024.07.03 17:15;4;23.25;-200;-200;0;206;0;
5421;2024.07.03 17:30;4;23.375;-200;-200;0;206;0;
5422;2024.07.03 17:45;4;23.375;-200;-200;0;206;0;
5423;2024.07.03 18:00;4;23.375;-200;-200;0;206;0;
5424;2024.07.03 18:15;4;23.375;-200;-200;0;206;0;
5425;2024.07.03 18:30;4;23.375;-200;-200;0;206;0;
5426;2024.07.03 18:45;4;23.375;-200;-200;0;206;0;
5427;2024.07.03 19:00;4;23.375;-200;-200;0;206;0;
5428;2024.07.03 19:15;4;23.375;-200;-200;0;206;0;
5429;2024.07.03 19:30;4;23.375;-200;-200;0;206;0;
5430;2024.07.03 19:45;4;23.375;-200;-200;0;206;0;
5431;2024.07.03 20:00;4;23.4375;-200;-200;0;206;0;
5432;2024.07.03 20:15;4;23.25;-200;-200;0;206;0;
5433;2024.07.03 20:30;4;23.25;-200;-200;0;206;0;
5434;2024.07.03 20:45;4;23.25;-200;-200;0;206;0;
5435;2024.07.03 21:00;4;23.25;-200;-200;0;206;0;
5436;2024.07.03 21:15;4;23.25;-200;-200;0;206;0;
5437;2024.07.03 21:30;4;23.25;-200;-200;0;206;0;
5438;2024.07.03 21:45;4;23.25;-200;-200;0;206;0;
5439;2024.07.03 22:00;4;23.25;-200;-200;0;206;0;
5440;2024.07.03 22:15;4;23.25;-200;-200;0;206;0;
5441;2024.07.03 22:30;4;23.25;-200;-200;0;206;0;
5442;2024.07.03 22:45;4;23.25;-200;-200;0;206;0;
5443;2024.07.03 23:00;4;23.25;-200;-200;0;206;0;
5444;2024.07.03 23:15;4;23.25;-200;-200;0;206;0;
5445;2024.07.03 23:30;4;23.1875;-200;-200;0;206;0;
5446;2024.07.03 23:45;4;23.1875;-200;-200;0;206;0;
5447;2024.07.04 00:00;4;23.125;-200;-200;0;206;0;
5448;2024.07.04 00:15;4;23.125;-200;-200;0;206;0;
5449;2024.07.04 00:30;4;23.125;-200;-200;0;206;0;
5450;2024.07.04 00:45;4;23.125;-200;-200;0;206;0;
5451;2024.07.04 01:00;4;23.125;-200;-200;0;206;0;
5452;2024.07.04 01:15;4;23.125;-200;-200;0;206;0;
5453;2024.07.04 01:30;4;23.125;-200;-200;0;206;0;
5454;2024.07.04 01:45;4;23.125;-200;-200;0;206;0;
5455;2024.07.04 02:00;4;23.125;-200;-200;0;206;0;
5456;2024.07.04 02:15;4;23.125;-200;-200;0;206;0;
5457;2024.07.04 02:30;4;23.125;-200;-200;0;206;0;
5458;2024.07.04 02:45;4;23.125;-200;-200;0;206;0;
5459;2024.07.04 03:00;4;23.125;-200;-200;0;206;0;
5460;2024.07.04 03:15;4;23.125;-200;-200;0;206;0;
5461;2024.07.04 03:30;4;23.125;-200;-200;0;206;0;
5462;2024.07.04 03:45;4;23.125;-200;-200;0;206;0;
5463;2024.07.04 04:00;4;23.125;-200;-200;0;206;0;
5464;2024.07.04 04:15;4;23.125;-200;-200;0;206;0;
5465;2024.07.04 04:30;4;23.125;-200;-200;0;206;0;
5466;2024.07.04 04:45;4;23.125;-200;-200;0;206;0;
5467;2024.07.04 05:00;4;23.125;-200;-200;0;206;0;
5468;2024.07.04 05:15;4;23.125;-200;-200;0;206;0;
5469;2024.07.04 05:30;4;23.125;-200;-200;0;206;0;
5470;2024.07.04 05:45;4;23.125;-200;-200;0;206;0;
5471;2024.07.04 06:00;4;23.125;-200;-200;0;206;0;
5472;2024.07.04 06:15;4;23.25;-200;-200;0;206;0;
5473;2024.07.04 06:30;4;23.25;-200;-200;0;206;0;
5474;2024.07.04 06:45;4;23.25;-200;-200;0;206;0;
5475;2024.07.04 07:00;4;23.25;-200;-200;0;206;0;
5476;2024.07.04 07:15;4;23.25;-200;-200;0;206;0;
5477;2024.07.04 07:30;4;23.25;-200;-200;0;206;0;
5478;2024.07.04 07:45;4;23.25;-200;-200;0;206;0;
5479;2024.07.04 08:00;4;23.25;-200;-200;0;206;0;
5480;2024.07.04 08:15;4;23.25;-200;-200;0;206;0;
5481;2024.07.04 08:30;4;23.25;-200;-200;0;206;0;
5482;2024.07.04 08:45;4;23.25;-200;-200;0;206;0;
5483;2024.07.04 09:00;4;23.25;-200;-200;0;206;0;
5484;2024.07.04 09:15;4;23.25;-200;-200;0;206;0;
5485;2024.07.04 09:30;4;23.1875;-200;-200;0;206;0;
5486;2024.07.04 09:45;4;23.25;-200;-200;0;206;0;
5487;2024.07.04 10:00;4;23.25;-200;-200;0;206;0;
5488;2024.07.04 10:15;4;23.25;-200;-200;0;206;0;
5489;2024.07.04 10:30;4;23.25;-200;-200;0;206;0;
5490;2024.07.04 10:45;4;23.25;-200;-200;0;206;0;
5491;2024.07.04 11:00;4;23.25;-200;-200;0;206;0;
5492;2024.07.04 11:15;4;23.1875;-200;-200;0;206;0;
5493;2024.07.04 11:30;4;23.1875;-200;-200;0;206;0;
5494;2024.07.04 11:45;4;23.125;-200;-200;0;206;0;
5495;2024.07.04 12:00;4;23.125;-200;-200;0;206;0;
5496;2024.07.04 12:15;4;23.25;-200;-200;0;206;0;
5497;2024.07.04 12:30;4;23.1875;-200;-200;0;206;0;
5498;2024.07.04 12:45;4;23.125;-200;-200;0;206;0;
5499;2024.07.04 13:00;4;23.1875;-200;-200;0;206;0;
5500;2024.07.04 13:15;4;23.1875;-200;-200;0;206;0;
5501;2024.07.04 13:30;4;23.1875;-200;-200;0;206;0;
5502;2024.07.04 13:45;4;23.125;-200;-200;0;206;0;
5503;2024.07.04 14:00;4;23.125;-200;-200;0;206;0;
5504;2024.07.04 14:15;4;23.125;-200;-200;0;206;0;
5505;2024.07.04 14:30;4;23.0625;-200;-200;0;206;0;
5506;2024.07.04 14:45;4;23.0625;-200;-200;0;206;0;
5507;2024.07.04 15:00;4;23.125;-200;-200;0;206;0;
5508;2024.07.04 15:15;4;23.125;-200;-200;0;206;0;
5509;2024.07.04 15:30;4;23.125;-200;-200;0;206;0;
5510;2024.07.04 15:45;4;23.0625;-200;-200;0;206;0;
5511;2024.07.04 16:00;4;23.0625;-200;-200;0;206;0;
5512;2024.07.04 16:15;4;23;-200;-200;0;206;0;
5513;2024.07.04 16:30;4;23;-200;-200;0;206;0;
5514;2024.07.04 16:45;4;23;-200;-200;0;206;0;
5515;2024.07.04 17:00;4;23;-200;-200;0;206;0;
5516;2024.07.04 17:15;4;22.9375;-200;-200;0;206;0;
5517;2024.07.04 17:30;4;22.875;-200;-200;0;206;0;
5518;2024.07.04 17:45;4;22.9375;-200;-200;0;206;0;
5519;2024.07.04 18:00;4;23;-200;-200;0;206;0;
5520;2024.07.04 18:15;4;22.875;-200;-200;0;206;0;
5521;2024.07.04 18:30;4;22.875;-200;-200;0;206;0;
5522;2024.07.04 18:45;4;22.875;-200;-200;0;206;0;
5523;2024.07.04 19:00;4;22.75;-200;-200;0;206;0;
5524;2024.07.04 19:15;4;22.75;-200;-200;0;206;0;
5525;2024.07.04 19:30;4;22.625;-200;-200;0;206;0;
5526;2024.07.04 19:45;4;22.625;-200;-200;0;206;0;
5527;2024.07.04 20:00;4;22.5625;-200;-200;0;206;0;
5528;2024.07.04 20:15;4;22.5;-200;-200;0;206;0;
5529;2024.07.04 20:30;4;22.5;-200;-200;0;206;0;
5530;2024.07.04 20:45;4;22.5;-200;-200;0;206;0;
5531;2024.07.04 21:00;4;22.4375;-200;-200;0;206;0;
5532;2024.07.04 21:15;4;22.4375;-200;-200;0;206;0;
5533;2024.07.04 21:30;4;22.375;-200;-200;0;206;0;
5534;2024.07.04 21:45;4;22.375;-200;-200;0;206;0;
5535;2024.07.04 22:00;4;22.375;-200;-200;0;206;0;
5536;2024.07.04 22:15;4;22.375;-200;-200;0;206;0;
5537;2024.07.04 22:30;4;22.375;-200;-200;0;206;0;
5538;2024.07.04 22:45;4;22.4375;-200;-200;0;206;0;
5539;2024.07.04 23:00;4;22.4375;-200;-200;0;206;0;
5540;2024.07.04 23:15;4;22.4375;-200;-200;0;206;0;
5541;2024.07.04 23:30;4;22.5;-200;-200;0;206;0;
5542;2024.07.04 23:45;4;22.5;-200;-200;0;206;0;
5543;2024.07.05 00:00;4;22.5;-200;-200;0;206;0;
5544;2024.07.05 00:15;4;22.5;-200;-200;0;206;0;
5545;2024.07.05 00:30;4;22.5;-200;-200;0;206;0;
5546;2024.07.05 00:45;4;22.5;-200;-200;0;206;0;
5547;2024.07.05 01:00;4;22.5;-200;-200;0;206;0;
5548;2024.07.05 01:15;4;22.5;-200;-200;0;206;0;
5549;2024.07.05 01:30;4;22.5;-200;-200;0;206;0;
5550;2024.07.05 01:45;4;22.5625;-200;-200;0;206;0;
5551;2024.07.05 02:00;4;22.625;-200;-200;0;206;0;
5552;2024.07.05 02:15;4;22.5625;-200;-200;0;206;0;
5553;2024.07.05 02:30;4;22.625;-200;-200;0;206;0;
5554;2024.07.05 02:45;4;22.5625;-200;-200;0;206;0;
5555;2024.07.05 03:00;4;22.625;-200;-200;0;206;0;
5556;2024.07.05 03:15;4;22.625;-200;-200;0;206;0;
5557;2024.07.05 03:30;4;22.625;-200;-200;0;206;0;
5558;2024.07.05 03:45;4;22.625;-200;-200;0;206;0;
5559;2024.07.05 04:00;4;22.625;-200;-200;0;206;0;
5560;2024.07.05 04:15;4;22.625;-200;-200;0;206;0;
5561;2024.07.05 04:30;4;22.6875;-200;-200;0;206;0;
5562;2024.07.05 04:45;4;22.75;-200;-200;0;206;0;
5563;2024.07.05 05:00;4;22.75;-200;-200;0;206;0;
5564;2024.07.05 05:15;4;22.75;-200;-200;0;206;0;
5565;2024.07.05 05:30;4;22.75;-200;-200;0;206;0;
5566;2024.07.05 05:45;4;22.75;-200;-200;0;206;0;
5567;2024.07.05 06:00;4;22.6875;-200;-200;0;206;0;
5568;2024.07.05 06:15;4;22.75;-200;-200;0;206;0;
5569;2024.07.05 06:30;4;22.75;-200;-200;0;206;0;
5570;2024.07.05 06:45;4;22.75;-200;-200;0;206;0;
5571;2024.07.05 07:00;4;22.8125;-200;-200;0;206;0;
5572;2024.07.05 07:15;4;23;-200;-200;0;206;0;
5573;2024.07.05 07:30;4;23;-200;-200;0;206;0;
5574;2024.07.05 07:45;4;23.125;-200;-200;0;206;0;
5575;2024.07.05 08:00;4;23.5625;-200;-200;0;206;0;
5576;2024.07.05 08:15;4;23.75;-200;-200;0;206;0;
5577;2024.07.05 08:30;4;23.875;-200;-200;0;206;0;
5578;2024.07.05 08:45;4;23.9375;-200;-200;0;206;0;
5579;2024.07.05 09:00;4;23.9375;-200;-200;0;206;0;
5580;2024.07.05 09:15;4;23.75;-200;-200;0;206;0;
5581;2024.07.05 09:30;4;23.6875;-200;-200;0;206;0;
5582;2024.07.05 09:45;4;23.5;-200;-200;0;206;0;
5583;2024.07.05 10:00;4;23.375;-200;-200;0;206;0;
5584;2024.07.05 10:15;4;23.375;-200;-200;0;206;0;
5585;2024.07.05 10:30;4;23.375;-200;-200;0;206;0;
5586;2024.07.05 10:45;4;23.375;-200;-200;0;206;0;
5587;2024.07.05 11:00;4;23.5;-200;-200;0;206;0;
5588;2024.07.05 11:15;4;23.5625;-200;-200;0;206;0;
5589;2024.07.05 11:30;4;23.625;-200;-200;0;206;0;
5590;2024.07.05 11:45;4;23.625;-200;-200;0;206;0;
5591;2024.07.05 12:00;4;23.625;-200;-200;0;206;0;
5592;2024.07.05 12:15;4;23.625;-200;-200;0;206;0;
5593;2024.07.05 12:30;4;23.625;-200;-200;0;206;0;
5594;2024.07.05 12:45;4;23.625;-200;-200;0;206;0;
5595;2024.07.05 13:00;4;23.625;-200;-200;0;206;0;
5596;2024.07.05 13:15;4;23.5625;-200;-200;0;206;0;
5597;2024.07.05 13:30;4;23.5;-200;-200;0;206;0;
5598;2024.07.05 13:45;4;23.5;-200;-200;0;206;0;
5599;2024.07.05 14:00;4;23.5;-200;-200;0;206;0;
5600;2024.07.05 14:15;4;23.5;-200;-200;0;206;0;
5601;2024.07.05 14:30;4;23.5;-200;-200;0;206;0;
5602;2024.07.05 14:45;4;23.5;-200;-200;0;206;0;
5603;2024.07.05 15:00;4;23.5;-200;-200;0;206;0;
5604;2024.07.05 15:15;4;23.4375;-200;-200;0;206;0;
5605;2024.07.05 15:30;4;23.375;-200;-200;0;206;0;
5606;2024.07.05 15:45;4;23.375;-200;-200;0;206;0;
5607;2024.07.05 16:00;4;23.375;-200;-200;0;206;0;
5608;2024.07.05 16:15;4;23.375;-200;-200;0;206;0;
5609;2024.07.05 16:30;4;23.375;-200;-200;0;206;0;
5610;2024.07.05 16:45;4;23.375;-200;-200;0;206;0;
5611;2024.07.05 17:00;4;23.375;-200;-200;0;206;0;
5612;2024.07.05 17:15;4;23.375;-200;-200;0;206;0;
5613;2024.07.05 17:30;4;23.375;-200;-200;0;206;0;
5614;2024.07.05 17:45;4;23.375;-200;-200;0;206;0;
5615;2024.07.05 18:00;4;23.3125;-200;-200;0;206;0;
5616;2024.07.05 18:15;4;23.25;-200;-200;0;206;0;
5617;2024.07.05 18:30;4;23.25;-200;-200;0;206;0;
5618;2024.07.05 18:45;4;23.25;-200;-200;0;206;0;
5619;2024.07.05 19:00;4;23.25;-200;-200;0;206;0;
5620;2024.07.05 19:15;4;23.25;-200;-200;0;206;0;
5621;2024.07.05 19:30;4;23.125;-200;-200;0;206;0;
5622;2024.07.05 19:45;4;23.125;-200;-200;0;206;0;
5623;2024.07.05 20:00;4;23;-200;-200;0;206;0;
5624;2024.07.05 20:15;4;23;-200;-200;0;206;0;
5625;2024.07.05 20:30;4;23;-200;-200;0;206;0;
5626;2024.07.05 20:45;4;23;-200;-200;0;206;0;
5627;2024.07.05 21:00;4;22.9375;-200;-200;0;206;0;
5628;2024.07.05 21:15;4;22.9375;-200;-200;0;206;0;
5629;2024.07.05 21:30;4;22.9375;-200;-200;0;206;0;
5630;2024.07.05 21:45;4;22.875;-200;-200;0;206;0;
5631;2024.07.05 22:00;4;22.875;-200;-200;0;206;0;
5632;2024.07.05 22:15;4;22.875;-200;-200;0;206;0;
5633;2024.07.05 22:30;4;22.875;-200;-200;0;206;0;
5634;2024.07.05 22:45;4;22.875;-200;-200;0;206;0;
5635;2024.07.05 23:00;4;22.875;-200;-200;0;206;0;
5636;2024.07.05 23:15;4;22.875;-200;-200;0;206;0;
5637;2024.07.05 23:30;4;22.875;-200;-200;0;206;0;
5638;2024.07.05 23:45;4;22.875;-200;-200;0;206;0;
5639;2024.07.06 00:00;4;22.875;-200;-200;0;206;0;
5640;2024.07.06 00:15;4;22.8125;-200;-200;0;206;0;
5641;2024.07.06 00:30;4;22.75;-200;-200;0;206;0;
5642;2024.07.06 00:45;4;22.75;-200;-200;0;206;0;
5643;2024.07.06 01:00;4;22.625;-200;-200;0;206;0;
5644;2024.07.06 01:15;4;22.625;-200;-200;0;206;0;
5645;2024.07.06 01:30;4;22.5625;-200;-200;0;206;0;
5646;2024.07.06 01:45;4;22.5;-200;-200;0;206;0;
5647;2024.07.06 02:00;4;22.5;-200;-200;0;206;0;
5648;2024.07.06 02:15;4;22.5;-200;-200;0;206;0;
5649;2024.07.06 02:30;4;22.5;-200;-200;0;206;0;
5650;2024.07.06 02:45;4;22.5;-200;-200;0;206;0;
5651;2024.07.06 03:00;4;22.5;-200;-200;0;206;0;
5652;2024.07.06 03:15;4;22.5;-200;-200;0;206;0;
5653;2024.07.06 03:30;4;22.5625;-200;-200;0;206;0;
5654;2024.07.06 03:45;4;22.625;-200;-200;0;206;0;
5655;2024.07.06 04:00;4;22.8125;-200;-200;0;206;0;
5656;2024.07.06 04:15;4;23.125;-200;-200;0;206;0;
5657;2024.07.06 04:30;4;23.375;-200;-200;0;206;0;
5658;2024.07.06 04:45;4;23.625;-200;-200;0;206;0;
5659;2024.07.06 05:00;4;23.625;-200;-200;0;206;0;
5660;2024.07.06 05:15;4;23.6875;-200;-200;0;206;0;
5661;2024.07.06 05:30;4;23.75;-200;-200;0;206;0;
5662;2024.07.06 05:45;4;23.6875;-200;-200;0;206;0;
5663;2024.07.06 06:00;4;23.6875;-200;-200;0;206;0;
5664;2024.07.06 06:15;4;23.625;-200;-200;0;206;0;
5665;2024.07.06 06:30;4;23.625;-200;-200;0;206;0;
5666;2024.07.06 06:45;4;23.625;-200;-200;0;206;0;
5667;2024.07.06 07:00;4;23.5625;-200;-200;0;206;0;
5668;2024.07.06 07:15;4;23.5;-200;-200;0;206;0;
5669;2024.07.06 07:30;4;23.5;-200;-200;0;206;0;
5670;2024.07.06 07:45;4;23.5625;-200;-200;0;206;0;
5671;2024.07.06 08:00;4;23.5;-200;-200;0;206;0;
5672;2024.07.06 08:15;4;23.5;-200;-200;0;206;0;
5673;2024.07.06 08:30;4;23.5;-200;-200;0;206;0;
5674;2024.07.06 08:45;4;23.5;-200;-200;0;206;0;
5675;2024.07.06 09:00;4;23.5;-200;-200;0;206;0;
5676;2024.07.06 09:15;4;23.5;-200;-200;0;206;0;
5677;2024.07.06 09:30;4;23.5;-200;-200;0;206;0;
5678;2024.07.06 09:45;4;23.5;-200;-200;0;206;0;
5679;2024.07.06 10:00;4;23.5;-200;-200;0;206;0;
5680;2024.07.06 10:15;4;23.5;-200;-200;0;206;0;
5681;2024.07.06 10:30;4;23.4375;-200;-200;0;206;0;
5682;2024.07.06 10:45;4;23.375;-200;-200;0;206;0;
5683;2024.07.06 11:00;4;23.375;-200;-200;0;206;0;
5684;2024.07.06 11:15;4;23.375;-200;-200;0;206;0;
5685;2024.07.06 11:30;4;23.375;-200;-200;0;206;0;
5686;2024.07.06 11:45;4;23.3125;-200;-200;0;206;0;
5687;2024.07.06 12:00;4;23.3125;-200;-200;0;206;0;
5688;2024.07.06 12:15;4;23.3125;-200;-200;0;206;0;
5689;2024.07.06 12:30;4;23.25;-200;-200;0;206;0;
5690;2024.07.06 12:45;4;23.3125;-200;-200;0;206;0;
5691;2024.07.06 13:00;4;23.3125;-200;-200;0;206;0;
5692;2024.07.06 13:15;4;23.25;-200;-200;0;206;0;
5693;2024.07.06 13:30;4;23.25;-200;-200;0;206;0;
5694;2024.07.06 13:45;4;23.3125;-200;-200;0;206;0;
5695;2024.07.06 14:00;4;23.25;-200;-200;0;206;0;
5696;2024.07.06 14:15;4;23.25;-200;-200;0;206;0;
5697;2024.07.06 14:30;4;23.25;-200;-200;0;206;0;
5698;2024.07.06 14:45;4;23.25;-200;-200;0;206;0;
5699;2024.07.06 15:00;4;23.25;-200;-200;0;206;0;
5700;2024.07.06 15:15;4;23.25;-200;-200;0;206;0;
5701;2024.07.06 15:30;4;23.25;-200;-200;0;206;0;
5702;2024.07.06 15:45;4;23.25;-200;-200;0;206;0;
5703;2024.07.06 16:00;4;23.25;-200;-200;0;206;0;
5704;2024.07.06 16:15;4;23.25;-200;-200;0;206;0;
5705;2024.07.06 16:30;4;23.25;-200;-200;0;206;0;
5706;2024.07.06 16:45;4;23.25;-200;-200;0;206;0;
5707;2024.07.06 17:00;4;23.25;-200;-200;0;206;0;
5708;2024.07.06 17:15;4;23.25;-200;-200;0;206;0;
5709;2024.07.06 17:30;4;23.25;-200;-200;0;206;0;
5710;2024.07.06 17:45;4;23.25;-200;-200;0;206;0;
5711;2024.07.06 18:00;4;23.1875;-200;-200;0;206;0;
5712;2024.07.06 18:15;4;23.1875;-200;-200;0;206;0;
5713;2024.07.06 18:30;4;23.125;-200;-200;0;206;0;
5714;2024.07.06 18:45;4;23.1875;-200;-200;0;206;0;
5715;2024.07.06 19:00;4;23.1875;-200;-200;0;206;0;
5716;2024.07.06 19:15;4;23.1875;-200;-200;0;206;0;
5717;2024.07.06 19:30;4;23.125;-200;-200;0;206;0;
5718;2024.07.06 19:45;4;23.125;-200;-200;0;206;0;
5719;2024.07.06 20:00;4;23.0625;-200;-200;0;206;0;
5720;2024.07.06 20:15;4;23;-200;-200;0;206;0;
5721;2024.07.06 20:30;4;22.875;-200;-200;0;206;0;
5722;2024.07.06 20:45;4;22.875;-200;-200;0;206;0;
5723;2024.07.06 21:00;4;22.875;-200;-200;0;206;0;
5724;2024.07.06 21:15;4;22.875;-200;-200;0;206;0;
5725;2024.07.06 21:30;4;22.8125;-200;-200;0;206;0;
5726;2024.07.06 21:45;4;22.75;-200;-200;0;206;0;
5727;2024.07.06 22:00;4;22.75;-200;-200;0;206;0;
5728;2024.07.06 22:15;4;22.75;-200;-200;0;206;0;
5729;2024.07.06 22:30;4;22.75;-200;-200;0;206;0;
5730;2024.07.06 22:45;4;22.75;-200;-200;0;206;0;
5731;2024.07.06 23:00;4;22.6875;-200;-200;0;206;0;
5732;2024.07.06 23:15;4;22.6875;-200;-200;0;206;0;
5733;2024.07.06 23:30;4;22.625;-200;-200;0;206;0;
5734;2024.07.06 23:45;4;22.625;-200;-200;0;206;0;
5735;2024.07.07 00:00;4;22.625;-200;-200;0;206;0;
5736;2024.07.07 00:15;4;22.5625;-200;-200;0;206;0;
5737;2024.07.07 00:30;4;22.5;-200;-200;0;206;0;
5738;2024.07.07 00:45;4;22.5;-200;-200;0;206;0;
5739;2024.07.07 01:00;4;22.5;-200;-200;0;206;0;
5740;2024.07.07 01:15;4;22.5;-200;-200;0;206;0;
5741;2024.07.07 01:30;4;22.5;-200;-200;0;206;0;
5742;2024.07.07 01:45;4;22.5;-200;-200;0;206;0;
5743;2024.07.07 02:00;4;22.5625;-200;-200;0;206;0;
5744;2024.07.07 02:15;4;22.625;-200;-200;0;206;0;
5745;2024.07.07 02:30;4;22.5625;-200;-200;0;206;0;
5746;2024.07.07 02:45;4;22.625;-200;-200;0;206;0;
5747;2024.07.07 03:00;4;22.625;-200;-200;0;206;0;
5748;2024.07.07 03:15;4;22.625;-200;-200;0;206;0;
5749;2024.07.07 03:30;4;22.6875;-200;-200;0;206;0;
5750;2024.07.07 03:45;4;22.625;-200;-200;0;206;0;
5751;2024.07.07 04:00;4;22.75;-200;-200;0;206;0;
5752;2024.07.07 04:15;4;22.75;-200;-200;0;206;0;
5753;2024.07.07 04:30;4;22.75;-200;-200;0;206;0;
5754;2024.07.07 04:45;4;22.75;-200;-200;0;206;0;
5755;2024.07.07 05:00;4;22.75;-200;-200;0;206;0;
5756;2024.07.07 05:15;4;22.6875;-200;-200;0;206;0;
5757;2024.07.07 05:30;4;22.75;-200;-200;0;206;0;
5758;2024.07.07 05:45;4;22.75;-200;-200;0;206;0;
5759;2024.07.07 06:00;4;22.875;-200;-200;0;206;0;
5760;2024.07.07 06:15;4;22.875;-200;-200;0;206;0;
5761;2024.07.07 06:30;4;22.875;-200;-200;0;206;0;
5762;2024.07.07 06:45;4;22.875;-200;-200;0;206;0;
5763;2024.07.07 07:00;4;22.875;-200;-200;0;206;0;
5764;2024.07.07 07:15;4;23;-200;-200;0;206;0;
5765;2024.07.07 07:30;4;23;-200;-200;0;206;0;
5766;2024.07.07 07:45;4;23;-200;-200;0;206;0;
5767;2024.07.07 08:00;4;23;-200;-200;0;206;0;
5768;2024.07.07 08:15;4;23;-200;-200;0;206;0;
5769;2024.07.07 08:30;4;23;-200;-200;0;206;0;
5770;2024.07.07 08:45;4;23;-200;-200;0;206;0;
5771;2024.07.07 09:00;4;23;-200;-200;0;206;0;
5772;2024.07.07 09:15;4;22.9375;-200;-200;0;206;0;
5773;2024.07.07 09:30;4;22.875;-200;-200;0;206;0;
5774;2024.07.07 09:45;4;22.9375;-200;-200;0;206;0;
5775;2024.07.07 10:00;4;22.875;-200;-200;0;206;0;
5776;2024.07.07 10:15;4;22.9375;-200;-200;0;206;0;
5777;2024.07.07 10:30;4;22.875;-200;-200;0;206;0;
5778;2024.07.07 10:45;4;22.9375;-200;-200;0;206;0;
5779;2024.07.07 11:00;4;23;-200;-200;0;206;0;
5780;2024.07.07 11:15;4;23;-200;-200;0;206;0;
5781;2024.07.07 11:30;4;23;-200;-200;0;206;0;
5782;2024.07.07 11:45;4;23;-200;-200;0;206;0;
5783;2024.07.07 12:00;4;23;-200;-200;0;206;0;
5784;2024.07.07 12:15;4;22.875;-200;-200;0;206;0;
5785;2024.07.07 12:30;4;22.875;-200;-200;0;206;0;
5786;2024.07.07 12:45;4;22.875;-200;-200;0;206;0;
5787;2024.07.07 13:00;4;22.875;-200;-200;0;206;0;
5788;2024.07.07 13:15;4;22.875;-200;-200;0;206;0;
5789;2024.07.07 13:30;4;22.9375;-200;-200;0;206;0;
5790;2024.07.07 13:45;4;23;-200;-200;0;206;0;
5791;2024.07.07 14:00;4;23;-200;-200;0;206;0;
5792;2024.07.07 14:15;4;23;-200;-200;0;206;0;
5793;2024.07.07 14:30;4;23.125;-200;-200;0;206;0;
5794;2024.07.07 14:45;4;23.0625;-200;-200;0;206;0;
5795;2024.07.07 15:00;4;23.0625;-200;-200;0;206;0;
5796;2024.07.07 15:15;4;23.0625;-200;-200;0;206;0;
5797;2024.07.07 15:30;4;23.0625;-200;-200;0;206;0;
5798;2024.07.07 15:45;4;23;-200;-200;0;206;0;
5799;2024.07.07 16:00;4;23;-200;-200;0;206;0;
5800;2024.07.07 16:15;4;23;-200;-200;0;206;0;
5801;2024.07.07 16:30;4;23;-200;-200;0;206;0;
5802;2024.07.07 16:45;4;23;-200;-200;0;206;0;
5803;2024.07.07 17:00;4;22.9375;-200;-200;0;206;0;
5804;2024.07.07 17:15;4;22.9375;-200;-200;0;206;0;
5805;2024.07.07 17:30;4;22.9375;-200;-200;0;206;0;
5806;2024.07.07 17:45;4;22.9375;-200;-200;0;206;0;
5807;2024.07.07 18:00;4;22.875;-200;-200;0;206;0;
5808;2024.07.07 18:15;4;22.875;-200;-200;0;206;0;
5809;2024.07.07 18:30;4;22.875;-200;-200;0;206;0;
5810;2024.07.07 18:45;4;22.875;-200;-200;0;206;0;
5811;2024.07.07 19:00;4;22.875;-200;-200;0;206;0;
5812;2024.07.07 19:15;4;22.875;-200;-200;0;206;0;
5813;2024.07.07 19:30;4;22.875;-200;-200;0;206;0;
5814;2024.07.07 19:45;4;22.875;-200;-200;0;206;0;
5815;2024.07.07 20:00;4;22.875;-200;-200;0;206;0;
5816;2024.07.07 20:15;4;22.875;-200;-200;0;206;0;
5817;2024.07.07 20:30;4;22.8125;-200;-200;0;206;0;
5818;2024.07.07 20:45;4;22.875;-200;-200;0;206;0;
5819;2024.07.07 21:00;4;22.8125;-200;-200;0;206;0;
5820;2024.07.07 21:15;4;22.875;-200;-200;0;206;0;
5821;2024.07.07 21:30;4;22.875;-200;-200;0;206;0;
5822;2024.07.07 21:45;4;22.875;-200;-200;0;206;0;
5823;2024.07.07 22:00;4;22.875;-200;-200;0;206;0;
5824;2024.07.07 22:15;4;22.875;-200;-200;0;206;0;
5825;2024.07.07 22:30;4;22.875;-200;-200;0;206;0;
5826;2024.07.07 22:45;4;22.875;-200;-200;0;206;0;
5827;2024.07.07 23:00;4;22.875;-200;-200;0;206;0;
5828;2024.07.07 23:15;4;22.875;-200;-200;0;206;0;
5829;2024.07.07 23:30;4;22.875;-200;-200;0;206;0;
5830;2024.07.07 23:45;4;22.875;-200;-200;0;206;0;
6423;2024.07.08 00:00;4;22.875;-200;-200;0;206;0;
6424;2024.07.08 00:15;4;22.875;-200;-200;0;206;0;
6425;2024.07.08 00:30;4;22.875;-200;-200;0;206;0;
6426;2024.07.08 00:45;4;22.875;-200;-200;0;206;0;
6427;2024.07.08 01:00;4;22.875;-200;-200;0;206;0;
6428;2024.07.08 01:15;4;22.875;-200;-200;0;206;0;
6429;2024.07.08 01:30;4;22.875;-200;-200;0;206;0;
6430;2024.07.08 01:45;4;22.875;-200;-200;0;206;0;
6431;2024.07.08 02:00;4;22.875;-200;-200;0;206;0;
6432;2024.07.08 02:15;4;22.875;-200;-200;0;206;0;
6433;2024.07.08 02:30;4;22.875;-200;-200;0;206;0;
6434;2024.07.08 02:45;4;22.9375;-200;-200;0;206;0;
6435;2024.07.08 03:00;4;22.9375;-200;-200;0;206;0;
6436;2024.07.08 03:15;4;22.875;-200;-200;0;206;0;
6437;2024.07.08 03:30;4;22.9375;-200;-200;0;206;0;
6438;2024.07.08 03:45;4;22.9375;-200;-200;0;206;0;
6439;2024.07.08 04:00;4;23;-200;-200;0;206;0;
6440;2024.07.08 04:15;4;23;-200;-200;0;206;0;
6441;2024.07.08 04:30;4;23;-200;-200;0;206;0;
6442;2024.07.08 04:45;4;23;-200;-200;0;206;0;
6443;2024.07.08 05:00;4;23.25;-200;-200;0;206;0;
6444;2024.07.08 05:15;4;23.375;-200;-200;0;206;0;
6445;2024.07.08 05:30;4;23.5;-200;-200;0;206;0;
6446;2024.07.08 05:45;4;23.5;-200;-200;0;206;0;
6447;2024.07.08 06:00;4;23.625;-200;-200;0;206;0;
6448;2024.07.08 06:15;4;23.75;-200;-200;0;206;0;
6449;2024.07.08 06:30;4;23.75;-200;-200;0;206;0;
6450;2024.07.08 06:45;4;23.8125;-200;-200;0;206;0;
6451;2024.07.08 07:00;4;23.875;-200;-200;0;206;0;
6452;2024.07.08 07:15;4;23.875;-200;-200;0;206;0;
6453;2024.07.08 07:30;4;23.875;-200;-200;0;206;0;
6454;2024.07.08 07:45;4;23.875;-200;-200;0;206;0;
6455;2024.07.08 08:00;4;23.875;-200;-200;0;206;0;
6456;2024.07.08 08:15;4;23.875;-200;-200;0;206;0;
6457;2024.07.08 08:30;4;23.875;-200;-200;0;206;0;
6458;2024.07.08 08:45;4;23.875;-200;-200;0;206;0;
6459;2024.07.08 09:00;4;23.875;-200;-200;0;206;0;
6460;2024.07.08 09:15;4;23.8125;-200;-200;0;206;0;
6461;2024.07.08 09:30;4;23.8125;-200;-200;0;206;0;
6462;2024.07.08 09:45;4;23.75;-200;-200;0;206;0;
6463;2024.07.08 10:00;4;23.75;-200;-200;0;206;0;
6464;2024.07.08 10:15;4;23.75;-200;-200;0;206;0;
6465;2024.07.08 10:30;4;23.75;-200;-200;0;206;0;
6466;2024.07.08 10:45;4;23.6875;-200;-200;0;206;0;
6467;2024.07.08 11:00;4;23.625;-200;-200;0;206;0;
6468;2024.07.08 11:15;4;23.625;-200;-200;0;206;0;
6469;2024.07.08 11:30;4;23.625;-200;-200;0;206;0;
6470;2024.07.08 11:45;4;23.5625;-200;-200;0;206;0;
6471;2024.07.08 12:00;4;23.5;-200;-200;0;206;0;
6472;2024.07.08 12:15;4;23.5;-200;-200;0;206;0;
6473;2024.07.08 12:30;4;23.5;-200;-200;0;206;0;
6474;2024.07.08 12:45;4;23.5;-200;-200;0;206;0;
6475;2024.07.08 13:00;4;23.5;-200;-200;0;206;0;
6476;2024.07.08 13:15;4;23.5;-200;-200;0;206;0;
6477;2024.07.08 13:30;4;23.4375;-200;-200;0;206;0;
6478;2024.07.08 13:45;4;23.375;-200;-200;0;206;0;
6479;2024.07.08 14:00;4;23.375;-200;-200;0;206;0;
6480;2024.07.08 14:15;4;23.3125;-200;-200;0;206;0;
6481;2024.07.08 14:30;4;23.3125;-200;-200;0;206;0;
6482;2024.07.08 14:45;4;23.25;-200;-200;0;206;0;
6483;2024.07.08 15:00;4;23.25;-200;-200;0;206;0;
6484;2024.07.08 15:15;4;23.3125;-200;-200;0;206;0;
6485;2024.07.08 15:30;4;23.3125;-200;-200;0;206;0;
6486;2024.07.08 15:45;4;23.375;-200;-200;0;206;0;
6487;2024.07.08 16:00;4;23.375;-200;-200;0;206;0;
6488;2024.07.08 16:15;4;23.375;-200;-200;0;206;0;
6489;2024.07.08 16:30;4;23.375;-200;-200;0;206;0;
6490;2024.07.08 16:45;4;23.4375;-200;-200;0;206;0;
6491;2024.07.08 17:00;4;23.5;-200;-200;0;206;0;
6492;2024.07.08 17:15;4;23.5;-200;-200;0;206;0;
6493;2024.07.08 17:30;4;23.4375;-200;-200;0;206;0;
6494;2024.07.08 17:45;4;23.5;-200;-200;0;206;0;
6495;2024.07.08 18:00;4;23.5;-200;-200;0;206;0;
6496;2024.07.08 18:15;4;23.5;-200;-200;0;206;0;
6497;2024.07.08 18:30;4;23.5;-200;-200;0;206;0;
6498;2024.07.08 18:45;4;23.5;-200;-200;0;206;0;
6499;2024.07.08 19:00;4;23.5;-200;-200;0;206;0;
6500;2024.07.08 19:15;4;23.5;-200;-200;0;206;0;
6501;2024.07.08 19:30;4;23.5;-200;-200;0;206;0;
6502;2024.07.08 19:45;4;23.5;-200;-200;0;206;0;
6503;2024.07.08 20:00;4;23.5;-200;-200;0;206;0;
6504;2024.07.08 20:15;4;23.5;-200;-200;0;206;0;
6505;2024.07.08 20:30;4;23.375;-200;-200;0;206;0;
6506;2024.07.08 20:45;4;23.5;-200;-200;0;206;0;
6507;2024.07.08 21:00;4;23.5;-200;-200;0;206;0;
6508;2024.07.08 21:15;4;23.5;-200;-200;0;206;0;
6509;2024.07.08 21:30;4;23.5;-200;-200;0;206;0;
6510;2024.07.08 21:45;4;23.5;-200;-200;0;206;0;
6511;2024.07.08 22:00;4;23.5;-200;-200;0;206;0;
6512;2024.07.08 22:15;4;23.5;-200;-200;0;206;0;
6513;2024.07.08 22:30;4;23.5;-200;-200;0;206;0;
6514;2024.07.08 22:45;4;23.5;-200;-200;0;206;0;
6515;2024.07.08 23:00;4;23.5;-200;-200;0;206;0;
6516;2024.07.08 23:15;4;23.5;-200;-200;0;206;0;
6517;2024.07.08 23:30;4;23.4375;-200;-200;0;206;0;
6518;2024.07.08 23:45;4;23.4375;-200;-200;0;206;0;
6519;2024.07.09 00:00;4;23.375;-200;-200;0;206;0;
6520;2024.07.09 00:15;4;23.375;-200;-200;0;206;0;
6521;2024.07.09 00:30;4;23.375;-200;-200;0;206;0;
6522;2024.07.09 00:45;4;23.3125;-200;-200;0;206;0;
6523;2024.07.09 01:00;4;23.25;-200;-200;0;206;0;
6524;2024.07.09 01:15;4;23.25;-200;-200;0;206;0;
6525;2024.07.09 01:30;4;23.25;-200;-200;0;206;0;
6526;2024.07.09 01:45;4;23.1875;-200;-200;0;206;0;
6527;2024.07.09 02:00;4;23.1875;-200;-200;0;206;0;
6528;2024.07.09 02:15;4;23.25;-200;-200;0;206;0;
6529;2024.07.09 02:30;4;23.25;-200;-200;0;206;0;
6530;2024.07.09 02:45;4;23.25;-200;-200;0;206;0;
6531;2024.07.09 03:00;4;23.25;-200;-200;0;206;0;
6532;2024.07.09 03:15;4;23.25;-200;-200;0;206;0;
6533;2024.07.09 03:30;4;23.25;-200;-200;0;206;0;
6534;2024.07.09 03:45;4;23.25;-200;-200;0;206;0;
6535;2024.07.09 04:00;4;23.25;-200;-200;0;206;0;
6536;2024.07.09 04:15;4;23.25;-200;-200;0;206;0;
6537;2024.07.09 04:30;4;23.25;-200;-200;0;206;0;
6538;2024.07.09 04:45;4;23.1875;-200;-200;0;206;0;
6539;2024.07.09 05:00;4;23.125;-200;-200;0;206;0;
6540;2024.07.09 05:15;4;23.1875;-200;-200;0;206;0;
6541;2024.07.09 05:30;4;23.25;-200;-200;0;206;0;
6542;2024.07.09 05:45;4;23.25;-200;-200;0;206;0;
6543;2024.07.09 06:00;4;23.25;-200;-200;0;206;0;
6544;2024.07.09 06:15;4;23.25;-200;-200;0;206;0;
6545;2024.07.09 06:30;4;23.25;-200;-200;0;206;0;
6546;2024.07.09 06:45;4;23.25;-200;-200;0;206;0;
6547;2024.07.09 07:00;4;23.25;-200;-200;0;206;0;
6548;2024.07.09 07:15;4;23.25;-200;-200;0;206;0;
6549;2024.07.09 07:30;4;23.25;-200;-200;0;206;0;
6550;2024.07.09 07:45;4;23.25;-200;-200;0;206;0;
6551;2024.07.09 08:00;4;23.25;-200;-200;0;206;0;
6552;2024.07.09 08:15;4;23.25;-200;-200;0;206;0;
6553;2024.07.09 08:30;4;23.25;-200;-200;0;206;0;
6554;2024.07.09 08:45;4;23.25;-200;-200;0;206;0;
6555;2024.07.09 09:00;4;23.25;-200;-200;0;206;0;
6556;2024.07.09 09:15;4;23.25;-200;-200;0;206;0;
6557;2024.07.09 09:30;4;23.25;-200;-200;0;206;0;
6558;2024.07.09 09:45;4;23.25;-200;-200;0;206;0;
6559;2024.07.09 10:00;4;23.25;-200;-200;0;206;0;
6560;2024.07.09 10:15;4;23.25;-200;-200;0;206;0;
6561;2024.07.09 10:30;4;23.25;-200;-200;0;206;0;
6562;2024.07.09 10:45;4;23.25;-200;-200;0;206;0;
6563;2024.07.09 11:00;4;23.25;-200;-200;0;206;0;
6564;2024.07.09 11:15;4;23.25;-200;-200;0;206;0;
6565;2024.07.09 11:30;4;23.25;-200;-200;0;206;0;
6566;2024.07.09 11:45;4;23.25;-200;-200;0;206;0;
6567;2024.07.09 12:00;4;23.25;-200;-200;0;206;0;
6568;2024.07.09 12:15;4;23.25;-200;-200;0;206;0;
6569;2024.07.09 12:30;4;23.25;-200;-200;0;206;0;
6570;2024.07.09 12:45;4;23.25;-200;-200;0;206;0;
6571;2024.07.09 13:00;4;23.25;-200;-200;0;206;0;
6572;2024.07.09 13:15;4;22.25;-200;-200;0;206;0;
6573;2024.07.09 13:30;4;21.1875;-200;-200;0;206;0;
6574;2024.07.09 13:45;4;21;-200;-200;0;206;0;
6575;2024.07.09 14:00;4;20.75;-200;-200;0;206;0;
6576;2024.07.09 14:15;4;20.25;-200;-200;0;206;0;
6577;2024.07.09 14:30;4;20.125;-200;-200;0;206;0;
6578;2024.07.09 14:45;4;20;-200;-200;0;206;0;
6579;2024.07.09 15:00;4;19.875;-200;-200;0;206;0;
6580;2024.07.09 15:15;4;19.5;-200;-200;0;206;0;
6581;2024.07.09 15:30;4;19.6875;-200;-200;0;206;0;
6582;2024.07.09 15:45;4;19.6875;-200;-200;0;206;0;
6583;2024.07.09 16:00;4;19.375;-200;-200;0;206;0;
6584;2024.07.09 16:15;4;19.5625;-200;-200;0;206;0;
6585;2024.07.09 16:30;4;19.875;-200;-200;0;206;0;
6586;2024.07.09 16:45;4;21.625;-200;-200;0;206;0;
6587;2024.07.09 17:00;4;22.8125;-200;-200;0;206;0;
6588;2024.07.09 17:15;4;23.1875;-200;-200;0;206;0;
6589;2024.07.09 17:30;4;19.5625;-200;-200;3589;206;0;
6590;2024.07.09 17:45;4;19.625;-200;-200;3589;206;0;
6591;2024.07.09 18:00;4;21.125;-200;-200;3589;206;0;
6592;2024.07.09 18:15;4;21.25;-200;-200;3589;206;0;
6593;2024.07.09 18:30;4;20.625;-200;-200;3589;206;0;
6594;2024.07.09 18:45;4;17.8125;-200;-200;3588;206;0;
6595;2024.07.09 19:00;4;16.625;-200;-200;3588;206;0;
6596;2024.07.09 19:15;4;14.1875;-200;-200;3587;206;0;
6597;2024.07.09 19:30;4;13;-200;-200;3587;206;0;
6598;2024.07.09 19:45;4;15.375;-200;-200;3586;206;0;
6599;2024.07.09 20:00;4;19;-200;-200;3585;206;0;
6600;2024.07.09 20:15;4;21.875;-200;-200;3584;206;0;
6601;2024.07.09 20:30;4;23.5;-200;-200;3583;206;0;
6602;2024.07.09 20:45;4;22.5;-200;-200;3583;206;0;
6603;2024.07.09 21:00;4;27.625;-200;-200;3583;206;0;
6604;2024.07.09 21:15;4;23.625;-200;-200;3581;206;0;
6605;2024.07.09 21:30;4;27.75;-200;-200;3581;206;0;
6606;2024.07.09 21:45;4;25.75;-200;-200;3581;206;0;
6607;2024.07.09 22:00;4;23.6875;-200;-200;3580;206;0;
6608;2024.07.09 22:15;4;23.0625;-200;-200;3580;206;0;
6609;2024.07.09 22:30;4;23.5;-200;-200;3580;206;0;
6610;2024.07.09 22:45;4;25.3125;-200;-200;3579;206;0;
6611;2024.07.09 23:00;4;24.875;-200;-200;3578;206;0;
6612;2024.07.09 23:15;4;23.625;-200;-200;3578;206;0;
6613;2024.07.09 23:30;4;23.875;-200;-200;3578;206;0;
6614;2024.07.09 23:45;4;23.75;-200;-200;3578;206;0;
6615;2024.07.10 00:00;4;22.6875;-200;-200;3578;206;0;
6616;2024.07.10 00:15;4;22.5;-200;-200;3578;206;0;
6617;2024.07.10 00:30;4;22.625;-200;-200;3578;206;0;
6618;2024.07.10 00:45;4;21.875;-200;-200;3578;206;0;
6619;2024.07.10 01:00;4;21.4375;-200;-200;3577;206;0;
6620;2024.07.10 01:15;4;20.75;-200;-200;3577;206;0;
6621;2024.07.10 01:30;4;18.9375;-200;-200;3576;206;0;
6622;2024.07.10 01:45;4;17.625;-200;-200;3576;206;0;
6623;2024.07.10 02:00;4;16.75;-200;-200;3575;206;0;
6624;2024.07.10 02:15;4;15.75;-200;-200;3574;206;0;
6625;2024.07.10 02:30;4;15.25;-200;-200;3574;206;0;
6626;2024.07.10 02:45;4;15.125;-200;-200;3574;206;0;
6627;2024.07.10 03:00;4;14.3125;-200;-200;3574;206;0;
6628;2024.07.10 03:15;4;13.875;-200;-200;3574;206;0;
6629;2024.07.10 03:30;4;13.875;-200;-200;3574;206;0;
6630;2024.07.10 03:45;4;13.5;-200;-200;3574;206;0;
6631;2024.07.10 04:00;4;13.375;-200;-200;3574;206;0;
6632;2024.07.10 04:15;4;13.9375;-200;-200;3574;206;0;
6633;2024.07.10 04:30;4;13.8125;-200;-200;3574;206;0;
6634;2024.07.10 04:45;4;13.9375;-200;-200;3574;206;0;
6635;2024.07.10 05:00;4;13.875;-200;-200;3574;206;0;
6636;2024.07.10 05:15;4;13.375;-200;-200;3574;206;0;
6637;2024.07.10 05:30;4;12.8125;-200;-200;3574;206;0;
6638;2024.07.10 05:45;4;12.75;-200;-200;3574;206;0;
6639;2024.07.10 06:00;4;12.125;-200;-200;3573;206;0;
6640;2024.07.10 06:15;4;12.125;-200;-200;3573;206;0;
6641;2024.07.10 06:30;4;12;-200;-200;3573;206;0;
6642;2024.07.10 06:45;4;12.125;-200;-200;3573;206;0;
6643;2024.07.10 07:00;4;12.625;-200;-200;3573;206;0;
6644;2024.07.10 07:15;4;12.25;-200;-200;3573;206;0;
6645;2024.07.10 07:30;4;12.3125;-200;-200;3573;206;0;
6646;2024.07.10 07:45;4;12.625;-200;-200;3573;206;0;
6647;2024.07.10 08:00;4;12.5;-200;-200;3573;206;0;
6648;2024.07.10 08:15;4;11.75;-200;-200;3573;206;0;
6649;2024.07.10 08:30;4;11.4375;-200;-200;3573;206;0;
6650;2024.07.10 08:45;4;10.625;-200;-200;3573;206;0;
6651;2024.07.10 09:00;4;10.125;-200;-200;3572;206;0;
6652;2024.07.10 09:15;4;10;-200;-200;3572;206;0;
6653;2024.07.10 09:30;4;9.5;-200;-200;3572;206;0;
6654;2024.07.10 09:45;4;9.875;-200;-200;3572;206;0;
6655;2024.07.10 10:00;4;9.5;-200;-200;3572;206;0;
6656;2024.07.10 10:15;4;9.5;-200;-200;3572;206;0;
6657;2024.07.10 10:30;4;9.375;-200;-200;3572;206;0;
6658;2024.07.10 10:45;4;9.625;-200;-200;3572;206;0;
6659;2024.07.10 11:00;4;9.5;-200;-200;3572;206;0;
6660;2024.07.10 11:15;4;9.5;-200;-200;3572;206;0;
6661;2024.07.10 11:30;4;9.125;-200;-200;3572;206;0;
6662;2024.07.10 11:45;4;9.5;-200;-200;3572;206;0;
6663;2024.07.10 12:00;4;9.375;-200;-200;3572;206;0;
6664;2024.07.10 12:15;4;9.8125;-200;-200;3572;206;0;
6665;2024.07.10 12:30;4;9.875;-200;-200;3572;206;0;
6666;2024.07.10 12:45;4;9.875;-200;-200;3572;206;0;
6667;2024.07.10 13:00;4;10;-200;-200;3572;206;0;
6668;2024.07.10 13:15;4;10.5625;-200;-200;3572;206;0;
6669;2024.07.10 13:30;4;11.4375;-200;-200;3572;206;0;
6670;2024.07.10 13:45;4;12.25;-200;-200;3572;206;0;
6671;2024.07.10 14:00;4;13.0625;-200;-200;3572;206;0;
6672;2024.07.10 14:15;4;13.875;-200;-200;3572;206;0;
6673;2024.07.10 14:30;4;15;-200;-200;3572;206;0;
6674;2024.07.10 14:45;4;16.0625;-200;-200;3572;206;0;
6675;2024.07.10 15:00;4;16.375;-200;-200;3572;206;0;
6676;2024.07.10 15:15;4;16.875;-200;-200;3572;206;0;
6677;2024.07.10 15:30;4;17.625;-200;-200;3571;206;0;
6678;2024.07.10 15:45;4;18.5;-200;-200;3571;206;0;
6679;2024.07.10 16:00;4;18.5;-200;-200;3571;206;0;
6680;2024.07.10 16:15;4;18.9375;-200;-200;3571;206;0;
6681;2024.07.10 16:30;4;19.3125;-200;-200;3571;206;0;
6682;2024.07.10 16:45;4;19.5;-200;-200;3571;206;0;
6683;2024.07.10 17:00;4;20.25;-200;-200;3571;206;0;
6684;2024.07.10 17:15;4;20.6875;-200;-200;3571;206;0;
6685;2024.07.10 17:30;4;21.625;-200;-200;3571;206;0;
6686;2024.07.10 17:45;4;22.375;-200;-200;3571;206;0;
6687;2024.07.10 18:00;4;21.375;-200;-200;3571;206;0;
6688;2024.07.10 18:15;4;21.875;-200;-200;3570;206;0;
6689;2024.07.10 18:30;4;22.125;-200;-200;3571;206;0;
6690;2024.07.10 18:45;4;22.1875;-200;-200;3570;206;0;
6691;2024.07.10 19:00;4;21.875;-200;-200;3570;206;0;
6692;2024.07.10 19:15;4;24.125;-200;-200;3570;206;0;
6693;2024.07.10 19:30;4;26.875;-200;-200;3569;206;0;
6694;2024.07.10 19:45;4;28.25;-200;-200;3569;206;0;
6695;2024.07.10 20:00;4;28.375;-200;-200;3569;206;0;
6696;2024.07.10 20:15;4;28.375;-200;-200;3569;206;0;
6697;2024.07.10 20:30;4;30.5;-200;-200;3569;206;0;
6698;2024.07.10 20:45;4;26.4375;-200;-200;3568;206;0;
6699;2024.07.10 21:00;4;29.6875;-200;-200;3568;206;0;
6700;2024.07.10 21:15;4;31.125;-200;-200;3569;206;0;
6701;2024.07.10 21:30;4;30.25;-200;-200;3568;206;0;
6702;2024.07.10 21:45;4;29.625;-200;-200;3568;206;0;
6703;2024.07.10 22:00;4;25.125;-200;-200;3566;206;0;
6704;2024.07.10 22:15;4;22.875;-200;-200;3565;206;0;
6705;2024.07.10 22:30;4;22;-200;-200;3565;206;0;
6706;2024.07.10 22:45;4;21.5;-200;-200;3564;206;0;
6707;2024.07.10 23:00;4;21.5;-200;-200;3564;206;0;
6708;2024.07.10 23:15;4;21.5625;-200;-200;3564;206;0;
6709;2024.07.10 23:30;4;22.625;-200;-200;3564;206;0;
6710;2024.07.10 23:45;4;21.625;-200;-200;3564;206;0;
6711;2024.07.11 00:00;4;20.6875;-200;-200;3564;206;0;
6712;2024.07.11 00:15;4;20.25;-200;-200;3563;206;0;
6713;2024.07.11 00:30;4;20.5;-200;-200;3563;206;0;
6714;2024.07.11 00:45;4;19.25;-200;-200;3563;206;0;
6715;2024.07.11 01:00;4;18.6875;-200;-200;3563;206;0;
6716;2024.07.11 01:15;4;18.6875;-200;-200;3563;206;0;
6717;2024.07.11 01:30;4;18.75;-200;-200;3563;206;0;
6718;2024.07.11 01:45;4;17.75;-200;-200;3563;206;0;
6719;2024.07.11 02:00;4;16.625;-200;-200;3563;206;0;
6720;2024.07.11 02:15;4;15.9375;-200;-200;3563;206;0;
6721;2024.07.11 02:30;4;16;-200;-200;3563;206;0;
6722;2024.07.11 02:45;4;15.75;-200;-200;3563;206;0;
6723;2024.07.11 03:00;4;16.25;-200;-200;3563;206;0;
6724;2024.07.11 03:15;4;16.125;-200;-200;3563;206;0;
6725;2024.07.11 03:30;4;16.0625;-200;-200;3563;206;0;
6726;2024.07.11 03:45;4;16;-200;-200;3563;206;0;
6727;2024.07.11 04:00;4;15.75;-200;-200;3563;206;0;
6728;2024.07.11 04:15;4;15.75;-200;-200;3563;206;0;
6729;2024.07.11 04:30;4;15.375;-200;-200;3562;206;0;
6730;2024.07.11 04:45;4;15;-200;-200;3562;206;0;
6731;2024.07.11 05:00;4;14.75;-200;-200;3562;206;0;
6732;2024.07.11 05:15;4;14.875;-200;-200;3562;206;0;
6733;2024.07.11 05:30;4;15.25;-200;-200;3562;206;0;
6734;2024.07.11 05:45;4;15.125;-200;-200;3563;206;0;
6735;2024.07.11 06:00;4;15.6875;-200;-200;3563;206;0;
6736;2024.07.11 06:15;4;15.5625;-200;-200;3563;206;0;
6737;2024.07.11 06:30;4;14.875;-200;-200;3562;206;0;
6738;2024.07.11 06:45;4;14.25;-200;-200;3563;206;0;
6739;2024.07.11 07:00;4;14.125;-200;-200;3563;206;0;
6740;2024.07.11 07:15;4;13.375;-200;-200;3562;206;0;
6741;2024.07.11 07:30;4;12.625;-200;-200;3562;206;0;
6742;2024.07.11 07:45;4;12.125;-200;-200;3562;206;0;
6743;2024.07.11 08:00;4;11.4375;-200;-200;3562;206;0;
6744;2024.07.11 08:15;4;10.9375;-200;-200;3562;206;0;
6745;2024.07.11 08:30;4;10.875;-200;-200;3562;206;0;
6746;2024.07.11 08:45;4;10.375;-200;-200;3562;206;0;
6747;2024.07.11 09:00;4;10;-200;-200;3562;206;0;
6748;2024.07.11 09:15;4;9.75;-200;-200;3562;206;0;
6749;2024.07.11 09:30;4;10.25;-200;-200;3562;206;0;
6750;2024.07.11 09:45;4;9.75;-200;-200;3562;206;0;
6751;2024.07.11 10:00;4;9.8125;-200;-200;3562;206;0;
6752;2024.07.11 10:15;4;9.75;-200;-200;3562;206;0;
6753;2024.07.11 10:30;4;9.4375;-200;-200;3562;206;0;
6754;2024.07.11 10:45;4;9;-200;-200;3562;206;0;
6755;2024.07.11 11:00;4;8.875;-200;-200;3562;206;0;
6756;2024.07.11 11:15;4;9.5;-200;-200;3562;206;0;
6757;2024.07.11 11:30;4;8.875;-200;-200;3562;206;0;
6758;2024.07.11 11:45;4;8.5;-200;-200;3562;206;0;
6759;2024.07.11 12:00;4;8.8125;-200;-200;3562;206;0;
6760;2024.07.11 12:15;4;8.75;-200;-200;3562;206;0;
6761;2024.07.11 12:30;4;9;-200;-200;3562;206;0;
6762;2024.07.11 12:45;4;8.9375;-200;-200;3562;206;0;
6763;2024.07.11 13:00;4;9.3125;-200;-200;3562;206;0;
6764;2024.07.11 13:15;4;10.0625;-200;-200;3562;206;0;
6765;2024.07.11 13:30;4;10.375;-200;-200;3562;206;0;
6766;2024.07.11 13:45;4;11.125;-200;-200;3562;206;0;
6767;2024.07.11 14:00;4;13.0625;-200;-200;3562;206;0;
6768;2024.07.11 14:15;4;14.1875;-200;-200;3562;206;0;
6769;2024.07.11 14:30;4;16.125;-200;-200;3562;206;0;
6770;2024.07.11 14:45;4;17.5;-200;-200;3562;206;0;
6771;2024.07.11 15:00;4;17.75;-200;-200;3562;206;0;
6772;2024.07.11 15:15;4;18.25;-200;-200;3562;206;0;
6773;2024.07.11 15:30;4;19.3125;-200;-200;3562;206;0;
6774;2024.07.11 15:45;4;20;-200;-200;3562;206;0;
6775;2024.07.11 16:00;4;19.875;-200;-200;3562;206;0;
6776;2024.07.11 16:15;4;20.3125;-200;-200;3562;206;0;
6777;2024.07.11 16:30;4;20.75;-200;-200;3562;206;0;
6778;2024.07.11 16:45;4;21.0625;-200;-200;3562;206;0;
6779;2024.07.11 17:00;4;21.375;-200;-200;3562;206;0;
6780;2024.07.11 17:15;4;21.875;-200;-200;3562;206;0;
6781;2024.07.11 17:30;4;23;-200;-200;3561;206;0;
6782;2024.07.11 17:45;4;23.3125;-200;-200;3561;206;0;
6783;2024.07.11 18:00;4;25.1875;-200;-200;3561;206;0;
6784;2024.07.11 18:15;4;24.875;-200;-200;3561;206;0;
6785;2024.07.11 18:30;4;25.375;-200;-200;3561;206;0;
6786;2024.07.11 18:45;4;23.875;-200;-200;3561;206;0;
6787;2024.07.11 19:00;4;22.375;-200;-200;3560;206;0;
6788;2024.07.11 19:15;4;22.125;-200;-200;3560;206;0;
6789;2024.07.11 19:30;4;21;-200;-200;3560;206;0;
6790;2024.07.11 19:45;4;24.5;-200;-200;3559;206;0;
6791;2024.07.11 20:00;4;27.5;-200;-200;3559;206;0;
6792;2024.07.11 20:15;4;28.5;-200;-200;3559;206;0;
6793;2024.07.11 20:30;4;29.5;-200;-200;3559;206;0;
6794;2024.07.11 20:45;4;30.4375;-200;-200;3559;206;0;
6795;2024.07.11 21:00;4;24.25;-200;-200;3558;206;0;
6796;2024.07.11 21:15;4;22.5;-200;-200;3557;206;0;
6797;2024.07.11 21:30;4;21.75;-200;-200;3557;206;0;
6798;2024.07.11 21:45;4;21.5;-200;-200;3556;206;0;
6799;2024.07.11 22:00;4;20.375;-200;-200;3556;206;0;
6800;2024.07.11 22:15;4;19.5;-200;-200;3556;206;0;
6801;2024.07.11 22:30;4;22.625;-200;-200;3556;206;0;
6802;2024.07.11 22:45;4;24.8125;-200;-200;3555;206;0;
6803;2024.07.11 23:00;4;22.875;-200;-200;3555;206;0;
6804;2024.07.11 23:15;4;22.8125;-200;-200;3555;206;0;
6805;2024.07.11 23:30;4;22;-200;-200;3555;206;0;
6806;2024.07.11 23:45;4;21.875;-200;-200;3555;206;0;
6807;2024.07.12 00:00;4;19.125;-200;-200;3554;206;0;
6808;2024.07.12 00:15;4;17.4375;-200;-200;3553;206;0;
6809;2024.07.12 00:30;4;17.5625;-200;-200;3553;206;0;
6810;2024.07.12 00:45;4;18;-200;-200;3553;206;0;
6811;2024.07.12 01:00;4;17.875;-200;-200;3553;206;0;
6812;2024.07.12 01:15;4;18;-200;-200;3553;206;0;
6813;2024.07.12 01:30;4;17.5625;-200;-200;3553;206;0;
6814;2024.07.12 01:45;4;16.8125;-200;-200;3553;206;0;
6815;2024.07.12 02:00;4;16.625;-200;-200;3553;206;0;
6816;2024.07.12 02:15;4;16.125;-200;-200;3553;206;0;
6817;2024.07.12 02:30;4;15.625;-200;-200;3553;206;0;
6818;2024.07.12 02:45;4;15.75;-200;-200;3553;206;0;
6819;2024.07.12 03:00;4;16.375;-200;-200;3553;206;0;
6820;2024.07.12 03:15;4;16.1875;-200;-200;3553;206;0;
6821;2024.07.12 03:30;4;14.9375;-200;-200;3553;206;0;
6822;2024.07.12 03:45;4;14.8125;-200;-200;3553;206;0;
6823;2024.07.12 04:00;4;14.75;-200;-200;3553;206;0;
6824;2024.07.12 04:15;4;14.875;-200;-200;3553;206;0;
6825;2024.07.12 04:30;4;14.875;-200;-200;3553;206;0;
6826;2024.07.12 04:45;4;14.0625;-200;-200;3553;206;0;
6827;2024.07.12 05:00;4;13.625;-200;-200;3553;206;0;
6828;2024.07.12 05:15;4;13.75;-200;-200;3553;206;0;
6829;2024.07.12 05:30;4;14;-200;-200;3553;206;0;
6830;2024.07.12 05:45;4;13.625;-200;-200;3553;206;0;
6831;2024.07.12 06:00;4;13.25;-200;-200;3553;206;0;
6832;2024.07.12 06:15;4;12.875;-200;-200;3553;206;0;
6833;2024.07.12 06:30;4;12.875;-200;-200;3553;206;0;
6834;2024.07.12 06:45;4;12.9375;-200;-200;3553;206;0;
6835;2024.07.12 07:00;4;13;-200;-200;3553;206;0;
6836;2024.07.12 07:15;4;13.1875;-200;-200;3553;206;0;
6837;2024.07.12 07:30;4;13.25;-200;-200;3553;206;0;
6838;2024.07.12 07:45;4;12.9375;-200;-200;3553;206;0;
6839;2024.07.12 08:00;4;13.25;-200;-200;3553;206;0;
6840;2024.07.12 08:15;4;13;-200;-200;3553;206;0;
6841;2024.07.12 08:30;4;12.25;-200;-200;3553;206;0;
6842;2024.07.12 08:45;4;12;-200;-200;3553;206;0;
6843;2024.07.12 09:00;4;11.375;-200;-200;3553;206;0;
6844;2024.07.12 09:15;4;11.75;-200;-200;3553;206;0;
6845;2024.07.12 09:30;4;11.8125;-200;-200;3553;206;0;
6846;2024.07.12 09:45;4;11.5;-200;-200;3553;206;0;
6847;2024.07.12 10:00;4;11.875;-200;-200;3553;206;0;
6848;2024.07.12 10:15;4;12;-200;-200;3553;206;0;
6849;2024.07.12 10:30;4;12;-200;-200;3553;206;0;
6850;2024.07.12 10:45;4;11.875;-200;-200;3553;206;0;
6851;2024.07.12 11:00;4;11.8125;-200;-200;3553;206;0;
6852;2024.07.12 11:15;4;11.4375;-200;-200;3553;206;0;
6853;2024.07.12 11:30;4;11.0625;-200;-200;3553;206;0;
6854;2024.07.12 11:45;4;10.875;-200;-200;3553;206;0;
6855;2024.07.12 12:00;4;10.5625;-200;-200;3553;206;0;
6856;2024.07.12 12:15;4;10.5;-200;-200;3553;206;0;
6857;2024.07.12 12:30;4;10.75;-200;-200;3553;206;0;
6858;2024.07.12 12:45;4;11;-200;-200;3553;206;0;
6859;2024.07.12 13:00;4;11.5;-200;-200;3553;206;0;
6860;2024.07.12 13:15;4;12;-200;-200;3553;206;0;
6861;2024.07.12 13:30;4;13;-200;-200;3553;206;0;
6862;2024.07.12 13:45;4;13.75;-200;-200;3553;206;0;
6863;2024.07.12 14:00;4;14.125;-200;-200;3553;206;0;
6864;2024.07.12 14:15;4;15.25;-200;-200;3553;206;0;
6865;2024.07.12 14:30;4;16.0625;-200;-200;3553;206;0;
6866;2024.07.12 14:45;4;16.6875;-200;-200;3553;206;0;
6867;2024.07.12 15:00;4;17;-200;-200;3553;206;0;
6868;2024.07.12 15:15;4;17.375;-200;-200;3553;206;0;
6869;2024.07.12 15:30;4;18.25;-200;-200;3553;206;0;
6870;2024.07.12 15:45;4;19.375;-200;-200;3553;206;0;
6871;2024.07.12 16:00;4;19.375;-200;-200;3553;206;0;
6872;2024.07.12 16:15;4;19.75;-200;-200;3553;206;0;
6873;2024.07.12 16:30;4;20;-200;-200;3553;206;0;
6874;2024.07.12 16:45;4;20.5;-200;-200;3553;206;0;
6875;2024.07.12 17:00;4;21.1875;-200;-200;3554;206;0;
6876;2024.07.12 17:15;4;22.0625;-200;-200;3554;206;0;
6877;2024.07.12 17:30;4;22.5;-200;-200;3554;206;0;
6878;2024.07.12 17:45;4;24.125;-200;-200;3555;206;0;
6879;2024.07.12 18:00;4;24.75;-200;-200;3555;206;0;
6880;2024.07.12 18:15;4;25;-200;-200;3554;206;0;
6881;2024.07.12 18:30;4;25.0625;-200;-200;3555;206;0;
6882;2024.07.12 18:45;4;24.25;-200;-200;3554;206;0;
6883;2024.07.12 19:00;4;25;-200;-200;3554;206;0;
6884;2024.07.12 19:15;4;27;-200;-200;3554;206;0;
6885;2024.07.12 19:30;4;28.25;-200;-200;3554;206;0;
6886;2024.07.12 19:45;4;30.125;-200;-200;3554;206;0;
6887;2024.07.12 20:00;4;31.25;-200;-200;3555;206;0;
6888;2024.07.12 20:15;4;31.0625;-200;-200;3554;206;0;
6889;2024.07.12 20:30;4;27.25;-200;-200;3553;206;0;
6890;2024.07.12 20:45;4;32.6875;-200;-200;3554;206;0;
6891;2024.07.12 21:00;4;31.125;-200;-200;3554;206;0;
6892;2024.07.12 21:15;4;28.625;-200;-200;3553;206;0;
6893;2024.07.12 21:30;4;27.625;-200;-200;3553;206;0;
6894;2024.07.12 21:45;4;26.0625;-200;-200;3552;206;0;
6895;2024.07.12 22:00;4;24.375;-200;-200;3551;206;0;
6896;2024.07.12 22:15;4;22.9375;-200;-200;3550;206;0;
6897;2024.07.12 22:30;4;21.75;-200;-200;3550;206;0;
6898;2024.07.12 22:45;4;21.0625;-200;-200;3550;206;0;
6899;2024.07.12 23:00;4;21.125;-200;-200;3550;206;0;
6900;2024.07.12 23:15;4;20.75;-200;-200;3550;206;0;
6901;2024.07.12 23:30;4;19.75;-200;-200;3550;206;0;
6902;2024.07.12 23:45;4;19.5;-200;-200;3550;206;0;
6903;2024.07.13 00:00;4;19.5;-200;-200;3550;206;0;
6904;2024.07.13 00:15;4;19.25;-200;-200;3549;206;0;
6905;2024.07.13 00:30;4;19;-200;-200;3549;206;0;
6906;2024.07.13 00:45;4;18.6875;-200;-200;3549;206;0;
6907;2024.07.13 01:00;4;18.5;-200;-200;3550;206;0;
6908;2024.07.13 01:15;4;18.0625;-200;-200;3549;206;0;
6909;2024.07.13 01:30;4;17.6875;-200;-200;3549;206;0;
6910;2024.07.13 01:45;4;17.3125;-200;-200;3549;206;0;
6911;2024.07.13 02:00;4;16.625;-200;-200;3549;206;0;
6912;2024.07.13 02:15;4;16.125;-200;-200;3549;206;0;
6913;2024.07.13 02:30;4;15.375;-200;-200;3549;206;0;
6914;2024.07.13 02:45;4;14.875;-200;-200;3549;206;0;
6915;2024.07.13 03:00;4;14.5;-200;-200;3549;206;0;
6916;2024.07.13 03:15;4;14.125;-200;-200;3549;206;0;
6917;2024.07.13 03:30;4;13.75;-200;-200;3549;206;0;
6918;2024.07.13 03:45;4;13.5;-200;-200;3548;206;0;
6919;2024.07.13 04:00;4;13.8125;-200;-200;3549;206;0;
6920;2024.07.13 04:15;4;13.125;-200;-200;3548;206;0;
6921;2024.07.13 04:30;4;13.25;-200;-200;3548;206;0;
6922;2024.07.13 04:45;4;12.9375;-200;-200;3548;206;0;
6923;2024.07.13 05:00;4;12.6875;-200;-200;3549;206;0;
6924;2024.07.13 05:15;4;12.6875;-200;-200;3548;206;0;
6925;2024.07.13 05:30;4;12.375;-200;-200;3548;206;0;
6926;2024.07.13 05:45;4;12.125;-200;-200;3548;206;0;
6927;2024.07.13 06:00;4;12;-200;-200;3548;206;0;
6928;2024.07.13 06:15;4;11.875;-200;-200;3548;206;0;
6929;2024.07.13 06:30;4;12;-200;-200;3548;206;0;
6930;2024.07.13 06:45;4;12.125;-200;-200;3548;206;0;
6931;2024.07.13 07:00;4;13.125;-200;-200;3548;206;0;
6932;2024.07.13 07:15;4;12.4375;-200;-200;3548;206;0;
6933;2024.07.13 07:30;4;12.25;-200;-200;3548;206;0;
6934;2024.07.13 07:45;4;12.375;-200;-200;3548;206;0;
6935;2024.07.13 08:00;4;11.75;-200;-200;3548;206;0;
6936;2024.07.13 08:15;4;11.375;-200;-200;3548;206;0;
6937;2024.07.13 08:30;4;11.3125;-200;-200;3548;206;0;
6938;2024.07.13 08:45;4;11.5;-200;-200;3548;206;0;
6939;2024.07.13 09:00;4;11;-200;-200;3548;206;0;
6940;2024.07.13 09:15;4;10.9375;-200;-200;3548;206;0;
6941;2024.07.13 09:30;4;10.875;-200;-200;3548;206;0;
6942;2024.07.13 09:45;4;10.9375;-200;-200;3548;206;0;
6943;2024.07.13 10:00;4;11.1875;-200;-200;3548;206;0;
6944;2024.07.13 10:15;4;11;-200;-200;3548;206;0;
6945;2024.07.13 10:30;4;10.8125;-200;-200;3548;206;0;
6946;2024.07.13 10:45;4;10.75;-200;-200;3548;206;0;
6947;2024.07.13 11:00;4;10.625;-200;-200;3548;206;0;
6948;2024.07.13 11:15;4;10.5;-200;-200;3548;206;0;
6949;2024.07.13 11:30;4;10.375;-200;-200;3548;206;0;
6950;2024.07.13 11:45;4;10.375;-200;-200;3548;206;0;
6951;2024.07.13 12:00;4;11.1875;-200;-200;3548;206;0;
6952;2024.07.13 12:15;4;11.0625;-200;-200;3548;206;0;
6953;2024.07.13 12:30;4;10.6875;-200;-200;3548;206;0;
6954;2024.07.13 12:45;4;10.5625;-200;-200;3548;206;0;
6955;2024.07.13 13:00;4;11.125;-200;-200;3548;206;0;
6956;2024.07.13 13:15;4;12.125;-200;-200;3548;206;0;
6957;2024.07.13 13:30;4;13.75;-200;-200;3548;206;0;
6958;2024.07.13 13:45;4;13.9375;-200;-200;3548;206;0;
6959;2024.07.13 14:00;4;15.5;-200;-200;3548;206;0;
6960;2024.07.13 14:15;4;16.5;-200;-200;3549;206;0;
6961;2024.07.13 14:30;4;17.8125;-200;-200;3549;206;0;
6962;2024.07.13 14:45;4;19.125;-200;-200;3549;206;0;
6963;2024.07.13 15:00;4;19.6875;-200;-200;3549;206;0;
6964;2024.07.13 15:15;4;20.0625;-200;-200;3549;206;0;
6965;2024.07.13 15:30;4;21.25;-200;-200;3549;206;0;
6966;2024.07.13 15:45;4;22.25;-200;-200;3550;206;0;
6967;2024.07.13 16:00;4;22.3125;-200;-200;3550;206;0;
6968;2024.07.13 16:15;4;22.8125;-200;-200;3550;206;0;
6969;2024.07.13 16:30;4;22.875;-200;-200;3550;206;0;
6970;2024.07.13 16:45;4;23.25;-200;-200;3550;206;0;
6971;2024.07.13 17:00;4;23.625;-200;-200;3549;206;0;
6972;2024.07.13 17:15;4;24.375;-200;-200;3549;206;0;
6973;2024.07.13 17:30;4;25.1875;-200;-200;3549;206;0;
6974;2024.07.13 17:45;4;26;-200;-200;3550;206;0;
6975;2024.07.13 18:00;4;26.6875;-200;-200;3550;206;0;
6976;2024.07.13 18:15;4;27.5;-200;-200;3550;206;0;
6977;2024.07.13 18:30;4;28;-200;-200;3550;206;0;
6978;2024.07.13 18:45;4;26.125;-200;-200;3550;206;0;
6979;2024.07.13 19:00;4;27.125;-200;-200;3549;206;0;
6980;2024.07.13 19:15;4;26.5;-200;-200;3550;206;0;
6981;2024.07.13 19:30;4;29.5;-200;-200;3549;206;0;
6982;2024.07.13 19:45;4;31.6875;-200;-200;3550;206;0;
6983;2024.07.13 20:00;4;32.375;-200;-200;3550;206;0;
6984;2024.07.13 20:15;4;32.25;-200;-200;3550;206;0;
6985;2024.07.13 20:30;4;30.875;-200;-200;3549;206;0;
6986;2024.07.13 20:45;4;27.5625;-200;-200;3548;206;0;
6987;2024.07.13 21:00;4;29.9375;-200;-200;3548;206;0;
6988;2024.07.13 21:15;4;31.625;-200;-200;3549;206;0;
6989;2024.07.13 21:30;4;31.625;-200;-200;3548;206;0;
6990;2024.07.13 21:45;4;34.25;-200;-200;3550;206;0;
6991;2024.07.13 22:00;4;30.625;-200;-200;3548;206;0;
6992;2024.07.13 22:15;4;26.9375;-200;-200;3546;206;0;
6993;2024.07.13 22:30;4;25.375;-200;-200;3545;206;0;
6994;2024.07.13 22:45;4;23.6875;-200;-200;3544;206;0;
6995;2024.07.13 23:00;4;21.5625;-200;-200;3544;206;0;
6996;2024.07.13 23:15;4;20.5;-200;-200;3544;206;0;
6997;2024.07.13 23:30;4;20.4375;-200;-200;3544;206;0;
6998;2024.07.13 23:45;4;20.625;-200;-200;3544;206;0;
6999;2024.07.14 00:00;4;21.875;-200;-200;3543;206;0;
7000;2024.07.14 00:15;4;22;-200;-200;3543;206;0;
7001;2024.07.14 00:30;4;21.625;-200;-200;3543;206;0;
7002;2024.07.14 00:45;4;21;-200;-200;3543;206;0;
7003;2024.07.14 01:00;4;20.5625;-200;-200;3543;206;0;
7004;2024.07.14 01:15;4;20;-200;-200;3543;206;0;
7005;2024.07.14 01:30;4;19.125;-200;-200;3543;206;0;
7006;2024.07.14 01:45;4;18.75;-200;-200;3543;206;0;
7007;2024.07.14 02:00;4;18.5;-200;-200;3543;206;0;
7008;2024.07.14 02:15;4;18.5;-200;-200;3543;206;0;
7009;2024.07.14 02:30;4;18;-200;-200;3543;206;0;
7010;2024.07.14 02:45;4;18;-200;-200;3543;206;0;
7011;2024.07.14 03:00;4;18.1875;-200;-200;3543;206;0;
7012;2024.07.14 03:15;4;18.125;-200;-200;3543;206;0;
7013;2024.07.14 03:30;4;18.125;-200;-200;3543;206;0;
7014;2024.07.14 03:45;4;17.875;-200;-200;3543;206;0;
7015;2024.07.14 04:00;4;17.375;-200;-200;3543;206;0;
7016;2024.07.14 04:15;4;16.75;-200;-200;3543;206;0;
7017;2024.07.14 04:30;4;16.375;-200;-200;3543;206;0;
7018;2024.07.14 04:45;4;15.75;-200;-200;3543;206;0;
7019;2024.07.14 05:00;4;15.625;-200;-200;3543;206;0;
7020;2024.07.14 05:15;4;15.5;-200;-200;3543;206;0;
7021;2024.07.14 05:30;4;15.625;-200;-200;3543;206;0;
7022;2024.07.14 05:45;4;15.6875;-200;-200;3543;206;0;
7023;2024.07.14 06:00;4;15.625;-200;-200;3543;206;0;
7024;2024.07.14 06:15;4;15.625;-200;-200;3543;206;0;
7025;2024.07.14 06:30;4;15.75;-200;-200;3543;206;0;
7026;2024.07.14 06:45;4;15.5;-200;-200;3543;206;0;
7027;2024.07.14 07:00;4;15.4375;-200;-200;3543;206;0;
7028;2024.07.14 07:15;4;15.5;-200;-200;3543;206;0;
7029;2024.07.14 07:30;4;15.4375;-200;-200;3543;206;0;
7030;2024.07.14 07:45;4;15.25;-200;-200;3542;206;0;
7031;2024.07.14 08:00;4;15.125;-200;-200;3543;206;0;
7032;2024.07.14 08:15;4;15.125;-200;-200;3543;206;0;
7033;2024.07.14 08:30;4;15.5;-200;-200;3542;206;0;
7034;2024.07.14 08:45;4;15.5;-200;-200;3543;206;0;
7035;2024.07.14 09:00;4;15.375;-200;-200;3542;206;0;
7036;2024.07.14 09:15;4;15.25;-200;-200;3543;206;0;
7037;2024.07.14 09:30;4;15.125;-200;-200;3543;206;0;
7038;2024.07.14 09:45;4;15.125;-200;-200;3543;206;0;
7039;2024.07.14 10:00;4;14.4375;-200;-200;3543;206;0;
7040;2024.07.14 10:15;4;14;-200;-200;3542;206;0;
7041;2024.07.14 10:30;4;13.75;-200;-200;3542;206;0;
7042;2024.07.14 10:45;4;13.5625;-200;-200;3542;206;0;
7043;2024.07.14 11:00;4;13;-200;-200;3542;206;0;
7044;2024.07.14 11:15;4;12.75;-200;-200;3542;206;0;
7045;2024.07.14 11:30;4;12.75;-200;-200;3542;206;0;
7046;2024.07.14 11:45;4;12.875;-200;-200;3542;206;0;
7047;2024.07.14 12:00;4;13.3125;-200;-200;3542;206;0;
7048;2024.07.14 12:15;4;13.3125;-200;-200;3542;206;0;
7049;2024.07.14 12:30;4;12.8125;-200;-200;3542;206;0;
7050;2024.07.14 12:45;4;12.875;-200;-200;3542;206;0;
7051;2024.07.14 13:00;4;13;-200;-200;3542;206;0;
7052;2024.07.14 13:15;4;13.1875;-200;-200;3542;206;0;
7053;2024.07.14 13:30;4;13.9375;-200;-200;3542;206;0;
7054;2024.07.14 13:45;4;14.625;-200;-200;3542;206;0;
7055;2024.07.14 14:00;4;15.5625;-200;-200;3542;206;0;
7056;2024.07.14 14:15;4;16.875;-200;-200;3542;206;0;
7057;2024.07.14 14:30;4;18.3125;-200;-200;3542;206;0;
7058;2024.07.14 14:45;4;19.5;-200;-200;3543;206;0;
7059;2024.07.14 15:00;4;20.1875;-200;-200;3543;206;0;
7060;2024.07.14 15:15;4;21;-200;-200;3543;206;0;
7061;2024.07.14 15:30;4;22;-200;-200;3543;206;0;
7062;2024.07.14 15:45;4;22.25;-200;-200;3543;206;0;
7063;2024.07.14 16:00;4;22.625;-200;-200;3543;206;0;
7064;2024.07.14 16:15;4;22.9375;-200;-200;3542;206;0;
7065;2024.07.14 16:30;4;22.75;-200;-200;3542;206;0;
7066;2024.07.14 16:45;4;23.375;-200;-200;3542;206;0;
7067;2024.07.14 17:00;4;23.75;-200;-200;3542;206;0;
7068;2024.07.14 17:15;4;24.75;-200;-200;3542;206;0;
7069;2024.07.14 17:30;4;25.375;-200;-200;3542;206;0;
7070;2024.07.14 17:45;4;26.25;-200;-200;3542;206;0;
7071;2024.07.14 18:00;4;27.6875;-200;-200;3542;206;0;
7072;2024.07.14 18:15;4;26.875;-200;-200;3542;206;0;
7073;2024.07.14 18:30;4;27;-200;-200;3542;206;0;
7074;2024.07.14 18:45;4;26.75;-200;-200;3542;206;0;
7075;2024.07.14 19:00;4;28.1875;-200;-200;3542;206;0;
7076;2024.07.14 19:15;4;26.3125;-200;-200;3541;206;0;
7077;2024.07.14 19:30;4;25.375;-200;-200;3541;206;0;
7078;2024.07.14 19:45;4;24.8125;-200;-200;3541;206;0;
7079;2024.07.14 20:00;4;24.5;-200;-200;3541;206;0;
7080;2024.07.14 20:15;4;23.875;-200;-200;3541;206;0;
7081;2024.07.14 20:30;4;23.125;-200;-200;3541;206;0;
7082;2024.07.14 20:45;4;27.1875;-200;-200;3540;206;0;
7083;2024.07.14 21:00;4;25.5;-200;-200;3540;206;0;
7084;2024.07.14 21:15;4;25.3125;-200;-200;3540;206;0;
7085;2024.07.14 21:30;4;25.875;-200;-200;3540;206;0;
7086;2024.07.14 21:45;4;24.625;-200;-200;3539;206;0;
7087;2024.07.14 22:00;4;23.875;-200;-200;3539;206;0;
7088;2024.07.14 22:15;4;23.5;-200;-200;3538;206;0;
7089;2024.07.14 22:30;4;22.875;-200;-200;3538;206;0;
7090;2024.07.14 22:45;4;22.125;-200;-200;3538;206;0;
7091;2024.07.14 23:00;4;21.375;-200;-200;3538;206;0;
7092;2024.07.14 23:15;4;20.875;-200;-200;3537;206;0;
7093;2024.07.14 23:30;4;20.625;-200;-200;3537;206;0;
7094;2024.07.14 23:45;4;20.625;-200;-200;3537;206;0;
7095;2024.07.15 00:00;4;20.5;-200;-200;3537;206;0;
7096;2024.07.15 00:15;4;20.375;-200;-200;3537;206;0;
7097;2024.07.15 00:30;4;20.1875;-200;-200;3537;206;0;
7098;2024.07.15 00:45;4;20;-200;-200;3537;206;0;
7099;2024.07.15 01:00;4;19.8125;-200;-200;3537;206;0;
7100;2024.07.15 01:15;4;19.5625;-200;-200;3537;206;0;
7101;2024.07.15 01:30;4;19.125;-200;-200;3537;206;0;
7102;2024.07.15 01:45;4;18.6875;-200;-200;3537;206;0;
7103;2024.07.15 02:00;4;18.625;-200;-200;3537;206;0;
7104;2024.07.15 02:15;4;19.0625;-200;-200;3537;206;0;
7105;2024.07.15 02:30;4;18.8125;-200;-200;3537;206;0;
7106;2024.07.15 02:45;4;18.6875;-200;-200;3537;206;0;
7107;2024.07.15 03:00;4;18.1875;-200;-200;3537;206;0;
7108;2024.07.15 03:15;4;18;-200;-200;3537;206;0;
7109;2024.07.15 03:30;4;17.75;-200;-200;3537;206;0;
7110;2024.07.15 03:45;4;17.9375;-200;-200;3537;206;0;
7111;2024.07.15 04:00;4;17.75;-200;-200;3537;206;0;
7112;2024.07.15 04:15;4;17.5;-200;-200;3537;206;0;
7113;2024.07.15 04:30;4;17.3125;-200;-200;3537;206;0;
7114;2024.07.15 04:45;4;17.25;-200;-200;3537;206;0;
7115;2024.07.15 05:00;4;17.3125;-200;-200;3537;206;0;
7116;2024.07.15 05:15;4;17.0625;-200;-200;3537;206;0;
7117;2024.07.15 05:30;4;17.0625;-200;-200;3537;206;0;
7118;2024.07.15 05:45;4;17;-200;-200;3537;206;0;
7119;2024.07.15 06:00;4;16.875;-200;-200;3537;206;0;
7120;2024.07.15 06:15;4;16.75;-200;-200;3537;206;0;
7121;2024.07.15 06:30;4;16.375;-200;-200;3537;206;0;
7122;2024.07.15 06:45;4;16.625;-200;-200;3537;206;0;
7123;2024.07.15 07:00;4;16.5;-200;-200;3537;206;0;
7124;2024.07.15 07:15;4;16.625;-200;-200;3537;206;0;
7125;2024.07.15 07:30;4;16.4375;-200;-200;3537;206;0;
7126;2024.07.15 07:45;4;16.375;-200;-200;3537;206;0;
7127;2024.07.15 08:00;4;16.25;-200;-200;3537;206;0;
7128;2024.07.15 08:15;4;16.375;-200;-200;3537;206;0;
7129;2024.07.15 08:30;4;16.5;-200;-200;3537;206;0;
7130;2024.07.15 08:45;4;16.625;-200;-200;3537;206;0;
7131;2024.07.15 09:00;4;16.5;-200;-200;3537;206;0;
7132;2024.07.15 09:15;4;16.875;-200;-200;3537;206;0;
7133;2024.07.15 09:30;4;15.9375;-200;-200;3537;206;0;
7134;2024.07.15 09:45;4;15.3125;-200;-200;3536;206;0;
7135;2024.07.15 10:00;4;15;-200;-200;3536;206;0;
7136;2024.07.15 10:15;4;14.75;-200;-200;3536;206;0;
7137;2024.07.15 10:30;4;14.5;-200;-200;3536;206;0;
7138;2024.07.15 10:45;4;13.9375;-200;-200;3536;206;0;
7139;2024.07.15 11:00;4;13.75;-200;-200;3536;206;0;
7140;2024.07.15 11:15;4;13.125;-200;-200;3536;206;0;
7141;2024.07.15 11:30;4;12.8125;-200;-200;3536;206;0;
7142;2024.07.15 11:45;4;12.6875;-200;-200;3536;206;0;
7143;2024.07.15 12:00;4;12.5;-200;-200;3536;206;0;
7144;2024.07.15 12:15;4;12.625;-200;-200;3536;206;0;
7145;2024.07.15 12:30;4;12.5;-200;-200;3536;206;0;
7146;2024.07.15 12:45;4;12.5;-200;-200;3536;206;0;
7147;2024.07.15 13:00;4;13;-200;-200;3536;206;0;
7148;2024.07.15 13:15;4;13.5;-200;-200;3536;206;0;
7149;2024.07.15 13:30;4;14.5;-200;-200;3536;206;0;
7150;2024.07.15 13:45;4;15.0625;-200;-200;3536;206;0;
7151;2024.07.15 14:00;4;16.125;-200;-200;3536;206;0;
7152;2024.07.15 14:15;4;17.75;-200;-200;3536;206;0;
7153;2024.07.15 14:30;4;19.125;-200;-200;3537;206;0;
7154;2024.07.15 14:45;4;20.375;-200;-200;3537;206;0;
7155;2024.07.15 15:00;4;20.9375;-200;-200;3537;206;0;
7156;2024.07.15 15:15;4;21.375;-200;-200;3538;206;0;
7157;2024.07.15 15:30;4;22.3125;-200;-200;3538;206;0;
7158;2024.07.15 15:45;4;22.625;-200;-200;3538;206;0;
7159;2024.07.15 16:00;4;22.75;-200;-200;3538;206;0;
7160;2024.07.15 16:15;4;22.875;-200;-200;3538;206;0;
7161;2024.07.15 16:30;4;23.8125;-200;-200;3537;206;0;
7162;2024.07.15 16:45;4;23.875;-200;-200;3537;206;0;
7163;2024.07.15 17:00;4;24.8125;-200;-200;3537;206;0;
7164;2024.07.15 17:15;4;25.1875;-200;-200;3538;206;0;
7165;2024.07.15 17:30;4;25.5;-200;-200;3538;206;0;
7166;2024.07.15 17:45;4;27;-200;-200;3538;206;0;
7167;2024.07.15 18:00;4;27.1875;-200;-200;3538;206;0;
7168;2024.07.15 18:15;4;28.5625;-200;-200;3538;206;0;
7169;2024.07.15 18:30;4;29.1875;-200;-200;3538;206;0;
7170;2024.07.15 18:45;4;29;-200;-200;3538;206;0;
7171;2024.07.15 19:00;4;25.875;-200;-200;3537;206;0;
7172;2024.07.15 19:15;4;24.375;-200;-200;3536;206;0;
7173;2024.07.15 19:30;4;24.1875;-200;-200;3536;206;0;
7174;2024.07.15 19:45;4;23.875;-200;-200;3536;206;0;
7175;2024.07.15 20:00;4;22.8125;-200;-200;3535;206;0;
7176;2024.07.15 20:15;4;16.6875;-200;-200;3533;206;0;
7177;2024.07.15 20:30;4;12.875;-200;-200;3533;206;0;
7178;2024.07.15 20:45;4;12.875;-200;-200;3532;206;0;
7179;2024.07.15 21:00;4;14.125;-200;-200;3533;206;0;
7180;2024.07.15 21:15;4;16.75;-200;-200;3533;206;0;
7181;2024.07.15 21:30;4;17.9375;-200;-200;3532;206;0;
7182;2024.07.15 21:45;4;18.9375;-200;-200;3532;206;0;
7183;2024.07.15 22:00;4;19.9375;-200;-200;3532;206;0;
7184;2024.07.15 22:15;4;22.5;-200;-200;3532;206;0;
7185;2024.07.15 22:30;4;24.25;-200;-200;3532;206;0;
7186;2024.07.15 22:45;4;26.5;-200;-200;3533;206;0;
7187;2024.07.15 23:00;4;25;-200;-200;3532;206;0;
7188;2024.07.15 23:15;4;24.9375;-200;-200;3532;206;0;
7189;2024.07.15 23:30;4;26.625;-200;-200;3532;206;0;
7190;2024.07.15 23:45;4;26.125;-200;-200;3533;206;0;
7191;2024.07.16 00:00;4;24.625;-200;-200;3532;206;0;
7192;2024.07.16 00:15;4;23.875;-200;-200;3531;206;0;
7193;2024.07.16 00:30;4;24.125;-200;-200;3531;206;0;
7194;2024.07.16 00:45;4;24.0625;-200;-200;3531;206;0;
7195;2024.07.16 01:00;4;23.875;-200;-200;3531;206;0;
7196;2024.07.16 01:15;4;23.1875;-200;-200;3531;206;0;
7197;2024.07.16 01:30;4;21.9375;-200;-200;3531;206;0;
7198;2024.07.16 01:45;4;20.375;-200;-200;3531;206;0;
7199;2024.07.16 02:00;4;19.5;-200;-200;3531;206;0;
7200;2024.07.16 02:15;4;19;-200;-200;3531;206;0;
7201;2024.07.16 02:30;4;18.5;-200;-200;3531;206;0;
7202;2024.07.16 02:45;4;18.25;-200;-200;3531;206;0;
7203;2024.07.16 03:00;4;18.125;-200;-200;3531;206;0;
7204;2024.07.16 03:15;4;18.5;-200;-200;3531;206;0;
7205;2024.07.16 03:30;4;18.625;-200;-200;3531;206;0;
7206;2024.07.16 03:45;4;17.9375;-200;-200;3531;206;0;
7207;2024.07.16 04:00;4;17.75;-200;-200;3531;206;0;
7208;2024.07.16 04:15;4;17.75;-200;-200;3530;206;0;
7209;2024.07.16 04:30;4;17.875;-200;-200;3531;206;0;
7210;2024.07.16 04:45;4;17.6875;-200;-200;3530;206;0;
7211;2024.07.16 05:00;4;17.5625;-200;-200;3530;206;0;
7212;2024.07.16 05:15;4;17.625;-200;-200;3530;206;0;
7213;2024.07.16 05:30;4;17.6875;-200;-200;3531;206;0;
7214;2024.07.16 05:45;4;17.375;-200;-200;3531;206;0;
7215;2024.07.16 06:00;4;17.3125;-200;-200;3531;206;0;
7216;2024.07.16 06:15;4;16.8125;-200;-200;3530;206;0;
7217;2024.07.16 06:30;4;16.375;-200;-200;3531;206;0;
7218;2024.07.16 06:45;4;15.9375;-200;-200;3531;206;0;
7219;2024.07.16 07:00;4;16;-200;-200;3531;206;0;
7220;2024.07.16 07:15;4;16.125;-200;-200;3530;206;0;
7221;2024.07.16 07:30;4;16.25;-200;-200;3531;206;0;
7222;2024.07.16 07:45;4;16.0625;-200;-200;3530;206;0;
7223;2024.07.16 08:00;4;15.6875;-200;-200;3531;206;0;
7224;2024.07.16 08:15;4;15.6875;-200;-200;3531;206;0;
7225;2024.07.16 08:30;4;15.5;-200;-200;3531;206;0;
7226;2024.07.16 08:45;4;15.1875;-200;-200;3530;206;0;
7227;2024.07.16 09:00;4;14.875;-200;-200;3530;206;0;
7228;2024.07.16 09:15;4;14.9375;-200;-200;3530;206;0;
7229;2024.07.16 09:30;4;15.125;-200;-200;3530;206;0;
7230;2024.07.16 09:45;4;14.9375;-200;-200;3530;206;0;
7231;2024.07.16 10:00;4;14.6875;-200;-200;3530;206;0;
7232;2024.07.16 10:15;4;13.75;-200;-200;3530;206;0;
7233;2024.07.16 10:30;4;13.3125;-200;-200;3530;206;0;
7234;2024.07.16 10:45;4;12.625;-200;-200;3530;206;0;
7235;2024.07.16 11:00;4;12.375;-200;-200;3530;206;0;
7236;2024.07.16 11:15;4;11.9375;-200;-200;3530;206;0;
7237;2024.07.16 11:30;4;11.625;-200;-200;3530;206;0;
7238;2024.07.16 11:45;4;11.3125;-200;-200;3530;206;0;
7239;2024.07.16 12:00;4;11;-200;-200;3530;206;0;
7240;2024.07.16 12:15;4;11.1875;-200;-200;3530;206;0;
7241;2024.07.16 12:30;4;11.125;-200;-200;3530;206;0;
7242;2024.07.16 12:45;4;11.75;-200;-200;3530;206;0;
7243;2024.07.16 13:00;4;12.25;-200;-200;3530;206;0;
7244;2024.07.16 13:15;4;12.5;-200;-200;3530;206;0;
7245;2024.07.16 13:30;4;13.125;-200;-200;3530;206;0;
7246;2024.07.16 13:45;4;14.125;-200;-200;3530;206;0;
7247;2024.07.16 14:00;4;15.4375;-200;-200;3530;206;0;
7248;2024.07.16 14:15;4;16.75;-200;-200;3530;206;0;
7249;2024.07.16 14:30;4;18;-200;-200;3530;206;0;
7250;2024.07.16 14:45;4;19.125;-200;-200;3530;206;0;
7251;2024.07.16 15:00;4;19.875;-200;-200;3530;206;0;
7252;2024.07.16 15:15;4;20.5625;-200;-200;3531;206;0;
7253;2024.07.16 15:30;4;21.375;-200;-200;3531;206;0;
7254;2024.07.16 15:45;4;21.75;-200;-200;3531;206;0;
7255;2024.07.16 16:00;4;22;-200;-200;3531;206;0;
7256;2024.07.16 16:15;4;22.25;-200;-200;3531;206;0;
7257;2024.07.16 16:30;4;22.875;-200;-200;3531;206;0;
7258;2024.07.16 16:45;4;23.1875;-200;-200;3531;206;0;
7259;2024.07.16 17:00;4;23.625;-200;-200;3531;206;0;
7260;2024.07.16 17:15;4;24;-200;-200;3531;206;0;
7261;2024.07.16 17:30;4;25;-200;-200;3531;206;0;
7262;2024.07.16 17:45;4;26.125;-200;-200;3532;206;0;
7263;2024.07.16 18:00;4;26.4375;-200;-200;3531;206;0;
7264;2024.07.16 18:15;4;27.375;-200;-200;3532;206;0;
7265;2024.07.16 18:30;4;28.125;-200;-200;3532;206;0;
7266;2024.07.16 18:45;4;26.25;-200;-200;3532;206;0;
7267;2024.07.16 19:00;4;23.5;-200;-200;3531;206;0;
7268;2024.07.16 19:15;4;23.5625;-200;-200;3531;206;0;
7269;2024.07.16 19:30;4;24.25;-200;-200;3531;206;0;
7270;2024.07.16 19:45;4;23.875;-200;-200;3531;206;0;
7271;2024.07.16 20:00;4;18.875;-200;-200;3530;206;0;
7272;2024.07.16 20:15;4;19;-200;-200;3530;206;0;
7273;2024.07.16 20:30;4;20.25;-200;-200;3530;206;0;
7274;2024.07.16 20:45;4;25.875;-200;-200;3530;206;0;
7275;2024.07.16 21:00;4;25.3125;-200;-200;3529;206;0;
7276;2024.07.16 21:15;4;24;-200;-200;3529;206;0;
7277;2024.07.16 21:30;4;24.875;-200;-200;3529;206;0;
7278;2024.07.16 21:45;4;24;-200;-200;3529;206;0;
7279;2024.07.16 22:00;4;25.625;-200;-200;3529;206;0;
7280;2024.07.16 22:15;4;25.625;-200;-200;3529;206;0;
7281;2024.07.16 22:30;4;24.125;-200;-200;3529;206;0;
7282;2024.07.16 22:45;4;24.875;-200;-200;3529;206;0;
7283;2024.07.16 23:00;4;24.375;-200;-200;3529;206;0;
7284;2024.07.16 23:15;4;23.75;-200;-200;3529;206;0;
7285;2024.07.16 23:30;4;26.125;-200;-200;3529;206;0;
7286;2024.07.16 23:45;4;24;-200;-200;3529;206;0;
7287;2024.07.17 00:00;4;23;-200;-200;3528;206;0;
7288;2024.07.17 00:15;4;22.25;-200;-200;3528;206;0;
7289;2024.07.17 00:30;4;21.5;-200;-200;3528;206;0;
7290;2024.07.17 00:45;4;20.3125;-200;-200;3528;206;0;
7291;2024.07.17 01:00;4;19.75;-200;-200;3528;206;0;
7292;2024.07.17 01:15;4;19.4375;-200;-200;3528;206;0;
7293;2024.07.17 01:30;4;18.875;-200;-200;3528;206;0;
7294;2024.07.17 01:45;4;18.375;-200;-200;3528;206;0;
7295;2024.07.17 02:00;4;18.1875;-200;-200;3528;206;0;
7296;2024.07.17 02:15;4;18.25;-200;-200;3528;206;0;
7297;2024.07.17 02:30;4;18;-200;-200;3528;206;0;
7298;2024.07.17 02:45;4;17.375;-200;-200;3528;206;0;
7299;2024.07.17 03:00;4;17.25;-200;-200;3528;206;0;
7300;2024.07.17 03:15;4;17.125;-200;-200;3528;206;0;
7301;2024.07.17 03:30;4;17;-200;-200;3528;206;0;
7302;2024.07.17 03:45;4;16.75;-200;-200;3528;206;0;
7303;2024.07.17 04:00;4;16.3125;-200;-200;3528;206;0;
7304;2024.07.17 04:15;4;15.75;-200;-200;3528;206;0;
7305;2024.07.17 04:30;4;15.5;-200;-200;3528;206;0;
7306;2024.07.17 04:45;4;15.3125;-200;-200;3528;206;0;
7307;2024.07.17 05:00;4;15.1875;-200;-200;3528;206;0;
7308;2024.07.17 05:15;4;14.9375;-200;-200;3528;206;0;
7309;2024.07.17 05:30;4;15.0625;-200;-200;3528;206;0;
7310;2024.07.17 05:45;4;15.5;-200;-200;3528;206;0;
7311;2024.07.17 06:00;4;15.375;-200;-200;3528;206;0;
7312;2024.07.17 06:15;4;15.4375;-200;-200;3528;206;0;
7313;2024.07.17 06:30;4;15.5;-200;-200;3528;206;0;
7314;2024.07.17 06:45;4;15.4375;-200;-200;3528;206;0;
7315;2024.07.17 07:00;4;15.25;-200;-200;3528;206;0;
7316;2024.07.17 07:15;4;14.875;-200;-200;3528;206;0;
7317;2024.07.17 07:30;4;14.625;-200;-200;3528;206;0;
7318;2024.07.17 07:45;4;14.5;-200;-200;3528;206;0;
7319;2024.07.17 08:00;4;13.875;-200;-200;3528;206;0;
7320;2024.07.17 08:15;4;13.875;-200;-200;3528;206;0;
7321;2024.07.17 08:30;4;13.875;-200;-200;3528;206;0;
7322;2024.07.17 08:45;4;13.6875;-200;-200;3528;206;0;
7323;2024.07.17 09:00;4;13.75;-200;-200;3528;206;0;
7324;2024.07.17 09:15;4;13.625;-200;-200;3528;206;0;
7325;2024.07.17 09:30;4;13.625;-200;-200;3528;206;0;
7326;2024.07.17 09:45;4;13.3125;-200;-200;3527;206;0;
7327;2024.07.17 10:00;4;13.375;-200;-200;3528;206;0;
7328;2024.07.17 10:15;4;13.25;-200;-200;3528;206;0;
7329;2024.07.17 10:30;4;13.125;-200;-200;3528;206;0;
7330;2024.07.17 10:45;4;13;-200;-200;3528;206;0;
7331;2024.07.17 11:00;4;12.5;-200;-200;3527;206;0;
7332;2024.07.17 11:15;4;12.375;-200;-200;3528;206;0;
7333;2024.07.17 11:30;4;12.5625;-200;-200;3528;206;0;
7334;2024.07.17 11:45;4;12.375;-200;-200;3528;206;0;
7335;2024.07.17 12:00;4;12.125;-200;-200;3527;206;0;
7336;2024.07.17 12:15;4;12.25;-200;-200;3527;206;0;
7337;2024.07.17 12:30;4;12.3125;-200;-200;3528;206;0;
7338;2024.07.17 12:45;4;12.625;-200;-200;3528;206;0;
7339;2024.07.17 13:00;4;13.375;-200;-200;3528;206;0;
7340;2024.07.17 13:15;4;13.5;-200;-200;3528;206;0;
7341;2024.07.17 13:30;4;14.375;-200;-200;3528;206;0;
7342;2024.07.17 13:45;4;14.5;-200;-200;3528;206;0;
7343;2024.07.17 14:00;4;15.375;-200;-200;3528;206;0;
7344;2024.07.17 14:15;4;16;-200;-200;3528;206;0;
7345;2024.07.17 14:30;4;15.5;-200;-200;3528;206;0;
7346;2024.07.17 14:45;4;15.4375;-200;-200;3528;206;0;
7347;2024.07.17 15:00;4;15.375;-200;-200;3528;206;0;
7348;2024.07.17 15:15;4;15.5;-200;-200;3528;206;0;
7349;2024.07.17 15:30;4;16.125;-200;-200;3528;206;0;
7350;2024.07.17 15:45;4;16.75;-200;-200;3528;206;0;
7351;2024.07.17 16:00;4;17.5;-200;-200;3528;206;0;
7352;2024.07.17 16:15;4;18.125;-200;-200;3528;206;0;
7353;2024.07.17 16:30;4;18.875;-200;-200;3528;206;0;
7354;2024.07.17 16:45;4;19.625;-200;-200;3528;206;0;
7355;2024.07.17 17:00;4;19.875;-200;-200;3528;206;0;
7356;2024.07.17 17:15;4;19.5625;-200;-200;3528;206;0;
7357;2024.07.17 17:30;4;19.75;-200;-200;3528;206;0;
7358;2024.07.17 17:45;4;21.1875;-200;-200;3528;206;0;
7359;2024.07.17 18:00;4;23.5;-200;-200;3528;206;0;
7360;2024.07.17 18:15;4;23.625;-200;-200;3528;206;0;
7361;2024.07.17 18:30;4;22.5;-200;-200;3528;206;0;
7362;2024.07.17 18:45;4;22.25;-200;-200;3528;206;0;
7363;2024.07.17 19:00;4;22.25;-200;-200;3528;206;0;
7364;2024.07.17 19:15;4;22.125;-200;-200;3528;206;0;
7365;2024.07.17 19:30;4;21.75;-200;-200;3528;206;0;
7366;2024.07.17 19:45;4;23.375;-200;-200;3528;206;0;
7367;2024.07.17 20:00;4;24;-200;-200;3528;206;0;
7368;2024.07.17 20:15;4;22.875;-200;-200;3528;206;0;
7369;2024.07.17 20:30;4;26.6875;-200;-200;3529;206;0;
7370;2024.07.17 20:45;4;28.25;-200;-200;3530;206;0;
7371;2024.07.17 21:00;4;31.0625;-200;-200;3530;206;0;
7372;2024.07.17 21:15;4;30.125;-200;-200;3530;206;0;
7373;2024.07.17 21:30;4;25.0625;-200;-200;3529;206;0;
7374;2024.07.17 21:45;4;27.625;-200;-200;3528;206;0;
7375;2024.07.17 22:00;4;26.9375;-200;-200;3528;206;0;
7376;2024.07.17 22:15;4;25.875;-200;-200;3528;206;0;
7377;2024.07.17 22:30;4;26.4375;-200;-200;3528;206;0;
7378;2024.07.17 22:45;4;24.4375;-200;-200;3528;206;0;
7379;2024.07.17 23:00;4;24.625;-200;-200;3528;206;0;
7380;2024.07.17 23:15;4;24.75;-200;-200;3528;206;0;
7381;2024.07.17 23:30;4;22.125;-200;-200;3527;206;0;
7382;2024.07.17 23:45;4;18.9375;-200;-200;3527;206;0;
7383;2024.07.18 00:00;4;18.25;-200;-200;3527;206;0;
7384;2024.07.18 00:15;4;17.375;-200;-200;3526;206;0;
7385;2024.07.18 00:30;4;16.25;-200;-200;3526;206;0;
7386;2024.07.18 00:45;4;14.8125;-200;-200;3525;206;0;
7387;2024.07.18 01:00;4;12.9375;-200;-200;3525;206;0;
7388;2024.07.18 01:15;4;12.875;-200;-200;3525;206;0;
7389;2024.07.18 01:30;4;12.5625;-200;-200;3525;206;0;
7390;2024.07.18 01:45;4;12.3125;-200;-200;3524;206;0;
7391;2024.07.18 02:00;4;12.25;-200;-200;3524;206;0;
7392;2024.07.18 02:15;4;12.0625;-200;-200;3524;206;0;
7393;2024.07.18 02:30;4;12;-200;-200;3524;206;0;
7394;2024.07.18 02:45;4;11.875;-200;-200;3524;206;0;
7395;2024.07.18 03:00;4;11.75;-200;-200;3524;206;0;
7396;2024.07.18 03:15;4;11.625;-200;-200;3524;206;0;
7397;2024.07.18 03:30;4;11.375;-200;-200;3524;206;0;
7398;2024.07.18 03:45;4;11.125;-200;-200;3524;206;0;
7399;2024.07.18 04:00;4;11;-200;-200;3524;206;0;
7400;2024.07.18 04:15;4;11;-200;-200;3524;206;0;
7401;2024.07.18 04:30;4;10.9375;-200;-200;3524;206;0;
7402;2024.07.18 04:45;4;11.125;-200;-200;3524;206;0;
7403;2024.07.18 05:00;4;11;-200;-200;3524;206;0;
7404;2024.07.18 05:15;4;10.9375;-200;-200;3524;206;0;
7405;2024.07.18 05:30;4;10.75;-200;-200;3524;206;0;
7406;2024.07.18 05:45;4;10.625;-200;-200;3524;206;0;
7407;2024.07.18 06:00;4;10.5625;-200;-200;3524;206;0;
7408;2024.07.18 06:15;4;10.375;-200;-200;3524;206;0;
7409;2024.07.18 06:30;4;10.125;-200;-200;3524;206;0;
7410;2024.07.18 06:45;4;10;-200;-200;3524;206;0;
7411;2024.07.18 07:00;4;9.625;-200;-200;3524;206;0;
7412;2024.07.18 07:15;4;9.875;-200;-200;3524;206;0;
7413;2024.07.18 07:30;4;10;-200;-200;3524;206;0;
7414;2024.07.18 07:45;4;10.1875;-200;-200;3524;206;0;
7415;2024.07.18 08:00;4;10.375;-200;-200;3524;206;0;
7416;2024.07.18 08:15;4;10.125;-200;-200;3524;206;0;
7417;2024.07.18 08:30;4;9.875;-200;-200;3524;206;0;
7418;2024.07.18 08:45;4;9.625;-200;-200;3524;206;0;
7419;2024.07.18 09:00;4;9.375;-200;-200;3524;206;0;
7420;2024.07.18 09:15;4;9.1875;-200;-200;3524;206;0;
7421;2024.07.18 09:30;4;9.125;-200;-200;3524;206;0;
7422;2024.07.18 09:45;4;9.1875;-200;-200;3524;206;0;
7423;2024.07.18 10:00;4;9.375;-200;-200;3524;206;0;
7424;2024.07.18 10:15;4;9.4375;-200;-200;3524;206;0;
7425;2024.07.18 10:30;4;9.625;-200;-200;3524;206;0;
7426;2024.07.18 10:45;4;9.6875;-200;-200;3524;206;0;
7427;2024.07.18 11:00;4;9.5;-200;-200;3524;206;0;
7428;2024.07.18 11:15;4;9.375;-200;-200;3524;206;0;
7429;2024.07.18 11:30;4;9.125;-200;-200;3524;206;0;
7430;2024.07.18 11:45;4;9.125;-200;-200;3524;206;0;
7431;2024.07.18 12:00;4;9.375;-200;-200;3525;206;0;
7432;2024.07.18 12:15;4;9.5625;-200;-200;3525;206;0;
7433;2024.07.18 12:30;4;9.5625;-200;-200;3525;206;0;
7434;2024.07.18 12:45;4;9.875;-200;-200;3525;206;0;
7435;2024.07.18 13:00;4;10;-200;-200;3525;206;0;
7436;2024.07.18 13:15;4;10.9375;-200;-200;3525;206;0;
7437;2024.07.18 13:30;4;10.625;-200;-200;3525;206;0;
7438;2024.07.18 13:45;4;11.625;-200;-200;3525;206;0;
7439;2024.07.18 14:00;4;12.25;-200;-200;3525;206;0;
7440;2024.07.18 14:15;4;13.125;-200;-200;3525;206;0;
7441;2024.07.18 14:30;4;14.125;-200;-200;3525;206;0;
7442;2024.07.18 14:45;4;15;-200;-200;3525;206;0;
7443;2024.07.18 15:00;4;15.25;-200;-200;3525;206;0;
7444;2024.07.18 15:15;4;15.625;-200;-200;3525;206;0;
7445;2024.07.18 15:30;4;16.25;-200;-200;3526;206;0;
7446;2024.07.18 15:45;4;17.125;-200;-200;3526;206;0;
7447;2024.07.18 16:00;4;17.375;-200;-200;3526;206;0;
7448;2024.07.18 16:15;4;17.625;-200;-200;3526;206;0;
7449;2024.07.18 16:30;4;18.3125;-200;-200;3526;206;0;
7450;2024.07.18 16:45;4;18.5625;-200;-200;3526;206;0;
7451;2024.07.18 17:00;4;19.25;-200;-200;3526;206;0;
7452;2024.07.18 17:15;4;19.75;-200;-200;3527;206;0;
7453;2024.07.18 17:30;4;20.5;-200;-200;3527;206;0;
7454;2024.07.18 17:45;4;21.75;-200;-200;3527;206;0;
7455;2024.07.18 18:00;4;22.625;-200;-200;3527;206;0;
7456;2024.07.18 18:15;4;22.6875;-200;-200;3527;206;0;
7457;2024.07.18 18:30;4;23.5;-200;-200;3527;206;0;
7458;2024.07.18 18:45;4;23.375;-200;-200;3528;206;0;
7459;2024.07.18 19:00;4;20.75;-200;-200;3527;206;0;
7460;2024.07.18 19:15;4;18.75;-200;-200;3527;206;0;
7461;2024.07.18 19:30;4;15;-200;-200;3527;206;0;
7462;2024.07.18 19:45;4;15.875;-200;-200;3527;206;0;
7463;2024.07.18 20:00;4;22.4375;-200;-200;3527;206;0;
7464;2024.07.18 20:15;4;25.125;-200;-200;3528;206;0;
7465;2024.07.18 20:30;4;26.125;-200;-200;3528;206;0;
7466;2024.07.18 20:45;4;25.1875;-200;-200;3528;206;0;
7467;2024.07.18 21:00;4;22.875;-200;-200;3528;206;0;
7468;2024.07.18 21:15;4;26.625;-200;-200;3528;206;0;
7469;2024.07.18 21:30;4;27.6875;-200;-200;3529;206;0;
7470;2024.07.18 21:45;4;25;-200;-200;3529;206;0;
7471;2024.07.18 22:00;4;22;-200;-200;3528;206;0;
7472;2024.07.18 22:15;4;20;-200;-200;3528;206;0;
7473;2024.07.18 22:30;4;18.5;-200;-200;3528;206;0;
7474;2024.07.18 22:45;4;17.875;-200;-200;3527;206;0;
7475;2024.07.18 23:00;4;15.3125;-200;-200;3527;206;0;
7476;2024.07.18 23:15;4;14.375;-200;-200;3527;206;0;
7477;2024.07.18 23:30;4;13.75;-200;-200;3527;206;0;
7478;2024.07.18 23:45;4;13.125;-200;-200;3526;206;0;
7479;2024.07.19 00:00;4;13.1875;-200;-200;3526;206;0;
7480;2024.07.19 00:15;4;12.625;-200;-200;3526;206;0;
7481;2024.07.19 00:30;4;12.8125;-200;-200;3526;206;0;
7482;2024.07.19 00:45;4;13.25;-200;-200;3526;206;0;
7483;2024.07.19 01:00;4;13;-200;-200;3526;206;0;
7484;2024.07.19 01:15;4;12.75;-200;-200;3526;206;0;
7485;2024.07.19 01:30;4;12.75;-200;-200;3526;206;0;
7486;2024.07.19 01:45;4;13.25;-200;-200;3526;206;0;
7487;2024.07.19 02:00;4;13.625;-200;-200;3526;206;0;
7488;2024.07.19 02:15;4;13.1875;-200;-200;3526;206;0;
7489;2024.07.19 02:30;4;12.375;-200;-200;3526;206;0;
7490;2024.07.19 02:45;4;11.6875;-200;-200;3526;206;0;
7491;2024.07.19 03:00;4;11.625;-200;-200;3526;206;0;
7492;2024.07.19 03:15;4;11.5625;-200;-200;3526;206;0;
7493;2024.07.19 03:30;4;11.3125;-200;-200;3526;206;0;
7494;2024.07.19 03:45;4;11.375;-200;-200;3526;206;0;
7495;2024.07.19 04:00;4;11.5;-200;-200;3526;206;0;
7496;2024.07.19 04:15;4;11.5625;-200;-200;3526;206;0;
7497;2024.07.19 04:30;4;11.625;-200;-200;3526;206;0;
7498;2024.07.19 04:45;4;11.125;-200;-200;3526;206;0;
7499;2024.07.19 05:00;4;10.75;-200;-200;3526;206;0;
7500;2024.07.19 05:15;4;11.375;-200;-200;3526;206;0;
7501;2024.07.19 05:30;4;12;-200;-200;3526;206;0;
7502;2024.07.19 05:45;4;11.8125;-200;-200;3526;206;0;
7503;2024.07.19 06:00;4;11.875;-200;-200;3526;206;0;
7504;2024.07.19 06:15;4;12;-200;-200;3526;206;0;
7505;2024.07.19 06:30;4;12.5;-200;-200;3526;206;0;
7506;2024.07.19 06:45;4;13.125;-200;-200;3526;206;0;
7507;2024.07.19 07:00;4;12.5;-200;-200;3526;206;0;
7508;2024.07.19 07:15;4;12.0625;-200;-200;3526;206;0;
7509;2024.07.19 07:30;4;12.25;-200;-200;3526;206;0;
7510;2024.07.19 07:45;4;11.875;-200;-200;3526;206;0;
7511;2024.07.19 08:00;4;12;-200;-200;3526;206;0;
7512;2024.07.19 08:15;4;11.125;-200;-200;3526;206;0;
7513;2024.07.19 08:30;4;10.375;-200;-200;3527;206;0;
7514;2024.07.19 08:45;4;10;-200;-200;3527;206;0;
7515;2024.07.19 09:00;4;9.8125;-200;-200;3527;206;0;
7516;2024.07.19 09:15;4;9.5625;-200;-200;3527;206;0;
7517;2024.07.19 09:30;4;9.5;-200;-200;3527;206;0;
7518;2024.07.19 09:45;4;9.25;-200;-200;3527;206;0;
7519;2024.07.19 10:00;4;9.3125;-200;-200;3527;206;0;
7520;2024.07.19 10:15;4;9.125;-200;-200;3527;206;0;
7521;2024.07.19 10:30;4;9.25;-200;-200;3527;206;0;
7522;2024.07.19 10:45;4;8.875;-200;-200;3527;206;0;
7523;2024.07.19 11:00;4;8.625;-200;-200;3527;206;0;
7524;2024.07.19 11:15;4;8.5;-200;-200;3527;206;0;
7525;2024.07.19 11:30;4;8.5;-200;-200;3527;206;0;
7526;2024.07.19 11:45;4;8.9375;-200;-200;3527;206;0;
7527;2024.07.19 12:00;4;8.5625;-200;-200;3527;206;0;
7528;2024.07.19 12:15;4;8.4375;-200;-200;3527;206;0;
7529;2024.07.19 12:30;4;8.5;-200;-200;3527;206;0;
7530;2024.07.19 12:45;4;9.5;-200;-200;3527;206;0;
7531;2024.07.19 13:00;4;10.3125;-200;-200;3527;206;0;
7532;2024.07.19 13:15;4;11.125;-200;-200;3527;206;0;
7533;2024.07.19 13:30;4;11.8125;-200;-200;3527;206;0;
7534;2024.07.19 13:45;4;12.25;-200;-200;3527;206;0;
7535;2024.07.19 14:00;4;13.375;-200;-200;3528;206;0;
7536;2024.07.19 14:15;4;14.5;-200;-200;3528;206;0;
7537;2024.07.19 14:30;4;15.875;-200;-200;3528;206;0;
7538;2024.07.19 14:45;4;16.75;-200;-200;3528;206;0;
7539;2024.07.19 15:00;4;17.25;-200;-200;3528;206;0;
7540;2024.07.19 15:15;4;17.8125;-200;-200;3528;206;0;
7541;2024.07.19 15:30;4;18.6875;-200;-200;3528;206;0;
7542;2024.07.19 15:45;4;19.375;-200;-200;3528;206;0;
7543;2024.07.19 16:00;4;19.375;-200;-200;3528;206;0;
7544;2024.07.19 16:15;4;19.625;-200;-200;3528;206;0;
7545;2024.07.19 16:30;4;20.125;-200;-200;3528;206;0;
7546;2024.07.19 16:45;4;20.375;-200;-200;3528;206;0;
7547;2024.07.19 17:00;4;21;-200;-200;3528;206;0;
7548;2024.07.19 17:15;4;21.75;-200;-200;3528;206;0;
7549;2024.07.19 17:30;4;22.25;-200;-200;3528;206;0;
7550;2024.07.19 17:45;4;22.375;-200;-200;3528;206;0;
7551;2024.07.19 18:00;4;23.625;-200;-200;3528;206;0;
7552;2024.07.19 18:15;4;24.625;-200;-200;3529;206;0;
7553;2024.07.19 18:30;4;24.875;-200;-200;3529;206;0;
7554;2024.07.19 18:45;4;24;-200;-200;3529;206;0;
7555;2024.07.19 19:00;4;24.75;-200;-200;3529;206;0;
7556;2024.07.19 19:15;4;25.375;-200;-200;3529;206;0;
7557;2024.07.19 19:30;4;26.8125;-200;-200;3530;206;0;
7558;2024.07.19 19:45;4;28.75;-200;-200;3531;206;0;
7559;2024.07.19 20:00;4;29.375;-200;-200;3531;206;0;
7560;2024.07.19 20:15;4;29.3125;-200;-200;3531;206;0;
7561;2024.07.19 20:30;4;29.875;-200;-200;3531;206;0;
7562;2024.07.19 20:45;4;25.375;-200;-200;3530;206;0;
7563;2024.07.19 21:00;4;23.25;-200;-200;3529;206;0;
7564;2024.07.19 21:15;4;25.25;-200;-200;3529;206;0;
7565;2024.07.19 21:30;4;23.3125;-200;-200;3529;206;0;
7566;2024.07.19 21:45;4;21.375;-200;-200;3528;206;0;
7567;2024.07.19 22:00;4;21;-200;-200;3528;206;0;
7568;2024.07.19 22:15;4;19.5;-200;-200;3528;206;0;
7569;2024.07.19 22:30;4;18;-200;-200;3528;206;0;
7570;2024.07.19 22:45;4;17.25;-200;-200;3528;206;0;
7571;2024.07.19 23:00;4;15.1875;-200;-200;3527;206;0;
7572;2024.07.19 23:15;4;15.75;-200;-200;3527;206;0;
7573;2024.07.19 23:30;4;16.25;-200;-200;3527;206;0;
7574;2024.07.19 23:45;4;17.625;-200;-200;3527;206;0;
7575;2024.07.20 00:00;4;18.625;-200;-200;3528;206;0;
7576;2024.07.20 00:15;4;18.875;-200;-200;3528;206;0;
7577;2024.07.20 00:30;4;19.875;-200;-200;3528;206;0;
7578;2024.07.20 00:45;4;19.25;-200;-200;3528;206;0;
7579;2024.07.20 01:00;4;18.625;-200;-200;3528;206;0;
7580;2024.07.20 01:15;4;17.875;-200;-200;3528;206;0;
7581;2024.07.20 01:30;4;17.375;-200;-200;3528;206;0;
7582;2024.07.20 01:45;4;17;-200;-200;3528;206;0;
7583;2024.07.20 02:00;4;16.625;-200;-200;3527;206;0;
7584;2024.07.20 02:15;4;16.25;-200;-200;3528;206;0;
7585;2024.07.20 02:30;4;15.3125;-200;-200;3527;206;0;
7586;2024.07.20 02:45;4;15;-200;-200;3527;206;0;
7587;2024.07.20 03:00;4;14.75;-200;-200;3527;206;0;
7588;2024.07.20 03:15;4;14.375;-200;-200;3527;206;0;
7589;2024.07.20 03:30;4;14.4375;-200;-200;3527;206;0;
7590;2024.07.20 03:45;4;14.1875;-200;-200;3527;206;0;
7591;2024.07.20 04:00;4;14;-200;-200;3527;206;0;
7592;2024.07.20 04:15;4;13.4375;-200;-200;3527;206;0;
7593;2024.07.20 04:30;4;13;-200;-200;3528;206;0;
7594;2024.07.20 04:45;4;13;-200;-200;3528;206;0;
7595;2024.07.20 05:00;4;12.875;-200;-200;3527;206;0;
7596;2024.07.20 05:15;4;12.8125;-200;-200;3527;206;0;
7597;2024.07.20 05:30;4;13.25;-200;-200;3527;206;0;
7598;2024.07.20 05:45;4;14.125;-200;-200;3527;206;0;
7599;2024.07.20 06:00;4;14.375;-200;-200;3527;206;0;
7600;2024.07.20 06:15;4;14.625;-200;-200;3527;206;0;
7601;2024.07.20 06:30;4;14.75;-200;-200;3528;206;0;
7602;2024.07.20 06:45;4;15.0625;-200;-200;3527;206;0;
7603;2024.07.20 07:00;4;15;-200;-200;3527;206;0;
7604;2024.07.20 07:15;4;14.8125;-200;-200;3527;206;0;
7605;2024.07.20 07:30;4;14.875;-200;-200;3528;206;0;
7606;2024.07.20 07:45;4;14.375;-200;-200;3527;206;0;
7607;2024.07.20 08:00;4;14;-200;-200;3527;206;0;
7608;2024.07.20 08:15;4;13.75;-200;-200;3528;206;0;
7609;2024.07.20 08:30;4;13.5625;-200;-200;3527;206;0;
7610;2024.07.20 08:45;4;13.25;-200;-200;3527;206;0;
7611;2024.07.20 09:00;4;12.875;-200;-200;3528;206;0;
7612;2024.07.20 09:15;4;12.25;-200;-200;3528;206;0;
7613;2024.07.20 09:30;4;12.125;-200;-200;3528;206;0;
7614;2024.07.20 09:45;4;11.6875;-200;-200;3528;206;0;
7615;2024.07.20 10:00;4;11.375;-200;-200;3528;206;0;
7616;2024.07.20 10:15;4;10.9375;-200;-200;3528;206;0;
7617;2024.07.20 10:30;4;10.5625;-200;-200;3528;206;0;
7618;2024.07.20 10:45;4;10.375;-200;-200;3528;206;0;
7619;2024.07.20 11:00;4;9.875;-200;-200;3528;206;0;
7620;2024.07.20 11:15;4;9.8125;-200;-200;3527;206;0;
7621;2024.07.20 11:30;4;10.375;-200;-200;3527;206;0;
7622;2024.07.20 11:45;4;10;-200;-200;3527;206;0;
7623;2024.07.20 12:00;4;9.875;-200;-200;3528;206;0;
7624;2024.07.20 12:15;4;10.375;-200;-200;3527;206;0;
7625;2024.07.20 12:30;4;10.875;-200;-200;3527;206;0;
7626;2024.07.20 12:45;4;10.9375;-200;-200;3527;206;0;
7627;2024.07.20 13:00;4;11.9375;-200;-200;3527;206;0;
7628;2024.07.20 13:15;4;12.4375;-200;-200;3528;206;0;
7629;2024.07.20 13:30;4;12.9375;-200;-200;3527;206;0;
7630;2024.07.20 13:45;4;14.5;-200;-200;3528;206;0;
7631;2024.07.20 14:00;4;15.375;-200;-200;3528;206;0;
7632;2024.07.20 14:15;4;15.9375;-200;-200;3528;206;0;
7633;2024.07.20 14:30;4;16.5625;-200;-200;3528;206;0;
7634;2024.07.20 14:45;4;17.25;-200;-200;3528;206;0;
7635;2024.07.20 15:00;4;17.75;-200;-200;3528;206;0;
7636;2024.07.20 15:15;4;18.0625;-200;-200;3528;206;0;
7637;2024.07.20 15:30;4;18.5;-200;-200;3528;206;0;
7638;2024.07.20 15:45;4;19;-200;-200;3528;206;0;
7639;2024.07.20 16:00;4;19.5;-200;-200;3528;206;0;
7640;2024.07.20 16:15;4;19.875;-200;-200;3528;206;0;
7641;2024.07.20 16:30;4;20.1875;-200;-200;3528;206;0;
7642;2024.07.20 16:45;4;20.5;-200;-200;3528;206;0;
7643;2024.07.20 17:00;4;21.1875;-200;-200;3528;206;0;
7644;2024.07.20 17:15;4;20.5;-200;-200;3528;206;0;
7645;2024.07.20 17:30;4;19.375;-200;-200;3528;206;0;
7646;2024.07.20 17:45;4;16.75;-200;-200;3528;206;0;
7647;2024.07.20 18:00;4;19.75;-200;-200;3528;206;0;
7648;2024.07.20 18:15;4;20.375;-200;-200;3528;206;0;
7649;2024.07.20 18:30;4;21;-200;-200;3528;206;0;
7650;2024.07.20 18:45;4;21.9375;-200;-200;3528;206;0;
7651;2024.07.20 19:00;4;23.75;-200;-200;3529;206;0;
7652;2024.07.20 19:15;4;22.4375;-200;-200;3529;206;0;
7653;2024.07.20 19:30;4;21.875;-200;-200;3529;206;0;
7654;2024.07.20 19:45;4;23.875;-200;-200;3529;206;0;
7655;2024.07.20 20:00;4;24.5625;-200;-200;3529;206;0;
7656;2024.07.20 20:15;4;22.125;-200;-200;3529;206;0;
7657;2024.07.20 20:30;4;21;-200;-200;3529;206;0;
7658;2024.07.20 20:45;4;19.375;-200;-200;3529;206;0;
7659;2024.07.20 21:00;4;18.375;-200;-200;3528;206;0;
7660;2024.07.20 21:15;4;17.75;-200;-200;3528;206;0;
7661;2024.07.20 21:30;4;17;-200;-200;3528;206;0;
7662;2024.07.20 21:45;4;13.75;-200;-200;3528;206;0;
7663;2024.07.20 22:00;4;12.5625;-200;-200;3528;206;0;
7664;2024.07.20 22:15;4;12.625;-200;-200;3528;206;0;
7665;2024.07.20 22:30;4;12.6875;-200;-200;3528;206;0;
7666;2024.07.20 22:45;4;12.6875;-200;-200;3528;206;0;
7667;2024.07.20 23:00;4;12.75;-200;-200;3528;206;0;
7668;2024.07.20 23:15;4;12.75;-200;-200;3528;206;0;
7669;2024.07.20 23:30;4;12.4375;-200;-200;3528;206;0;
7670;2024.07.20 23:45;4;12.125;-200;-200;3528;206;0;
7671;2024.07.21 00:00;4;11.75;-200;-200;3528;206;0;
7672;2024.07.21 00:15;4;11.375;-200;-200;3528;206;0;
7673;2024.07.21 00:30;4;11.25;-200;-200;3527;206;0;
7674;2024.07.21 00:45;4;11.375;-200;-200;3527;206;0;
7675;2024.07.21 01:00;4;11.375;-200;-200;3527;206;0;
7676;2024.07.21 01:15;4;11.6875;-200;-200;3527;206;0;
7677;2024.07.21 01:30;4;11.8125;-200;-200;3527;206;0;
7678;2024.07.21 01:45;4;11.6875;-200;-200;3527;206;0;
7679;2024.07.21 02:00;4;11;-200;-200;3527;206;0;
7680;2024.07.21 02:15;4;10.75;-200;-200;3528;206;0;
7681;2024.07.21 02:30;4;10.625;-200;-200;3528;206;0;
7682;2024.07.21 02:45;4;10.375;-200;-200;3528;206;0;
7683;2024.07.21 03:00;4;10;-200;-200;3528;206;0;
7684;2024.07.21 03:15;4;10.375;-200;-200;3528;206;0;
7685;2024.07.21 03:30;4;11.125;-200;-200;3528;206;0;
7686;2024.07.21 03:45;4;10.6875;-200;-200;3528;206;0;
7687;2024.07.21 04:00;4;10.5;-200;-200;3528;206;0;
7688;2024.07.21 04:15;4;10.375;-200;-200;3528;206;0;
7689;2024.07.21 04:30;4;10.625;-200;-200;3528;206;0;
7690;2024.07.21 04:45;4;10.75;-200;-200;3528;206;0;
7691;2024.07.21 05:00;4;10.5;-200;-200;3528;206;0;
7692;2024.07.21 05:15;4;10.75;-200;-200;3528;206;0;
7693;2024.07.21 05:30;4;10.9375;-200;-200;3528;206;0;
7694;2024.07.21 05:45;4;11.125;-200;-200;3528;206;0;
7695;2024.07.21 06:00;4;10.875;-200;-200;3528;206;0;
7696;2024.07.21 06:15;4;11.5;-200;-200;3528;206;0;
7697;2024.07.21 06:30;4;11.625;-200;-200;3528;206;0;
7698;2024.07.21 06:45;4;11.25;-200;-200;3528;206;0;
7699;2024.07.21 07:00;4;11;-200;-200;3528;206;0;
7700;2024.07.21 07:15;4;11.0625;-200;-200;3528;206;0;
7701;2024.07.21 07:30;4;11.375;-200;-200;3528;206;0;
7702;2024.07.21 07:45;4;11.4375;-200;-200;3528;206;0;
7703;2024.07.21 08:00;4;11.4375;-200;-200;3528;206;0;
7704;2024.07.21 08:15;4;11.5;-200;-200;3528;206;0;
7705;2024.07.21 08:30;4;11.125;-200;-200;3528;206;0;
7706;2024.07.21 08:45;4;11.125;-200;-200;3528;206;0;
7707;2024.07.21 09:00;4;11;-200;-200;3528;206;0;
7708;2024.07.21 09:15;4;10.875;-200;-200;3528;206;0;
7709;2024.07.21 09:30;4;10.6875;-200;-200;3528;206;0;
7710;2024.07.21 09:45;4;10.1875;-200;-200;3528;206;0;
7711;2024.07.21 10:00;4;9.75;-200;-200;3528;206;0;
7712;2024.07.21 10:15;4;9.5;-200;-200;3528;206;0;
7713;2024.07.21 10:30;4;9.25;-200;-200;3528;206;0;
7714;2024.07.21 10:45;4;9.1875;-200;-200;3528;206;0;
7715;2024.07.21 11:00;4;8.9375;-200;-200;3528;206;0;
7716;2024.07.21 11:15;4;9;-200;-200;3528;206;0;
7717;2024.07.21 11:30;4;9;-200;-200;3528;206;0;
7718;2024.07.21 11:45;4;9.5;-200;-200;3528;206;0;
7719;2024.07.21 12:00;4;9.875;-200;-200;3529;206;0;
7720;2024.07.21 12:15;4;10.125;-200;-200;3528;206;0;
7721;2024.07.21 12:30;4;10.125;-200;-200;3528;206;0;
7722;2024.07.21 12:45;4;10.5;-200;-200;3528;206;0;
7723;2024.07.21 13:00;4;10.875;-200;-200;3528;206;0;
7724;2024.07.21 13:15;4;11.375;-200;-200;3529;206;0;
7725;2024.07.21 13:30;4;11.75;-200;-200;3529;206;0;
7726;2024.07.21 13:45;4;11.875;-200;-200;3529;206;0;
7727;2024.07.21 14:00;4;12.1875;-200;-200;3529;206;0;
7728;2024.07.21 14:15;4;13;-200;-200;3529;206;0;
7729;2024.07.21 14:30;4;13.625;-200;-200;3529;206;0;
7730;2024.07.21 14:45;4;14;-200;-200;3529;206;0;
7731;2024.07.21 15:00;4;14.875;-200;-200;3529;206;0;
7732;2024.07.21 15:15;4;14;-200;-200;3529;206;0;
7733;2024.07.21 15:30;4;14.1875;-200;-200;3529;206;0;
7734;2024.07.21 15:45;4;14.5625;-200;-200;3529;206;0;
7735;2024.07.21 16:00;4;14.625;-200;-200;3529;206;0;
7736;2024.07.21 16:15;4;16.375;-200;-200;3529;206;0;
7737;2024.07.21 16:30;4;15.75;-200;-200;3529;206;0;
7738;2024.07.21 16:45;4;15.125;-200;-200;3529;206;0;
7739;2024.07.21 17:00;4;13.75;-200;-200;3529;206;0;
7740;2024.07.21 17:15;4;13.875;-200;-200;3529;206;0;
7741;2024.07.21 17:30;4;14.5625;-200;-200;3529;206;0;
7742;2024.07.21 17:45;4;15.5;-200;-200;3529;206;0;
7743;2024.07.21 18:00;4;17.125;-200;-200;3529;206;0;
7744;2024.07.21 18:15;4;18.875;-200;-200;3529;206;0;
7745;2024.07.21 18:30;4;18.5;-200;-200;3529;206;0;
7746;2024.07.21 18:45;4;19.75;-200;-200;3530;206;0;
7747;2024.07.21 19:00;4;18.5;-200;-200;3530;206;0;
7748;2024.07.21 19:15;4;19.6875;-200;-200;3530;206;0;
7749;2024.07.21 19:30;4;19.625;-200;-200;3530;206;0;
7750;2024.07.21 19:45;4;18.75;-200;-200;3530;206;0;
7751;2024.07.21 20:00;4;22.875;-200;-200;3531;206;0;
7752;2024.07.21 20:15;4;23.875;-200;-200;3531;206;0;
7753;2024.07.21 20:30;4;23;-200;-200;3531;206;0;
7754;2024.07.21 20:45;4;22.5;-200;-200;3531;206;0;
7755;2024.07.21 21:00;4;22.375;-200;-200;3530;206;0;
7756;2024.07.21 21:15;4;22.375;-200;-200;3531;206;0;
7757;2024.07.21 21:30;4;20.3125;-200;-200;3530;206;0;
7758;2024.07.21 21:45;4;20.125;-200;-200;3530;206;0;
7759;2024.07.21 22:00;4;18.25;-200;-200;3530;206;0;
7760;2024.07.21 22:15;4;14.75;-200;-200;3529;206;0;
7761;2024.07.21 22:30;4;8.875;-200;-200;3528;206;0;
7762;2024.07.21 22:45;4;8.5;-200;-200;3528;206;0;
7763;2024.07.21 23:00;4;8.9375;-200;-200;3528;206;0;
7764;2024.07.21 23:15;4;9;-200;-200;3528;206;0;
7765;2024.07.21 23:30;4;9.125;-200;-200;3528;206;0;
7766;2024.07.21 23:45;4;9.25;-200;-200;3528;206;0;
7767;2024.07.22 00:00;4;9.1875;-200;-200;3528;206;0;
7768;2024.07.22 00:15;4;9.125;-200;-200;3528;206;0;
7769;2024.07.22 00:30;4;8.75;-200;-200;3528;206;0;
7770;2024.07.22 00:45;4;8.5;-200;-200;3528;206;0;
7771;2024.07.22 01:00;4;8.25;-200;-200;3528;206;0;
7772;2024.07.22 01:15;4;8.1875;-200;-200;3528;206;0;
7773;2024.07.22 01:30;4;8.25;-200;-200;3528;206;0;
7774;2024.07.22 01:45;4;8.375;-200;-200;3528;206;0;
7775;2024.07.22 02:00;4;8.5;-200;-200;3528;206;0;
7776;2024.07.22 02:15;4;8.3125;-200;-200;3528;206;0;
7777;2024.07.22 02:30;4;8.25;-200;-200;3528;206;0;
7778;2024.07.22 02:45;4;8;-200;-200;3528;206;0;
7779;2024.07.22 03:00;4;7.9375;-200;-200;3528;206;0;
7780;2024.07.22 03:15;4;7.8125;-200;-200;3528;206;0;
7781;2024.07.22 03:30;4;7.625;-200;-200;3528;206;0;
7782;2024.07.22 03:45;4;7.5;-200;-200;3528;206;0;
7783;2024.07.22 04:00;4;7.5;-200;-200;3528;206;0;
7784;2024.07.22 04:15;4;7.5;-200;-200;3528;206;0;
7785;2024.07.22 04:30;4;7.5;-200;-200;3528;206;0;
7786;2024.07.22 04:45;4;7.5;-200;-200;3528;206;0;
7787;2024.07.22 05:00;4;7.625;-200;-200;3528;206;0;
7788;2024.07.22 05:15;4;7.375;-200;-200;3528;206;0;
7789;2024.07.22 05:30;4;7.5;-200;-200;3528;206;0;
7790;2024.07.22 05:45;4;7.25;-200;-200;3528;206;0;
7791;2024.07.22 06:00;4;6.9375;-200;-200;3528;206;0;
7792;2024.07.22 06:15;4;6.875;-200;-200;3528;206;0;
7793;2024.07.22 06:30;4;6.5625;-200;-200;3529;206;0;
7794;2024.07.22 06:45;4;6.5625;-200;-200;3528;206;0;
7795;2024.07.22 07:00;4;6.75;-200;-200;3528;206;0;
7796;2024.07.22 07:15;4;6.5625;-200;-200;3528;206;0;
7797;2024.07.22 07:30;4;6.5;-200;-200;3528;206;0;
7798;2024.07.22 07:45;4;6.25;-200;-200;3528;206;0;
7799;2024.07.22 08:00;4;6.25;-200;-200;3528;206;0;
7800;2024.07.22 08:15;4;6.125;-200;-200;3528;206;0;
7801;2024.07.22 08:30;4;6.5;-200;-200;3528;206;0;
7802;2024.07.22 08:45;4;6.3125;-200;-200;3528;206;0;
7803;2024.07.22 09:00;4;6.4375;-200;-200;3528;206;0;
7804;2024.07.22 09:15;4;6.75;-200;-200;3528;206;0;
7805;2024.07.22 09:30;4;7;-200;-200;3528;206;0;
7806;2024.07.22 09:45;4;6.625;-200;-200;3528;206;0;
7807;2024.07.22 10:00;4;6.75;-200;-200;3528;206;0;
7808;2024.07.22 10:15;4;6.625;-200;-200;3529;206;0;
7809;2024.07.22 10:30;4;6.875;-200;-200;3529;206;0;
7810;2024.07.22 10:45;4;6.375;-200;-200;3529;206;0;
7811;2024.07.22 11:00;4;6.625;-200;-200;3529;206;0;
7812;2024.07.22 11:15;4;6.75;-200;-200;3529;206;0;
7813;2024.07.22 11:30;4;6.5625;-200;-200;3529;206;0;
7814;2024.07.22 11:45;4;6.625;-200;-200;3529;206;0;
7815;2024.07.22 12:00;4;6.375;-200;-200;3529;206;0;
7816;2024.07.22 12:15;4;6.5;-200;-200;3529;206;0;
7817;2024.07.22 12:30;4;6.125;-200;-200;3529;206;0;
7818;2024.07.22 12:45;4;6.125;-200;-200;3529;206;0;
7819;2024.07.22 13:00;4;6.5;-200;-200;3529;206;0;
7820;2024.07.22 13:15;4;6.75;-200;-200;3529;206;0;
7821;2024.07.22 13:30;4;7.375;-200;-200;3529;206;0;
7822;2024.07.22 13:45;4;8.4375;-200;-200;3529;206;0;
7823;2024.07.22 14:00;4;8.625;-200;-200;3529;206;0;
7824;2024.07.22 14:15;4;9.25;-200;-200;3529;206;0;
7825;2024.07.22 14:30;4;9.875;-200;-200;3529;206;0;
7826;2024.07.22 14:45;4;10;-200;-200;3529;206;0;
7827;2024.07.22 15:00;4;10.875;-200;-200;3529;206;0;
7828;2024.07.22 15:15;4;11.6875;-200;-200;3529;206;0;
7829;2024.07.22 15:30;4;11.8125;-200;-200;3529;206;0;
7830;2024.07.22 15:45;4;12.125;-200;-200;3529;206;0;
7831;2024.07.22 16:00;4;12.25;-200;-200;3529;206;0;
7832;2024.07.22 16:15;4;13.375;-200;-200;3529;206;0;
7833;2024.07.22 16:30;4;13.8125;-200;-200;3529;206;0;
7834;2024.07.22 16:45;4;14.25;-200;-200;3529;206;0;
7835;2024.07.22 17:00;4;13.5;-200;-200;3529;206;0;
7836;2024.07.22 17:15;4;14;-200;-200;3529;206;0;
7837;2024.07.22 17:30;4;14.875;-200;-200;3530;206;0;
7838;2024.07.22 17:45;4;15;-200;-200;3530;206;0;
7839;2024.07.22 18:00;4;16.125;-200;-200;3530;206;0;
7840;2024.07.22 18:15;4;15.875;-200;-200;3530;206;0;
7841;2024.07.22 18:30;4;15.625;-200;-200;3530;206;0;
7842;2024.07.22 18:45;4;17.125;-200;-200;3530;206;0;
7843;2024.07.22 19:00;4;17.5;-200;-200;3530;206;0;
7844;2024.07.22 19:15;4;16.9375;-200;-200;3530;206;0;
7845;2024.07.22 19:30;4;16.875;-200;-200;3530;206;0;
7846;2024.07.22 19:45;4;18.875;-200;-200;3531;206;0;
7847;2024.07.22 20:00;4;20.0625;-200;-200;3531;206;0;
7848;2024.07.22 20:15;4;19.125;-200;-200;3531;206;0;
7849;2024.07.22 20:30;4;15.5;-200;-200;3530;206;0;
7850;2024.07.22 20:45;4;14.875;-200;-200;3530;206;0;
7851;2024.07.22 21:00;4;14.25;-200;-200;3530;206;0;
7852;2024.07.22 21:15;4;17;-200;-200;3530;206;0;
7853;2024.07.22 21:30;4;18.5625;-200;-200;3531;206;0;
7854;2024.07.22 21:45;4;20;-200;-200;3531;206;0;
7855;2024.07.22 22:00;4;22.375;-200;-200;3531;206;0;
7856;2024.07.22 22:15;4;18.0625;-200;-200;3530;206;0;
7857;2024.07.22 22:30;4;17.4375;-200;-200;3529;206;0;
7858;2024.07.22 22:45;4;19.625;-200;-200;3529;206;0;
7859;2024.07.22 23:00;4;18.5625;-200;-200;3529;206;0;
7860;2024.07.22 23:15;4;18;-200;-200;3528;206;0;
7861;2024.07.22 23:30;4;20.5625;-200;-200;3528;206;0;
7862;2024.07.22 23:45;4;19.75;-200;-200;3527;206;0;
7863;2024.07.23 00:00;4;17.5;-200;-200;3527;206;0;
7864;2024.07.23 00:15;4;17.3125;-200;-200;3527;206;0;
7865;2024.07.23 00:30;4;16.75;-200;-200;3527;206;0;
7866;2024.07.23 00:45;4;16.375;-200;-200;3527;206;0;
7867;2024.07.23 01:00;4;15.625;-200;-200;3527;206;0;
7868;2024.07.23 01:15;4;15.375;-200;-200;3526;206;0;
7869;2024.07.23 01:30;4;14.875;-200;-200;3526;206;0;
7870;2024.07.23 01:45;4;14.125;-200;-200;3526;206;0;
7871;2024.07.23 02:00;4;13.375;-200;-200;3526;206;0;
7872;2024.07.23 02:15;4;12.5625;-200;-200;3526;206;0;
7873;2024.07.23 02:30;4;11.75;-200;-200;3526;206;0;
7874;2024.07.23 02:45;4;11.125;-200;-200;3526;206;0;
7875;2024.07.23 03:00;4;11;-200;-200;3526;206;0;
7876;2024.07.23 03:15;4;10.5625;-200;-200;3525;206;0;
7877;2024.07.23 03:30;4;10.5;-200;-200;3525;206;0;
7878;2024.07.23 03:45;4;10.375;-200;-200;3525;206;0;
7879;2024.07.23 04:00;4;9.8125;-200;-200;3525;206;0;
7880;2024.07.23 04:15;4;9.9375;-200;-200;3525;206;0;
7881;2024.07.23 04:30;4;9.4375;-200;-200;3525;206;0;
7882;2024.07.23 04:45;4;8.875;-200;-200;3525;206;0;
7883;2024.07.23 05:00;4;8.625;-200;-200;3525;206;0;
7884;2024.07.23 05:15;4;8.625;-200;-200;3525;206;0;
7885;2024.07.23 05:30;4;8.0625;-200;-200;3525;206;0;
7886;2024.07.23 05:45;4;8.375;-200;-200;3525;206;0;
7887;2024.07.23 06:00;4;8.3125;-200;-200;3525;206;0;
7888;2024.07.23 06:15;4;8.75;-200;-200;3525;206;0;
7889;2024.07.23 06:30;4;9.375;-200;-200;3525;206;0;
7890;2024.07.23 06:45;4;9.5625;-200;-200;3525;206;0;
7891;2024.07.23 07:00;4;10.125;-200;-200;3525;206;0;
7892;2024.07.23 07:15;4;10.375;-200;-200;3525;206;0;
7893;2024.07.23 07:30;4;10.375;-200;-200;3525;206;0;
7894;2024.07.23 07:45;4;10.625;-200;-200;3525;206;0;
7895;2024.07.23 08:00;4;10.75;-200;-200;3525;206;0;
7896;2024.07.23 08:15;4;10.375;-200;-200;3525;206;0;
7897;2024.07.23 08:30;4;10;-200;-200;3525;206;0;
7898;2024.07.23 08:45;4;9.75;-200;-200;3525;206;0;
7899;2024.07.23 09:00;4;9.125;-200;-200;3525;206;0;
7900;2024.07.23 09:15;4;9;-200;-200;3525;206;0;
7901;2024.07.23 09:30;4;8.875;-200;-200;3525;206;0;
7902;2024.07.23 09:45;4;8.875;-200;-200;3525;206;0;
7903;2024.07.23 10:00;4;8.75;-200;-200;3525;206;0;
7904;2024.07.23 10:15;4;8.75;-200;-200;3525;206;0;
7905;2024.07.23 10:30;4;8.5;-200;-200;3525;206;0;
7906;2024.07.23 10:45;4;8;-200;-200;3525;206;0;
7907;2024.07.23 11:00;4;7.4375;-200;-200;3525;206;0;
7908;2024.07.23 11:15;4;7.375;-200;-200;3525;206;0;
7909;2024.07.23 11:30;4;7.125;-200;-200;3525;206;0;
7910;2024.07.23 11:45;4;6.9375;-200;-200;3526;206;0;
7911;2024.07.23 12:00;4;7;-200;-200;3526;206;0;
7912;2024.07.23 12:15;4;6.75;-200;-200;3526;206;0;
7913;2024.07.23 12:30;4;6.875;-200;-200;3526;206;0;
7914;2024.07.23 12:45;4;6.875;-200;-200;3526;206;0;
7915;2024.07.23 13:00;4;7.125;-200;-200;3526;206;0;
7916;2024.07.23 13:15;4;7.75;-200;-200;3526;206;0;
7917;2024.07.23 13:30;4;8.625;-200;-200;3526;206;0;
7918;2024.07.23 13:45;4;9.75;-200;-200;3526;206;0;
7919;2024.07.23 14:00;4;10.8125;-200;-200;3526;206;0;
7920;2024.07.23 14:15;4;11.75;-200;-200;3526;206;0;
7921;2024.07.23 14:30;4;13;-200;-200;3526;206;0;
7922;2024.07.23 14:45;4;13.875;-200;-200;3526;206;0;
7923;2024.07.23 15:00;4;14.75;-200;-200;3526;206;0;
7924;2024.07.23 15:15;4;15.125;-200;-200;3526;206;0;
7925;2024.07.23 15:30;4;16.0625;-200;-200;3526;206;0;
7926;2024.07.23 15:45;4;16.5;-200;-200;3526;206;0;
7927;2024.07.23 16:00;4;16.8125;-200;-200;3527;206;0;
7928;2024.07.23 16:15;4;17.125;-200;-200;3526;206;0;
7929;2024.07.23 16:30;4;17.25;-200;-200;3526;206;0;
7930;2024.07.23 16:45;4;16.9375;-200;-200;3526;206;0;
7931;2024.07.23 17:00;4;17.875;-200;-200;3526;206;0;
7932;2024.07.23 17:15;4;18;-200;-200;3526;206;0;
7933;2024.07.23 17:30;4;17.875;-200;-200;3526;206;0;
7934;2024.07.23 17:45;4;19.5;-200;-200;3526;206;0;
7935;2024.07.23 18:00;4;21;-200;-200;3525;206;0;
7936;2024.07.23 18:15;4;19.25;-200;-200;3525;206;0;
7937;2024.07.23 18:30;4;19.625;-200;-200;3525;206;0;
7938;2024.07.23 18:45;4;21.25;-200;-200;3525;206;0;
7939;2024.07.23 19:00;4;19.5;-200;-200;3525;206;0;
7940;2024.07.23 19:15;4;19.5;-200;-200;3525;206;0;
7941;2024.07.23 19:30;4;20.875;-200;-200;3525;206;0;
7942;2024.07.23 19:45;4;21.875;-200;-200;3524;206;0;
7943;2024.07.23 20:00;4;21;-200;-200;3523;206;0;
7944;2024.07.23 20:15;4;24.125;-200;-200;3523;206;0;
7945;2024.07.23 20:30;4;23.5625;-200;-200;3523;206;0;
7946;2024.07.23 20:45;4;21.3125;-200;-200;3522;206;0;
7947;2024.07.23 21:00;4;20.375;-200;-200;3522;206;0;
7948;2024.07.23 21:15;4;19.875;-200;-200;3522;206;0;
7949;2024.07.23 21:30;4;23.125;-200;-200;3522;206;0;
7950;2024.07.23 21:45;4;22.75;-200;-200;3522;206;0;
7951;2024.07.23 22:00;4;21.375;-200;-200;3522;206;0;
7952;2024.07.23 22:15;4;20.375;-200;-200;3522;206;0;
7953;2024.07.23 22:30;4;20.75;-200;-200;3522;206;0;
7954;2024.07.23 22:45;4;22.6875;-200;-200;3521;206;0;
7955;2024.07.23 23:00;4;22.125;-200;-200;3521;206;0;
7956;2024.07.23 23:15;4;21.25;-200;-200;3521;206;0;
7957;2024.07.23 23:30;4;20.5625;-200;-200;3521;206;0;
7958;2024.07.23 23:45;4;19.375;-200;-200;3521;206;0;
7959;2024.07.24 00:00;4;19.375;-200;-200;3520;206;0;
7960;2024.07.24 00:15;4;18.875;-200;-200;3520;206;0;
7961;2024.07.24 00:30;4;19;-200;-200;3520;206;0;
7962;2024.07.24 00:45;4;18.625;-200;-200;3520;206;0;
7963;2024.07.24 01:00;4;17.6875;-200;-200;3520;206;0;
7964;2024.07.24 01:15;4;16.75;-200;-200;3520;206;0;
7965;2024.07.24 01:30;4;15.75;-200;-200;3520;206;0;
7966;2024.07.24 01:45;4;15.25;-200;-200;3520;206;0;
7967;2024.07.24 02:00;4;14.75;-200;-200;3520;206;0;
7968;2024.07.24 02:15;4;14.125;-200;-200;3520;206;0;
7969;2024.07.24 02:30;4;13.75;-200;-200;3520;206;0;
7970;2024.07.24 02:45;4;13.5;-200;-200;3520;206;0;
7971;2024.07.24 03:00;4;12.375;-200;-200;3520;206;0;
7972;2024.07.24 03:15;4;12.75;-200;-200;3519;206;0;
7973;2024.07.24 03:30;4;12;-200;-200;3519;206;0;
7974;2024.07.24 03:45;4;12.5;-200;-200;3519;206;0;
7975;2024.07.24 04:00;4;12.875;-200;-200;3519;206;0;
7976;2024.07.24 04:15;4;12;-200;-200;3519;206;0;
7977;2024.07.24 04:30;4;11.25;-200;-200;3519;206;0;
7978;2024.07.24 04:45;4;11.9375;-200;-200;3519;206;0;
7979;2024.07.24 05:00;4;11.625;-200;-200;3519;206;0;
7980;2024.07.24 05:15;4;11.625;-200;-200;3519;206;0;
7981;2024.07.24 05:30;4;11.625;-200;-200;3519;206;0;
7982;2024.07.24 05:45;4;11.4375;-200;-200;3519;206;0;
7983;2024.07.24 06:00;4;11.125;-200;-200;3519;206;0;
7984;2024.07.24 06:15;4;11.0625;-200;-200;3519;206;0;
7985;2024.07.24 06:30;4;11.5;-200;-200;3519;206;0;
7986;2024.07.24 06:45;4;12;-200;-200;3519;206;0;
7987;2024.07.24 07:00;4;11.5;-200;-200;3519;206;0;
7988;2024.07.24 07:15;4;11.9375;-200;-200;3519;206;0;
7989;2024.07.24 07:30;4;11.9375;-200;-200;3519;206;0;
7990;2024.07.24 07:45;4;12.125;-200;-200;3519;206;0;
7991;2024.07.24 08:00;4;12.5625;-200;-200;3519;206;0;
7992;2024.07.24 08:15;4;12.75;-200;-200;3519;206;0;
7993;2024.07.24 08:30;4;12.375;-200;-200;3519;206;0;
7994;2024.07.24 08:45;4;12.625;-200;-200;3519;206;0;
7995;2024.07.24 09:00;4;12.375;-200;-200;3519;206;0;
7996;2024.07.24 09:15;4;12.125;-200;-200;3519;206;0;
7997;2024.07.24 09:30;4;11.875;-200;-200;3519;206;0;
7998;2024.07.24 09:45;4;12.0625;-200;-200;3519;206;0;
7999;2024.07.24 10:00;4;12.375;-200;-200;3519;206;0;
8000;2024.07.24 10:15;4;13.3125;-200;-200;3519;206;0;
8001;2024.07.24 10:30;4;12.875;-200;-200;3519;206;0;
8002;2024.07.24 10:45;4;12.5;-200;-200;3519;206;0;
8003;2024.07.24 11:00;4;12.125;-200;-200;3519;206;0;
8004;2024.07.24 11:15;4;12.0625;-200;-200;3519;206;0;
8005;2024.07.24 11:30;4;11.75;-200;-200;3519;206;0;
8006;2024.07.24 11:45;4;11.5625;-200;-200;3519;206;0;
8007;2024.07.24 12:00;4;11.125;-200;-200;3519;206;0;
8008;2024.07.24 12:15;4;11;-200;-200;3519;206;0;
8009;2024.07.24 12:30;4;10.625;-200;-200;3519;206;0;
8010;2024.07.24 12:45;4;10.875;-200;-200;3519;206;0;
8011;2024.07.24 13:00;4;10.625;-200;-200;3519;206;0;
8012;2024.07.24 13:15;4;11.125;-200;-200;3519;206;0;
8013;2024.07.24 13:30;4;11.4375;-200;-200;3519;206;0;
8014;2024.07.24 13:45;4;12.25;-200;-200;3519;206;0;
8015;2024.07.24 14:00;4;13.25;-200;-200;3519;206;0;
8016;2024.07.24 14:15;4;14.375;-200;-200;3519;206;0;
8017;2024.07.24 14:30;4;15.5;-200;-200;3519;206;0;
8018;2024.07.24 14:45;4;16.25;-200;-200;3519;206;0;
8019;2024.07.24 15:00;4;16.875;-200;-200;3519;206;0;
8020;2024.07.24 15:15;4;17.25;-200;-200;3519;206;0;
8021;2024.07.24 15:30;4;18;-200;-200;3519;206;0;
8022;2024.07.24 15:45;4;18.5;-200;-200;3519;206;0;
8023;2024.07.24 16:00;4;18.75;-200;-200;3519;206;0;
8024;2024.07.24 16:15;4;19.1875;-200;-200;3519;206;0;
8025;2024.07.24 16:30;4;20;-200;-200;3519;206;0;
8026;2024.07.24 16:45;4;20.625;-200;-200;3519;206;0;
8027;2024.07.24 17:00;4;20.5;-200;-200;3519;206;0;
8028;2024.07.24 17:15;4;21.375;-200;-200;3519;206;0;
8029;2024.07.24 17:30;4;22;-200;-200;3519;206;0;
8030;2024.07.24 17:45;4;22.875;-200;-200;3519;206;0;
8031;2024.07.24 18:00;4;23.125;-200;-200;3519;206;0;
8032;2024.07.24 18:15;4;20.75;-200;-200;3518;206;0;
8033;2024.07.24 18:30;4;23.625;-200;-200;3518;206;0;
8034;2024.07.24 18:45;4;25.1875;-200;-200;3518;206;0;
8035;2024.07.24 19:00;4;21.875;-200;-200;3518;206;0;
8036;2024.07.24 19:15;4;22;-200;-200;3518;206;0;
8037;2024.07.24 19:30;4;24;-200;-200;3518;206;0;
8038;2024.07.24 19:45;4;25.375;-200;-200;3518;206;0;
8039;2024.07.24 20:00;4;26.125;-200;-200;3517;206;0;
8040;2024.07.24 20:15;4;26.75;-200;-200;3517;206;0;
8041;2024.07.24 20:30;4;26.625;-200;-200;3517;206;0;
8042;2024.07.24 20:45;4;29.375;-200;-200;3517;206;0;
8043;2024.07.24 21:00;4;29;-200;-200;3517;206;0;
8044;2024.07.24 21:15;4;28;-200;-200;3517;206;0;
8045;2024.07.24 21:30;4;30.1875;-200;-200;3517;206;0;
8046;2024.07.24 21:45;4;30.25;-200;-200;3516;206;0;
8047;2024.07.24 22:00;4;29.375;-200;-200;3516;206;0;
8048;2024.07.24 22:15;4;25.25;-200;-200;3515;206;0;
8049;2024.07.24 22:30;4;23.125;-200;-200;3514;206;0;
8050;2024.07.24 22:45;4;21.4375;-200;-200;3512;206;0;
8051;2024.07.24 23:00;4;19.6875;-200;-200;3511;206;0;
8052;2024.07.24 23:15;4;19.125;-200;-200;3511;206;0;
8053;2024.07.24 23:30;4;19.5;-200;-200;3511;206;0;
8054;2024.07.24 23:45;4;11.375;-200;-200;3493;206;0;
8055;2024.07.25 00:00;4;11.1875;-200;-200;3493;206;0;
8056;2024.07.25 00:15;4;12.375;-200;-200;3493;206;0;
8057;2024.07.25 00:30;4;11;-200;-200;3493;206;0;
8058;2024.07.25 00:45;4;10.875;-200;-200;3493;206;0;
8059;2024.07.25 01:00;4;10.9375;-200;-200;3493;206;0;
8060;2024.07.25 01:15;4;11.125;-200;-200;3493;206;0;
8061;2024.07.25 01:30;4;11;-200;-200;3493;206;0;
8062;2024.07.25 01:45;4;10.75;-200;-200;3493;206;0;
8063;2024.07.25 02:00;4;10.75;-200;-200;3493;206;0;
8064;2024.07.25 02:15;4;10.875;-200;-200;3493;206;0;
8065;2024.07.25 02:30;4;10.875;-200;-200;3493;206;0;
8066;2024.07.25 02:45;4;10.75;-200;-200;3493;206;0;
8067;2024.07.25 03:00;4;10.6875;-200;-200;3493;206;0;
8068;2024.07.25 03:15;4;10.5;-200;-200;3493;206;0;
8069;2024.07.25 03:30;4;10.625;-200;-200;3493;206;0;
8070;2024.07.25 03:45;4;10.875;-200;-200;3493;206;0;
8071;2024.07.25 04:00;4;10.875;-200;-200;3493;206;0;
8072;2024.07.25 04:15;4;11.1875;-200;-200;3494;206;0;
8073;2024.07.25 04:30;4;11.6875;-200;-200;3494;206;0;
8074;2024.07.25 04:45;4;12;-200;-200;3494;206;0;
8075;2024.07.25 05:00;4;12.1875;-200;-200;3494;206;0;
8076;2024.07.25 05:15;4;12.3125;-200;-200;3494;206;0;
8077;2024.07.25 05:30;4;11.6875;-200;-200;3494;206;0;
8078;2024.07.25 05:45;4;11.25;-200;-200;3494;206;0;
8079;2024.07.25 06:00;4;11;-200;-200;3494;206;0;
8080;2024.07.25 06:15;4;11.1875;-200;-200;3495;206;0;
8081;2024.07.25 06:30;4;11.375;-200;-200;3495;206;0;
8082;2024.07.25 06:45;4;11.25;-200;-200;3495;206;0;
8083;2024.07.25 07:00;4;10.4375;-200;-200;3495;206;0;
8084;2024.07.25 07:15;4;10.5;-200;-200;3495;206;0;
8085;2024.07.25 07:30;4;10.25;-200;-200;3495;206;0;
8086;2024.07.25 07:45;4;10.625;-200;-200;3495;206;0;
8087;2024.07.25 08:00;4;10.5;-200;-200;3495;206;0;
8088;2024.07.25 08:15;4;10.0625;-200;-200;3495;206;0;
8089;2024.07.25 08:30;4;9.875;-200;-200;3495;206;0;
8090;2024.07.25 08:45;4;9.75;-200;-200;3495;206;0;
8091;2024.07.25 09:00;4;9.875;-200;-200;3495;206;0;
8092;2024.07.25 09:15;4;9.625;-200;-200;3495;206;0;
8093;2024.07.25 09:30;4;9.375;-200;-200;3495;206;0;
8094;2024.07.25 09:45;4;9.125;-200;-200;3495;206;0;
8095;2024.07.25 10:00;4;10;-200;-200;3495;206;0;
8096;2024.07.25 10:15;4;9.625;-200;-200;3495;206;0;
8097;2024.07.25 10:30;4;9.625;-200;-200;3495;206;0;
8098;2024.07.25 10:45;4;9.25;-200;-200;3495;206;0;
8099;2024.07.25 11:00;4;9;-200;-200;3495;206;0;
8100;2024.07.25 11:15;4;8.875;-200;-200;3495;206;0;
8101;2024.07.25 11:30;4;9.125;-200;-200;3495;206;0;
8102;2024.07.25 11:45;4;9.625;-200;-200;3495;206;0;
8103;2024.07.25 12:00;4;9.5;-200;-200;3496;206;0;
8104;2024.07.25 12:15;4;9;-200;-200;3495;206;0;
8105;2024.07.25 12:30;4;9.1875;-200;-200;3495;206;0;
8106;2024.07.25 12:45;4;9.25;-200;-200;3496;206;0;
8107;2024.07.25 13:00;4;9.4375;-200;-200;3496;206;0;
8108;2024.07.25 13:15;4;9.8125;-200;-200;3496;206;0;
8109;2024.07.25 13:30;4;10.4375;-200;-200;3496;206;0;
8110;2024.07.25 13:45;4;11.5;-200;-200;3496;206;0;
8111;2024.07.25 14:00;4;13;-200;-200;3496;206;0;
8112;2024.07.25 14:15;4;13.5625;-200;-200;3496;206;0;
8113;2024.07.25 14:30;4;14.625;-200;-200;3496;206;0;
8114;2024.07.25 14:45;4;15.75;-200;-200;3497;206;0;
8115;2024.07.25 15:00;4;16.75;-200;-200;3497;206;0;
8116;2024.07.25 15:15;4;17.5;-200;-200;3497;206;0;
8117;2024.07.25 15:30;4;18.0625;-200;-200;3497;206;0;
8118;2024.07.25 15:45;4;18.75;-200;-200;3497;206;0;
8119;2024.07.25 16:00;4;19.375;-200;-200;3497;206;0;
8120;2024.07.25 16:15;4;19.75;-200;-200;3497;206;0;
8121;2024.07.25 16:30;4;20.4375;-200;-200;3497;206;0;
8122;2024.07.25 16:45;4;20.5;-200;-200;3498;206;0;
8123;2024.07.25 17:00;4;21.125;-200;-200;3498;206;0;
8124;2024.07.25 17:15;4;21.5;-200;-200;3498;206;0;
8125;2024.07.25 17:30;4;22.0625;-200;-200;3498;206;0;
8126;2024.07.25 17:45;4;21.5;-200;-200;3498;206;0;
8127;2024.07.25 18:00;4;22.875;-200;-200;3499;206;0;
8128;2024.07.25 18:15;4;24.75;-200;-200;3498;206;0;
8129;2024.07.25 18:30;4;23.375;-200;-200;3498;206;0;
8130;2024.07.25 18:45;4;24.3125;-200;-200;3498;206;0;
8131;2024.07.25 19:00;4;25.125;-200;-200;3498;206;0;
8132;2024.07.25 19:15;4;22.5;-200;-200;3498;206;0;
8133;2024.07.25 19:30;4;22.75;-200;-200;3498;206;0;
8134;2024.07.25 19:45;4;25.1875;-200;-200;3498;206;0;
8135;2024.07.25 20:00;4;28.125;-200;-200;3497;206;0;
8136;2024.07.25 20:15;4;28.875;-200;-200;3498;206;0;
8137;2024.07.25 20:30;4;29.8125;-200;-200;3498;206;0;
8138;2024.07.25 20:45;4;29;-200;-200;3498;206;0;
8139;2024.07.25 21:00;4;31;-200;-200;3498;206;0;
8140;2024.07.25 21:15;4;29.625;-200;-200;3498;206;0;
8141;2024.07.25 21:30;4;30.5;-200;-200;3498;206;0;
8142;2024.07.25 21:45;4;26;-200;-200;3497;206;0;
8143;2024.07.25 22:00;4;23.875;-200;-200;3496;206;0;
8144;2024.07.25 22:15;4;25.125;-200;-200;3495;206;0;
8145;2024.07.25 22:30;4;24.5625;-200;-200;3495;206;0;
8146;2024.07.25 22:45;4;22.375;-200;-200;3495;206;0;
8147;2024.07.25 23:00;4;20.6875;-200;-200;3494;206;0;
8148;2024.07.25 23:15;4;17.875;-200;-200;3494;206;0;
8149;2024.07.25 23:30;4;18.125;-200;-200;3494;206;0;
8150;2024.07.25 23:45;4;18.0625;-200;-200;3494;206;0;
8151;2024.07.26 00:00;4;18;-200;-200;3494;206;0;
8152;2024.07.26 00:15;4;17.8125;-200;-200;3494;206;0;
8153;2024.07.26 00:30;4;18.3125;-200;-200;3493;206;0;
8154;2024.07.26 00:45;4;17.75;-200;-200;3493;206;0;
8155;2024.07.26 01:00;4;17.625;-200;-200;3493;206;0;
8156;2024.07.26 01:15;4;17.1875;-200;-200;3493;206;0;
8157;2024.07.26 01:30;4;16.75;-200;-200;3493;206;0;
8158;2024.07.26 01:45;4;16.25;-200;-200;3493;206;0;
8159;2024.07.26 02:00;4;15.875;-200;-200;3493;206;0;
8160;2024.07.26 02:15;4;15.125;-200;-200;3493;206;0;
8161;2024.07.26 02:30;4;14.5;-200;-200;3493;206;0;
8162;2024.07.26 02:45;4;14.125;-200;-200;3493;206;0;
8163;2024.07.26 03:00;4;14.25;-200;-200;3493;206;0;
8164;2024.07.26 03:15;4;14.25;-200;-200;3493;206;0;
8165;2024.07.26 03:30;4;13.75;-200;-200;3493;206;0;
8166;2024.07.26 03:45;4;14.75;-200;-200;3493;206;0;
8167;2024.07.26 04:00;4;13.75;-200;-200;3493;206;0;
8168;2024.07.26 04:15;4;13.375;-200;-200;3493;206;0;
8169;2024.07.26 04:30;4;13.125;-200;-200;3493;206;0;
8170;2024.07.26 04:45;4;13;-200;-200;3493;206;0;
8171;2024.07.26 05:00;4;12.75;-200;-200;3493;206;0;
8172;2024.07.26 05:15;4;12.3125;-200;-200;3493;206;0;
8173;2024.07.26 05:30;4;12.25;-200;-200;3493;206;0;
8174;2024.07.26 05:45;4;12.375;-200;-200;3493;206;0;
8175;2024.07.26 06:00;4;12.875;-200;-200;3493;206;0;
8176;2024.07.26 06:15;4;12.8125;-200;-200;3493;206;0;
8177;2024.07.26 06:30;4;12.75;-200;-200;3493;206;0;
8178;2024.07.26 06:45;4;12.625;-200;-200;3493;206;0;
8179;2024.07.26 07:00;4;12.5;-200;-200;3493;206;0;
8180;2024.07.26 07:15;4;12.1875;-200;-200;3493;206;0;
8181;2024.07.26 07:30;4;12.0625;-200;-200;3493;206;0;
8182;2024.07.26 07:45;4;12.25;-200;-200;3493;206;0;
8183;2024.07.26 08:00;4;12.5;-200;-200;3493;206;0;
8184;2024.07.26 08:15;4;12.625;-200;-200;3493;206;0;
8185;2024.07.26 08:30;4;12.8125;-200;-200;3493;206;0;
8186;2024.07.26 08:45;4;12.875;-200;-200;3493;206;0;
8187;2024.07.26 09:00;4;12.8125;-200;-200;3493;206;0;
8188;2024.07.26 09:15;4;12.875;-200;-200;3493;206;0;
8189;2024.07.26 09:30;4;13;-200;-200;3493;206;0;
8190;2024.07.26 09:45;4;13.375;-200;-200;3493;206;0;
8191;2024.07.26 10:00;4;13.3125;-200;-200;3493;206;0;
8192;2024.07.26 10:15;4;13.25;-200;-200;3493;206;0;
8193;2024.07.26 10:30;4;13.125;-200;-200;3493;206;0;
8194;2024.07.26 10:45;4;12.6875;-200;-200;3493;206;0;
8195;2024.07.26 11:00;4;12.5;-200;-200;3493;206;0;
8196;2024.07.26 11:15;4;12.375;-200;-200;3493;206;0;
8197;2024.07.26 11:30;4;12.1875;-200;-200;3493;206;0;
8198;2024.07.26 11:45;4;11.75;-200;-200;3493;206;0;
8199;2024.07.26 12:00;4;11.0625;-200;-200;3493;206;0;
8200;2024.07.26 12:15;4;11.125;-200;-200;3493;206;0;
8201;2024.07.26 12:30;4;11.0625;-200;-200;3493;206;0;
8202;2024.07.26 12:45;4;11.125;-200;-200;3493;206;0;
8203;2024.07.26 13:00;4;11.75;-200;-200;3493;206;0;
8204;2024.07.26 13:15;4;12.125;-200;-200;3493;206;0;
8205;2024.07.26 13:30;4;12.625;-200;-200;3493;206;0;
8206;2024.07.26 13:45;4;13.3125;-200;-200;3493;206;0;
8207;2024.07.26 14:00;4;14.0625;-200;-200;3493;206;0;
8208;2024.07.26 14:15;4;15.0625;-200;-200;3493;206;0;
8209;2024.07.26 14:30;4;16.25;-200;-200;3493;206;0;
8210;2024.07.26 14:45;4;17.375;-200;-200;3493;206;0;
8211;2024.07.26 15:00;4;18.375;-200;-200;3493;206;0;
8212;2024.07.26 15:15;4;18.875;-200;-200;3493;206;0;
8213;2024.07.26 15:30;4;19.4375;-200;-200;3493;206;0;
8214;2024.07.26 15:45;4;20;-200;-200;3492;206;0;
8215;2024.07.26 16:00;4;20.5;-200;-200;3492;206;0;
8216;2024.07.26 16:15;4;19.375;-200;-200;3493;206;0;
8217;2024.07.26 16:30;4;20.75;-200;-200;3493;206;0;
8218;2024.07.26 16:45;4;20.625;-200;-200;3492;206;0;
8219;2024.07.26 17:00;4;21.25;-200;-200;3493;206;0;
8220;2024.07.26 17:15;4;21.625;-200;-200;3492;206;0;
8221;2024.07.26 17:30;4;21.25;-200;-200;3492;206;0;
8222;2024.07.26 17:45;4;21.5625;-200;-200;3492;206;0;
8223;2024.07.26 18:00;4;21.875;-200;-200;3492;206;0;
8224;2024.07.26 18:15;4;20.875;-200;-200;3492;206;0;
8225;2024.07.26 18:30;4;21.125;-200;-200;3492;206;0;
8226;2024.07.26 18:45;4;22.5;-200;-200;3492;206;0;
8227;2024.07.26 19:00;4;21.875;-200;-200;3492;206;0;
8228;2024.07.26 19:15;4;24;-200;-200;3492;206;0;
8229;2024.07.26 19:30;4;26.375;-200;-200;3491;206;0;
8230;2024.07.26 19:45;4;23.125;-200;-200;3491;206;0;
8231;2024.07.26 20:00;4;22.875;-200;-200;3491;206;0;
8232;2024.07.26 20:15;4;25.5;-200;-200;3490;206;0;
8233;2024.07.26 20:30;4;25;-200;-200;3490;206;0;
8234;2024.07.26 20:45;4;22.875;-200;-200;3490;206;0;
8235;2024.07.26 21:00;4;22;-200;-200;3490;206;0;
8236;2024.07.26 21:15;4;22.125;-200;-200;3490;206;0;
8237;2024.07.26 21:30;4;22.5;-200;-200;3490;206;0;
8238;2024.07.26 21:45;4;23.5;-200;-200;3490;206;0;
8239;2024.07.26 22:00;4;24.5625;-200;-200;3490;206;0;
8240;2024.07.26 22:15;4;23.875;-200;-200;3490;206;0;
8241;2024.07.26 22:30;4;24.4375;-200;-200;3490;206;0;
8242;2024.07.26 22:45;4;25.3125;-200;-200;3490;206;0;
8243;2024.07.26 23:00;4;25.1875;-200;-200;3489;206;0;
8244;2024.07.26 23:15;4;25.125;-200;-200;3489;206;0;
8245;2024.07.26 23:30;4;26.25;-200;-200;3490;206;0;
8246;2024.07.26 23:45;4;25.8125;-200;-200;3490;206;0;
8247;2024.07.27 00:00;4;24.375;-200;-200;3490;206;0;
8248;2024.07.27 00:15;4;21.75;-200;-200;3489;206;0;
8249;2024.07.27 00:30;4;21.8125;-200;-200;3489;206;0;
8250;2024.07.27 00:45;4;18.9375;-200;-200;3489;206;0;
8251;2024.07.27 01:00;4;18.8125;-200;-200;3489;206;0;
8252;2024.07.27 01:15;4;18.4375;-200;-200;3488;206;0;
8253;2024.07.27 01:30;4;17.8125;-200;-200;3488;206;0;
8254;2024.07.27 01:45;4;17.1875;-200;-200;3488;206;0;
8255;2024.07.27 02:00;4;16.375;-200;-200;3488;206;0;
8256;2024.07.27 02:15;4;16;-200;-200;3488;206;0;
8257;2024.07.27 02:30;4;15.6875;-200;-200;3488;206;0;
8258;2024.07.27 02:45;4;15.6875;-200;-200;3487;206;0;
8259;2024.07.27 03:00;4;15.5;-200;-200;3488;206;0;
8260;2024.07.27 03:15;4;15.125;-200;-200;3488;206;0;
8261;2024.07.27 03:30;4;14.75;-200;-200;3488;206;0;
8262;2024.07.27 03:45;4;14.75;-200;-200;3488;206;0;
8263;2024.07.27 04:00;4;15.125;-200;-200;3488;206;0;
8264;2024.07.27 04:15;4;14.625;-200;-200;3488;206;0;
8265;2024.07.27 04:30;4;13.75;-200;-200;3487;206;0;
8266;2024.07.27 04:45;4;13.125;-200;-200;3487;206;0;
8267;2024.07.27 05:00;4;12.875;-200;-200;3487;206;0;
8268;2024.07.27 05:15;4;12.75;-200;-200;3487;206;0;
8269;2024.07.27 05:30;4;12.5;-200;-200;3487;206;0;
8270;2024.07.27 05:45;4;12.125;-200;-200;3487;206;0;
8271;2024.07.27 06:00;4;11.875;-200;-200;3487;206;0;
8272;2024.07.27 06:15;4;11.5;-200;-200;3487;206;0;
8273;2024.07.27 06:30;4;11.3125;-200;-200;3486;206;0;
8274;2024.07.27 06:45;4;11.125;-200;-200;3487;206;0;
8275;2024.07.27 07:00;4;11;-200;-200;3487;206;0;
8276;2024.07.27 07:15;4;11.0625;-200;-200;3486;206;0;
8277;2024.07.27 07:30;4;11.1875;-200;-200;3486;206;0;
8278;2024.07.27 07:45;4;11;-200;-200;3486;206;0;
8279;2024.07.27 08:00;4;10.75;-200;-200;3486;206;0;
8280;2024.07.27 08:15;4;10.4375;-200;-200;3486;206;0;
8281;2024.07.27 08:30;4;10.1875;-200;-200;3486;206;0;
8282;2024.07.27 08:45;4;9.9375;-200;-200;3486;206;0;
8283;2024.07.27 09:00;4;10;-200;-200;3486;206;0;
8284;2024.07.27 09:15;4;9.9375;-200;-200;3486;206;0;
8285;2024.07.27 09:30;4;9.875;-200;-200;3486;206;0;
8286;2024.07.27 09:45;4;9.75;-200;-200;3486;206;0;
8287;2024.07.27 10:00;4;9.375;-200;-200;3486;206;0;
8288;2024.07.27 10:15;4;9.375;-200;-200;3486;206;0;
8289;2024.07.27 10:30;4;9.625;-200;-200;3486;206;0;
8290;2024.07.27 10:45;4;9.625;-200;-200;3486;206;0;
8291;2024.07.27 11:00;4;10.25;-200;-200;3487;206;0;
8292;2024.07.27 11:15;4;10.125;-200;-200;3486;206;0;
8293;2024.07.27 11:30;4;10.625;-200;-200;3487;206;0;
8294;2024.07.27 11:45;4;10.625;-200;-200;3487;206;0;
8295;2024.07.27 12:00;4;10.625;-200;-200;3487;206;0;
8296;2024.07.27 12:15;4;10.1875;-200;-200;3487;206;0;
8297;2024.07.27 12:30;4;10.125;-200;-200;3487;206;0;
8298;2024.07.27 12:45;4;10.5625;-200;-200;3487;206;0;
8299;2024.07.27 13:00;4;11.5;-200;-200;3487;206;0;
8300;2024.07.27 13:15;4;12.1875;-200;-200;3487;206;0;
8301;2024.07.27 13:30;4;12.4375;-200;-200;3487;206;0;
8302;2024.07.27 13:45;4;12.5625;-200;-200;3487;206;0;
8303;2024.07.27 14:00;4;13;-200;-200;3487;206;0;
8304;2024.07.27 14:15;4;14;-200;-200;3487;206;0;
8305;2024.07.27 14:30;4;16;-200;-200;3487;206;0;
8306;2024.07.27 14:45;4;16.875;-200;-200;3487;206;0;
8307;2024.07.27 15:00;4;17.8125;-200;-200;3487;206;0;
8308;2024.07.27 15:15;4;18.75;-200;-200;3487;206;0;
8309;2024.07.27 15:30;4;19;-200;-200;3488;206;0;
8310;2024.07.27 15:45;4;19.25;-200;-200;3488;206;0;
8311;2024.07.27 16:00;4;19.625;-200;-200;3488;206;0;
8312;2024.07.27 16:15;4;19.8125;-200;-200;3488;206;0;
8313;2024.07.27 16:30;4;20.5;-200;-200;3488;206;0;
8314;2024.07.27 16:45;4;20.875;-200;-200;3488;206;0;
8315;2024.07.27 17:00;4;21.4375;-200;-200;3488;206;0;
8316;2024.07.27 17:15;4;22.125;-200;-200;3488;206;0;
8317;2024.07.27 17:30;4;21.875;-200;-200;3489;206;0;
8318;2024.07.27 17:45;4;23.125;-200;-200;3488;206;0;
8319;2024.07.27 18:00;4;21;-200;-200;3488;206;0;
8320;2024.07.27 18:15;4;18.125;-200;-200;3488;206;0;
8321;2024.07.27 18:30;4;14.125;-200;-200;3487;206;0;
8322;2024.07.27 18:45;4;14.5;-200;-200;3487;206;0;
8323;2024.07.27 19:00;4;17.5;-200;-200;3487;206;0;
8324;2024.07.27 19:15;4;22.3125;-200;-200;3487;206;0;
8325;2024.07.27 19:30;4;22.5;-200;-200;3488;206;0;
8326;2024.07.27 19:45;4;22.125;-200;-200;3488;206;0;
8327;2024.07.27 20:00;4;19.75;-200;-200;3488;206;0;
8328;2024.07.27 20:15;4;20.75;-200;-200;3488;206;0;
8329;2024.07.27 20:30;4;21.25;-200;-200;3488;206;0;
8330;2024.07.27 20:45;4;24.9375;-200;-200;3489;206;0;
8331;2024.07.27 21:00;4;29.125;-200;-200;3490;206;0;
8332;2024.07.27 21:15;4;29.6875;-200;-200;3490;206;0;
8333;2024.07.27 21:30;4;27.25;-200;-200;3489;206;0;
8334;2024.07.27 21:45;4;28.625;-200;-200;3489;206;0;
8335;2024.07.27 22:00;4;24.4375;-200;-200;3489;206;0;
8336;2024.07.27 22:15;4;25.9375;-200;-200;3489;206;0;
8337;2024.07.27 22:30;4;26.3125;-200;-200;3489;206;0;
8338;2024.07.27 22:45;4;25.75;-200;-200;3489;206;0;
8339;2024.07.27 23:00;4;23.6875;-200;-200;3488;206;0;
8340;2024.07.27 23:15;4;23.375;-200;-200;3488;206;0;
8341;2024.07.27 23:30;4;22.6875;-200;-200;3488;206;0;
8342;2024.07.27 23:45;4;23.5625;-200;-200;3488;206;0;
8343;2024.07.28 00:00;4;23.875;-200;-200;3488;206;0;
8344;2024.07.28 00:15;4;24.3125;-200;-200;3488;206;0;
8345;2024.07.28 00:30;4;24.25;-200;-200;3487;206;0;
8346;2024.07.28 00:45;4;22.75;-200;-200;3487;206;0;
8347;2024.07.28 01:00;4;21.375;-200;-200;3487;206;0;
8348;2024.07.28 01:15;4;20.625;-200;-200;3487;206;0;
8349;2024.07.28 01:30;4;20.5;-200;-200;3487;206;0;
8350;2024.07.28 01:45;4;19.375;-200;-200;3487;206;0;
8351;2024.07.28 02:00;4;18.375;-200;-200;3486;206;0;
8352;2024.07.28 02:15;4;17.375;-200;-200;3486;206;0;
8353;2024.07.28 02:30;4;16.5;-200;-200;3486;206;0;
8354;2024.07.28 02:45;4;15.75;-200;-200;3486;206;0;
8355;2024.07.28 03:00;4;15.125;-200;-200;3486;206;0;
8356;2024.07.28 03:15;4;14.5625;-200;-200;3486;206;0;
8357;2024.07.28 03:30;4;14.25;-200;-200;3486;206;0;
8358;2024.07.28 03:45;4;13.875;-200;-200;3486;206;0;
8359;2024.07.28 04:00;4;13.5625;-200;-200;3486;206;0;
8360;2024.07.28 04:15;4;13.375;-200;-200;3486;206;0;
8361;2024.07.28 04:30;4;13.375;-200;-200;3486;206;0;
8362;2024.07.28 04:45;4;13.875;-200;-200;3486;206;0;
8363;2024.07.28 05:00;4;14;-200;-200;3486;206;0;
8364;2024.07.28 05:15;4;14.875;-200;-200;3486;206;0;
8365;2024.07.28 05:30;4;15.25;-200;-200;3486;206;0;
8366;2024.07.28 05:45;4;15.25;-200;-200;3486;206;0;
8367;2024.07.28 06:00;4;15.5;-200;-200;3486;206;0;
8368;2024.07.28 06:15;4;13.6875;-200;-200;3486;206;0;
8369;2024.07.28 06:30;4;13.625;-200;-200;3486;206;0;
8370;2024.07.28 06:45;4;13.3125;-200;-200;3485;206;0;
8371;2024.07.28 07:00;4;12.6875;-200;-200;3485;206;0;
8372;2024.07.28 07:15;4;12.5625;-200;-200;3485;206;0;
8373;2024.07.28 07:30;4;12.3125;-200;-200;3485;206;0;
8374;2024.07.28 07:45;4;12;-200;-200;3485;206;0;
8375;2024.07.28 08:00;4;11.875;-200;-200;3485;206;0;
8376;2024.07.28 08:15;4;11.875;-200;-200;3485;206;0;
8377;2024.07.28 08:30;4;11.9375;-200;-200;3485;206;0;
8378;2024.07.28 08:45;4;12.125;-200;-200;3484;206;0;
8379;2024.07.28 09:00;4;12;-200;-200;3485;206;0;
8380;2024.07.28 09:15;4;12.125;-200;-200;3485;206;0;
8381;2024.07.28 09:30;4;11.8125;-200;-200;3484;206;0;
8382;2024.07.28 09:45;4;11.6875;-200;-200;3484;206;0;
8383;2024.07.28 10:00;4;11.5;-200;-200;3484;206;0;
8384;2024.07.28 10:15;4;11.125;-200;-200;3484;206;0;
8385;2024.07.28 10:30;4;11.125;-200;-200;3484;206;0;
8386;2024.07.28 10:45;4;11.0625;-200;-200;3484;206;0;
8387;2024.07.28 11:00;4;11;-200;-200;3484;206;0;
8388;2024.07.28 11:15;4;10.75;-200;-200;3484;206;0;
8389;2024.07.28 11:30;4;10.875;-200;-200;3484;206;0;
8390;2024.07.28 11:45;4;10.75;-200;-200;3484;206;0;
8391;2024.07.28 12:00;4;10.625;-200;-200;3484;206;0;
8392;2024.07.28 12:15;4;10.75;-200;-200;3484;206;0;
8393;2024.07.28 12:30;4;10.4375;-200;-200;3484;206;0;
8394;2024.07.28 12:45;4;10.5;-200;-200;3484;206;0;
8395;2024.07.28 13:00;4;10.75;-200;-200;3484;206;0;
8396;2024.07.28 13:15;4;11.8125;-200;-200;3484;206;0;
8397;2024.07.28 13:30;4;13.125;-200;-200;3484;206;0;
8398;2024.07.28 13:45;4;13.5;-200;-200;3484;206;0;
8399;2024.07.28 14:00;4;14.25;-200;-200;3484;206;0;
8400;2024.07.28 14:15;4;14.875;-200;-200;3484;206;0;
8401;2024.07.28 14:30;4;16;-200;-200;3484;206;0;
8402;2024.07.28 14:45;4;16.5625;-200;-200;3484;206;0;
8403;2024.07.28 15:00;4;17.25;-200;-200;3484;206;0;
8404;2024.07.28 15:15;4;17.75;-200;-200;3485;206;0;
8405;2024.07.28 15:30;4;18.4375;-200;-200;3485;206;0;
8406;2024.07.28 15:45;4;19.375;-200;-200;3485;206;0;
8407;2024.07.28 16:00;4;19.5;-200;-200;3485;206;0;
8408;2024.07.28 16:15;4;19.75;-200;-200;3485;206;0;
8409;2024.07.28 16:30;4;20.375;-200;-200;3486;206;0;
8410;2024.07.28 16:45;4;20.75;-200;-200;3486;206;0;
8411;2024.07.28 17:00;4;21.4375;-200;-200;3486;206;0;
8412;2024.07.28 17:15;4;21.625;-200;-200;3486;206;0;
8413;2024.07.28 17:30;4;22.375;-200;-200;3486;206;0;
8414;2024.07.28 17:45;4;23;-200;-200;3486;206;0;
8415;2024.07.28 18:00;4;23.3125;-200;-200;3486;206;0;
8416;2024.07.28 18:15;4;24;-200;-200;3486;206;0;
8417;2024.07.28 18:30;4;23.5;-200;-200;3486;206;0;
8418;2024.07.28 18:45;4;23.9375;-200;-200;3486;206;0;
8419;2024.07.28 19:00;4;24.0625;-200;-200;3486;206;0;
8420;2024.07.28 19:15;4;24.6875;-200;-200;3486;206;0;
8421;2024.07.28 19:30;4;25.625;-200;-200;3487;206;0;
8422;2024.07.28 19:45;4;27.25;-200;-200;3487;206;0;
8423;2024.07.28 20:00;4;27;-200;-200;3487;206;0;
8424;2024.07.28 20:15;4;28.5;-200;-200;3487;206;0;
8425;2024.07.28 20:30;4;29.4375;-200;-200;3488;206;0;
8426;2024.07.28 20:45;4;28.25;-200;-200;3487;206;0;
8427;2024.07.28 21:00;4;29.875;-200;-200;3488;206;0;
8428;2024.07.28 21:15;4;27.4375;-200;-200;3487;206;0;
8429;2024.07.28 21:30;4;29.6875;-200;-200;3488;206;0;
8430;2024.07.28 21:45;4;29.75;-200;-200;3488;206;0;
8431;2024.07.28 22:00;4;29.875;-200;-200;3488;206;0;
8432;2024.07.28 22:15;4;26.25;-200;-200;3487;206;0;
8433;2024.07.28 22:30;4;25.875;-200;-200;3487;206;0;
8434;2024.07.28 22:45;4;26.0625;-200;-200;3487;206;0;
8435;2024.07.28 23:00;4;25.875;-200;-200;3486;206;0;
8436;2024.07.28 23:15;4;25.125;-200;-200;3486;206;0;
8437;2024.07.28 23:30;4;27.25;-200;-200;3486;206;0;
8438;2024.07.28 23:45;4;26.375;-200;-200;3486;206;0;
8439;2024.07.29 00:00;4;25.25;-200;-200;3485;206;0;
8440;2024.07.29 00:15;4;24.875;-200;-200;3485;206;0;
8441;2024.07.29 00:30;4;25.1875;-200;-200;3485;206;0;
8442;2024.07.29 00:45;4;23.625;-200;-200;3485;206;0;
8443;2024.07.29 01:00;4;22.75;-200;-200;3484;206;0;
8444;2024.07.29 01:15;4;22.9375;-200;-200;3484;206;0;
8445;2024.07.29 01:30;4;21.75;-200;-200;3484;206;0;
8446;2024.07.29 01:45;4;20.25;-200;-200;3484;206;0;
8447;2024.07.29 02:00;4;18.9375;-200;-200;3484;206;0;
8448;2024.07.29 02:15;4;17.75;-200;-200;3484;206;0;
8449;2024.07.29 02:30;4;16.75;-200;-200;3483;206;0;
8450;2024.07.29 02:45;4;15.875;-200;-200;3483;206;0;
8451;2024.07.29 03:00;4;15.375;-200;-200;3483;206;0;
8452;2024.07.29 03:15;4;14.9375;-200;-200;3483;206;0;
8453;2024.07.29 03:30;4;14.625;-200;-200;3483;206;0;
8454;2024.07.29 03:45;4;14.3125;-200;-200;3483;206;0;
8455;2024.07.29 04:00;4;14.125;-200;-200;3483;206;0;
8456;2024.07.29 04:15;4;14.125;-200;-200;3483;206;0;
8457;2024.07.29 04:30;4;14.8125;-200;-200;3483;206;0;
8458;2024.07.29 04:45;4;14.5;-200;-200;3483;206;0;
8459;2024.07.29 05:00;4;14.5;-200;-200;3483;206;0;
8460;2024.07.29 05:15;4;14.6875;-200;-200;3483;206;0;
8461;2024.07.29 05:30;4;15.0625;-200;-200;3483;206;0;
8462;2024.07.29 05:45;4;15.375;-200;-200;3483;206;0;
8463;2024.07.29 06:00;4;15.1875;-200;-200;3483;206;0;
8464;2024.07.29 06:15;4;15.25;-200;-200;3483;206;0;
8465;2024.07.29 06:30;4;15.625;-200;-200;3483;206;0;
8466;2024.07.29 06:45;4;15.625;-200;-200;3483;206;0;
8467;2024.07.29 07:00;4;15.75;-200;-200;3483;206;0;
8468;2024.07.29 07:15;4;15.75;-200;-200;3482;206;0;
8469;2024.07.29 07:30;4;15.25;-200;-200;3483;206;0;
8470;2024.07.29 07:45;4;14.8125;-200;-200;3483;206;0;
8471;2024.07.29 08:00;4;14.875;-200;-200;3483;206;0;
8472;2024.07.29 08:15;4;14.625;-200;-200;3483;206;0;
8473;2024.07.29 08:30;4;14.8125;-200;-200;3483;206;0;
8474;2024.07.29 08:45;4;14.875;-200;-200;3483;206;0;
8475;2024.07.29 09:00;4;14.375;-200;-200;3483;206;0;
8476;2024.07.29 09:15;4;14.125;-200;-200;3482;206;0;
8477;2024.07.29 09:30;4;13.875;-200;-200;3483;206;0;
8478;2024.07.29 09:45;4;13.6875;-200;-200;3482;206;0;
8479;2024.07.29 10:00;4;13.75;-200;-200;3482;206;0;
8480;2024.07.29 10:15;4;14;-200;-200;3482;206;0;
8481;2024.07.29 10:30;4;14.25;-200;-200;3482;206;0;
8482;2024.07.29 10:45;4;14.125;-200;-200;3482;206;0;
8483;2024.07.29 11:00;4;14;-200;-200;3482;206;0;
8484;2024.07.29 11:15;4;14;-200;-200;3482;206;0;
8485;2024.07.29 11:30;4;13.8125;-200;-200;3482;206;0;
8486;2024.07.29 11:45;4;13.875;-200;-200;3482;206;0;
8487;2024.07.29 12:00;4;14.375;-200;-200;3482;206;0;
8488;2024.07.29 12:15;4;14.1875;-200;-200;3482;206;0;
8489;2024.07.29 12:30;4;14.125;-200;-200;3482;206;0;
8490;2024.07.29 12:45;4;14;-200;-200;3482;206;0;
8491;2024.07.29 13:00;4;13.6875;-200;-200;3482;206;0;
8492;2024.07.29 13:15;4;14.125;-200;-200;3482;206;0;
8493;2024.07.29 13:30;4;14.9375;-200;-200;3482;206;0;
8494;2024.07.29 13:45;4;15.1875;-200;-200;3482;206;0;
8495;2024.07.29 14:00;4;15.75;-200;-200;3482;206;0;
8496;2024.07.29 14:15;4;15.75;-200;-200;3482;206;0;
8497;2024.07.29 14:30;4;17.5;-200;-200;3482;206;0;
8498;2024.07.29 14:45;4;18.25;-200;-200;3482;206;0;
8499;2024.07.29 15:00;4;19.375;-200;-200;3482;206;0;
8500;2024.07.29 15:15;4;19.125;-200;-200;3482;206;0;
8501;2024.07.29 15:30;4;19.6875;-200;-200;3482;206;0;
8502;2024.07.29 15:45;4;19.375;-200;-200;3482;206;0;
8503;2024.07.29 16:00;4;20.375;-200;-200;3482;206;0;
8504;2024.07.29 16:15;4;20.75;-200;-200;3481;206;0;
8505;2024.07.29 16:30;4;20.625;-200;-200;3481;206;0;
8506;2024.07.29 16:45;4;21.0625;-200;-200;3481;206;0;
8507;2024.07.29 17:00;4;21.625;-200;-200;3481;206;0;
8508;2024.07.29 17:15;4;21.75;-200;-200;3481;206;0;
8509;2024.07.29 17:30;4;22.375;-200;-200;3481;206;0;
8510;2024.07.29 17:45;4;22.125;-200;-200;3481;206;0;
8511;2024.07.29 18:00;4;22.625;-200;-200;3481;206;0;
8512;2024.07.29 18:15;4;23.3125;-200;-200;3481;206;0;
8513;2024.07.29 18:30;4;24;-200;-200;3480;206;0;
8514;2024.07.29 18:45;4;24.75;-200;-200;3480;206;0;
8515;2024.07.29 19:00;4;24.125;-200;-200;3480;206;0;
8516;2024.07.29 19:15;4;23.25;-200;-200;3480;206;0;
8517;2024.07.29 19:30;4;23.125;-200;-200;3480;206;0;
8518;2024.07.29 19:45;4;25;-200;-200;3479;206;0;
8519;2024.07.29 20:00;4;26.5;-200;-200;3478;206;0;
8520;2024.07.29 20:15;4;27.25;-200;-200;3478;206;0;
8521;2024.07.29 20:30;4;26.4375;-200;-200;3477;206;0;
8522;2024.07.29 20:45;4;27;-200;-200;3478;206;0;
8523;2024.07.29 21:00;4;24.4375;-200;-200;3477;206;0;
8524;2024.07.29 21:15;4;25.125;-200;-200;3476;206;0;
8525;2024.07.29 21:30;4;23.625;-200;-200;3475;206;0;
8526;2024.07.29 21:45;4;24;-200;-200;3475;206;0;
8527;2024.07.29 22:00;4;23.625;-200;-200;3475;206;0;
8528;2024.07.29 22:15;4;22.375;-200;-200;3475;206;0;
8529;2024.07.29 22:30;4;21.75;-200;-200;3474;206;0;
8530;2024.07.29 22:45;4;20.375;-200;-200;3474;206;0;
8531;2024.07.29 23:00;4;20.0625;-200;-200;3474;206;0;
8532;2024.07.29 23:15;4;20.6875;-200;-200;3473;206;0;
8533;2024.07.29 23:30;4;20.5;-200;-200;3473;206;0;
8534;2024.07.29 23:45;4;21.4375;-200;-200;3473;206;0;
8535;2024.07.30 00:00;4;21.5;-200;-200;3473;206;0;
8536;2024.07.30 00:15;4;21.1875;-200;-200;3473;206;0;
8537;2024.07.30 00:30;4;21.375;-200;-200;3473;206;0;
8538;2024.07.30 00:45;4;21;-200;-200;3473;206;0;
8539;2024.07.30 01:00;4;20.9375;-200;-200;3473;206;0;
8540;2024.07.30 01:15;4;21;-200;-200;3473;206;0;
8541;2024.07.30 01:30;4;20.3125;-200;-200;3472;206;0;
8542;2024.07.30 01:45;4;19.5;-200;-200;3472;206;0;
8543;2024.07.30 02:00;4;18.625;-200;-200;3472;206;0;
8544;2024.07.30 02:15;4;17.875;-200;-200;3472;206;0;
8545;2024.07.30 02:30;4;17.4375;-200;-200;3472;206;0;
8546;2024.07.30 02:45;4;17.125;-200;-200;3472;206;0;
8547;2024.07.30 03:00;4;17.25;-200;-200;3472;206;0;
8548;2024.07.30 03:15;4;17.625;-200;-200;3472;206;0;
8549;2024.07.30 03:30;4;17.5;-200;-200;3472;206;0;
8550;2024.07.30 03:45;4;17.375;-200;-200;3472;206;0;
8551;2024.07.30 04:00;4;17.25;-200;-200;3472;206;0;
8552;2024.07.30 04:15;4;16.75;-200;-200;3472;206;0;
8553;2024.07.30 04:30;4;16.125;-200;-200;3472;206;0;
8554;2024.07.30 04:45;4;16;-200;-200;3472;206;0;
8555;2024.07.30 05:00;4;15.8125;-200;-200;3472;206;0;
8556;2024.07.30 05:15;4;15.5;-200;-200;3472;206;0;
8557;2024.07.30 05:30;4;15.125;-200;-200;3471;206;0;
8558;2024.07.30 05:45;4;14.8125;-200;-200;3471;206;0;
8559;2024.07.30 06:00;4;14.5;-200;-200;3471;206;0;
8560;2024.07.30 06:15;4;14.375;-200;-200;3471;206;0;
8561;2024.07.30 06:30;4;14.25;-200;-200;3471;206;0;
8562;2024.07.30 06:45;4;14.125;-200;-200;3471;206;0;
8563;2024.07.30 07:00;4;13.6875;-200;-200;3471;206;0;
8564;2024.07.30 07:15;4;14.125;-200;-200;3471;206;0;
8565;2024.07.30 07:30;4;14.4375;-200;-200;3471;206;0;
8566;2024.07.30 07:45;4;14.125;-200;-200;3471;206;0;
8567;2024.07.30 08:00;4;14;-200;-200;3471;206;0;
8568;2024.07.30 08:15;4;14.5;-200;-200;3471;206;0;
8569;2024.07.30 08:30;4;14.0625;-200;-200;3471;206;0;
8570;2024.07.30 08:45;4;13.875;-200;-200;3471;206;0;
8571;2024.07.30 09:00;4;13.875;-200;-200;3471;206;0;
8572;2024.07.30 09:15;4;14.375;-200;-200;3471;206;0;
8573;2024.07.30 09:30;4;14.75;-200;-200;3471;206;0;
8574;2024.07.30 09:45;4;15;-200;-200;3471;206;0;
8575;2024.07.30 10:00;4;14.8125;-200;-200;3471;206;0;
8576;2024.07.30 10:15;4;14.625;-200;-200;3471;206;0;
8577;2024.07.30 10:30;4;14.125;-200;-200;3471;206;0;
8578;2024.07.30 10:45;4;13.5;-200;-200;3471;206;0;
8579;2024.07.30 11:00;4;13.125;-200;-200;3471;206;0;
8580;2024.07.30 11:15;4;13.0625;-200;-200;3471;206;0;
8581;2024.07.30 11:30;4;13.125;-200;-200;3471;206;0;
8582;2024.07.30 11:45;4;12.75;-200;-200;3471;206;0;
8583;2024.07.30 12:00;4;13.0625;-200;-200;3471;206;0;
8584;2024.07.30 12:15;4;13.625;-200;-200;3471;206;0;
8585;2024.07.30 12:30;4;13.625;-200;-200;3471;206;0;
8586;2024.07.30 12:45;4;14;-200;-200;3471;206;0;
8587;2024.07.30 13:00;4;13.75;-200;-200;3471;206;0;
8588;2024.07.30 13:15;4;13.75;-200;-200;3471;206;0;
8589;2024.07.30 13:30;4;14.5;-200;-200;3471;206;0;
8590;2024.07.30 13:45;4;15.125;-200;-200;3471;206;0;
8591;2024.07.30 14:00;4;15.25;-200;-200;3471;206;0;
8592;2024.07.30 14:15;4;16.375;-200;-200;3471;206;0;
8593;2024.07.30 14:30;4;17.375;-200;-200;3471;206;0;
8594;2024.07.30 14:45;4;17.75;-200;-200;3471;206;0;
8595;2024.07.30 15:00;4;18.25;-200;-200;3471;206;0;
8596;2024.07.30 15:15;4;19.6875;-200;-200;3471;206;0;
8597;2024.07.30 15:30;4;20.3125;-200;-200;3471;206;0;
8598;2024.07.30 15:45;4;20.875;-200;-200;3471;206;0;
8599;2024.07.30 16:00;4;20.75;-200;-200;3471;206;0;
8600;2024.07.30 16:15;4;21.875;-200;-200;3471;206;0;
8601;2024.07.30 16:30;4;22.5;-200;-200;3471;206;0;
8602;2024.07.30 16:45;4;22.3125;-200;-200;3471;206;0;
8603;2024.07.30 17:00;4;22.375;-200;-200;3471;206;0;
8604;2024.07.30 17:15;4;22.6875;-200;-200;3471;206;0;
8605;2024.07.30 17:30;4;22.9375;-200;-200;3471;206;0;
8606;2024.07.30 17:45;4;22.8125;-200;-200;3471;206;0;
8607;2024.07.30 18:00;4;23.375;-200;-200;3471;206;0;
8608;2024.07.30 18:15;4;24.5625;-200;-200;3471;206;0;
8609;2024.07.30 18:30;4;25.125;-200;-200;3471;206;0;
8610;2024.07.30 18:45;4;26.1875;-200;-200;3471;206;0;
8611;2024.07.30 19:00;4;26.875;-200;-200;3471;206;0;
8612;2024.07.30 19:15;4;25.875;-200;-200;3471;206;0;
8613;2024.07.30 19:30;4;26.625;-200;-200;3470;206;0;
8614;2024.07.30 19:45;4;24;-200;-200;3469;206;0;
8615;2024.07.30 20:00;4;23;-200;-200;3469;206;0;
8616;2024.07.30 20:15;4;24.5;-200;-200;3469;206;0;
8617;2024.07.30 20:30;4;26.25;-200;-200;3468;206;0;
8618;2024.07.30 20:45;4;23.9375;-200;-200;3468;206;0;
8619;2024.07.30 21:00;4;24.25;-200;-200;3468;206;0;
8620;2024.07.30 21:15;4;23.875;-200;-200;3468;206;0;
8621;2024.07.30 21:30;4;30.625;-200;-200;3468;206;0;
8622;2024.07.30 21:45;4;30.875;-200;-200;3468;206;0;
8623;2024.07.30 22:00;4;31.6875;-200;-200;3468;206;0;
8624;2024.07.30 22:15;4;28.5625;-200;-200;3467;206;0;
8625;2024.07.30 22:30;4;27;-200;-200;3466;206;0;
8626;2024.07.30 22:45;4;29.3125;-200;-200;3467;206;0;
8627;2024.07.30 23:00;4;29.25;-200;-200;3467;206;0;
8628;2024.07.30 23:15;4;27.125;-200;-200;3466;206;0;
8629;2024.07.30 23:30;4;29.0625;-200;-200;3467;206;0;
8630;2024.07.30 23:45;4;28.625;-200;-200;3467;206;0;
8631;2024.07.31 00:00;4;26.25;-200;-200;3466;206;0;
8632;2024.07.31 00:15;4;26.3125;-200;-200;3465;206;0;
8633;2024.07.31 00:30;4;27.75;-200;-200;3465;206;0;
8634;2024.07.31 00:45;4;24.8125;-200;-200;3464;206;0;
8635;2024.07.31 01:00;4;23.75;-200;-200;3464;206;0;
8636;2024.07.31 01:15;4;23.375;-200;-200;3463;206;0;
8637;2024.07.31 01:30;4;22.5;-200;-200;3463;206;0;
8638;2024.07.31 01:45;4;21.375;-200;-200;3463;206;0;
8639;2024.07.31 02:00;4;20.25;-200;-200;3462;206;0;
8640;2024.07.31 02:15;4;19.1875;-200;-200;3462;206;0;
8641;2024.07.31 02:30;4;18.25;-200;-200;3462;206;0;
8642;2024.07.31 02:45;4;17.375;-200;-200;3462;206;0;
8643;2024.07.31 03:00;4;17.1875;-200;-200;3462;206;0;
8644;2024.07.31 03:15;4;17.25;-200;-200;3461;206;0;
8645;2024.07.31 03:30;4;16.5;-200;-200;3461;206;0;
8646;2024.07.31 03:45;4;16.5;-200;-200;3461;206;0;
8647;2024.07.31 04:00;4;16.3125;-200;-200;3461;206;0;
8648;2024.07.31 04:15;4;16.625;-200;-200;3461;206;0;
8649;2024.07.31 04:30;4;16.8125;-200;-200;3461;206;0;
8650;2024.07.31 04:45;4;16.75;-200;-200;3461;206;0;
8651;2024.07.31 05:00;4;17.5625;-200;-200;3461;206;0;
8652;2024.07.31 05:15;4;18;-200;-200;3461;206;0;
8653;2024.07.31 05:30;4;18;-200;-200;3461;206;0;
8654;2024.07.31 05:45;4;17.0625;-200;-200;3461;206;0;
8655;2024.07.31 06:00;4;17.625;-200;-200;3461;206;0;
8656;2024.07.31 06:15;4;17.0625;-200;-200;3461;206;0;
8657;2024.07.31 06:30;4;16.9375;-200;-200;3461;206;0;
8658;2024.07.31 06:45;4;16.75;-200;-200;3461;206;0;
8659;2024.07.31 07:00;4;17.375;-200;-200;3461;206;0;
8660;2024.07.31 07:15;4;17.5;-200;-200;3461;206;0;
8661;2024.07.31 07:30;4;17.5;-200;-200;3461;206;0;
8662;2024.07.31 07:45;4;17.125;-200;-200;3461;206;0;
8663;2024.07.31 08:00;4;17.25;-200;-200;3461;206;0;
8664;2024.07.31 08:15;4;17.5625;-200;-200;3461;206;0;
8665;2024.07.31 08:30;4;17.4375;-200;-200;3461;206;0;
8666;2024.07.31 08:45;4;16.875;-200;-200;3461;206;0;
8667;2024.07.31 09:00;4;16.25;-200;-200;3461;206;0;
8668;2024.07.31 09:15;4;16.25;-200;-200;3461;206;0;
8669;2024.07.31 09:30;4;16.5625;-200;-200;3461;206;0;
8670;2024.07.31 09:45;4;16.9375;-200;-200;3461;206;0;
8671;2024.07.31 10:00;4;15.625;-200;-200;3461;206;0;
8672;2024.07.31 10:15;4;14.75;-200;-200;3461;206;0;
8673;2024.07.31 10:30;4;14.875;-200;-200;3461;206;0;
8674;2024.07.31 10:45;4;14.8125;-200;-200;3461;206;0;
8675;2024.07.31 11:00;4;14.625;-200;-200;3461;206;0;
8676;2024.07.31 11:15;4;15.125;-200;-200;3461;206;0;
8677;2024.07.31 11:30;4;16.125;-200;-200;3461;206;0;
8678;2024.07.31 11:45;4;16.375;-200;-200;3461;206;0;
8679;2024.07.31 12:00;4;16.1875;-200;-200;3461;206;0;
8680;2024.07.31 12:15;4;16;-200;-200;3461;206;0;
8681;2024.07.31 12:30;4;15.8125;-200;-200;3461;206;0;
8682;2024.07.31 12:45;4;15.75;-200;-200;3461;206;0;
8683;2024.07.31 13:00;4;15.5625;-200;-200;3461;206;0;
8684;2024.07.31 13:15;4;15.625;-200;-200;3461;206;0;
8685;2024.07.31 13:30;4;16.875;-200;-200;3461;206;0;
8686;2024.07.31 13:45;4;17.375;-200;-200;3461;206;0;
8687;2024.07.31 14:00;4;18.375;-200;-200;3461;206;0;
8688;2024.07.31 14:15;4;19.6875;-200;-200;3460;206;0;
8689;2024.07.31 14:30;4;20;-200;-200;3460;206;0;
8690;2024.07.31 14:45;4;20.625;-200;-200;3459;206;0;
8691;2024.07.31 15:00;4;21.375;-200;-200;3459;206;0;
8692;2024.07.31 15:15;4;21.875;-200;-200;3459;206;0;
8693;2024.07.31 15:30;4;22.5625;-200;-200;3459;206;0;
8694;2024.07.31 15:45;4;23.375;-200;-200;3459;206;0;
8695;2024.07.31 16:00;4;23.9375;-200;-200;3459;206;0;
8696;2024.07.31 16:15;4;24.625;-200;-200;3459;206;0;
8697;2024.07.31 16:30;4;24.6875;-200;-200;3459;206;0;
8698;2024.07.31 16:45;4;24.625;-200;-200;3458;206;0;
8699;2024.07.31 17:00;4;24.6875;-200;-200;3458;206;0;
8700;2024.07.31 17:15;4;25.375;-200;-200;3458;206;0;
8701;2024.07.31 17:30;4;25.5;-200;-200;3458;206;0;
8702;2024.07.31 17:45;4;25.375;-200;-200;3458;206;0;
8703;2024.07.31 18:00;4;25.875;-200;-200;3458;206;0;
8704;2024.07.31 18:15;4;26.25;-200;-200;3458;206;0;
8705;2024.07.31 18:30;4;24.375;-200;-200;3458;206;0;
8706;2024.07.31 18:45;4;23.625;-200;-200;3458;206;0;
8707;2024.07.31 19:00;4;23.625;-200;-200;3457;206;0;
8708;2024.07.31 19:15;4;24.6875;-200;-200;3458;206;0;
8709;2024.07.31 19:30;4;24.75;-200;-200;3457;206;0;
8710;2024.07.31 19:45;4;29.625;-200;-200;3456;206;0;
8711;2024.07.31 20:00;4;29.625;-200;-200;3456;206;0;
8712;2024.07.31 20:15;4;31.75;-200;-200;3455;206;0;
8713;2024.07.31 20:30;4;30.125;-200;-200;3455;206;0;
8714;2024.07.31 20:45;4;31.3125;-200;-200;3456;206;0;
8715;2024.07.31 21:00;4;28.25;-200;-200;3455;206;0;
8716;2024.07.31 21:15;4;30.375;-200;-200;3455;206;0;
8717;2024.07.31 21:30;4;32.375;-200;-200;3456;206;0;
8718;2024.07.31 21:45;4;33.8125;-200;-200;3456;206;0;
8719;2024.07.31 22:00;4;35;-200;-200;3456;206;0;
8720;2024.07.31 22:15;4;29.625;-200;-200;3454;206;0;
8721;2024.07.31 22:30;4;28.5;-200;-200;3454;206;0;
8722;2024.07.31 22:45;4;26.375;-200;-200;3453;206;0;
8723;2024.07.31 23:00;4;25.375;-200;-200;3452;206;0;
8724;2024.07.31 23:15;4;26.125;-200;-200;3452;206;0;
8725;2024.07.31 23:30;4;24.75;-200;-200;3452;206;0;
8726;2024.07.31 23:45;4;23.5;-200;-200;3451;206;0;
8738;2024.08.01 00:00;4;24.625;-200;-200;3450;206;0;
8739;2024.08.01 00:15;4;23.875;-200;-200;3450;206;0;
8740;2024.08.01 00:30;4;22.125;-200;-200;3450;206;0;
8741;2024.08.01 00:45;4;22;-200;-200;3450;206;0;
8742;2024.08.01 01:00;4;22;-200;-200;3450;206;0;
8743;2024.08.01 01:15;4;21.0625;-200;-200;3450;206;0;
8744;2024.08.01 01:30;4;20.3125;-200;-200;3450;206;0;
8745;2024.08.01 01:45;4;19.5;-200;-200;3450;206;0;
8746;2024.08.01 02:00;4;18.75;-200;-200;3449;206;0;
8747;2024.08.01 02:15;4;18.125;-200;-200;3449;206;0;
8748;2024.08.01 02:30;4;17.5;-200;-200;3449;206;0;
8749;2024.08.01 02:45;4;17.0625;-200;-200;3449;206;0;
8750;2024.08.01 03:00;4;16.875;-200;-200;3449;206;0;
8751;2024.08.01 03:15;4;17;-200;-200;3449;206;0;
8752;2024.08.01 03:30;4;16.9375;-200;-200;3449;206;0;
8753;2024.08.01 03:45;4;16.875;-200;-200;3449;206;0;
8754;2024.08.01 04:00;4;17.5;-200;-200;3449;206;0;
8755;2024.08.01 04:15;4;17;-200;-200;3449;206;0;
8756;2024.08.01 04:30;4;17;-200;-200;3449;206;0;
8757;2024.08.01 04:45;4;17.125;-200;-200;3449;206;0;
8758;2024.08.01 05:00;4;17;-200;-200;3449;206;0;
8759;2024.08.01 05:15;4;16.9375;-200;-200;3449;206;0;
8760;2024.08.01 05:30;4;17;-200;-200;3449;206;0;
8761;2024.08.01 05:45;4;17.25;-200;-200;3449;206;0;
8762;2024.08.01 06:00;4;16.875;-200;-200;3449;206;0;
8763;2024.08.01 06:15;4;17.25;-200;-200;3449;206;0;
8764;2024.08.01 06:30;4;17;-200;-200;3449;206;0;
8765;2024.08.01 06:45;4;17.125;-200;-200;3449;206;0;
8766;2024.08.01 07:00;4;16.6875;-200;-200;3449;206;0;
8767;2024.08.01 07:15;4;16.5;-200;-200;3449;206;0;
8768;2024.08.01 07:30;4;16.375;-200;-200;3449;206;0;
8769;2024.08.01 07:45;4;16.375;-200;-200;3449;206;0;
8770;2024.08.01 08:00;4;16.375;-200;-200;3449;206;0;
8771;2024.08.01 08:15;4;16.5625;-200;-200;3449;206;0;
8772;2024.08.01 08:30;4;16.75;-200;-200;3449;206;0;
8773;2024.08.01 08:45;4;17;-200;-200;3449;206;0;
8774;2024.08.01 09:00;4;17.6875;-200;-200;3449;206;0;
8775;2024.08.01 09:15;4;17.25;-200;-200;3449;206;0;
8776;2024.08.01 09:30;4;17.0625;-200;-200;3448;206;0;
8777;2024.08.01 09:45;4;16.5;-200;-200;3449;206;0;
8778;2024.08.01 10:00;4;16.4375;-200;-200;3449;206;0;
8779;2024.08.01 10:15;4;15.75;-200;-200;3448;206;0;
8780;2024.08.01 10:30;4;14.75;-200;-200;3448;206;0;
8781;2024.08.01 10:45;4;14;-200;-200;3448;206;0;
8782;2024.08.01 11:00;4;14.5;-200;-200;3448;206;0;
8783;2024.08.01 11:15;4;14;-200;-200;3448;206;0;
8784;2024.08.01 11:30;4;13.875;-200;-200;3448;206;0;
8785;2024.08.01 11:45;4;13.25;-200;-200;3448;206;0;
8786;2024.08.01 12:00;4;13.0625;-200;-200;3448;206;0;
8787;2024.08.01 12:15;4;13.0625;-200;-200;3448;206;0;
8788;2024.08.01 12:30;4;13.625;-200;-200;3448;206;0;
8789;2024.08.01 12:45;4;14.25;-200;-200;3448;206;0;
8790;2024.08.01 13:00;4;14.5;-200;-200;3448;206;0;
8791;2024.08.01 13:15;4;14.875;-200;-200;3448;206;0;
8792;2024.08.01 13:30;4;15.375;-200;-200;3448;206;0;
8793;2024.08.01 13:45;4;15.125;-200;-200;3448;206;0;
8794;2024.08.01 14:00;4;15.5;-200;-200;3448;206;0;
8795;2024.08.01 14:15;4;16.5;-200;-200;3448;206;0;
8796;2024.08.01 14:30;4;17.375;-200;-200;3448;206;0;
8797;2024.08.01 14:45;4;18.25;-200;-200;3448;206;0;
8798;2024.08.01 15:00;4;18.5;-200;-200;3448;206;0;
8799;2024.08.01 15:15;4;18.5;-200;-200;3448;206;0;
8800;2024.08.01 15:30;4;19.375;-200;-200;3448;206;0;
8801;2024.08.01 15:45;4;20.6875;-200;-200;3447;206;0;
8802;2024.08.01 16:00;4;21.875;-200;-200;3447;206;0;
8803;2024.08.01 16:15;4;22.25;-200;-200;3447;206;0;
8804;2024.08.01 16:30;4;21.875;-200;-200;3447;206;0;
8805;2024.08.01 16:45;4;22.375;-200;-200;3447;206;0;
8806;2024.08.01 17:00;4;23.5;-200;-200;3447;206;0;
8807;2024.08.01 17:15;4;24.25;-200;-200;3447;206;0;
8808;2024.08.01 17:30;4;26;-200;-200;3447;206;0;
8809;2024.08.01 17:45;4;26.875;-200;-200;3447;206;0;
8810;2024.08.01 18:00;4;27.125;-200;-200;3447;206;0;
8811;2024.08.01 18:15;4;28.9375;-200;-200;3447;206;0;
8812;2024.08.01 18:30;4;26.75;-200;-200;3446;206;0;
8813;2024.08.01 18:45;4;24.125;-200;-200;3446;206;0;
8814;2024.08.01 19:00;4;24.25;-200;-200;3446;206;0;
8815;2024.08.01 19:15;4;23.625;-200;-200;3446;206;0;
8816;2024.08.01 19:30;4;22.25;-200;-200;3446;206;0;
8817;2024.08.01 19:45;4;20.625;-200;-200;3445;206;0;
8818;2024.08.01 20:00;4;18.25;-200;-200;3444;206;0;
8819;2024.08.01 20:15;4;17.5;-200;-200;3444;206;0;
8820;2024.08.01 20:30;4;15.375;-200;-200;3444;206;0;
8821;2024.08.01 20:45;4;15.125;-200;-200;3444;206;0;
8822;2024.08.01 21:00;4;14.375;-200;-200;3443;206;0;
8823;2024.08.01 21:15;4;12.875;-200;-200;3443;206;0;
8824;2024.08.01 21:30;4;12.5;-200;-200;3443;206;0;
8825;2024.08.01 21:45;4;12.3125;-200;-200;3443;206;0;
8826;2024.08.01 22:00;4;12.125;-200;-200;3443;206;0;
8827;2024.08.01 22:15;4;12.25;-200;-200;3443;206;0;
8828;2024.08.01 22:30;4;12.375;-200;-200;3443;206;0;
8829;2024.08.01 22:45;4;12.4375;-200;-200;3443;206;0;
8830;2024.08.01 23:00;4;12.5625;-200;-200;3443;206;0;
8831;2024.08.01 23:15;4;12.375;-200;-200;3443;206;0;
8832;2024.08.01 23:30;4;12.0625;-200;-200;3442;206;0;
8833;2024.08.01 23:45;4;11.875;-200;-200;3443;206;0;
8834;2024.08.02 00:00;4;11.75;-200;-200;3443;206;0;
8835;2024.08.02 00:15;4;12;-200;-200;3443;206;0;
8836;2024.08.02 00:30;4;13.125;-200;-200;3443;206;0;
8837;2024.08.02 00:45;4;13.5625;-200;-200;3443;206;0;
8838;2024.08.02 01:00;4;14.1875;-200;-200;3443;206;0;
8839;2024.08.02 01:15;4;14.625;-200;-200;3443;206;0;
8840;2024.08.02 01:30;4;14.25;-200;-200;3443;206;0;
8841;2024.08.02 01:45;4;14;-200;-200;3443;206;0;
8842;2024.08.02 02:00;4;13.75;-200;-200;3443;206;0;
8843;2024.08.02 02:15;4;14.125;-200;-200;3443;206;0;
8844;2024.08.02 02:30;4;13.75;-200;-200;3443;206;0;
8845;2024.08.02 02:45;4;13.25;-200;-200;3442;206;0;
8846;2024.08.02 03:00;4;12.75;-200;-200;3443;206;0;
8847;2024.08.02 03:15;4;12.6875;-200;-200;3443;206;0;
8848;2024.08.02 03:30;4;12.625;-200;-200;3443;206;0;
8849;2024.08.02 03:45;4;11.5625;-200;-200;3442;206;0;
8850;2024.08.02 04:00;4;11.125;-200;-200;3442;206;0;
8851;2024.08.02 04:15;4;11.125;-200;-200;3443;206;0;
8852;2024.08.02 04:30;4;11.25;-200;-200;3443;206;0;
8853;2024.08.02 04:45;4;11.3125;-200;-200;3443;206;0;
8854;2024.08.02 05:00;4;11.8125;-200;-200;3443;206;0;
8855;2024.08.02 05:15;4;12.3125;-200;-200;3443;206;0;
8856;2024.08.02 05:30;4;12.75;-200;-200;3443;206;0;
8857;2024.08.02 05:45;4;12.9375;-200;-200;3443;206;0;
8858;2024.08.02 06:00;4;12.75;-200;-200;3443;206;0;
8859;2024.08.02 06:15;4;12;-200;-200;3443;206;0;
8860;2024.08.02 06:30;4;12.375;-200;-200;3443;206;0;
8861;2024.08.02 06:45;4;13;-200;-200;3443;206;0;
8862;2024.08.02 07:00;4;13.5;-200;-200;3443;206;0;
8863;2024.08.02 07:15;4;13.625;-200;-200;3443;206;0;
8864;2024.08.02 07:30;4;13.25;-200;-200;3443;206;0;
8865;2024.08.02 07:45;4;12.5625;-200;-200;3443;206;0;
8866;2024.08.02 08:00;4;12;-200;-200;3443;206;0;
8867;2024.08.02 08:15;4;11.625;-200;-200;3443;206;0;
8868;2024.08.02 08:30;4;11.625;-200;-200;3443;206;0;
8869;2024.08.02 08:45;4;12.125;-200;-200;3443;206;0;
8870;2024.08.02 09:00;4;12.375;-200;-200;3443;206;0;
8871;2024.08.02 09:15;4;12.75;-200;-200;3443;206;0;
8872;2024.08.02 09:30;4;12.625;-200;-200;3443;206;0;
8873;2024.08.02 09:45;4;12.5;-200;-200;3443;206;0;
8874;2024.08.02 10:00;4;12.625;-200;-200;3443;206;0;
8875;2024.08.02 10:15;4;12.75;-200;-200;3443;206;0;
8876;2024.08.02 10:30;4;12.875;-200;-200;3443;206;0;
8877;2024.08.02 10:45;4;12.25;-200;-200;3444;206;0;
8878;2024.08.02 11:00;4;12;-200;-200;3443;206;0;
8879;2024.08.02 11:15;4;12;-200;-200;3443;206;0;
8880;2024.08.02 11:30;4;11.625;-200;-200;3443;206;0;
8881;2024.08.02 11:45;4;11.25;-200;-200;3444;206;0;
8882;2024.08.02 12:00;4;10.75;-200;-200;3444;206;0;
8883;2024.08.02 12:15;4;10.375;-200;-200;3444;206;0;
8884;2024.08.02 12:30;4;10.25;-200;-200;3444;206;0;
8885;2024.08.02 12:45;4;10.875;-200;-200;3445;206;0;
8886;2024.08.02 13:00;4;12;-200;-200;3445;206;0;
8887;2024.08.02 13:15;4;12.75;-200;-200;3445;206;0;
8888;2024.08.02 13:30;4;13.5;-200;-200;3445;206;0;
8889;2024.08.02 13:45;4;13.875;-200;-200;3445;206;0;
8890;2024.08.02 14:00;4;14.3125;-200;-200;3445;206;0;
8891;2024.08.02 14:15;4;14.75;-200;-200;3445;206;0;
8892;2024.08.02 14:30;4;15.5;-200;-200;3445;206;0;
8893;2024.08.02 14:45;4;16.75;-200;-200;3445;206;0;
8894;2024.08.02 15:00;4;18.0625;-200;-200;3445;206;0;
8895;2024.08.02 15:15;4;18.625;-200;-200;3446;206;0;
8896;2024.08.02 15:30;4;19.25;-200;-200;3446;206;0;
8897;2024.08.02 15:45;4;20.1875;-200;-200;3446;206;0;
8898;2024.08.02 16:00;4;21;-200;-200;3446;206;0;
8899;2024.08.02 16:15;4;21.5;-200;-200;3446;206;0;
8900;2024.08.02 16:30;4;21.625;-200;-200;3446;206;0;
8901;2024.08.02 16:45;4;21.75;-200;-200;3446;206;0;
8902;2024.08.02 17:00;4;22.25;-200;-200;3446;206;0;
8903;2024.08.02 17:15;4;22.625;-200;-200;3446;206;0;
8904;2024.08.02 17:30;4;22.9375;-200;-200;3446;206;0;
8905;2024.08.02 17:45;4;22.125;-200;-200;3446;206;0;
8906;2024.08.02 18:00;4;21.5625;-200;-200;3446;206;0;
8907;2024.08.02 18:15;4;20.5;-200;-200;3446;206;0;
8908;2024.08.02 18:30;4;19.0625;-200;-200;3446;206;0;
8909;2024.08.02 18:45;4;18.4375;-200;-200;3446;206;0;
8910;2024.08.02 19:00;4;17.875;-200;-200;3445;206;0;
8911;2024.08.02 19:15;4;15.25;-200;-200;3445;206;0;
8912;2024.08.02 19:30;4;13;-200;-200;3444;206;0;
8913;2024.08.02 19:45;4;12.5625;-200;-200;3444;206;0;
8914;2024.08.02 20:00;4;12.75;-200;-200;3444;206;0;
8915;2024.08.02 20:15;4;13.25;-200;-200;3444;206;0;
8916;2024.08.02 20:30;4;13.5;-200;-200;3444;206;0;
8917;2024.08.02 20:45;4;14.125;-200;-200;3444;206;0;
8918;2024.08.02 21:00;4;15.4375;-200;-200;3444;206;0;
8919;2024.08.02 21:15;4;16.75;-200;-200;3444;206;0;
8920;2024.08.02 21:30;4;19.625;-200;-200;3445;206;0;
8921;2024.08.02 21:45;4;21.25;-200;-200;3446;206;0;
8922;2024.08.02 22:00;4;22.625;-200;-200;3446;206;0;
8923;2024.08.02 22:15;4;23.8125;-200;-200;3447;206;0;
8924;2024.08.02 22:30;4;23.8125;-200;-200;3447;206;0;
8925;2024.08.02 22:45;4;25.375;-200;-200;3448;206;0;
8926;2024.08.02 23:00;4;23.4375;-200;-200;3447;206;0;
8927;2024.08.02 23:15;4;21.25;-200;-200;3447;206;0;
8928;2024.08.02 23:30;4;20.25;-200;-200;3446;206;0;
8929;2024.08.02 23:45;4;20.5625;-200;-200;3446;206;0;
8930;2024.08.03 00:00;4;19.625;-200;-200;3446;206;0;
8931;2024.08.03 00:15;4;18.8125;-200;-200;3446;206;0;
8932;2024.08.03 00:30;4;18.5;-200;-200;3446;206;0;
8933;2024.08.03 00:45;4;17.875;-200;-200;3445;206;0;
8934;2024.08.03 01:00;4;17.5625;-200;-200;3445;206;0;
8935;2024.08.03 01:15;4;17.25;-200;-200;3445;206;0;
8936;2024.08.03 01:30;4;17.25;-200;-200;3445;206;0;
8937;2024.08.03 01:45;4;17.125;-200;-200;3445;206;0;
8938;2024.08.03 02:00;4;16.75;-200;-200;3445;206;0;
8939;2024.08.03 02:15;4;16.75;-200;-200;3445;206;0;
8940;2024.08.03 02:30;4;16;-200;-200;3445;206;0;
8941;2024.08.03 02:45;4;15.875;-200;-200;3445;206;0;
8942;2024.08.03 03:00;4;15.625;-200;-200;3445;206;0;
8943;2024.08.03 03:15;4;15.5;-200;-200;3445;206;0;
8944;2024.08.03 03:30;4;15.25;-200;-200;3444;206;0;
8945;2024.08.03 03:45;4;15;-200;-200;3444;206;0;
8946;2024.08.03 04:00;4;14.625;-200;-200;3445;206;0;
8947;2024.08.03 04:15;4;14.4375;-200;-200;3444;206;0;
8948;2024.08.03 04:30;4;14.25;-200;-200;3444;206;0;
8949;2024.08.03 04:45;4;13.8125;-200;-200;3444;206;0;
8950;2024.08.03 05:00;4;13.4375;-200;-200;3444;206;0;
8951;2024.08.03 05:15;4;13;-200;-200;3444;206;0;
8952;2024.08.03 05:30;4;13;-200;-200;3446;206;0;
8953;2024.08.03 05:45;4;12.6875;-200;-200;3445;206;0;
8954;2024.08.03 06:00;4;12.1875;-200;-200;3445;206;0;
8955;2024.08.03 06:15;4;12;-200;-200;3446;206;0;
8956;2024.08.03 06:30;4;11.875;-200;-200;3446;206;0;
8957;2024.08.03 06:45;4;12.125;-200;-200;3445;206;0;
8958;2024.08.03 07:00;4;11.875;-200;-200;3445;206;0;
8959;2024.08.03 07:15;4;12.25;-200;-200;3445;206;0;
8960;2024.08.03 07:30;4;13.125;-200;-200;3445;206;0;
8961;2024.08.03 07:45;4;13.375;-200;-200;3445;206;0;
8962;2024.08.03 08:00;4;12.5;-200;-200;3445;206;0;
8963;2024.08.03 08:15;4;11.9375;-200;-200;3446;206;0;
8964;2024.08.03 08:30;4;11.4375;-200;-200;3446;206;0;
8965;2024.08.03 08:45;4;11.5;-200;-200;3446;206;0;
8966;2024.08.03 09:00;4;11.1875;-200;-200;3446;206;0;
8967;2024.08.03 09:15;4;11.25;-200;-200;3446;206;0;
8968;2024.08.03 09:30;4;11.125;-200;-200;3446;206;0;
8969;2024.08.03 09:45;4;10.6875;-200;-200;3446;206;0;
8970;2024.08.03 10:00;4;11;-200;-200;3446;206;0;
8971;2024.08.03 10:15;4;10.875;-200;-200;3446;206;0;
8972;2024.08.03 10:30;4;11.125;-200;-200;3446;206;0;
8973;2024.08.03 10:45;4;11.5;-200;-200;3446;206;0;
8974;2024.08.03 11:00;4;11.375;-200;-200;3446;206;0;
8975;2024.08.03 11:15;4;11.25;-200;-200;3446;206;0;
8976;2024.08.03 11:30;4;10.875;-200;-200;3446;206;0;
8977;2024.08.03 11:45;4;11.75;-200;-200;3446;206;0;
8978;2024.08.03 12:00;4;12.25;-200;-200;3447;206;0;
8979;2024.08.03 12:15;4;12.625;-200;-200;3447;206;0;
8980;2024.08.03 12:30;4;13;-200;-200;3447;206;0;
8981;2024.08.03 12:45;4;13.25;-200;-200;3447;206;0;
8982;2024.08.03 13:00;4;13.875;-200;-200;3447;206;0;
8983;2024.08.03 13:15;4;13.9375;-200;-200;3447;206;0;
8984;2024.08.03 13:30;4;14.5;-200;-200;3447;206;0;
8985;2024.08.03 13:45;4;15.5;-200;-200;3447;206;0;
8986;2024.08.03 14:00;4;15.75;-200;-200;3447;206;0;
8987;2024.08.03 14:15;4;15.75;-200;-200;3447;206;0;
8988;2024.08.03 14:30;4;16.75;-200;-200;3447;206;0;
8989;2024.08.03 14:45;4;17;-200;-200;3447;206;0;
8990;2024.08.03 15:00;4;18;-200;-200;3447;206;0;
8991;2024.08.03 15:15;4;20;-200;-200;3447;206;0;
8992;2024.08.03 15:30;4;20.625;-200;-200;3447;206;0;
8993;2024.08.03 15:45;4;20.375;-200;-200;3447;206;0;
8994;2024.08.03 16:00;4;20.5;-200;-200;3447;206;0;
8995;2024.08.03 16:15;4;20.875;-200;-200;3447;206;0;
8996;2024.08.03 16:30;4;20.875;-200;-200;3447;206;0;
8997;2024.08.03 16:45;4;21.25;-200;-200;3447;206;0;
8998;2024.08.03 17:00;4;21.375;-200;-200;3448;206;0;
8999;2024.08.03 17:15;4;21.5;-200;-200;3448;206;0;
9000;2024.08.03 17:30;4;22.25;-200;-200;3448;206;0;
9001;2024.08.03 17:45;4;23.6875;-200;-200;3448;206;0;
9002;2024.08.03 18:00;4;24.25;-200;-200;3448;206;0;
9003;2024.08.03 18:15;4;23.25;-200;-200;3448;206;0;
9004;2024.08.03 18:30;4;22.8125;-200;-200;3448;206;0;
9005;2024.08.03 18:45;4;20.875;-200;-200;3448;206;0;
9006;2024.08.03 19:00;4;19;-200;-200;3447;206;0;
9007;2024.08.03 19:15;4;21.0625;-200;-200;3447;206;0;
9008;2024.08.03 19:30;4;22.9375;-200;-200;3447;206;0;
9009;2024.08.03 19:45;4;20.75;-200;-200;3447;206;0;
9010;2024.08.03 20:00;4;19.625;-200;-200;3447;206;0;
9011;2024.08.03 20:15;4;16.625;-200;-200;3446;206;0;
9012;2024.08.03 20:30;4;16.75;-200;-200;3446;206;0;
9013;2024.08.03 20:45;4;16.1875;-200;-200;3446;206;0;
9014;2024.08.03 21:00;4;15.75;-200;-200;3446;206;0;
9015;2024.08.03 21:15;4;15.375;-200;-200;3446;206;0;
9016;2024.08.03 21:30;4;16.3125;-200;-200;3446;206;0;
9017;2024.08.03 21:45;4;17.0625;-200;-200;3446;206;0;
9018;2024.08.03 22:00;4;16.9375;-200;-200;3446;206;0;
9019;2024.08.03 22:15;4;20.6875;-200;-200;3447;206;0;
9020;2024.08.03 22:30;4;22.5;-200;-200;3447;206;0;
9021;2024.08.03 22:45;4;21.8125;-200;-200;3447;206;0;
9022;2024.08.03 23:00;4;21;-200;-200;3447;206;0;
9023;2024.08.03 23:15;4;19.625;-200;-200;3447;206;0;
9024;2024.08.03 23:30;4;18.75;-200;-200;3447;206;0;
9025;2024.08.03 23:45;4;18;-200;-200;3447;206;0;
9026;2024.08.04 00:00;4;17.625;-200;-200;3447;206;0;
9027;2024.08.04 00:15;4;17.125;-200;-200;3447;206;0;
9028;2024.08.04 00:30;4;16.875;-200;-200;3446;206;0;
9029;2024.08.04 00:45;4;16.875;-200;-200;3447;206;0;
9030;2024.08.04 01:00;4;16.75;-200;-200;3447;206;0;
9031;2024.08.04 01:15;4;16.625;-200;-200;3447;206;0;
9032;2024.08.04 01:30;4;16.375;-200;-200;3447;206;0;
9033;2024.08.04 01:45;4;16.125;-200;-200;3447;206;0;
9034;2024.08.04 02:00;4;16;-200;-200;3447;206;0;
9035;2024.08.04 02:15;4;15.625;-200;-200;3447;206;0;
9036;2024.08.04 02:30;4;16.125;-200;-200;3447;206;0;
9037;2024.08.04 02:45;4;16;-200;-200;3447;206;0;
9038;2024.08.04 03:00;4;16.375;-200;-200;3447;206;0;
9039;2024.08.04 03:15;4;16.25;-200;-200;3447;206;0;
9040;2024.08.04 03:30;4;16;-200;-200;3447;206;0;
9041;2024.08.04 03:45;4;15.125;-200;-200;3447;206;0;
9042;2024.08.04 04:00;4;14.5625;-200;-200;3447;206;0;
9043;2024.08.04 04:15;4;14.875;-200;-200;3447;206;0;
9044;2024.08.04 04:30;4;14.5;-200;-200;3447;206;0;
9045;2024.08.04 04:45;4;14.0625;-200;-200;3447;206;0;
9046;2024.08.04 05:00;4;13.625;-200;-200;3448;206;0;
9047;2024.08.04 05:15;4;13.4375;-200;-200;3447;206;0;
9048;2024.08.04 05:30;4;13;-200;-200;3448;206;0;
9049;2024.08.04 05:45;4;12.875;-200;-200;3449;206;0;
9050;2024.08.04 06:00;4;12.8125;-200;-200;3448;206;0;
9051;2024.08.04 06:15;4;12.5;-200;-200;3448;206;0;
9052;2024.08.04 06:30;4;12.125;-200;-200;3448;206;0;
9053;2024.08.04 06:45;4;12.625;-200;-200;3449;206;0;
9054;2024.08.04 07:00;4;12.875;-200;-200;3449;206;0;
9055;2024.08.04 07:15;4;12.25;-200;-200;3449;206;0;
9056;2024.08.04 07:30;4;11.875;-200;-200;3448;206;0;
9057;2024.08.04 07:45;4;12.0625;-200;-200;3448;206;0;
9058;2024.08.04 08:00;4;12.1875;-200;-200;3449;206;0;
9059;2024.08.04 08:15;4;11.6875;-200;-200;3448;206;0;
9060;2024.08.04 08:30;4;11.875;-200;-200;3448;206;0;
9061;2024.08.04 08:45;4;11.875;-200;-200;3449;206;0;
9062;2024.08.04 09:00;4;11.625;-200;-200;3448;206;0;
9063;2024.08.04 09:15;4;12;-200;-200;3448;206;0;
9064;2024.08.04 09:30;4;11.625;-200;-200;3449;206;0;
9065;2024.08.04 09:45;4;11.625;-200;-200;3449;206;0;
9066;2024.08.04 10:00;4;11.875;-200;-200;3448;206;0;
9067;2024.08.04 10:15;4;11.625;-200;-200;3448;206;0;
9068;2024.08.04 10:30;4;11.375;-200;-200;3449;206;0;
9069;2024.08.04 10:45;4;11.375;-200;-200;3449;206;0;
9070;2024.08.04 11:00;4;11.25;-200;-200;3449;206;0;
9071;2024.08.04 11:15;4;11;-200;-200;3449;206;0;
9072;2024.08.04 11:30;4;10.875;-200;-200;3449;206;0;
9073;2024.08.04 11:45;4;11;-200;-200;3449;206;0;
9074;2024.08.04 12:00;4;11.0625;-200;-200;3449;206;0;
9075;2024.08.04 12:15;4;10.75;-200;-200;3449;206;0;
9076;2024.08.04 12:30;4;10.875;-200;-200;3449;206;0;
9077;2024.08.04 12:45;4;10.875;-200;-200;3449;206;0;
9078;2024.08.04 13:00;4;11.625;-200;-200;3449;206;0;
9079;2024.08.04 13:15;4;11.875;-200;-200;3449;206;0;
9080;2024.08.04 13:30;4;12.5;-200;-200;3449;206;0;
9081;2024.08.04 13:45;4;13.125;-200;-200;3449;206;0;
9082;2024.08.04 14:00;4;14.1875;-200;-200;3449;206;0;
9083;2024.08.04 14:15;4;14.9375;-200;-200;3449;206;0;
9084;2024.08.04 14:30;4;15.625;-200;-200;3449;206;0;
9085;2024.08.04 14:45;4;16.5;-200;-200;3449;206;0;
9086;2024.08.04 15:00;4;17.75;-200;-200;3449;206;0;
9087;2024.08.04 15:15;4;18.75;-200;-200;3449;206;0;
9088;2024.08.04 15:30;4;19.5;-200;-200;3450;206;0;
9089;2024.08.04 15:45;4;20.4375;-200;-200;3450;206;0;
9090;2024.08.04 16:00;4;21;-200;-200;3450;206;0;
9091;2024.08.04 16:15;4;21.375;-200;-200;3450;206;0;
9092;2024.08.04 16:30;4;22.0625;-200;-200;3450;206;0;
9093;2024.08.04 16:45;4;22.5;-200;-200;3450;206;0;
9094;2024.08.04 17:00;4;22.625;-200;-200;3451;206;0;
9095;2024.08.04 17:15;4;22.75;-200;-200;3451;206;0;
9096;2024.08.04 17:30;4;24.4375;-200;-200;3451;206;0;
9097;2024.08.04 17:45;4;23.875;-200;-200;3451;206;0;
9098;2024.08.04 18:00;4;24.125;-200;-200;3451;206;0;
9099;2024.08.04 18:15;4;24.5;-200;-200;3451;206;0;
9100;2024.08.04 18:30;4;26.75;-200;-200;3452;206;0;
9101;2024.08.04 18:45;4;25.5;-200;-200;3452;206;0;
9102;2024.08.04 19:00;4;23.5625;-200;-200;3452;206;0;
9103;2024.08.04 19:15;4;26.5;-200;-200;3452;206;0;
9104;2024.08.04 19:30;4;28;-200;-200;3453;206;0;
9105;2024.08.04 19:45;4;25.25;-200;-200;3452;206;0;
9106;2024.08.04 20:00;4;24.25;-200;-200;3452;206;0;
9107;2024.08.04 20:15;4;28.8125;-200;-200;3453;206;0;
9108;2024.08.04 20:30;4;28;-200;-200;3453;206;0;
9109;2024.08.04 20:45;4;25.375;-200;-200;3452;206;0;
9110;2024.08.04 21:00;4;23.875;-200;-200;3452;206;0;
9111;2024.08.04 21:15;4;23.1875;-200;-200;3451;206;0;
9112;2024.08.04 21:30;4;26.75;-200;-200;3452;206;0;
9113;2024.08.04 21:45;4;26.125;-200;-200;3452;206;0;
9114;2024.08.04 22:00;4;29;-200;-200;3453;206;0;
9115;2024.08.04 22:15;4;25.5;-200;-200;3452;206;0;
9116;2024.08.04 22:30;4;25.125;-200;-200;3452;206;0;
9117;2024.08.04 22:45;4;26;-200;-200;3452;206;0;
9118;2024.08.04 23:00;4;27;-200;-200;3452;206;0;
9119;2024.08.04 23:15;4;27.0625;-200;-200;3452;206;0;
9120;2024.08.04 23:30;4;27.25;-200;-200;3452;206;0;
9121;2024.08.04 23:45;4;26.875;-200;-200;3452;206;0;
9122;2024.08.05 00:00;4;25.875;-200;-200;3452;206;0;
9123;2024.08.05 00:15;4;26.75;-200;-200;3452;206;0;
9124;2024.08.05 00:30;4;29.25;-200;-200;3454;206;0;
9125;2024.08.05 00:45;4;25.6875;-200;-200;3452;206;0;
9126;2024.08.05 01:00;4;22.75;-200;-200;3451;206;0;
9127;2024.08.05 01:15;4;20.75;-200;-200;3451;206;0;
9128;2024.08.05 01:30;4;19.6875;-200;-200;3450;206;0;
9129;2024.08.05 01:45;4;19;-200;-200;3450;206;0;
9130;2024.08.05 02:00;4;18;-200;-200;3450;206;0;
9131;2024.08.05 02:15;4;17.5;-200;-200;3450;206;0;
9132;2024.08.05 02:30;4;17.125;-200;-200;3450;206;0;
9133;2024.08.05 02:45;4;16.625;-200;-200;3450;206;0;
9134;2024.08.05 03:00;4;16.5625;-200;-200;3450;206;0;
9135;2024.08.05 03:15;4;16.25;-200;-200;3450;206;0;
9136;2024.08.05 03:30;4;16;-200;-200;3450;206;0;
9137;2024.08.05 03:45;4;16.125;-200;-200;3450;206;0;
9138;2024.08.05 04:00;4;16.25;-200;-200;3450;206;0;
9139;2024.08.05 04:15;4;16.6875;-200;-200;3450;206;0;
9140;2024.08.05 04:30;4;16.125;-200;-200;3450;206;0;
9141;2024.08.05 04:45;4;16.25;-200;-200;3450;206;0;
9142;2024.08.05 05:00;4;15.75;-200;-200;3450;206;0;
9143;2024.08.05 05:15;4;15.4375;-200;-200;3450;206;0;
9144;2024.08.05 05:30;4;15.3125;-200;-200;3450;206;0;
9145;2024.08.05 05:45;4;14.875;-200;-200;3450;206;0;
9146;2024.08.05 06:00;4;14.625;-200;-200;3450;206;0;
9147;2024.08.05 06:15;4;15.5;-200;-200;3450;206;0;
9148;2024.08.05 06:30;4;15.625;-200;-200;3450;206;0;
9149;2024.08.05 06:45;4;15.375;-200;-200;3450;206;0;
9150;2024.08.05 07:00;4;15;-200;-200;3450;206;0;
9151;2024.08.05 07:15;4;14.875;-200;-200;3450;206;0;
9152;2024.08.05 07:30;4;14.75;-200;-200;3450;206;0;
9153;2024.08.05 07:45;4;15.0625;-200;-200;3450;206;0;
9154;2024.08.05 08:00;4;14.5;-200;-200;3450;206;0;
9155;2024.08.05 08:15;4;14.3125;-200;-200;3449;206;0;
9156;2024.08.05 08:30;4;14.25;-200;-200;3450;206;0;
9157;2024.08.05 08:45;4;13.875;-200;-200;3450;206;0;
9158;2024.08.05 09:00;4;13.6875;-200;-200;3450;206;0;
9159;2024.08.05 09:15;4;13;-200;-200;3449;206;0;
9160;2024.08.05 09:30;4;13.625;-200;-200;3449;206;0;
9161;2024.08.05 09:45;4;13.625;-200;-200;3449;206;0;
9162;2024.08.05 10:00;4;14.25;-200;-200;3449;206;0;
9163;2024.08.05 10:15;4;13.6875;-200;-200;3449;206;0;
9164;2024.08.05 10:30;4;14;-200;-200;3449;206;0;
9165;2024.08.05 10:45;4;13.625;-200;-200;3449;206;0;
9166;2024.08.05 11:00;4;13.625;-200;-200;3449;206;0;
9167;2024.08.05 11:15;4;13.4375;-200;-200;3449;206;0;
9168;2024.08.05 11:30;4;13.25;-200;-200;3449;206;0;
9169;2024.08.05 11:45;4;12.8125;-200;-200;3449;206;0;
9170;2024.08.05 12:00;4;12.3125;-200;-200;3449;206;0;
9171;2024.08.05 12:15;4;12.25;-200;-200;3449;206;0;
9172;2024.08.05 12:30;4;12.25;-200;-200;3449;206;0;
9173;2024.08.05 12:45;4;12.1875;-200;-200;3449;206;0;
9174;2024.08.05 13:00;4;12;-200;-200;3449;206;0;
9175;2024.08.05 13:15;4;12.6875;-200;-200;3449;206;0;
9176;2024.08.05 13:30;4;13;-200;-200;3449;206;0;
9177;2024.08.05 13:45;4;13.875;-200;-200;3449;206;0;
9178;2024.08.05 14:00;4;14.875;-200;-200;3449;206;0;
9179;2024.08.05 14:15;4;16.125;-200;-200;3449;206;0;
9180;2024.08.05 14:30;4;17;-200;-200;3449;206;0;
9181;2024.08.05 14:45;4;17.875;-200;-200;3449;206;0;
9182;2024.08.05 15:00;4;18.375;-200;-200;3449;206;0;
9183;2024.08.05 15:15;4;19.1875;-200;-200;3449;206;0;
9184;2024.08.05 15:30;4;19.625;-200;-200;3449;206;0;
9185;2024.08.05 15:45;4;20.25;-200;-200;3449;206;0;
9186;2024.08.05 16:00;4;21.0625;-200;-200;3449;206;0;
9187;2024.08.05 16:15;4;22;-200;-200;3449;206;0;
9188;2024.08.05 16:30;4;22.25;-200;-200;3450;206;0;
9189;2024.08.05 16:45;4;22.125;-200;-200;3450;206;0;
9190;2024.08.05 17:00;4;22.3125;-200;-200;3449;206;0;
9191;2024.08.05 17:15;4;23.125;-200;-200;3450;206;0;
9192;2024.08.05 17:30;4;23.875;-200;-200;3450;206;0;
9193;2024.08.05 17:45;4;25.5625;-200;-200;3450;206;0;
9194;2024.08.05 18:00;4;23.125;-200;-200;3450;206;0;
9195;2024.08.05 18:15;4;23.3125;-200;-200;3450;206;0;
9196;2024.08.05 18:30;4;22.25;-200;-200;3450;206;0;
9197;2024.08.05 18:45;4;21.5;-200;-200;3450;206;0;
9198;2024.08.05 19:00;4;20.75;-200;-200;3450;206;0;
9199;2024.08.05 19:15;4;19.4375;-200;-200;3449;206;0;
9200;2024.08.05 19:30;4;16.9375;-200;-200;3449;206;0;
9201;2024.08.05 19:45;4;15.5;-200;-200;3449;206;0;
9202;2024.08.05 20:00;4;15;-200;-200;3449;206;0;
9203;2024.08.05 20:15;4;15.125;-200;-200;3448;206;0;
9204;2024.08.05 20:30;4;14.625;-200;-200;3448;206;0;
9205;2024.08.05 20:45;4;14.8125;-200;-200;3448;206;0;
9206;2024.08.05 21:00;4;14.75;-200;-200;3448;206;0;
9207;2024.08.05 21:15;4;15.375;-200;-200;3448;206;0;
9208;2024.08.05 21:30;4;18.25;-200;-200;3448;206;0;
9209;2024.08.05 21:45;4;24.625;-200;-200;3449;206;0;
9210;2024.08.05 22:00;4;25.1875;-200;-200;3450;206;0;
9211;2024.08.05 22:15;4;23.25;-200;-200;3450;206;0;
9212;2024.08.05 22:30;4;21.25;-200;-200;3450;206;0;
9213;2024.08.05 22:45;4;19.875;-200;-200;3449;206;0;
9214;2024.08.05 23:00;4;17.8125;-200;-200;3449;206;0;
9215;2024.08.05 23:15;4;17.5;-200;-200;3449;206;0;
9216;2024.08.05 23:30;4;17.75;-200;-200;3449;206;0;
9217;2024.08.05 23:45;4;17.875;-200;-200;3449;206;0;
9218;2024.08.06 00:00;4;17.75;-200;-200;3449;206;0;
9219;2024.08.06 00:15;4;18.4375;-200;-200;3449;206;0;
9220;2024.08.06 00:30;4;18.75;-200;-200;3449;206;0;
9221;2024.08.06 00:45;4;18.375;-200;-200;3449;206;0;
9222;2024.08.06 01:00;4;18.5;-200;-200;3449;206;0;
9223;2024.08.06 01:15;4;18.3125;-200;-200;3449;206;0;
9224;2024.08.06 01:30;4;17.625;-200;-200;3449;206;0;
9225;2024.08.06 01:45;4;17;-200;-200;3449;206;0;
9226;2024.08.06 02:00;4;16.25;-200;-200;3449;206;0;
9227;2024.08.06 02:15;4;15.6875;-200;-200;3448;206;0;
9228;2024.08.06 02:30;4;15.4375;-200;-200;3448;206;0;
9229;2024.08.06 02:45;4;15.375;-200;-200;3448;206;0;
9230;2024.08.06 03:00;4;16;-200;-200;3448;206;0;
9231;2024.08.06 03:15;4;16.125;-200;-200;3448;206;0;
9232;2024.08.06 03:30;4;16.25;-200;-200;3448;206;0;
9233;2024.08.06 03:45;4;17.625;-200;-200;3448;206;0;
9234;2024.08.06 04:00;4;16.375;-200;-200;3448;206;0;
9235;2024.08.06 04:15;4;16.5;-200;-200;3448;206;0;
9236;2024.08.06 04:30;4;16.375;-200;-200;3448;206;0;
9237;2024.08.06 04:45;4;16.5;-200;-200;3448;206;0;
9238;2024.08.06 05:00;4;16.625;-200;-200;3448;206;0;
9239;2024.08.06 05:15;4;16.875;-200;-200;3448;206;0;
9240;2024.08.06 05:30;4;16.25;-200;-200;3448;206;0;
9241;2024.08.06 05:45;4;16.1875;-200;-200;3448;206;0;
9242;2024.08.06 06:00;4;16.25;-200;-200;3448;206;0;
9243;2024.08.06 06:15;4;16.25;-200;-200;3448;206;0;
9244;2024.08.06 06:30;4;16.25;-200;-200;3448;206;0;
9245;2024.08.06 06:45;4;16.1875;-200;-200;3448;206;0;
9246;2024.08.06 07:00;4;15.875;-200;-200;3448;206;0;
9247;2024.08.06 07:15;4;15.25;-200;-200;3448;206;0;
9248;2024.08.06 07:30;4;13.6875;-200;-200;3448;206;0;
9249;2024.08.06 07:45;4;13.375;-200;-200;3449;206;0;
9250;2024.08.06 08:00;4;13.3125;-200;-200;3449;206;0;
9251;2024.08.06 08:15;4;13.5;-200;-200;3449;206;0;
9252;2024.08.06 08:30;4;13.5;-200;-200;3449;206;0;
9253;2024.08.06 08:45;4;13.5;-200;-200;3449;206;0;
9254;2024.08.06 09:00;4;13.5;-200;-200;3449;206;0;
9255;2024.08.06 09:15;4;13.5;-200;-200;3449;206;0;
9256;2024.08.06 09:30;4;13.625;-200;-200;3449;206;0;
9257;2024.08.06 09:45;4;13.4375;-200;-200;3449;206;0;
9258;2024.08.06 10:00;4;13.625;-200;-200;3449;206;0;
9259;2024.08.06 10:15;4;13.6875;-200;-200;3449;206;0;
9260;2024.08.06 10:30;4;13.875;-200;-200;3449;206;0;
9261;2024.08.06 10:45;4;13.25;-200;-200;3449;206;0;
9262;2024.08.06 11:00;4;13.3125;-200;-200;3449;206;0;
9263;2024.08.06 11:15;4;13.375;-200;-200;3449;206;0;
9264;2024.08.06 11:30;4;12.875;-200;-200;3449;206;0;
9265;2024.08.06 11:45;4;12.5;-200;-200;3450;206;0;
9266;2024.08.06 12:00;4;12;-200;-200;3450;206;0;
9267;2024.08.06 12:15;4;11.875;-200;-200;3449;206;0;
9268;2024.08.06 12:30;4;11.875;-200;-200;3450;206;0;
9269;2024.08.06 12:45;4;12.625;-200;-200;3450;206;0;
9270;2024.08.06 13:00;4;12.5;-200;-200;3450;206;0;
9271;2024.08.06 13:15;4;13.0625;-200;-200;3449;206;0;
9272;2024.08.06 13:30;4;13.625;-200;-200;3449;206;0;
9273;2024.08.06 13:45;4;14.625;-200;-200;3449;206;0;
9274;2024.08.06 14:00;4;15.625;-200;-200;3449;206;0;
9275;2024.08.06 14:15;4;15.875;-200;-200;3449;206;0;
9276;2024.08.06 14:30;4;16.625;-200;-200;3449;206;0;
9277;2024.08.06 14:45;4;17.9375;-200;-200;3450;206;0;
9278;2024.08.06 15:00;4;18.8125;-200;-200;3450;206;0;
9279;2024.08.06 15:15;4;19.25;-200;-200;3450;206;0;
9280;2024.08.06 15:30;4;19.75;-200;-200;3450;206;0;
9281;2024.08.06 15:45;4;20.125;-200;-200;3450;206;0;
9282;2024.08.06 16:00;4;20.3125;-200;-200;3450;206;0;
9283;2024.08.06 16:15;4;20.75;-200;-200;3450;206;0;
9284;2024.08.06 16:30;4;21.0625;-200;-200;3450;206;0;
9285;2024.08.06 16:45;4;21.125;-200;-200;3450;206;0;
9286;2024.08.06 17:00;4;21.125;-200;-200;3450;206;0;
9287;2024.08.06 17:15;4;21.5625;-200;-200;3450;206;0;
9288;2024.08.06 17:30;4;22.5;-200;-200;3450;206;0;
9289;2024.08.06 17:45;4;23.9375;-200;-200;3451;206;0;
9290;2024.08.06 18:00;4;24.875;-200;-200;3452;206;0;
9291;2024.08.06 18:15;4;26;-200;-200;3452;206;0;
9292;2024.08.06 18:30;4;26.375;-200;-200;3452;206;0;
9293;2024.08.06 18:45;4;25.875;-200;-200;3452;206;0;
9294;2024.08.06 19:00;4;26.875;-200;-200;3452;206;0;
9295;2024.08.06 19:15;4;27.5625;-200;-200;3453;206;0;
9296;2024.08.06 19:30;4;28.375;-200;-200;3453;206;0;
9297;2024.08.06 19:45;4;26.75;-200;-200;3452;206;0;
9298;2024.08.06 20:00;4;25;-200;-200;3452;206;0;
9299;2024.08.06 20:15;4;24.5;-200;-200;3451;206;0;
9300;2024.08.06 20:30;4;24.75;-200;-200;3451;206;0;
9301;2024.08.06 20:45;4;28.375;-200;-200;3453;206;0;
9302;2024.08.06 21:00;4;29.75;-200;-200;3454;206;0;
9303;2024.08.06 21:15;4;31.5;-200;-200;3455;206;0;
9304;2024.08.06 21:30;4;25.5;-200;-200;3452;206;0;
9305;2024.08.06 21:45;4;22.1875;-200;-200;3451;206;0;
9306;2024.08.06 22:00;4;21.75;-200;-200;3451;206;0;
9307;2024.08.06 22:15;4;23;-200;-200;3451;206;0;
9308;2024.08.06 22:30;4;23.5625;-200;-200;3451;206;0;
9309;2024.08.06 22:45;4;22.875;-200;-200;3451;206;0;
9310;2024.08.06 23:00;4;23.125;-200;-200;3451;206;0;
9311;2024.08.06 23:15;4;23.875;-200;-200;3451;206;0;
9312;2024.08.06 23:30;4;23.4375;-200;-200;3451;206;0;
9313;2024.08.06 23:45;4;23.625;-200;-200;3451;206;0;
9314;2024.08.07 00:00;4;23.375;-200;-200;3451;206;0;
9315;2024.08.07 00:15;4;23.125;-200;-200;3451;206;0;
9316;2024.08.07 00:30;4;22.625;-200;-200;3451;206;0;
9317;2024.08.07 00:45;4;21.75;-200;-200;3450;206;0;
9318;2024.08.07 01:00;4;21.125;-200;-200;3450;206;0;
9319;2024.08.07 01:15;4;20.5;-200;-200;3450;206;0;
9320;2024.08.07 01:30;4;20;-200;-200;3450;206;0;
9321;2024.08.07 01:45;4;19.5;-200;-200;3450;206;0;
9322;2024.08.07 02:00;4;17.3125;-200;-200;3449;206;0;
9323;2024.08.07 02:15;4;14.6875;-200;-200;3449;206;0;
9324;2024.08.07 02:30;4;14.25;-200;-200;3449;206;0;
9325;2024.08.07 02:45;4;15;-200;-200;3449;206;0;
9326;2024.08.07 03:00;4;15.5625;-200;-200;3449;206;0;
9327;2024.08.07 03:15;4;16.1875;-200;-200;3448;206;0;
9328;2024.08.07 03:30;4;15.5625;-200;-200;3449;206;0;
9329;2024.08.07 03:45;4;15.625;-200;-200;3448;206;0;
9330;2024.08.07 04:00;4;15.25;-200;-200;3449;206;0;
9331;2024.08.07 04:15;4;15.125;-200;-200;3448;206;0;
9332;2024.08.07 04:30;4;15;-200;-200;3448;206;0;
9333;2024.08.07 04:45;4;15.125;-200;-200;3449;206;0;
9334;2024.08.07 05:00;4;15.375;-200;-200;3448;206;0;
9335;2024.08.07 05:15;4;15.125;-200;-200;3449;206;0;
9336;2024.08.07 05:30;4;14.8125;-200;-200;3449;206;0;
9337;2024.08.07 05:45;4;14.125;-200;-200;3449;206;0;
9338;2024.08.07 06:00;4;13.5625;-200;-200;3449;206;0;
9339;2024.08.07 06:15;4;13.375;-200;-200;3448;206;0;
9340;2024.08.07 06:30;4;13.1875;-200;-200;3448;206;0;
9341;2024.08.07 06:45;4;13.5;-200;-200;3447;206;0;
9342;2024.08.07 07:00;4;13.375;-200;-200;3448;206;0;
9343;2024.08.07 07:15;4;12.625;-200;-200;3448;206;0;
9344;2024.08.07 07:30;4;12.5;-200;-200;3447;206;0;
9345;2024.08.07 07:45;4;12.125;-200;-200;3448;206;0;
9346;2024.08.07 08:00;4;11.5;-200;-200;3447;206;0;
9347;2024.08.07 08:15;4;11.1875;-200;-200;3448;206;0;
9348;2024.08.07 08:30;4;11;-200;-200;3448;206;0;
9349;2024.08.07 08:45;4;10.875;-200;-200;3448;206;0;
9350;2024.08.07 09:00;4;10.75;-200;-200;3448;206;0;
9351;2024.08.07 09:15;4;10.6875;-200;-200;3447;206;0;
9352;2024.08.07 09:30;4;10.5;-200;-200;3448;206;0;
9353;2024.08.07 09:45;4;10.3125;-200;-200;3447;206;0;
9354;2024.08.07 10:00;4;10.25;-200;-200;3448;206;0;
9355;2024.08.07 10:15;4;10.5;-200;-200;3448;206;0;
9356;2024.08.07 10:30;4;10.5;-200;-200;3448;206;0;
9357;2024.08.07 10:45;4;10.125;-200;-200;3448;206;0;
9358;2024.08.07 11:00;4;10.1875;-200;-200;3447;206;0;
9359;2024.08.07 11:15;4;10.125;-200;-200;3447;206;0;
9360;2024.08.07 11:30;4;10.125;-200;-200;3447;206;0;
9361;2024.08.07 11:45;4;10.125;-200;-200;3448;206;0;
9362;2024.08.07 12:00;4;10.375;-200;-200;3448;206;0;
9363;2024.08.07 12:15;4;10.25;-200;-200;3448;206;0;
9364;2024.08.07 12:30;4;10.25;-200;-200;3448;206;0;
9365;2024.08.07 12:45;4;10.3125;-200;-200;3448;206;0;
9366;2024.08.07 13:00;4;10.6875;-200;-200;3448;206;0;
9367;2024.08.07 13:15;4;11.5;-200;-200;3448;206;0;
9368;2024.08.07 13:30;4;11.875;-200;-200;3448;206;0;
9369;2024.08.07 13:45;4;12.625;-200;-200;3448;206;0;
9370;2024.08.07 14:00;4;13.5;-200;-200;3448;206;0;
9371;2024.08.07 14:15;4;14.875;-200;-200;3448;206;0;
9372;2024.08.07 14:30;4;16.25;-200;-200;3448;206;0;
9373;2024.08.07 14:45;4;17.625;-200;-200;3449;206;0;
9374;2024.08.07 15:00;4;18.5;-200;-200;3449;206;0;
9375;2024.08.07 15:15;4;19;-200;-200;3449;206;0;
9376;2024.08.07 15:30;4;19.625;-200;-200;3449;206;0;
9377;2024.08.07 15:45;4;20.125;-200;-200;3449;206;0;
9378;2024.08.07 16:00;4;20.3125;-200;-200;3449;206;0;
9379;2024.08.07 16:15;4;21;-200;-200;3449;206;0;
9380;2024.08.07 16:30;4;21.125;-200;-200;3449;206;0;
9381;2024.08.07 16:45;4;21.375;-200;-200;3449;206;0;
9382;2024.08.07 17:00;4;21.625;-200;-200;3449;206;0;
9383;2024.08.07 17:15;4;22.4375;-200;-200;3449;206;0;
9384;2024.08.07 17:30;4;22.6875;-200;-200;3450;206;0;
9385;2024.08.07 17:45;4;22.625;-200;-200;3450;206;0;
9386;2024.08.07 18:00;4;22.25;-200;-200;3450;206;0;
9387;2024.08.07 18:15;4;22.5;-200;-200;3450;206;0;
9388;2024.08.07 18:30;4;23;-200;-200;3450;206;0;
9389;2024.08.07 18:45;4;22.9375;-200;-200;3450;206;0;
9390;2024.08.07 19:00;4;22.4375;-200;-200;3450;206;0;
9391;2024.08.07 19:15;4;22.4375;-200;-200;3450;206;0;
9392;2024.08.07 19:30;4;25.75;-200;-200;3452;206;0;
9393;2024.08.07 19:45;4;26.5;-200;-200;3452;206;0;
9394;2024.08.07 20:00;4;24.9375;-200;-200;3451;206;0;
9395;2024.08.07 20:15;4;28.1875;-200;-200;3452;206;0;
9396;2024.08.07 20:30;4;29.375;-200;-200;3452;206;0;
9397;2024.08.07 20:45;4;29.9375;-200;-200;3452;206;0;
9398;2024.08.07 21:00;4;25.9375;-200;-200;3451;206;0;
9399;2024.08.07 21:15;4;30.125;-200;-200;3452;206;0;
9400;2024.08.07 21:30;4;30.875;-200;-200;3452;206;0;
9401;2024.08.07 21:45;4;32.3125;-200;-200;3453;206;0;
9402;2024.08.07 22:00;4;32.3125;-200;-200;3453;206;0;
9403;2024.08.07 22:15;4;28.875;-200;-200;3451;206;0;
9404;2024.08.07 22:30;4;25.375;-200;-200;3450;206;0;
9405;2024.08.07 22:45;4;23.625;-200;-200;3449;206;0;
9406;2024.08.07 23:00;4;14.875;-200;-200;3444;206;0;
9407;2024.08.07 23:15;4;12.8125;-200;-200;3444;206;0;
9408;2024.08.07 23:30;4;13.125;-200;-200;3443;206;0;
9409;2024.08.07 23:45;4;13.125;-200;-200;3443;206;0;
9410;2024.08.08 00:00;4;13.4375;-200;-200;3443;206;0;
9411;2024.08.08 00:15;4;13.25;-200;-200;3443;206;0;
9412;2024.08.08 00:30;4;13.125;-200;-200;3443;206;0;
9413;2024.08.08 00:45;4;13.3125;-200;-200;3443;206;0;
9414;2024.08.08 01:00;4;13.25;-200;-200;3443;206;0;
9415;2024.08.08 01:15;4;13.375;-200;-200;3444;206;0;
9416;2024.08.08 01:30;4;13.5;-200;-200;3443;206;0;
9417;2024.08.08 01:45;4;13.4375;-200;-200;3443;206;0;
9418;2024.08.08 02:00;4;13.5;-200;-200;3443;206;0;
9419;2024.08.08 02:15;4;13.375;-200;-200;3443;206;0;
9420;2024.08.08 02:30;4;13.5;-200;-200;3443;206;0;
9421;2024.08.08 02:45;4;13.5;-200;-200;3443;206;0;
9422;2024.08.08 03:00;4;13.1875;-200;-200;3443;206;0;
9423;2024.08.08 03:15;4;12.25;-200;-200;3444;206;0;
9424;2024.08.08 03:30;4;11.75;-200;-200;3444;206;0;
9425;2024.08.08 03:45;4;11.5625;-200;-200;3444;206;0;
9426;2024.08.08 04:00;4;11.375;-200;-200;3443;206;0;
9427;2024.08.08 04:15;4;11.125;-200;-200;3444;206;0;
9428;2024.08.08 04:30;4;11.125;-200;-200;3444;206;0;
9429;2024.08.08 04:45;4;11.25;-200;-200;3444;206;0;
9430;2024.08.08 05:00;4;11.25;-200;-200;3444;206;0;
9431;2024.08.08 05:15;4;11.375;-200;-200;3444;206;0;
9432;2024.08.08 05:30;4;11.125;-200;-200;3444;206;0;
9433;2024.08.08 05:45;4;11.1875;-200;-200;3444;206;0;
9434;2024.08.08 06:00;4;11.4375;-200;-200;3444;206;0;
9435;2024.08.08 06:15;4;11;-200;-200;3444;206;0;
9436;2024.08.08 06:30;4;11.1875;-200;-200;3444;206;0;
9437;2024.08.08 06:45;4;11.3125;-200;-200;3444;206;0;
9438;2024.08.08 07:00;4;11.3125;-200;-200;3445;206;0;
9439;2024.08.08 07:15;4;11.1875;-200;-200;3445;206;0;
9440;2024.08.08 07:30;4;11.25;-200;-200;3445;206;0;
9441;2024.08.08 07:45;4;11.625;-200;-200;3444;206;0;
9442;2024.08.08 08:00;4;11.4375;-200;-200;3446;206;0;
9443;2024.08.08 08:15;4;11.4375;-200;-200;3445;206;0;
9444;2024.08.08 08:30;4;11.25;-200;-200;3446;206;0;
9445;2024.08.08 08:45;4;11.375;-200;-200;3446;206;0;
9446;2024.08.08 09:00;4;11.75;-200;-200;3446;206;0;
9447;2024.08.08 09:15;4;12.125;-200;-200;3446;206;0;
9448;2024.08.08 09:30;4;12;-200;-200;3446;206;0;
9449;2024.08.08 09:45;4;11.875;-200;-200;3447;206;0;
9450;2024.08.08 10:00;4;12.1875;-200;-200;3447;206;0;
9451;2024.08.08 10:15;4;11.75;-200;-200;3447;206;0;
9452;2024.08.08 10:30;4;11.5625;-200;-200;3447;206;0;
9453;2024.08.08 10:45;4;11.75;-200;-200;3446;206;0;
9454;2024.08.08 11:00;4;11.75;-200;-200;3446;206;0;
9455;2024.08.08 11:15;4;11.6875;-200;-200;3447;206;0;
9456;2024.08.08 11:30;4;11.5625;-200;-200;3447;206;0;
9457;2024.08.08 11:45;4;11.3125;-200;-200;3447;206;0;
9458;2024.08.08 12:00;4;10.875;-200;-200;3447;206;0;
9459;2024.08.08 12:15;4;10.75;-200;-200;3447;206;0;
9460;2024.08.08 12:30;4;10.625;-200;-200;3447;206;0;
9461;2024.08.08 12:45;4;10.4375;-200;-200;3447;206;0;
9462;2024.08.08 13:00;4;10.625;-200;-200;3447;206;0;
9463;2024.08.08 13:15;4;11;-200;-200;3447;206;0;
9464;2024.08.08 13:30;4;11.625;-200;-200;3447;206;0;
9465;2024.08.08 13:45;4;12.25;-200;-200;3447;206;0;
9466;2024.08.08 14:00;4;12.875;-200;-200;3448;206;0;
9467;2024.08.08 14:15;4;13.625;-200;-200;3448;206;0;
9468;2024.08.08 14:30;4;14.9375;-200;-200;3448;206;0;
9469;2024.08.08 14:45;4;15.875;-200;-200;3448;206;0;
9470;2024.08.08 15:00;4;16.75;-200;-200;3449;206;0;
9471;2024.08.08 15:15;4;17.125;-200;-200;3449;206;0;
9472;2024.08.08 15:30;4;17.625;-200;-200;3449;206;0;
9473;2024.08.08 15:45;4;17.875;-200;-200;3449;206;0;
9474;2024.08.08 16:00;4;18.375;-200;-200;3449;206;0;
9475;2024.08.08 16:15;4;18.875;-200;-200;3449;206;0;
9476;2024.08.08 16:30;4;19.5;-200;-200;3449;206;0;
9477;2024.08.08 16:45;4;20.125;-200;-200;3449;206;0;
9478;2024.08.08 17:00;4;21;-200;-200;3449;206;0;
9479;2024.08.08 17:15;4;20.75;-200;-200;3449;206;0;
9480;2024.08.08 17:30;4;21.5625;-200;-200;3450;206;0;
9481;2024.08.08 17:45;4;21;-200;-200;3450;206;0;
9482;2024.08.08 18:00;4;21.125;-200;-200;3450;206;0;
9483;2024.08.08 18:15;4;20.1875;-200;-200;3450;206;0;
9484;2024.08.08 18:30;4;20.6875;-200;-200;3450;206;0;
9485;2024.08.08 18:45;4;21.75;-200;-200;3450;206;0;
9486;2024.08.08 19:00;4;21.875;-200;-200;3450;206;0;
9487;2024.08.08 19:15;4;22.625;-200;-200;3450;206;0;
9488;2024.08.08 19:30;4;23.8125;-200;-200;3451;206;0;
9489;2024.08.08 19:45;4;22.75;-200;-200;3450;206;0;
9490;2024.08.08 20:00;4;22.375;-200;-200;3450;206;0;
9491;2024.08.08 20:15;4;21.25;-200;-200;3450;206;0;
9492;2024.08.08 20:30;4;18.875;-200;-200;3449;206;0;
9493;2024.08.08 20:45;4;17.75;-200;-200;3449;206;0;
9494;2024.08.08 21:00;4;14.375;-200;-200;3447;206;0;
9495;2024.08.08 21:15;4;13.3125;-200;-200;3447;206;0;
9496;2024.08.08 21:30;4;13.25;-200;-200;3447;206;0;
9497;2024.08.08 21:45;4;13.6875;-200;-200;3447;206;0;
9498;2024.08.08 22:00;4;16.3125;-200;-200;3447;206;0;
9499;2024.08.08 22:15;4;18;-200;-200;3448;206;0;
9500;2024.08.08 22:30;4;18.5;-200;-200;3448;206;0;
9501;2024.08.08 22:45;4;17.875;-200;-200;3448;206;0;
9502;2024.08.08 23:00;4;17.25;-200;-200;3448;206;0;
9503;2024.08.08 23:15;4;16.625;-200;-200;3448;206;0;
9504;2024.08.08 23:30;4;16.125;-200;-200;3448;206;0;
9505;2024.08.08 23:45;4;16.25;-200;-200;3448;206;0;
9506;2024.08.09 00:00;4;16.125;-200;-200;3448;206;0;
9507;2024.08.09 00:15;4;15.875;-200;-200;3448;206;0;
9508;2024.08.09 00:30;4;15.4375;-200;-200;3448;206;0;
9509;2024.08.09 00:45;4;15.125;-200;-200;3448;206;0;
9510;2024.08.09 01:00;4;15;-200;-200;3448;206;0;
9511;2024.08.09 01:15;4;15;-200;-200;3448;206;0;
9512;2024.08.09 01:30;4;15.125;-200;-200;3448;206;0;
9513;2024.08.09 01:45;4;14.875;-200;-200;3448;206;0;
9514;2024.08.09 02:00;4;14.75;-200;-200;3448;206;0;
9515;2024.08.09 02:15;4;14.875;-200;-200;3448;206;0;
9516;2024.08.09 02:30;4;14.875;-200;-200;3448;206;0;
9517;2024.08.09 02:45;4;14.875;-200;-200;3447;206;0;
9518;2024.08.09 03:00;4;14.5;-200;-200;3447;206;0;
9519;2024.08.09 03:15;4;14.125;-200;-200;3448;206;0;
9520;2024.08.09 03:30;4;13.9375;-200;-200;3447;206;0;
9521;2024.08.09 03:45;4;13.625;-200;-200;3448;206;0;
9522;2024.08.09 04:00;4;13.3125;-200;-200;3448;206;0;
9523;2024.08.09 04:15;4;12.875;-200;-200;3448;206;0;
9524;2024.08.09 04:30;4;12.375;-200;-200;3449;206;0;
9525;2024.08.09 04:45;4;13.125;-200;-200;3449;206;0;
9526;2024.08.09 05:00;4;13.125;-200;-200;3449;206;0;
9527;2024.08.09 05:15;4;13.25;-200;-200;3449;206;0;
9528;2024.08.09 05:30;4;13.375;-200;-200;3449;206;0;
9529;2024.08.09 05:45;4;13.5625;-200;-200;3449;206;0;
9530;2024.08.09 06:00;4;13.125;-200;-200;3449;206;0;
9531;2024.08.09 06:15;4;12.5625;-200;-200;3449;206;0;
9532;2024.08.09 06:30;4;12.5;-200;-200;3449;206;0;
9533;2024.08.09 06:45;4;12.5;-200;-200;3449;206;0;
9534;2024.08.09 07:00;4;12.375;-200;-200;3449;206;0;
9535;2024.08.09 07:15;4;12.25;-200;-200;3449;206;0;
9536;2024.08.09 07:30;4;12.0625;-200;-200;3449;206;0;
9537;2024.08.09 07:45;4;12;-200;-200;3449;206;0;
9538;2024.08.09 08:00;4;12.0625;-200;-200;3449;206;0;
9539;2024.08.09 08:15;4;12.125;-200;-200;3449;206;0;
9540;2024.08.09 08:30;4;12.3125;-200;-200;3449;206;0;
9541;2024.08.09 08:45;4;12.625;-200;-200;3449;206;0;
9542;2024.08.09 09:00;4;13.125;-200;-200;3449;206;0;
9543;2024.08.09 09:15;4;13.25;-200;-200;3449;206;0;
9544;2024.08.09 09:30;4;13.1875;-200;-200;3449;206;0;
9545;2024.08.09 09:45;4;13.125;-200;-200;3449;206;0;
9546;2024.08.09 10:00;4;13;-200;-200;3449;206;0;
9547;2024.08.09 10:15;4;13;-200;-200;3449;206;0;
9548;2024.08.09 10:30;4;13.125;-200;-200;3449;206;0;
9549;2024.08.09 10:45;4;13.125;-200;-200;3449;206;0;
9550;2024.08.09 11:00;4;13.125;-200;-200;3449;206;0;
9551;2024.08.09 11:15;4;13.1875;-200;-200;3449;206;0;
9552;2024.08.09 11:30;4;13.25;-200;-200;3449;206;0;
9553;2024.08.09 11:45;4;13.125;-200;-200;3449;206;0;
9554;2024.08.09 12:00;4;13;-200;-200;3449;206;0;
9555;2024.08.09 12:15;4;12.875;-200;-200;3449;206;0;
9556;2024.08.09 12:30;4;12.9375;-200;-200;3449;206;0;
9557;2024.08.09 12:45;4;13;-200;-200;3449;206;0;
9558;2024.08.09 13:00;4;13;-200;-200;3449;206;0;
9559;2024.08.09 13:15;4;13.125;-200;-200;3449;206;0;
9560;2024.08.09 13:30;4;13.25;-200;-200;3449;206;0;
9561;2024.08.09 13:45;4;13.25;-200;-200;3449;206;0;
9562;2024.08.09 14:00;4;13.5;-200;-200;3449;206;0;
9563;2024.08.09 14:15;4;13.875;-200;-200;3449;206;0;
9564;2024.08.09 14:30;4;14;-200;-200;3449;206;0;
9565;2024.08.09 14:45;4;14.125;-200;-200;3449;206;0;
9566;2024.08.09 15:00;4;14.875;-200;-200;3449;206;0;
9567;2024.08.09 15:15;4;15.6875;-200;-200;3449;206;0;
9568;2024.08.09 15:30;4;15.75;-200;-200;3449;206;0;
9569;2024.08.09 15:45;4;17.125;-200;-200;3449;206;0;
9570;2024.08.09 16:00;4;16.8125;-200;-200;3449;206;0;
9571;2024.08.09 16:15;4;16.875;-200;-200;3449;206;0;
9572;2024.08.09 16:30;4;16.75;-200;-200;3449;206;0;
9573;2024.08.09 16:45;4;17.75;-200;-200;3449;206;0;
9574;2024.08.09 17:00;4;17.375;-200;-200;3449;206;0;
9575;2024.08.09 17:15;4;17.875;-200;-200;3449;206;0;
9576;2024.08.09 17:30;4;18.125;-200;-200;3449;206;0;
9577;2024.08.09 17:45;4;18.375;-200;-200;3449;206;0;
9578;2024.08.09 18:00;4;17.75;-200;-200;3449;206;0;
9579;2024.08.09 18:15;4;16.8125;-200;-200;3449;206;0;
9580;2024.08.09 18:30;4;16.5;-200;-200;3449;206;0;
9581;2024.08.09 18:45;4;16.375;-200;-200;3449;206;0;
9582;2024.08.09 19:00;4;16.4375;-200;-200;3449;206;0;
9583;2024.08.09 19:15;4;17.1875;-200;-200;3449;206;0;
9584;2024.08.09 19:30;4;18.25;-200;-200;3449;206;0;
9585;2024.08.09 19:45;4;19.75;-200;-200;3450;206;0;
9586;2024.08.09 20:00;4;20.5;-200;-200;3450;206;0;
9587;2024.08.09 20:15;4;23.25;-200;-200;3451;206;0;
9588;2024.08.09 20:30;4;21.6875;-200;-200;3450;206;0;
9589;2024.08.09 20:45;4;22;-200;-200;3449;206;0;
9590;2024.08.09 21:00;4;21.375;-200;-200;3449;206;0;
9591;2024.08.09 21:15;4;20.25;-200;-200;3449;206;0;
9592;2024.08.09 21:30;4;19.25;-200;-200;3449;206;0;
9593;2024.08.09 21:45;4;14.5;-200;-200;3448;206;0;
9594;2024.08.09 22:00;4;14.625;-200;-200;3447;206;0;
9595;2024.08.09 22:15;4;14.8125;-200;-200;3447;206;0;
9596;2024.08.09 22:30;4;13;-200;-200;3447;206;0;
9597;2024.08.09 22:45;4;11.75;-200;-200;3447;206;0;
9598;2024.08.09 23:00;4;11.5;-200;-200;3448;206;0;
9599;2024.08.09 23:15;4;11.4375;-200;-200;3448;206;0;
9600;2024.08.09 23:30;4;12.25;-200;-200;3449;206;0;
9601;2024.08.09 23:45;4;15;-200;-200;3450;206;0;
9602;2024.08.10 00:00;4;15.0625;-200;-200;3450;206;0;
9603;2024.08.10 00:15;4;14.1875;-200;-200;3449;206;0;
9604;2024.08.10 00:30;4;12.25;-200;-200;3450;206;0;
9605;2024.08.10 00:45;4;12.375;-200;-200;3450;206;0;
9606;2024.08.10 01:00;4;12.375;-200;-200;3450;206;0;
9607;2024.08.10 01:15;4;12.25;-200;-200;3450;206;0;
9608;2024.08.10 01:30;4;12.1875;-200;-200;3450;206;0;
9609;2024.08.10 01:45;4;12.125;-200;-200;3450;206;0;
9610;2024.08.10 02:00;4;11.8125;-200;-200;3450;206;0;
9611;2024.08.10 02:15;4;11.625;-200;-200;3450;206;0;
9612;2024.08.10 02:30;4;11.25;-200;-200;3450;206;0;
9613;2024.08.10 02:45;4;11.25;-200;-200;3451;206;0;
9614;2024.08.10 03:00;4;11.125;-200;-200;3451;206;0;
9615;2024.08.10 03:15;4;11.25;-200;-200;3451;206;0;
9616;2024.08.10 03:30;4;11.125;-200;-200;3451;206;0;
9617;2024.08.10 03:45;4;11.25;-200;-200;3451;206;0;
9618;2024.08.10 04:00;4;11.125;-200;-200;3451;206;0;
9619;2024.08.10 04:15;4;11.125;-200;-200;3451;206;0;
9620;2024.08.10 04:30;4;11.25;-200;-200;3451;206;0;
9621;2024.08.10 04:45;4;11.25;-200;-200;3451;206;0;
9622;2024.08.10 05:00;4;11.4375;-200;-200;3451;206;0;
9623;2024.08.10 05:15;4;11.6875;-200;-200;3451;206;0;
9624;2024.08.10 05:30;4;11.625;-200;-200;3451;206;0;
9625;2024.08.10 05:45;4;11.5625;-200;-200;3451;206;0;
9626;2024.08.10 06:00;4;11.5;-200;-200;3451;206;0;
9627;2024.08.10 06:15;4;11.25;-200;-200;3451;206;0;
9628;2024.08.10 06:30;4;11.6875;-200;-200;3451;206;0;
9629;2024.08.10 06:45;4;12.125;-200;-200;3451;206;0;
9630;2024.08.10 07:00;4;12.3125;-200;-200;3451;206;0;
9631;2024.08.10 07:15;4;12.875;-200;-200;3451;206;0;
9632;2024.08.10 07:30;4;13;-200;-200;3451;206;0;
9633;2024.08.10 07:45;4;13.125;-200;-200;3451;206;0;
9634;2024.08.10 08:00;4;13;-200;-200;3451;206;0;
9635;2024.08.10 08:15;4;13.0625;-200;-200;3451;206;0;
9636;2024.08.10 08:30;4;13.0625;-200;-200;3451;206;0;
9637;2024.08.10 08:45;4;13.125;-200;-200;3451;206;0;
9638;2024.08.10 09:00;4;12.875;-200;-200;3451;206;0;
9639;2024.08.10 09:15;4;12.375;-200;-200;3451;206;0;
9640;2024.08.10 09:30;4;12.0625;-200;-200;3452;206;0;
9641;2024.08.10 09:45;4;12.0625;-200;-200;3452;206;0;
9642;2024.08.10 10:00;4;12.0625;-200;-200;3451;206;0;
9643;2024.08.10 10:15;4;11.875;-200;-200;3452;206;0;
9644;2024.08.10 10:30;4;11.75;-200;-200;3451;206;0;
9645;2024.08.10 10:45;4;11.625;-200;-200;3451;206;0;
9646;2024.08.10 11:00;4;11.625;-200;-200;3452;206;0;
9647;2024.08.10 11:15;4;11.5;-200;-200;3451;206;0;
9648;2024.08.10 11:30;4;11.375;-200;-200;3451;206;0;
9649;2024.08.10 11:45;4;11.25;-200;-200;3452;206;0;
9650;2024.08.10 12:00;4;11.125;-200;-200;3452;206;0;
9651;2024.08.10 12:15;4;11.25;-200;-200;3452;206;0;
9652;2024.08.10 12:30;4;11.625;-200;-200;3452;206;0;
9653;2024.08.10 12:45;4;11.625;-200;-200;3452;206;0;
9654;2024.08.10 13:00;4;11.5625;-200;-200;3452;206;0;
9655;2024.08.10 13:15;4;11.375;-200;-200;3452;206;0;
9656;2024.08.10 13:30;4;11.4375;-200;-200;3452;206;0;
9657;2024.08.10 13:45;4;11.5625;-200;-200;3452;206;0;
9658;2024.08.10 14:00;4;11.625;-200;-200;3452;206;0;
9659;2024.08.10 14:15;4;11.875;-200;-200;3452;206;0;
9660;2024.08.10 14:30;4;12.125;-200;-200;3452;206;0;
9661;2024.08.10 14:45;4;12.375;-200;-200;3452;206;0;
9662;2024.08.10 15:00;4;12.5;-200;-200;3452;206;0;
9663;2024.08.10 15:15;4;12.6875;-200;-200;3452;206;0;
9664;2024.08.10 15:30;4;12.625;-200;-200;3452;206;0;
9665;2024.08.10 15:45;4;12.625;-200;-200;3452;206;0;
9666;2024.08.10 16:00;4;12.625;-200;-200;3453;206;0;
9667;2024.08.10 16:15;4;12.5;-200;-200;3453;206;0;
9668;2024.08.10 16:30;4;12.9375;-200;-200;3452;206;0;
9669;2024.08.10 16:45;4;13.125;-200;-200;3453;206;0;
9670;2024.08.10 17:00;4;13.375;-200;-200;3453;206;0;
9671;2024.08.10 17:15;4;13.8125;-200;-200;3453;206;0;
9672;2024.08.10 17:30;4;14.875;-200;-200;3453;206;0;
9673;2024.08.10 17:45;4;17.3125;-200;-200;3453;206;0;
9674;2024.08.10 18:00;4;18.125;-200;-200;3453;206;0;
9675;2024.08.10 18:15;4;18.875;-200;-200;3453;206;0;
9676;2024.08.10 18:30;4;18.5;-200;-200;3454;206;0;
9677;2024.08.10 18:45;4;18;-200;-200;3454;206;0;
9678;2024.08.10 19:00;4;19.5;-200;-200;3454;206;0;
9679;2024.08.10 19:15;4;19;-200;-200;3454;206;0;
9680;2024.08.10 19:30;4;18.625;-200;-200;3454;206;0;
9681;2024.08.10 19:45;4;18.625;-200;-200;3454;206;0;
9682;2024.08.10 20:00;4;19.6875;-200;-200;3454;206;0;
9683;2024.08.10 20:15;4;21.5;-200;-200;3454;206;0;
9684;2024.08.10 20:30;4;21.625;-200;-200;3454;206;0;
9685;2024.08.10 20:45;4;22.125;-200;-200;3455;206;0;
9686;2024.08.10 21:00;4;24.625;-200;-200;3456;206;0;
9687;2024.08.10 21:15;4;24.75;-200;-200;3456;206;0;
9688;2024.08.10 21:30;4;26.375;-200;-200;3457;206;0;
9689;2024.08.10 21:45;4;26.4375;-200;-200;3456;206;0;
9690;2024.08.10 22:00;4;26.75;-200;-200;3457;206;0;
9691;2024.08.10 22:15;4;23.9375;-200;-200;3456;206;0;
9692;2024.08.10 22:30;4;21.375;-200;-200;3455;206;0;
9693;2024.08.10 22:45;4;23.0625;-200;-200;3455;206;0;
9694;2024.08.10 23:00;4;22.375;-200;-200;3454;206;0;
9695;2024.08.10 23:15;4;23.625;-200;-200;3454;206;0;
9696;2024.08.10 23:30;4;22.625;-200;-200;3454;206;0;
9697;2024.08.10 23:45;4;20.625;-200;-200;3453;206;0;
9698;2024.08.11 00:00;4;19.375;-200;-200;3453;206;0;
9699;2024.08.11 00:15;4;18.6875;-200;-200;3453;206;0;
9700;2024.08.11 00:30;4;18.375;-200;-200;3453;206;0;
9701;2024.08.11 00:45;4;18.25;-200;-200;3452;206;0;
9702;2024.08.11 01:00;4;17.625;-200;-200;3452;206;0;
9703;2024.08.11 01:15;4;17;-200;-200;3452;206;0;
9704;2024.08.11 01:30;4;16.25;-200;-200;3452;206;0;
9705;2024.08.11 01:45;4;15.625;-200;-200;3452;206;0;
9706;2024.08.11 02:00;4;15.25;-200;-200;3452;206;0;
9707;2024.08.11 02:15;4;15.0625;-200;-200;3452;206;0;
9708;2024.08.11 02:30;4;14.875;-200;-200;3451;206;0;
9709;2024.08.11 02:45;4;14.875;-200;-200;3451;206;0;
9710;2024.08.11 03:00;4;14.8125;-200;-200;3451;206;0;
9711;2024.08.11 03:15;4;14.75;-200;-200;3451;206;0;
9712;2024.08.11 03:30;4;14.625;-200;-200;3451;206;0;
9713;2024.08.11 03:45;4;14.5;-200;-200;3451;206;0;
9714;2024.08.11 04:00;4;14;-200;-200;3451;206;0;
9715;2024.08.11 04:15;4;13.8125;-200;-200;3451;206;0;
9716;2024.08.11 04:30;4;13.875;-200;-200;3452;206;0;
9717;2024.08.11 04:45;4;13.75;-200;-200;3451;206;0;
9718;2024.08.11 05:00;4;13.8125;-200;-200;3451;206;0;
9719;2024.08.11 05:15;4;13.75;-200;-200;3451;206;0;
9720;2024.08.11 05:30;4;14;-200;-200;3451;206;0;
9721;2024.08.11 05:45;4;13.75;-200;-200;3451;206;0;
9722;2024.08.11 06:00;4;13.1875;-200;-200;3452;206;0;
9723;2024.08.11 06:15;4;12.5625;-200;-200;3452;206;0;
9724;2024.08.11 06:30;4;12.125;-200;-200;3451;206;0;
9725;2024.08.11 06:45;4;12.3125;-200;-200;3452;206;0;
9726;2024.08.11 07:00;4;14.375;-200;-200;3451;206;0;
9727;2024.08.11 07:15;4;13.875;-200;-200;3451;206;0;
9728;2024.08.11 07:30;4;13.375;-200;-200;3451;206;0;
9729;2024.08.11 07:45;4;13.25;-200;-200;3451;206;0;
9730;2024.08.11 08:00;4;13.25;-200;-200;3451;206;0;
9731;2024.08.11 08:15;4;13.125;-200;-200;3451;206;0;
9732;2024.08.11 08:30;4;13.125;-200;-200;3451;206;0;
9733;2024.08.11 08:45;4;13.0625;-200;-200;3451;206;0;
9734;2024.08.11 09:00;4;13.0625;-200;-200;3451;206;0;
9735;2024.08.11 09:15;4;13;-200;-200;3451;206;0;
9736;2024.08.11 09:30;4;12.75;-200;-200;3451;206;0;
9737;2024.08.11 09:45;4;12.375;-200;-200;3452;206;0;
9738;2024.08.11 10:00;4;12.25;-200;-200;3451;206;0;
9739;2024.08.11 10:15;4;12.375;-200;-200;3451;206;0;
9740;2024.08.11 10:30;4;12.125;-200;-200;3451;206;0;
9741;2024.08.11 10:45;4;11.5;-200;-200;3451;206;0;
9742;2024.08.11 11:00;4;11.375;-200;-200;3451;206;0;
9743;2024.08.11 11:15;4;11.3125;-200;-200;3452;206;0;
9744;2024.08.11 11:30;4;11.25;-200;-200;3451;206;0;
9745;2024.08.11 11:45;4;11.375;-200;-200;3451;206;0;
9746;2024.08.11 12:00;4;11.25;-200;-200;3451;206;0;
9747;2024.08.11 12:15;4;11.25;-200;-200;3451;206;0;
9748;2024.08.11 12:30;4;11.25;-200;-200;3451;206;0;
9749;2024.08.11 12:45;4;11.25;-200;-200;3451;206;0;
9750;2024.08.11 13:00;4;11.25;-200;-200;3451;206;0;
9751;2024.08.11 13:15;4;11.8125;-200;-200;3451;206;0;
9752;2024.08.11 13:30;4;12.4375;-200;-200;3451;206;0;
9753;2024.08.11 13:45;4;12.375;-200;-200;3451;206;0;
9754;2024.08.11 14:00;4;11.875;-200;-200;3451;206;0;
9755;2024.08.11 14:15;4;12.125;-200;-200;3451;206;0;
9756;2024.08.11 14:30;4;12.75;-200;-200;3451;206;0;
9757;2024.08.11 14:45;4;13.5;-200;-200;3451;206;0;
9758;2024.08.11 15:00;4;14.5;-200;-200;3452;206;0;
9759;2024.08.11 15:15;4;15.5;-200;-200;3452;206;0;
9760;2024.08.11 15:30;4;16.125;-200;-200;3452;206;0;
9761;2024.08.11 15:45;4;16.625;-200;-200;3452;206;0;
9762;2024.08.11 16:00;4;17.1875;-200;-200;3452;206;0;
9763;2024.08.11 16:15;4;17.75;-200;-200;3452;206;0;
9764;2024.08.11 16:30;4;18.375;-200;-200;3452;206;0;
9765;2024.08.11 16:45;4;18.625;-200;-200;3452;206;0;
9766;2024.08.11 17:00;4;19.0625;-200;-200;3452;206;0;
9767;2024.08.11 17:15;4;19.5;-200;-200;3452;206;0;
9768;2024.08.11 17:30;4;20.375;-200;-200;3453;206;0;
9769;2024.08.11 17:45;4;21.5;-200;-200;3453;206;0;
9770;2024.08.11 18:00;4;21.75;-200;-200;3453;206;0;
9771;2024.08.11 18:15;4;21.875;-200;-200;3454;206;0;
9772;2024.08.11 18:30;4;21.875;-200;-200;3454;206;0;
9773;2024.08.11 18:45;4;22.3125;-200;-200;3453;206;0;
9774;2024.08.11 19:00;4;21.5;-200;-200;3453;206;0;
9775;2024.08.11 19:15;4;22.5;-200;-200;3454;206;0;
9776;2024.08.11 19:30;4;24.5;-200;-200;3453;206;0;
9777;2024.08.11 19:45;4;22.875;-200;-200;3452;206;0;
9778;2024.08.11 20:00;4;24.3125;-200;-200;3453;206;0;
9779;2024.08.11 20:15;4;25.375;-200;-200;3453;206;0;
9780;2024.08.11 20:30;4;26.8125;-200;-200;3454;206;0;
9781;2024.08.11 20:45;4;27.5;-200;-200;3454;206;0;
9782;2024.08.11 21:00;4;28.125;-200;-200;3455;206;0;
9783;2024.08.11 21:15;4;28.125;-200;-200;3455;206;0;
9784;2024.08.11 21:30;4;30.25;-200;-200;3455;206;0;
9785;2024.08.11 21:45;4;29.625;-200;-200;3455;206;0;
9786;2024.08.11 22:00;4;29.5;-200;-200;3455;206;0;
9787;2024.08.11 22:15;4;28.375;-200;-200;3455;206;0;
9788;2024.08.11 22:30;4;24.375;-200;-200;3452;206;0;
9789;2024.08.11 22:45;4;24.375;-200;-200;3452;206;0;
9790;2024.08.11 23:00;4;23.5;-200;-200;3451;206;0;
9791;2024.08.11 23:15;4;26.125;-200;-200;3451;206;0;
9792;2024.08.11 23:30;4;24.5;-200;-200;3451;206;0;
9793;2024.08.11 23:45;4;23;-200;-200;3450;206;0;
9794;2024.08.12 00:00;4;22.3125;-200;-200;3450;206;0;
9795;2024.08.12 00:15;4;23.75;-200;-200;3450;206;0;
9796;2024.08.12 00:30;4;21.4375;-200;-200;3449;206;0;
9797;2024.08.12 00:45;4;21;-200;-200;3449;206;0;
9798;2024.08.12 01:00;4;19.875;-200;-200;3449;206;0;
9799;2024.08.12 01:15;4;19.125;-200;-200;3449;206;0;
9800;2024.08.12 01:30;4;19;-200;-200;3449;206;0;
9801;2024.08.12 01:45;4;18.375;-200;-200;3449;206;0;
9802;2024.08.12 02:00;4;17.5625;-200;-200;3449;206;0;
9803;2024.08.12 02:15;4;16.625;-200;-200;3448;206;0;
9804;2024.08.12 02:30;4;15.9375;-200;-200;3448;206;0;
9805;2024.08.12 02:45;4;15.0625;-200;-200;3448;206;0;
9806;2024.08.12 03:00;4;14.375;-200;-200;3448;206;0;
9807;2024.08.12 03:15;4;14.25;-200;-200;3448;206;0;
9808;2024.08.12 03:30;4;14.375;-200;-200;3447;206;0;
9809;2024.08.12 03:45;4;13.8125;-200;-200;3448;206;0;
9810;2024.08.12 04:00;4;13.4375;-200;-200;3447;206;0;
9811;2024.08.12 04:15;4;13.1875;-200;-200;3447;206;0;
9812;2024.08.12 04:30;4;13.25;-200;-200;3447;206;0;
9813;2024.08.12 04:45;4;14.125;-200;-200;3447;206;0;
9814;2024.08.12 05:00;4;13.5;-200;-200;3447;206;0;
9815;2024.08.12 05:15;4;13.5;-200;-200;3447;206;0;
9816;2024.08.12 05:30;4;13.625;-200;-200;3447;206;0;
9817;2024.08.12 05:45;4;14;-200;-200;3447;206;0;
9818;2024.08.12 06:00;4;14.125;-200;-200;3447;206;0;
9819;2024.08.12 06:15;4;14.75;-200;-200;3447;206;0;
9820;2024.08.12 06:30;4;14.6875;-200;-200;3447;206;0;
9821;2024.08.12 06:45;4;14.125;-200;-200;3447;206;0;
9822;2024.08.12 07:00;4;13.875;-200;-200;3447;206;0;
9823;2024.08.12 07:15;4;13.5625;-200;-200;3447;206;0;
9824;2024.08.12 07:30;4;13.25;-200;-200;3447;206;0;
9825;2024.08.12 07:45;4;13.4375;-200;-200;3447;206;0;
9826;2024.08.12 08:00;4;13.625;-200;-200;3447;206;0;
9827;2024.08.12 08:15;4;13.8125;-200;-200;3447;206;0;
9828;2024.08.12 08:30;4;13.875;-200;-200;3447;206;0;
9829;2024.08.12 08:45;4;14;-200;-200;3447;206;0;
9830;2024.08.12 09:00;4;14;-200;-200;3447;206;0;
9831;2024.08.12 09:15;4;14.0625;-200;-200;3447;206;0;
9832;2024.08.12 09:30;4;14.1875;-200;-200;3447;206;0;
9833;2024.08.12 09:45;4;14.0625;-200;-200;3447;206;0;
9834;2024.08.12 10:00;4;14.25;-200;-200;3447;206;0;
9835;2024.08.12 10:15;4;14.25;-200;-200;3447;206;0;
9836;2024.08.12 10:30;4;13.5625;-200;-200;3447;206;0;
9837;2024.08.12 10:45;4;12.375;-200;-200;3447;206;0;
9838;2024.08.12 11:00;4;11.3125;-200;-200;3447;206;0;
9839;2024.08.12 11:15;4;11.25;-200;-200;3447;206;0;
9840;2024.08.12 11:30;4;11;-200;-200;3447;206;0;
9841;2024.08.12 11:45;4;10.875;-200;-200;3447;206;0;
9842;2024.08.12 12:00;4;10.875;-200;-200;3447;206;0;
9843;2024.08.12 12:15;4;10.875;-200;-200;3447;206;0;
9844;2024.08.12 12:30;4;10.75;-200;-200;3447;206;0;
9845;2024.08.12 12:45;4;10.875;-200;-200;3447;206;0;
9846;2024.08.12 13:00;4;11;-200;-200;3447;206;0;
9847;2024.08.12 13:15;4;11.5;-200;-200;3447;206;0;
9848;2024.08.12 13:30;4;11.75;-200;-200;3447;206;0;
9849;2024.08.12 13:45;4;11.6875;-200;-200;3447;206;0;
9850;2024.08.12 14:00;4;12.125;-200;-200;3447;206;0;
9851;2024.08.12 14:15;4;13.375;-200;-200;3447;206;0;
9852;2024.08.12 14:30;4;14.875;-200;-200;3447;206;0;
9853;2024.08.12 14:45;4;15.625;-200;-200;3447;206;0;
9854;2024.08.12 15:00;4;16.0625;-200;-200;3447;206;0;
9855;2024.08.12 15:15;4;17.125;-200;-200;3447;206;0;
9856;2024.08.12 15:30;4;17.25;-200;-200;3447;206;0;
9857;2024.08.12 15:45;4;17.625;-200;-200;3448;206;0;
9858;2024.08.12 16:00;4;18.25;-200;-200;3448;206;0;
9859;2024.08.12 16:15;4;18.625;-200;-200;3448;206;0;
9860;2024.08.12 16:30;4;19.6875;-200;-200;3448;206;0;
9861;2024.08.12 16:45;4;20;-200;-200;3448;206;0;
9862;2024.08.12 17:00;4;20.25;-200;-200;3449;206;0;
9863;2024.08.12 17:15;4;20.6875;-200;-200;3449;206;0;
9864;2024.08.12 17:30;4;21.75;-200;-200;3449;206;0;
9865;2024.08.12 17:45;4;22.375;-200;-200;3449;206;0;
9866;2024.08.12 18:00;4;22.625;-200;-200;3449;206;0;
9867;2024.08.12 18:15;4;23.1875;-200;-200;3449;206;0;
9868;2024.08.12 18:30;4;24.5;-200;-200;3450;206;0;
9869;2024.08.12 18:45;4;24.625;-200;-200;3449;206;0;
9870;2024.08.12 19:00;4;24.25;-200;-200;3449;206;0;
9871;2024.08.12 19:15;4;24.875;-200;-200;3450;206;0;
9872;2024.08.12 19:30;4;25.9375;-200;-200;3450;206;0;
9873;2024.08.12 19:45;4;27.125;-200;-200;3450;206;0;
9874;2024.08.12 20:00;4;26.25;-200;-200;3450;206;0;
9875;2024.08.12 20:15;4;26.0625;-200;-200;3450;206;0;
9876;2024.08.12 20:30;4;29.5;-200;-200;3451;206;0;
9877;2024.08.12 20:45;4;25.125;-200;-200;3450;206;0;
9878;2024.08.12 21:00;4;24.4375;-200;-200;3449;206;0;
9879;2024.08.12 21:15;4;23.625;-200;-200;3449;206;0;
9880;2024.08.12 21:30;4;24.125;-200;-200;3449;206;0;
9881;2024.08.12 21:45;4;28.8125;-200;-200;3450;206;0;
9882;2024.08.12 22:00;4;27.625;-200;-200;3450;206;0;
9883;2024.08.12 22:15;4;28.5625;-200;-200;3450;206;0;
9884;2024.08.12 22:30;4;25.625;-200;-200;3450;206;0;
9885;2024.08.12 22:45;4;25.25;-200;-200;3450;206;0;
9886;2024.08.12 23:00;4;24.8125;-200;-200;3450;206;0;
9887;2024.08.12 23:15;4;27.375;-200;-200;3450;206;0;
9888;2024.08.12 23:30;4;26.75;-200;-200;3450;206;0;
9889;2024.08.12 23:45;4;24.375;-200;-200;3449;206;0;
9890;2024.08.13 00:00;4;23.25;-200;-200;3449;206;0;
9891;2024.08.13 00:15;4;25.5;-200;-200;3449;206;0;
9892;2024.08.13 00:30;4;27;-200;-200;3450;206;0;
9893;2024.08.13 00:45;4;27.125;-200;-200;3450;206;0;
9894;2024.08.13 01:00;4;23.5;-200;-200;3449;206;0;
9895;2024.08.13 01:15;4;21.375;-200;-200;3449;206;0;
9896;2024.08.13 01:30;4;20.5;-200;-200;3448;206;0;
9897;2024.08.13 01:45;4;18.875;-200;-200;3447;206;0;
9898;2024.08.13 02:00;4;17.625;-200;-200;3447;206;0;
9899;2024.08.13 02:15;4;16.875;-200;-200;3447;206;0;
9900;2024.08.13 02:30;4;16.5;-200;-200;3447;206;0;
9901;2024.08.13 02:45;4;16.3125;-200;-200;3447;206;0;
9902;2024.08.13 03:00;4;16.125;-200;-200;3447;206;0;
9903;2024.08.13 03:15;4;16;-200;-200;3447;206;0;
9904;2024.08.13 03:30;4;15.875;-200;-200;3447;206;0;
9905;2024.08.13 03:45;4;15.9375;-200;-200;3447;206;0;
9906;2024.08.13 04:00;4;15.875;-200;-200;3447;206;0;
9907;2024.08.13 04:15;4;15.875;-200;-200;3447;206;0;
9908;2024.08.13 04:30;4;15.625;-200;-200;3447;206;0;
9909;2024.08.13 04:45;4;15.5;-200;-200;3447;206;0;
9910;2024.08.13 05:00;4;15.25;-200;-200;3447;206;0;
9911;2024.08.13 05:15;4;15.25;-200;-200;3447;206;0;
9912;2024.08.13 05:30;4;14.625;-200;-200;3447;206;0;
9913;2024.08.13 05:45;4;14.25;-200;-200;3447;206;0;
9914;2024.08.13 06:00;4;13.75;-200;-200;3447;206;0;
9915;2024.08.13 06:15;4;13.6875;-200;-200;3447;206;0;
9916;2024.08.13 06:30;4;13.5;-200;-200;3446;206;0;
9917;2024.08.13 06:45;4;13.375;-200;-200;3446;206;0;
9918;2024.08.13 07:00;4;13.3125;-200;-200;3446;206;0;
9919;2024.08.13 07:15;4;13.125;-200;-200;3446;206;0;
9920;2024.08.13 07:30;4;13.25;-200;-200;3446;206;0;
9921;2024.08.13 07:45;4;13.25;-200;-200;3446;206;0;
9922;2024.08.13 08:00;4;12.6875;-200;-200;3446;206;0;
9923;2024.08.13 08:15;4;12.0625;-200;-200;3446;206;0;
9924;2024.08.13 08:30;4;12.25;-200;-200;3446;206;0;
9925;2024.08.13 08:45;4;12.375;-200;-200;3446;206;0;
9926;2024.08.13 09:00;4;12.8125;-200;-200;3446;206;0;
9927;2024.08.13 09:15;4;13;-200;-200;3446;206;0;
9928;2024.08.13 09:30;4;13;-200;-200;3446;206;0;
9929;2024.08.13 09:45;4;13.0625;-200;-200;3446;206;0;
9930;2024.08.13 10:00;4;13.25;-200;-200;3446;206;0;
9931;2024.08.13 10:15;4;12.5;-200;-200;3446;206;0;
9932;2024.08.13 10:30;4;12.25;-200;-200;3446;206;0;
9933;2024.08.13 10:45;4;12.125;-200;-200;3446;206;0;
9934;2024.08.13 11:00;4;12.25;-200;-200;3446;206;0;
9935;2024.08.13 11:15;4;12.125;-200;-200;3446;206;0;
9936;2024.08.13 11:30;4;11.75;-200;-200;3446;206;0;
9937;2024.08.13 11:45;4;11.6875;-200;-200;3446;206;0;
9938;2024.08.13 12:00;4;11.75;-200;-200;3446;206;0;
9939;2024.08.13 12:15;4;11.9375;-200;-200;3446;206;0;
9940;2024.08.13 12:30;4;11.625;-200;-200;3445;206;0;
9941;2024.08.13 12:45;4;11.6875;-200;-200;3445;206;0;
9942;2024.08.13 13:00;4;11.875;-200;-200;3446;206;0;
9943;2024.08.13 13:15;4;12.625;-200;-200;3446;206;0;
9944;2024.08.13 13:30;4;13.375;-200;-200;3446;206;0;
9945;2024.08.13 13:45;4;13.75;-200;-200;3446;206;0;
9946;2024.08.13 14:00;4;13.6875;-200;-200;3446;206;0;
9947;2024.08.13 14:15;4;14.5;-200;-200;3446;206;0;
9948;2024.08.13 14:30;4;15.1875;-200;-200;3446;206;0;
9949;2024.08.13 14:45;4;16;-200;-200;3446;206;0;
9950;2024.08.13 15:00;4;16.5;-200;-200;3446;206;0;
9951;2024.08.13 15:15;4;17.125;-200;-200;3446;206;0;
9952;2024.08.13 15:30;4;17.625;-200;-200;3446;206;0;
9953;2024.08.13 15:45;4;17.9375;-200;-200;3446;206;0;
9954;2024.08.13 16:00;4;19.0625;-200;-200;3445;206;0;
9955;2024.08.13 16:15;4;19;-200;-200;3445;206;0;
9956;2024.08.13 16:30;4;19.25;-200;-200;3445;206;0;
9957;2024.08.13 16:45;4;19.375;-200;-200;3446;206;0;
9958;2024.08.13 17:00;4;19.625;-200;-200;3445;206;0;
9959;2024.08.13 17:15;4;20.25;-200;-200;3446;206;0;
9960;2024.08.13 17:30;4;19.875;-200;-200;3446;206;0;
9961;2024.08.13 17:45;4;19.875;-200;-200;3446;206;0;
9962;2024.08.13 18:00;4;19.1875;-200;-200;3446;206;0;
9963;2024.08.13 18:15;4;18.9375;-200;-200;3446;206;0;
9964;2024.08.13 18:30;4;20.625;-200;-200;3446;206;0;
9965;2024.08.13 18:45;4;22;-200;-200;3446;206;0;
9966;2024.08.13 19:00;4;20.375;-200;-200;3446;206;0;
9967;2024.08.13 19:15;4;18.375;-200;-200;3446;206;0;
9968;2024.08.13 19:30;4;13.875;-200;-200;3444;206;0;
9969;2024.08.13 19:45;4;15.75;-200;-200;3444;206;0;
9970;2024.08.13 20:00;4;21.5;-200;-200;3445;206;0;
9971;2024.08.13 20:15;4;21.25;-200;-200;3445;206;0;
9972;2024.08.13 20:30;4;22.4375;-200;-200;3446;206;0;
9973;2024.08.13 20:45;4;20.4375;-200;-200;3446;206;0;
9974;2024.08.13 21:00;4;19.6875;-200;-200;3445;206;0;
9975;2024.08.13 21:15;4;19.625;-200;-200;3445;206;0;
9976;2024.08.13 21:30;4;19.625;-200;-200;3445;206;0;
9977;2024.08.13 21:45;4;21.25;-200;-200;3445;206;0;
9978;2024.08.13 22:00;4;20.5625;-200;-200;3445;206;0;
9979;2024.08.13 22:15;4;18.25;-200;-200;3444;206;0;
9980;2024.08.13 22:30;4;18.125;-200;-200;3444;206;0;
9981;2024.08.13 22:45;4;17.5;-200;-200;3444;206;0;
9982;2024.08.13 23:00;4;15.4375;-200;-200;3443;206;0;
9983;2024.08.13 23:15;4;13.75;-200;-200;3443;206;0;
9984;2024.08.13 23:30;4;13.625;-200;-200;3442;206;0;
9985;2024.08.13 23:45;4;14.5;-200;-200;3443;206;0;
9986;2024.08.14 00:00;4;15.25;-200;-200;3442;206;0;
9987;2024.08.14 00:15;4;16;-200;-200;3443;206;0;
9988;2024.08.14 00:30;4;16.125;-200;-200;3443;206;0;
9989;2024.08.14 00:45;4;17.75;-200;-200;3443;206;0;
9990;2024.08.14 01:00;4;16.75;-200;-200;3443;206;0;
9991;2024.08.14 01:15;4;15.4375;-200;-200;3443;206;0;
9992;2024.08.14 01:30;4;14.6875;-200;-200;3443;206;0;
9993;2024.08.14 01:45;4;13.875;-200;-200;3442;206;0;
9994;2024.08.14 02:00;4;13.5;-200;-200;3442;206;0;
9995;2024.08.14 02:15;4;12.875;-200;-200;3442;206;0;
9996;2024.08.14 02:30;4;12.875;-200;-200;3442;206;0;
9997;2024.08.14 02:45;4;12.625;-200;-200;3442;206;0;
9998;2024.08.14 03:00;4;12.5;-200;-200;3442;206;0;
9999;2024.08.14 03:15;4;12.5;-200;-200;3442;206;0;
10000;2024.08.14 03:30;4;12.25;-200;-200;3442;206;0;
10001;2024.08.14 03:45;4;11.875;-200;-200;3442;206;0;
10002;2024.08.14 04:00;4;11.625;-200;-200;3442;206;0;
10003;2024.08.14 04:15;4;11.625;-200;-200;3442;206;0;
10004;2024.08.14 04:30;4;11.125;-200;-200;3443;206;0;
10005;2024.08.14 04:45;4;10.875;-200;-200;3442;206;0;
10006;2024.08.14 05:00;4;10.5625;-200;-200;3442;206;0;
10007;2024.08.14 05:15;4;10.125;-200;-200;3442;206;0;
10008;2024.08.14 05:30;4;9.875;-200;-200;3442;206;0;
10009;2024.08.14 05:45;4;9.6875;-200;-200;3442;206;0;
10010;2024.08.14 06:00;4;9.5625;-200;-200;3443;206;0;
10011;2024.08.14 06:15;4;9.625;-200;-200;3442;206;0;
10012;2024.08.14 06:30;4;9.625;-200;-200;3442;206;0;
10013;2024.08.14 06:45;4;9.5;-200;-200;3443;206;0;
10014;2024.08.14 07:00;4;9.375;-200;-200;3443;206;0;
10015;2024.08.14 07:15;4;9.375;-200;-200;3443;206;0;
10016;2024.08.14 07:30;4;9.625;-200;-200;3443;206;0;
10017;2024.08.14 07:45;4;10;-200;-200;3442;206;0;
10018;2024.08.14 08:00;4;11.25;-200;-200;3443;206;0;
10019;2024.08.14 08:15;4;11.125;-200;-200;3443;206;0;
10020;2024.08.14 08:30;4;10.75;-200;-200;3443;206;0;
10021;2024.08.14 08:45;4;10.625;-200;-200;3443;206;0;
10022;2024.08.14 09:00;4;10.5;-200;-200;3443;206;0;
10023;2024.08.14 09:15;4;10.625;-200;-200;3443;206;0;
10024;2024.08.14 09:30;4;10.5;-200;-200;3443;206;0;
10025;2024.08.14 09:45;4;10.625;-200;-200;3442;206;0;
10026;2024.08.14 10:00;4;10.5;-200;-200;3443;206;0;
10027;2024.08.14 10:15;4;10.4375;-200;-200;3443;206;0;
10028;2024.08.14 10:30;4;10.25;-200;-200;3443;206;0;
10029;2024.08.14 10:45;4;10.25;-200;-200;3443;206;0;
10030;2024.08.14 11:00;4;10.125;-200;-200;3444;206;0;
10031;2024.08.14 11:15;4;10.25;-200;-200;3443;206;0;
10032;2024.08.14 11:30;4;10.25;-200;-200;3443;206;0;
10033;2024.08.14 11:45;4;10.375;-200;-200;3443;206;0;
10034;2024.08.14 12:00;4;10.5;-200;-200;3443;206;0;
10035;2024.08.14 12:15;4;10;-200;-200;3443;206;0;
10036;2024.08.14 12:30;4;9.5625;-200;-200;3443;206;0;
10037;2024.08.14 12:45;4;9.625;-200;-200;3444;206;0;
10038;2024.08.14 13:00;4;9.5;-200;-200;3444;206;0;
10039;2024.08.14 13:15;4;9.625;-200;-200;3443;206;0;
10040;2024.08.14 13:30;4;10.5;-200;-200;3444;206;0;
10041;2024.08.14 13:45;4;11;-200;-200;3444;206;0;
10042;2024.08.14 14:00;4;12.5;-200;-200;3444;206;0;
10043;2024.08.14 14:15;4;12.5;-200;-200;3444;206;0;
10044;2024.08.14 14:30;4;14;-200;-200;3444;206;0;
10045;2024.08.14 14:45;4;14.5;-200;-200;3444;206;0;
10046;2024.08.14 15:00;4;15.125;-200;-200;3445;206;0;
10047;2024.08.14 15:15;4;15.5;-200;-200;3445;206;0;
10048;2024.08.14 15:30;4;15.875;-200;-200;3445;206;0;
10049;2024.08.14 15:45;4;16;-200;-200;3445;206;0;
10050;2024.08.14 16:00;4;16.25;-200;-200;3445;206;0;
10051;2024.08.14 16:15;4;16.75;-200;-200;3445;206;0;
10052;2024.08.14 16:30;4;17.5625;-200;-200;3445;206;0;
10053;2024.08.14 16:45;4;17.5;-200;-200;3445;206;0;
10054;2024.08.14 17:00;4;18.125;-200;-200;3446;206;0;
10055;2024.08.14 17:15;4;18.5625;-200;-200;3445;206;0;
10056;2024.08.14 17:30;4;19.5;-200;-200;3446;206;0;
10057;2024.08.14 17:45;4;20.4375;-200;-200;3446;206;0;
10058;2024.08.14 18:00;4;21.125;-200;-200;3446;206;0;
10059;2024.08.14 18:15;4;21.25;-200;-200;3447;206;0;
10060;2024.08.14 18:30;4;22.375;-200;-200;3447;206;0;
10061;2024.08.14 18:45;4;21.625;-200;-200;3447;206;0;
10062;2024.08.14 19:00;4;21.875;-200;-200;3447;206;0;
10063;2024.08.14 19:15;4;22.625;-200;-200;3447;206;0;
10064;2024.08.14 19:30;4;23.125;-200;-200;3447;206;0;
10065;2024.08.14 19:45;4;23.5;-200;-200;3448;206;0;
10066;2024.08.14 20:00;4;24.75;-200;-200;3449;206;0;
10067;2024.08.14 20:15;4;24.5;-200;-200;3449;206;0;
10068;2024.08.14 20:30;4;25;-200;-200;3449;206;0;
10069;2024.08.14 20:45;4;26.375;-200;-200;3449;206;0;
10070;2024.08.14 21:00;4;27.5;-200;-200;3450;206;0;
10071;2024.08.14 21:15;4;25.5;-200;-200;3450;206;0;
10072;2024.08.14 21:30;4;26.125;-200;-200;3450;206;0;
10073;2024.08.14 21:45;4;27.625;-200;-200;3450;206;0;
10074;2024.08.14 22:00;4;28.75;-200;-200;3451;206;0;
10075;2024.08.14 22:15;4;26.75;-200;-200;3451;206;0;
10076;2024.08.14 22:30;4;21.6875;-200;-200;3449;206;0;
10077;2024.08.14 22:45;4;23.6875;-200;-200;3449;206;0;
10078;2024.08.14 23:00;4;22.875;-200;-200;3449;206;0;
10079;2024.08.14 23:15;4;22.375;-200;-200;3449;206;0;
10080;2024.08.14 23:30;4;20.5;-200;-200;3448;206;0;
10081;2024.08.14 23:45;4;21.3125;-200;-200;3448;206;0;
10082;2024.08.15 00:00;4;20.5;-200;-200;3448;206;0;
10083;2024.08.15 00:15;4;20.5;-200;-200;3448;206;0;
10084;2024.08.15 00:30;4;20.875;-200;-200;3447;206;0;
10085;2024.08.15 00:45;4;22.5;-200;-200;3447;206;0;
10086;2024.08.15 01:00;4;20.875;-200;-200;3447;206;0;
10087;2024.08.15 01:15;4;19.0625;-200;-200;3446;206;0;
10088;2024.08.15 01:30;4;17.9375;-200;-200;3446;206;0;
10089;2024.08.15 01:45;4;17.25;-200;-200;3446;206;0;
10090;2024.08.15 02:00;4;16.625;-200;-200;3446;206;0;
10091;2024.08.15 02:15;4;15.875;-200;-200;3446;206;0;
10092;2024.08.15 02:30;4;15.4375;-200;-200;3446;206;0;
10093;2024.08.15 02:45;4;14.75;-200;-200;3446;206;0;
10094;2024.08.15 03:00;4;14.5;-200;-200;3445;206;0;
10095;2024.08.15 03:15;4;14.5;-200;-200;3446;206;0;
10096;2024.08.15 03:30;4;14.75;-200;-200;3446;206;0;
10097;2024.08.15 03:45;4;14.875;-200;-200;3446;206;0;
10098;2024.08.15 04:00;4;15;-200;-200;3446;206;0;
10099;2024.08.15 04:15;4;15.3125;-200;-200;3445;206;0;
10100;2024.08.15 04:30;4;14.75;-200;-200;3445;206;0;
10101;2024.08.15 04:45;4;13.875;-200;-200;3445;206;0;
10102;2024.08.15 05:00;4;13.5;-200;-200;3445;206;0;
10103;2024.08.15 05:15;4;13.3125;-200;-200;3445;206;0;
10104;2024.08.15 05:30;4;12.9375;-200;-200;3445;206;0;
10105;2024.08.15 05:45;4;12.875;-200;-200;3445;206;0;
10106;2024.08.15 06:00;4;12.75;-200;-200;3445;206;0;
10107;2024.08.15 06:15;4;12.75;-200;-200;3445;206;0;
10108;2024.08.15 06:30;4;12.125;-200;-200;3445;206;0;
10109;2024.08.15 06:45;4;11.875;-200;-200;3445;206;0;
10110;2024.08.15 07:00;4;12.0625;-200;-200;3445;206;0;
10111;2024.08.15 07:15;4;12;-200;-200;3445;206;0;
10112;2024.08.15 07:30;4;11.75;-200;-200;3445;206;0;
10113;2024.08.15 07:45;4;11.75;-200;-200;3445;206;0;
10114;2024.08.15 08:00;4;11.625;-200;-200;3445;206;0;
10115;2024.08.15 08:15;4;11.5;-200;-200;3445;206;0;
10116;2024.08.15 08:30;4;12;-200;-200;3445;206;0;
10117;2024.08.15 08:45;4;11.6875;-200;-200;3445;206;0;
10118;2024.08.15 09:00;4;12.125;-200;-200;3445;206;0;
10119;2024.08.15 09:15;4;11.8125;-200;-200;3445;206;0;
10120;2024.08.15 09:30;4;11.125;-200;-200;3444;206;0;
10121;2024.08.15 09:45;4;10.5;-200;-200;3445;206;0;
10122;2024.08.15 10:00;4;11.125;-200;-200;3445;206;0;
10123;2024.08.15 10:15;4;11.625;-200;-200;3445;206;0;
10124;2024.08.15 10:30;4;11.4375;-200;-200;3445;206;0;
10125;2024.08.15 10:45;4;11.625;-200;-200;3445;206;0;
10126;2024.08.15 11:00;4;11.5625;-200;-200;3445;206;0;
10127;2024.08.15 11:15;4;11.375;-200;-200;3445;206;0;
10128;2024.08.15 11:30;4;10.875;-200;-200;3445;206;0;
10129;2024.08.15 11:45;4;10.625;-200;-200;3445;206;0;
10130;2024.08.15 12:00;4;10;-200;-200;3445;206;0;
10131;2024.08.15 12:15;4;9.75;-200;-200;3445;206;0;
10132;2024.08.15 12:30;4;9.25;-200;-200;3444;206;0;
10133;2024.08.15 12:45;4;9.4375;-200;-200;3444;206;0;
10134;2024.08.15 13:00;4;9.25;-200;-200;3445;206;0;
10135;2024.08.15 13:15;4;9.75;-200;-200;3445;206;0;
10136;2024.08.15 13:30;4;10.4375;-200;-200;3445;206;0;
10137;2024.08.15 13:45;4;11.75;-200;-200;3445;206;0;
10138;2024.08.15 14:00;4;13.5;-200;-200;3444;206;0;
10139;2024.08.15 14:15;4;14.75;-200;-200;3444;206;0;
10140;2024.08.15 14:30;4;15.4375;-200;-200;3444;206;0;
10141;2024.08.15 14:45;4;16.4375;-200;-200;3443;206;0;
10142;2024.08.15 15:00;4;17.1875;-200;-200;3443;206;0;
10143;2024.08.15 15:15;4;17.875;-200;-200;3444;206;0;
10144;2024.08.15 15:30;4;18.375;-200;-200;3444;206;0;
10145;2024.08.15 15:45;4;18.5;-200;-200;3445;206;0;
10146;2024.08.15 16:00;4;19.5;-200;-200;3445;206;0;
10147;2024.08.15 16:15;4;19.9375;-200;-200;3445;206;0;
10148;2024.08.15 16:30;4;20.5625;-200;-200;3445;206;0;
10149;2024.08.15 16:45;4;20.125;-200;-200;3445;206;0;
10150;2024.08.15 17:00;4;20.625;-200;-200;3445;206;0;
10151;2024.08.15 17:15;4;21.125;-200;-200;3445;206;0;
10152;2024.08.15 17:30;4;21.75;-200;-200;3446;206;0;
10153;2024.08.15 17:45;4;23.375;-200;-200;3446;206;0;
10154;2024.08.15 18:00;4;23.75;-200;-200;3446;206;0;
10155;2024.08.15 18:15;4;24.125;-200;-200;3446;206;0;
10156;2024.08.15 18:30;4;24;-200;-200;3446;206;0;
10157;2024.08.15 18:45;4;24.75;-200;-200;3447;206;0;
10158;2024.08.15 19:00;4;24.0625;-200;-200;3446;206;0;
10159;2024.08.15 19:15;4;24.75;-200;-200;3447;206;0;
10160;2024.08.15 19:30;4;25.9375;-200;-200;3447;206;0;
10161;2024.08.15 19:45;4;26.75;-200;-200;3447;206;0;
10162;2024.08.15 20:00;4;27.5;-200;-200;3447;206;0;
10163;2024.08.15 20:15;4;29;-200;-200;3447;206;0;
10164;2024.08.15 20:30;4;28.9375;-200;-200;3448;206;0;
10165;2024.08.15 20:45;4;29.5;-200;-200;3447;206;0;
10166;2024.08.15 21:00;4;30.375;-200;-200;3447;206;0;
10167;2024.08.15 21:15;4;30.5;-200;-200;3448;206;0;
10168;2024.08.15 21:30;4;29;-200;-200;3447;206;0;
10169;2024.08.15 21:45;4;27.9375;-200;-200;3447;206;0;
10170;2024.08.15 22:00;4;27.4375;-200;-200;3446;206;0;
10171;2024.08.15 22:15;4;27.875;-200;-200;3447;206;0;
10172;2024.08.15 22:30;4;26.625;-200;-200;3446;206;0;
10173;2024.08.15 22:45;4;26.375;-200;-200;3446;206;0;
10174;2024.08.15 23:00;4;25.375;-200;-200;3446;206;0;
10175;2024.08.15 23:15;4;27.75;-200;-200;3447;206;0;
10176;2024.08.15 23:30;4;26.375;-200;-200;3446;206;0;
10177;2024.08.15 23:45;4;24.9375;-200;-200;3446;206;0;
10178;2024.08.16 00:00;4;24.75;-200;-200;3445;206;0;
10179;2024.08.16 00:15;4;23.5625;-200;-200;3445;206;0;
10180;2024.08.16 00:30;4;23.375;-200;-200;3445;206;0;
10181;2024.08.16 00:45;4;25.8125;-200;-200;3444;206;0;
10182;2024.08.16 01:00;4;24.125;-200;-200;3445;206;0;
10183;2024.08.16 01:15;4;22;-200;-200;3444;206;0;
10184;2024.08.16 01:30;4;20.625;-200;-200;3444;206;0;
10185;2024.08.16 01:45;4;19.5;-200;-200;3443;206;0;
10186;2024.08.16 02:00;4;18.25;-200;-200;3443;206;0;
10187;2024.08.16 02:15;4;17.125;-200;-200;3443;206;0;
10188;2024.08.16 02:30;4;16.375;-200;-200;3443;206;0;
10189;2024.08.16 02:45;4;15.9375;-200;-200;3442;206;0;
10190;2024.08.16 03:00;4;15.4375;-200;-200;3442;206;0;
10191;2024.08.16 03:15;4;15;-200;-200;3442;206;0;
10192;2024.08.16 03:30;4;14.875;-200;-200;3442;206;0;
10193;2024.08.16 03:45;4;14.75;-200;-200;3442;206;0;
10194;2024.08.16 04:00;4;14.75;-200;-200;3442;206;0;
10195;2024.08.16 04:15;4;14.8125;-200;-200;3442;206;0;
10196;2024.08.16 04:30;4;14.875;-200;-200;3442;206;0;
10197;2024.08.16 04:45;4;15.0625;-200;-200;3442;206;0;
10198;2024.08.16 05:00;4;15.25;-200;-200;3442;206;0;
10199;2024.08.16 05:15;4;15;-200;-200;3442;206;0;
10200;2024.08.16 05:30;4;15;-200;-200;3442;206;0;
10201;2024.08.16 05:45;4;15.4375;-200;-200;3442;206;0;
10202;2024.08.16 06:00;4;15.375;-200;-200;3442;206;0;
10203;2024.08.16 06:15;4;14.875;-200;-200;3442;206;0;
10204;2024.08.16 06:30;4;14.625;-200;-200;3442;206;0;
10205;2024.08.16 06:45;4;14.3125;-200;-200;3442;206;0;
10206;2024.08.16 07:00;4;14;-200;-200;3442;206;0;
10207;2024.08.16 07:15;4;13.875;-200;-200;3442;206;0;
10208;2024.08.16 07:30;4;14.75;-200;-200;3442;206;0;
10209;2024.08.16 07:45;4;14.5;-200;-200;3442;206;0;
10210;2024.08.16 08:00;4;14.625;-200;-200;3442;206;0;
10211;2024.08.16 08:15;4;13.6875;-200;-200;3442;206;0;
10212;2024.08.16 08:30;4;13.0625;-200;-200;3442;206;0;
10213;2024.08.16 08:45;4;12.5;-200;-200;3442;206;0;
10214;2024.08.16 09:00;4;12.4375;-200;-200;3442;206;0;
10215;2024.08.16 09:15;4;13.5;-200;-200;3442;206;0;
10216;2024.08.16 09:30;4;13.25;-200;-200;3442;206;0;
10217;2024.08.16 09:45;4;13.1875;-200;-200;3442;206;0;
10218;2024.08.16 10:00;4;12.125;-200;-200;3442;206;0;
10219;2024.08.16 10:15;4;11.75;-200;-200;3441;206;0;
10220;2024.08.16 10:30;4;11.6875;-200;-200;3441;206;0;
10221;2024.08.16 10:45;4;11.375;-200;-200;3442;206;0;
10222;2024.08.16 11:00;4;11.125;-200;-200;3442;206;0;
10223;2024.08.16 11:15;4;12.5;-200;-200;3442;206;0;
10224;2024.08.16 11:30;4;13.125;-200;-200;3442;206;0;
10225;2024.08.16 11:45;4;12;-200;-200;3442;206;0;
10226;2024.08.16 12:00;4;11.625;-200;-200;3442;206;0;
10227;2024.08.16 12:15;4;11.125;-200;-200;3441;206;0;
10228;2024.08.16 12:30;4;10.875;-200;-200;3442;206;0;
10229;2024.08.16 12:45;4;11.1875;-200;-200;3442;206;0;
10230;2024.08.16 13:00;4;11;-200;-200;3442;206;0;
10231;2024.08.16 13:15;4;11.625;-200;-200;3442;206;0;
10232;2024.08.16 13:30;4;12.125;-200;-200;3442;206;0;
10233;2024.08.16 13:45;4;12.875;-200;-200;3442;206;0;
10234;2024.08.16 14:00;4;13.875;-200;-200;3442;206;0;
10235;2024.08.16 14:15;4;15.375;-200;-200;3442;206;0;
10236;2024.08.16 14:30;4;16.5;-200;-200;3441;206;0;
10237;2024.08.16 14:45;4;18.125;-200;-200;3441;206;0;
10238;2024.08.16 15:00;4;19.25;-200;-200;3441;206;0;
10239;2024.08.16 15:15;4;20.125;-200;-200;3441;206;0;
10240;2024.08.16 15:30;4;20.5;-200;-200;3441;206;0;
10241;2024.08.16 15:45;4;21.125;-200;-200;3441;206;0;
10242;2024.08.16 16:00;4;21.625;-200;-200;3441;206;0;
10243;2024.08.16 16:15;4;22.5;-200;-200;3442;206;0;
10244;2024.08.16 16:30;4;22.375;-200;-200;3442;206;0;
10245;2024.08.16 16:45;4;23;-200;-200;3442;206;0;
10246;2024.08.16 17:00;4;23.25;-200;-200;3442;206;0;
10247;2024.08.16 17:15;4;24.125;-200;-200;3442;206;0;
10248;2024.08.16 17:30;4;23.75;-200;-200;3442;206;0;
10249;2024.08.16 17:45;4;24.375;-200;-200;3442;206;0;
10250;2024.08.16 18:00;4;26.125;-200;-200;3443;206;0;
10251;2024.08.16 18:15;4;26.25;-200;-200;3443;206;0;
10252;2024.08.16 18:30;4;25.75;-200;-200;3443;206;0;
10253;2024.08.16 18:45;4;25.375;-200;-200;3443;206;0;
10254;2024.08.16 19:00;4;26.375;-200;-200;3443;206;0;
10255;2024.08.16 19:15;4;27.375;-200;-200;3443;206;0;
10256;2024.08.16 19:30;4;27.875;-200;-200;3444;206;0;
10257;2024.08.16 19:45;4;29.375;-200;-200;3444;206;0;
10258;2024.08.16 20:00;4;30;-200;-200;3444;206;0;
10259;2024.08.16 20:15;4;27.625;-200;-200;3443;206;0;
10260;2024.08.16 20:30;4;31;-200;-200;3444;206;0;
10261;2024.08.16 20:45;4;30.125;-200;-200;3444;206;0;
10262;2024.08.16 21:00;4;30.9375;-200;-200;3444;206;0;
10263;2024.08.16 21:15;4;30.125;-200;-200;3444;206;0;
10264;2024.08.16 21:30;4;32.75;-200;-200;3445;206;0;
10265;2024.08.16 21:45;4;32.6875;-200;-200;3444;206;0;
10266;2024.08.16 22:00;4;32.5;-200;-200;3444;206;0;
10267;2024.08.16 22:15;4;29.3125;-200;-200;3443;206;0;
10268;2024.08.16 22:30;4;28.25;-200;-200;3443;206;0;
10269;2024.08.16 22:45;4;28.25;-200;-200;3443;206;0;
10270;2024.08.16 23:00;4;27.75;-200;-200;3442;206;0;
10271;2024.08.16 23:15;4;27;-200;-200;3442;206;0;
10272;2024.08.16 23:30;4;27.375;-200;-200;3441;206;0;
10273;2024.08.16 23:45;4;25.6875;-200;-200;3440;206;0;
10274;2024.08.17 00:00;4;25.25;-200;-200;3440;206;0;
10275;2024.08.17 00:15;4;25.25;-200;-200;3440;206;0;
10276;2024.08.17 00:30;4;24.375;-200;-200;3439;206;0;
10277;2024.08.17 00:45;4;26.125;-200;-200;3439;206;0;
10278;2024.08.17 01:00;4;25.625;-200;-200;3439;206;0;
10279;2024.08.17 01:15;4;23.375;-200;-200;3438;206;0;
10280;2024.08.17 01:30;4;22;-200;-200;3438;206;0;
10281;2024.08.17 01:45;4;21;-200;-200;3437;206;0;
10282;2024.08.17 02:00;4;20;-200;-200;3437;206;0;
10283;2024.08.17 02:15;4;18.75;-200;-200;3437;206;0;
10284;2024.08.17 02:30;4;18.125;-200;-200;3436;206;0;
10285;2024.08.17 02:45;4;18.5625;-200;-200;3436;206;0;
10286;2024.08.17 03:00;4;18.5;-200;-200;3436;206;0;
10287;2024.08.17 03:15;4;19.1875;-200;-200;3435;206;0;
10288;2024.08.17 03:30;4;19.125;-200;-200;3436;206;0;
10289;2024.08.17 03:45;4;18.9375;-200;-200;3436;206;0;
10290;2024.08.17 04:00;4;18.875;-200;-200;3436;206;0;
10291;2024.08.17 04:15;4;18.8125;-200;-200;3436;206;0;
10292;2024.08.17 04:30;4;18.4375;-200;-200;3436;206;0;
10293;2024.08.17 04:45;4;18.375;-200;-200;3436;206;0;
10294;2024.08.17 05:00;4;18.0625;-200;-200;3436;206;0;
10295;2024.08.17 05:15;4;18;-200;-200;3436;206;0;
10296;2024.08.17 05:30;4;17.625;-200;-200;3436;206;0;
10297;2024.08.17 05:45;4;17.5;-200;-200;3436;206;0;
10298;2024.08.17 06:00;4;17.25;-200;-200;3436;206;0;
10299;2024.08.17 06:15;4;16.75;-200;-200;3436;206;0;
10300;2024.08.17 06:30;4;16.125;-200;-200;3435;206;0;
10301;2024.08.17 06:45;4;15.5;-200;-200;3435;206;0;
10302;2024.08.17 07:00;4;14.9375;-200;-200;3435;206;0;
10303;2024.08.17 07:15;4;14.8125;-200;-200;3435;206;0;
10304;2024.08.17 07:30;4;14.375;-200;-200;3435;206;0;
10305;2024.08.17 07:45;4;13.625;-200;-200;3435;206;0;
10306;2024.08.17 08:00;4;13.375;-200;-200;3435;206;0;
10307;2024.08.17 08:15;4;13.125;-200;-200;3435;206;0;
10308;2024.08.17 08:30;4;12.625;-200;-200;3435;206;0;
10309;2024.08.17 08:45;4;12.25;-200;-200;3435;206;0;
10310;2024.08.17 09:00;4;12.5;-200;-200;3434;206;0;
10311;2024.08.17 09:15;4;12.125;-200;-200;3435;206;0;
10312;2024.08.17 09:30;4;12;-200;-200;3435;206;0;
10313;2024.08.17 09:45;4;12.125;-200;-200;3435;206;0;
10314;2024.08.17 10:00;4;11.875;-200;-200;3435;206;0;
10315;2024.08.17 10:15;4;11.6875;-200;-200;3434;206;0;
10316;2024.08.17 10:30;4;12.25;-200;-200;3434;206;0;
10317;2024.08.17 10:45;4;11.9375;-200;-200;3434;206;0;
10318;2024.08.17 11:00;4;11.5;-200;-200;3434;206;0;
10319;2024.08.17 11:15;4;11.5;-200;-200;3434;206;0;
10320;2024.08.17 11:30;4;11.125;-200;-200;3434;206;0;
10321;2024.08.17 11:45;4;11.125;-200;-200;3434;206;0;
10322;2024.08.17 12:00;4;10.9375;-200;-200;3434;206;0;
10323;2024.08.17 12:15;4;10.625;-200;-200;3434;206;0;
10324;2024.08.17 12:30;4;10.75;-200;-200;3434;206;0;
10325;2024.08.17 12:45;4;11;-200;-200;3435;206;0;
10326;2024.08.17 13:00;4;11.125;-200;-200;3435;206;0;
10327;2024.08.17 13:15;4;11.625;-200;-200;3435;206;0;
10328;2024.08.17 13:30;4;11.8125;-200;-200;3435;206;0;
10329;2024.08.17 13:45;4;12.375;-200;-200;3435;206;0;
10330;2024.08.17 14:00;4;13.375;-200;-200;3434;206;0;
10331;2024.08.17 14:15;4;15.625;-200;-200;3434;206;0;
10332;2024.08.17 14:30;4;16.625;-200;-200;3434;206;0;
10333;2024.08.17 14:45;4;17.125;-200;-200;3434;206;0;
10334;2024.08.17 15:00;4;18.125;-200;-200;3434;206;0;
10335;2024.08.17 15:15;4;19.25;-200;-200;3434;206;0;
10336;2024.08.17 15:30;4;20;-200;-200;3434;206;0;
10337;2024.08.17 15:45;4;21;-200;-200;3434;206;0;
10338;2024.08.17 16:00;4;21.75;-200;-200;3434;206;0;
10339;2024.08.17 16:15;4;22.5625;-200;-200;3435;206;0;
10340;2024.08.17 16:30;4;23;-200;-200;3435;206;0;
10341;2024.08.17 16:45;4;23.125;-200;-200;3435;206;0;
10342;2024.08.17 17:00;4;23.5;-200;-200;3435;206;0;
10343;2024.08.17 17:15;4;24;-200;-200;3435;206;0;
10344;2024.08.17 17:30;4;24.625;-200;-200;3435;206;0;
10345;2024.08.17 17:45;4;26.125;-200;-200;3435;206;0;
10346;2024.08.17 18:00;4;27.25;-200;-200;3436;206;0;
10347;2024.08.17 18:15;4;28.25;-200;-200;3436;206;0;
10348;2024.08.17 18:30;4;27.625;-200;-200;3436;206;0;
10349;2024.08.17 18:45;4;27.8125;-200;-200;3436;206;0;
10350;2024.08.17 19:00;4;27.25;-200;-200;3436;206;0;
10351;2024.08.17 19:15;4;28.75;-200;-200;3436;206;0;
10352;2024.08.17 19:30;4;29.375;-200;-200;3436;206;0;
10353;2024.08.17 19:45;4;29.75;-200;-200;3436;206;0;
10354;2024.08.17 20:00;4;26.875;-200;-200;3435;206;0;
10355;2024.08.17 20:15;4;23.375;-200;-200;3434;206;0;
10356;2024.08.17 20:30;4;21;-200;-200;3433;206;0;
10357;2024.08.17 20:45;4;20.25;-200;-200;3431;206;0;
10358;2024.08.17 21:00;4;22.5;-200;-200;3430;206;0;
10359;2024.08.17 21:15;4;22.5625;-200;-200;3430;206;0;
10360;2024.08.17 21:30;4;23.875;-200;-200;3430;206;0;
10361;2024.08.17 21:45;4;28.9375;-200;-200;3432;206;0;
10362;2024.08.17 22:00;4;24.6875;-200;-200;3430;206;0;
10363;2024.08.17 22:15;4;23.9375;-200;-200;3430;206;0;
10364;2024.08.17 22:30;4;23.1875;-200;-200;3429;206;0;
10365;2024.08.17 22:45;4;22.8125;-200;-200;3429;206;0;
10366;2024.08.17 23:00;4;24.5625;-200;-200;3428;206;0;
10367;2024.08.17 23:15;4;24;-200;-200;3428;206;0;
10368;2024.08.17 23:30;4;22.75;-200;-200;3428;206;0;
10369;2024.08.17 23:45;4;21.875;-200;-200;3428;206;0;
10370;2024.08.18 00:00;4;21.375;-200;-200;3428;206;0;
10371;2024.08.18 00:15;4;20.625;-200;-200;3428;206;0;
10372;2024.08.18 00:30;4;20.25;-200;-200;3427;206;0;
10373;2024.08.18 00:45;4;20.1875;-200;-200;3427;206;0;
10374;2024.08.18 01:00;4;20.5;-200;-200;3427;206;0;
10375;2024.08.18 01:15;4;20.625;-200;-200;3428;206;0;
10376;2024.08.18 01:30;4;20.3125;-200;-200;3427;206;0;
10377;2024.08.18 01:45;4;19.8125;-200;-200;3427;206;0;
10378;2024.08.18 02:00;4;19.5;-200;-200;3427;206;0;
10379;2024.08.18 02:15;4;19.0625;-200;-200;3427;206;0;
10380;2024.08.18 02:30;4;17.5625;-200;-200;3427;206;0;
10381;2024.08.18 02:45;4;16.375;-200;-200;3427;206;0;
10382;2024.08.18 03:00;4;15;-200;-200;3426;206;0;
10383;2024.08.18 03:15;4;15.75;-200;-200;3426;206;0;
10384;2024.08.18 03:30;4;17.75;-200;-200;3425;206;0;
10385;2024.08.18 03:45;4;17.5;-200;-200;3425;206;0;
10386;2024.08.18 04:00;4;16.75;-200;-200;3425;206;0;
10387;2024.08.18 04:15;4;16.3125;-200;-200;3425;206;0;
10388;2024.08.18 04:30;4;16;-200;-200;3425;206;0;
10389;2024.08.18 04:45;4;15.75;-200;-200;3425;206;0;
10390;2024.08.18 05:00;4;15.5;-200;-200;3425;206;0;
10391;2024.08.18 05:15;4;15.625;-200;-200;3425;206;0;
10392;2024.08.18 05:30;4;15.0625;-200;-200;3425;206;0;
10393;2024.08.18 05:45;4;15.25;-200;-200;3425;206;0;
10394;2024.08.18 06:00;4;15.625;-200;-200;3425;206;0;
10395;2024.08.18 06:15;4;15.125;-200;-200;3425;206;0;
10396;2024.08.18 06:30;4;15.5625;-200;-200;3425;206;0;
10397;2024.08.18 06:45;4;15.4375;-200;-200;3425;206;0;
10398;2024.08.18 07:00;4;15.4375;-200;-200;3425;206;0;
10399;2024.08.18 07:15;4;15.25;-200;-200;3425;206;0;
10400;2024.08.18 07:30;4;15.125;-200;-200;3425;206;0;
10401;2024.08.18 07:45;4;14.625;-200;-200;3425;206;0;
10402;2024.08.18 08:00;4;14.75;-200;-200;3425;206;0;
10403;2024.08.18 08:15;4;14.75;-200;-200;3425;206;0;
10404;2024.08.18 08:30;4;14.5;-200;-200;3425;206;0;
10405;2024.08.18 08:45;4;13.625;-200;-200;3425;206;0;
10406;2024.08.18 09:00;4;13.125;-200;-200;3425;206;0;
10407;2024.08.18 09:15;4;12.625;-200;-200;3425;206;0;
10408;2024.08.18 09:30;4;12.625;-200;-200;3424;206;0;
10409;2024.08.18 09:45;4;12.25;-200;-200;3425;206;0;
10410;2024.08.18 10:00;4;11.875;-200;-200;3424;206;0;
10411;2024.08.18 10:15;4;12;-200;-200;3425;206;0;
10412;2024.08.18 10:30;4;12.0625;-200;-200;3424;206;0;
10413;2024.08.18 10:45;4;13;-200;-200;3424;206;0;
10414;2024.08.18 11:00;4;13.6875;-200;-200;3425;206;0;
10415;2024.08.18 11:15;4;14;-200;-200;3425;206;0;
10416;2024.08.18 11:30;4;13.1875;-200;-200;3425;206;0;
10417;2024.08.18 11:45;4;13.1875;-200;-200;3425;206;0;
10418;2024.08.18 12:00;4;12.5;-200;-200;3425;206;0;
10419;2024.08.18 12:15;4;12.125;-200;-200;3425;206;0;
10420;2024.08.18 12:30;4;11.625;-200;-200;3424;206;0;
10421;2024.08.18 12:45;4;12.25;-200;-200;3424;206;0;
10422;2024.08.18 13:00;4;11.8125;-200;-200;3424;206;0;
10423;2024.08.18 13:15;4;12.5;-200;-200;3424;206;0;
10424;2024.08.18 13:30;4;12.9375;-200;-200;3424;206;0;
10425;2024.08.18 13:45;4;13.875;-200;-200;3424;206;0;
10426;2024.08.18 14:00;4;14.625;-200;-200;3425;206;0;
10427;2024.08.18 14:15;4;16.3125;-200;-200;3425;206;0;
10428;2024.08.18 14:30;4;17.375;-200;-200;3425;206;0;
10429;2024.08.18 14:45;4;18.25;-200;-200;3425;206;0;
10430;2024.08.18 15:00;4;18.875;-200;-200;3425;206;0;
10431;2024.08.18 15:15;4;19.3125;-200;-200;3425;206;0;
10432;2024.08.18 15:30;4;19.75;-200;-200;3424;206;0;
10433;2024.08.18 15:45;4;20.3125;-200;-200;3425;206;0;
10434;2024.08.18 16:00;4;21;-200;-200;3425;206;0;
10435;2024.08.18 16:15;4;21.5;-200;-200;3424;206;0;
10436;2024.08.18 16:30;4;21.8125;-200;-200;3424;206;0;
10437;2024.08.18 16:45;4;21.375;-200;-200;3424;206;0;
10438;2024.08.18 17:00;4;21.375;-200;-200;3424;206;0;
10439;2024.08.18 17:15;4;21.8125;-200;-200;3424;206;0;
10440;2024.08.18 17:30;4;21.25;-200;-200;3424;206;0;
10441;2024.08.18 17:45;4;24.375;-200;-200;3425;206;0;
10442;2024.08.18 18:00;4;25.75;-200;-200;3425;206;0;
10443;2024.08.18 18:15;4;25.1875;-200;-200;3425;206;0;
10444;2024.08.18 18:30;4;26.875;-200;-200;3425;206;0;
10445;2024.08.18 18:45;4;27.125;-200;-200;3425;206;0;
10446;2024.08.18 19:00;4;26.875;-200;-200;3425;206;0;
10447;2024.08.18 19:15;4;27.625;-200;-200;3425;206;0;
10448;2024.08.18 19:30;4;27.875;-200;-200;3426;206;0;
10449;2024.08.18 19:45;4;29;-200;-200;3427;206;0;
10450;2024.08.18 20:00;4;30.875;-200;-200;3427;206;0;
10451;2024.08.18 20:15;4;31.75;-200;-200;3427;206;0;
10452;2024.08.18 20:30;4;32.375;-200;-200;3427;206;0;
10453;2024.08.18 20:45;4;29;-200;-200;3426;206;0;
10454;2024.08.18 21:00;4;30;-200;-200;3426;206;0;
10455;2024.08.18 21:15;4;29;-200;-200;3425;206;0;
10456;2024.08.18 21:30;4;26.9375;-200;-200;3425;206;0;
10457;2024.08.18 21:45;4;30;-200;-200;3425;206;0;
10458;2024.08.18 22:00;4;32.0625;-200;-200;3427;206;0;
10459;2024.08.18 22:15;4;31.25;-200;-200;3427;206;0;
10460;2024.08.18 22:30;4;27.5625;-200;-200;3425;206;0;
10461;2024.08.18 22:45;4;27.875;-200;-200;3424;206;0;
10462;2024.08.18 23:00;4;26.6875;-200;-200;3424;206;0;
10463;2024.08.18 23:15;4;27.5;-200;-200;3424;206;0;
10464;2024.08.18 23:30;4;29.375;-200;-200;3424;206;0;
10465;2024.08.18 23:45;4;26.25;-200;-200;3424;206;0;
10466;2024.08.19 00:00;4;25.0625;-200;-200;3423;206;0;
10467;2024.08.19 00:15;4;25.625;-200;-200;3422;206;0;
10468;2024.08.19 00:30;4;24.125;-200;-200;3422;206;0;
10469;2024.08.19 00:45;4;24;-200;-200;3422;206;0;
10470;2024.08.19 01:00;4;25.1875;-200;-200;3422;206;0;
10471;2024.08.19 01:15;4;22.375;-200;-200;3421;206;0;
10472;2024.08.19 01:30;4;21.125;-200;-200;3421;206;0;
10473;2024.08.19 01:45;4;19.875;-200;-200;3421;206;0;
10474;2024.08.19 02:00;4;19.125;-200;-200;3420;206;0;
10475;2024.08.19 02:15;4;18.375;-200;-200;3420;206;0;
10476;2024.08.19 02:30;4;18.0625;-200;-200;3419;206;0;
10477;2024.08.19 02:45;4;18;-200;-200;3419;206;0;
10478;2024.08.19 03:00;4;17.75;-200;-200;3418;206;0;
10479;2024.08.19 03:15;4;17.875;-200;-200;3418;206;0;
10480;2024.08.19 03:30;4;17.8125;-200;-200;3419;206;0;
10481;2024.08.19 03:45;4;17.625;-200;-200;3419;206;0;
10482;2024.08.19 04:00;4;17.5625;-200;-200;3419;206;0;
10483;2024.08.19 04:15;4;17.125;-200;-200;3418;206;0;
10484;2024.08.19 04:30;4;17.125;-200;-200;3419;206;0;
10485;2024.08.19 04:45;4;17.0625;-200;-200;3419;206;0;
10486;2024.08.19 05:00;4;17.0625;-200;-200;3419;206;0;
10487;2024.08.19 05:15;4;16.4375;-200;-200;3419;206;0;
10488;2024.08.19 05:30;4;16.25;-200;-200;3418;206;0;
10489;2024.08.19 05:45;4;16;-200;-200;3418;206;0;
10490;2024.08.19 06:00;4;16.125;-200;-200;3418;206;0;
10491;2024.08.19 06:15;4;16;-200;-200;3418;206;0;
10492;2024.08.19 06:30;4;15.875;-200;-200;3418;206;0;
10493;2024.08.19 06:45;4;15.625;-200;-200;3418;206;0;
10494;2024.08.19 07:00;4;15.125;-200;-200;3418;206;0;
10495;2024.08.19 07:15;4;14.75;-200;-200;3418;206;0;
10496;2024.08.19 07:30;4;14.8125;-200;-200;3418;206;0;
10497;2024.08.19 07:45;4;14.125;-200;-200;3418;206;0;
10498;2024.08.19 08:00;4;13.875;-200;-200;3418;206;0;
10499;2024.08.19 08:15;4;13.75;-200;-200;3418;206;0;
10500;2024.08.19 08:30;4;13.625;-200;-200;3418;206;0;
10501;2024.08.19 08:45;4;13.125;-200;-200;3418;206;0;
10502;2024.08.19 09:00;4;13;-200;-200;3418;206;0;
10503;2024.08.19 09:15;4;13.125;-200;-200;3418;206;0;
10504;2024.08.19 09:30;4;12.75;-200;-200;3418;206;0;
10505;2024.08.19 09:45;4;12.625;-200;-200;3418;206;0;
10506;2024.08.19 10:00;4;12.625;-200;-200;3418;206;0;
10507;2024.08.19 10:15;4;12.375;-200;-200;3418;206;0;
10508;2024.08.19 10:30;4;12.3125;-200;-200;3418;206;0;
10509;2024.08.19 10:45;4;11.8125;-200;-200;3418;206;0;
10510;2024.08.19 11:00;4;12;-200;-200;3418;206;0;
10511;2024.08.19 11:15;4;11.5;-200;-200;3418;206;0;
10512;2024.08.19 11:30;4;11.375;-200;-200;3418;206;0;
10513;2024.08.19 11:45;4;11.0625;-200;-200;3418;206;0;
10514;2024.08.19 12:00;4;11.125;-200;-200;3418;206;0;
10515;2024.08.19 12:15;4;11.25;-200;-200;3418;206;0;
10516;2024.08.19 12:30;4;11.5;-200;-200;3418;206;0;
10517;2024.08.19 12:45;4;11.5;-200;-200;3418;206;0;
10518;2024.08.19 13:00;4;11.625;-200;-200;3418;206;0;
10519;2024.08.19 13:15;4;12.375;-200;-200;3418;206;0;
10520;2024.08.19 13:30;4;12.4375;-200;-200;3418;206;0;
10521;2024.08.19 13:45;4;13.375;-200;-200;3418;206;0;
10522;2024.08.19 14:00;4;14.75;-200;-200;3417;206;0;
10523;2024.08.19 14:15;4;16.4375;-200;-200;3417;206;0;
10524;2024.08.19 14:30;4;17.25;-200;-200;3417;206;0;
10525;2024.08.19 14:45;4;18;-200;-200;3417;206;0;
10526;2024.08.19 15:00;4;18.5625;-200;-200;3416;206;0;
10527;2024.08.19 15:15;4;19;-200;-200;3417;206;0;
10528;2024.08.19 15:30;4;19.5;-200;-200;3417;206;0;
10529;2024.08.19 15:45;4;20;-200;-200;3416;206;0;
10530;2024.08.19 16:00;4;21;-200;-200;3417;206;0;
10531;2024.08.19 16:15;4;21.8125;-200;-200;3418;206;0;
10532;2024.08.19 16:30;4;22.1875;-200;-200;3417;206;0;
10533;2024.08.19 16:45;4;22.5;-200;-200;3417;206;0;
10534;2024.08.19 17:00;4;22.625;-200;-200;3417;206;0;
10535;2024.08.19 17:15;4;23.25;-200;-200;3417;206;0;
10536;2024.08.19 17:30;4;25.25;-200;-200;3417;206;0;
10537;2024.08.19 17:45;4;26.25;-200;-200;3417;206;0;
10538;2024.08.19 18:00;4;27.625;-200;-200;3418;206;0;
10539;2024.08.19 18:15;4;28.3125;-200;-200;3418;206;0;
10540;2024.08.19 18:30;4;27.375;-200;-200;3418;206;0;
10541;2024.08.19 18:45;4;27.5;-200;-200;3418;206;0;
10542;2024.08.19 19:00;4;28.125;-200;-200;3418;206;0;
10543;2024.08.19 19:15;4;28.75;-200;-200;3418;206;0;
10544;2024.08.19 19:30;4;30.5;-200;-200;3419;206;0;
10545;2024.08.19 19:45;4;30.125;-200;-200;3418;206;0;
10546;2024.08.19 20:00;4;29.5625;-200;-200;3418;206;0;
10547;2024.08.19 20:15;4;30.5625;-200;-200;3418;206;0;
10548;2024.08.19 20:30;4;31.75;-200;-200;3418;206;0;
10549;2024.08.19 20:45;4;31.6875;-200;-200;3419;206;0;
10550;2024.08.19 21:00;4;28.25;-200;-200;3417;206;0;
10551;2024.08.19 21:15;4;30.0625;-200;-200;3417;206;0;
10552;2024.08.19 21:30;4;27.75;-200;-200;3417;206;0;
10553;2024.08.19 21:45;4;32.375;-200;-200;3418;206;0;
10554;2024.08.19 22:00;4;30.875;-200;-200;3417;206;0;
10555;2024.08.19 22:15;4;27.875;-200;-200;3417;206;0;
10556;2024.08.19 22:30;4;28.75;-200;-200;3416;206;0;
10557;2024.08.19 22:45;4;28.625;-200;-200;3416;206;0;
10558;2024.08.19 23:00;4;25.4375;-200;-200;3415;206;0;
10559;2024.08.19 23:15;4;24.125;-200;-200;3414;206;0;
10560;2024.08.19 23:30;4;23.625;-200;-200;3414;206;0;
10561;2024.08.19 23:45;4;23.4375;-200;-200;3414;206;0;
10562;2024.08.20 00:00;4;23.25;-200;-200;3413;206;0;
10563;2024.08.20 00:15;4;25.25;-200;-200;3413;206;0;
10564;2024.08.20 00:30;4;25.25;-200;-200;3413;206;0;
10565;2024.08.20 00:45;4;25.125;-200;-200;3413;206;0;
10566;2024.08.20 01:00;4;26;-200;-200;3413;206;0;
10567;2024.08.20 01:15;4;24.125;-200;-200;3413;206;0;
10568;2024.08.20 01:30;4;22.9375;-200;-200;3412;206;0;
10569;2024.08.20 01:45;4;21.75;-200;-200;3412;206;0;
10570;2024.08.20 02:00;4;21.3125;-200;-200;3412;206;0;
10571;2024.08.20 02:15;4;20.875;-200;-200;3412;206;0;
10572;2024.08.20 02:30;4;20.5;-200;-200;3412;206;0;
10573;2024.08.20 02:45;4;20.375;-200;-200;3412;206;0;
10574;2024.08.20 03:00;4;19.8125;-200;-200;3412;206;0;
10575;2024.08.20 03:15;4;19.125;-200;-200;3412;206;0;
10576;2024.08.20 03:30;4;18.4375;-200;-200;3411;206;0;
10577;2024.08.20 03:45;4;17.5;-200;-200;3411;206;0;
10578;2024.08.20 04:00;4;17.5;-200;-200;3411;206;0;
10579;2024.08.20 04:15;4;17.25;-200;-200;3411;206;0;
10580;2024.08.20 04:30;4;17.625;-200;-200;3411;206;0;
10581;2024.08.20 04:45;4;18.125;-200;-200;3411;206;0;
10582;2024.08.20 05:00;4;18.4375;-200;-200;3411;206;0;
10583;2024.08.20 05:15;4;18.8125;-200;-200;3411;206;0;
10584;2024.08.20 05:30;4;18.5;-200;-200;3411;206;0;
10585;2024.08.20 05:45;4;17.875;-200;-200;3411;206;0;
10586;2024.08.20 06:00;4;17.5;-200;-200;3410;206;0;
10587;2024.08.20 06:15;4;17.375;-200;-200;3410;206;0;
10588;2024.08.20 06:30;4;17.25;-200;-200;3410;206;0;
10589;2024.08.20 06:45;4;17;-200;-200;3410;206;0;
10590;2024.08.20 07:00;4;17.125;-200;-200;3410;206;0;
10591;2024.08.20 07:15;4;17.125;-200;-200;3410;206;0;
10592;2024.08.20 07:30;4;16.9375;-200;-200;3410;206;0;
10593;2024.08.20 07:45;4;16.625;-200;-200;3410;206;0;
10594;2024.08.20 08:00;4;16;-200;-200;3410;206;0;
10595;2024.08.20 08:15;4;15.9375;-200;-200;3410;206;0;
10596;2024.08.20 08:30;4;15.6875;-200;-200;3410;206;0;
10597;2024.08.20 08:45;4;15.875;-200;-200;3410;206;0;
10598;2024.08.20 09:00;4;16;-200;-200;3410;206;0;
10599;2024.08.20 09:15;4;15.8125;-200;-200;3410;206;0;
10600;2024.08.20 09:30;4;16;-200;-200;3410;206;0;
10601;2024.08.20 09:45;4;16.25;-200;-200;3410;206;0;
10602;2024.08.20 10:00;4;16.5;-200;-200;3410;206;0;
10603;2024.08.20 10:15;4;16.375;-200;-200;3410;206;0;
10604;2024.08.20 10:30;4;16.125;-200;-200;3410;206;0;
10605;2024.08.20 10:45;4;15.875;-200;-200;3410;206;0;
10606;2024.08.20 11:00;4;15.4375;-200;-200;3410;206;0;
10607;2024.08.20 11:15;4;15.125;-200;-200;3410;206;0;
10608;2024.08.20 11:30;4;15;-200;-200;3410;206;0;
10609;2024.08.20 11:45;4;14.5;-200;-200;3410;206;0;
10610;2024.08.20 12:00;4;14.25;-200;-200;3409;206;0;
10611;2024.08.20 12:15;4;14.4375;-200;-200;3409;206;0;
10612;2024.08.20 12:30;4;14.375;-200;-200;3409;206;0;
10613;2024.08.20 12:45;4;14.0625;-200;-200;3409;206;0;
10614;2024.08.20 13:00;4;13.875;-200;-200;3409;206;0;
10615;2024.08.20 13:15;4;14;-200;-200;3409;206;0;
10616;2024.08.20 13:30;4;14.1875;-200;-200;3409;206;0;
10617;2024.08.20 13:45;4;14.5;-200;-200;3409;206;0;
10618;2024.08.20 14:00;4;15.5;-200;-200;3409;206;0;
10619;2024.08.20 14:15;4;16.8125;-200;-200;3409;206;0;
10620;2024.08.20 14:30;4;17.375;-200;-200;3409;206;0;
10621;2024.08.20 14:45;4;18.125;-200;-200;3409;206;0;
10622;2024.08.20 15:00;4;18.8125;-200;-200;3409;206;0;
10623;2024.08.20 15:15;4;18.875;-200;-200;3409;206;0;
10624;2024.08.20 15:30;4;18.625;-200;-200;3409;206;0;
10625;2024.08.20 15:45;4;20.3125;-200;-200;3410;206;0;
10626;2024.08.20 16:00;4;21.25;-200;-200;3410;206;0;
10627;2024.08.20 16:15;4;21.75;-200;-200;3410;206;0;
10628;2024.08.20 16:30;4;22.375;-200;-200;3410;206;0;
10629;2024.08.20 16:45;4;22.8125;-200;-200;3410;206;0;
10630;2024.08.20 17:00;4;22.5625;-200;-200;3410;206;0;
10631;2024.08.20 17:15;4;24.0625;-200;-200;3410;206;0;
10632;2024.08.20 17:30;4;24.8125;-200;-200;3410;206;0;
10633;2024.08.20 17:45;4;25.5;-200;-200;3411;206;0;
10634;2024.08.20 18:00;4;27.4375;-200;-200;3411;206;0;
10635;2024.08.20 18:15;4;27.625;-200;-200;3411;206;0;
10636;2024.08.20 18:30;4;28.6875;-200;-200;3411;206;0;
10637;2024.08.20 18:45;4;27.9375;-200;-200;3411;206;0;
10638;2024.08.20 19:00;4;28.75;-200;-200;3411;206;0;
10639;2024.08.20 19:15;4;29.875;-200;-200;3411;206;0;
10640;2024.08.20 19:30;4;30;-200;-200;3411;206;0;
10641;2024.08.20 19:45;4;26.75;-200;-200;3410;206;0;
10642;2024.08.20 20:00;4;25.75;-200;-200;3409;206;0;
10643;2024.08.20 20:15;4;26.25;-200;-200;3408;206;0;
10644;2024.08.20 20:30;4;25.8125;-200;-200;3409;206;0;
10645;2024.08.20 20:45;4;27.25;-200;-200;3409;206;0;
10646;2024.08.20 21:00;4;24.75;-200;-200;3408;206;0;
10647;2024.08.20 21:15;4;25.6875;-200;-200;3408;206;0;
10648;2024.08.20 21:30;4;30.375;-200;-200;3409;206;0;
10649;2024.08.20 21:45;4;30.375;-200;-200;3410;206;0;
10650;2024.08.20 22:00;4;31.6875;-200;-200;3408;206;0;
10651;2024.08.20 22:15;4;29.375;-200;-200;3409;206;0;
10652;2024.08.20 22:30;4;30.5;-200;-200;3409;206;0;
10653;2024.08.20 22:45;4;29.875;-200;-200;3408;206;0;
10654;2024.08.20 23:00;4;28.125;-200;-200;3408;206;0;
10655;2024.08.20 23:15;4;26.875;-200;-200;3407;206;0;
10656;2024.08.20 23:30;4;28.375;-200;-200;3407;206;0;
10657;2024.08.20 23:45;4;27.0625;-200;-200;3407;206;0;
10658;2024.08.21 00:00;4;25.125;-200;-200;3406;206;0;
10659;2024.08.21 00:15;4;26.25;-200;-200;3406;206;0;
10660;2024.08.21 00:30;4;25.5;-200;-200;3406;206;0;
10661;2024.08.21 00:45;4;24.375;-200;-200;3405;206;0;
10662;2024.08.21 01:00;4;24.8125;-200;-200;3405;206;0;
10663;2024.08.21 01:15;4;23.1875;-200;-200;3404;206;0;
10664;2024.08.21 01:30;4;22;-200;-200;3404;206;0;
10665;2024.08.21 01:45;4;21;-200;-200;3403;206;0;
10666;2024.08.21 02:00;4;20;-200;-200;3403;206;0;
10667;2024.08.21 02:15;4;19.125;-200;-200;3403;206;0;
10668;2024.08.21 02:30;4;19.375;-200;-200;3402;206;0;
10669;2024.08.21 02:45;4;19.5625;-200;-200;3402;206;0;
10670;2024.08.21 03:00;4;19.25;-200;-200;3402;206;0;
10671;2024.08.21 03:15;4;19.0625;-200;-200;3402;206;0;
10672;2024.08.21 03:30;4;18.6875;-200;-200;3402;206;0;
10673;2024.08.21 03:45;4;19;-200;-200;3402;206;0;
10674;2024.08.21 04:00;4;18.5625;-200;-200;3402;206;0;
10675;2024.08.21 04:15;4;18.5;-200;-200;3402;206;0;
10676;2024.08.21 04:30;4;18.6875;-200;-200;3402;206;0;
10677;2024.08.21 04:45;4;18.75;-200;-200;3402;206;0;
10678;2024.08.21 05:00;4;18.25;-200;-200;3402;206;0;
10679;2024.08.21 05:15;4;17.875;-200;-200;3402;206;0;
10680;2024.08.21 05:30;4;17.5;-200;-200;3402;206;0;
10681;2024.08.21 05:45;4;17.125;-200;-200;3402;206;0;
10682;2024.08.21 06:00;4;16.8125;-200;-200;3402;206;0;
10683;2024.08.21 06:15;4;16.625;-200;-200;3402;206;0;
10684;2024.08.21 06:30;4;16.75;-200;-200;3402;206;0;
10685;2024.08.21 06:45;4;16.625;-200;-200;3402;206;0;
10686;2024.08.21 07:00;4;17.25;-200;-200;3402;206;0;
10687;2024.08.21 07:15;4;17.1875;-200;-200;3402;206;0;
10688;2024.08.21 07:30;4;17.25;-200;-200;3402;206;0;
10689;2024.08.21 07:45;4;16.75;-200;-200;3402;206;0;
10690;2024.08.21 08:00;4;16.4375;-200;-200;3402;206;0;
10691;2024.08.21 08:15;4;15.875;-200;-200;3402;206;0;
10692;2024.08.21 08:30;4;15.5;-200;-200;3402;206;0;
10693;2024.08.21 08:45;4;15.125;-200;-200;3402;206;0;
10694;2024.08.21 09:00;4;14.75;-200;-200;3402;206;0;
10695;2024.08.21 09:15;4;14.375;-200;-200;3402;206;0;
10696;2024.08.21 09:30;4;14.25;-200;-200;3402;206;0;
10697;2024.08.21 09:45;4;13.8125;-200;-200;3402;206;0;
10698;2024.08.21 10:00;4;14;-200;-200;3402;206;0;
10699;2024.08.21 10:15;4;14.125;-200;-200;3402;206;0;
10700;2024.08.21 10:30;4;14.6875;-200;-200;3402;206;0;
10701;2024.08.21 10:45;4;14.9375;-200;-200;3402;206;0;
10702;2024.08.21 11:00;4;15;-200;-200;3402;206;0;
10703;2024.08.21 11:15;4;14.75;-200;-200;3402;206;0;
10704;2024.08.21 11:30;4;14.5625;-200;-200;3402;206;0;
10705;2024.08.21 11:45;4;14.5;-200;-200;3402;206;0;
10706;2024.08.21 12:00;4;14;-200;-200;3402;206;0;
10707;2024.08.21 12:15;4;14.125;-200;-200;3402;206;0;
10708;2024.08.21 12:30;4;13.875;-200;-200;3402;206;0;
10709;2024.08.21 12:45;4;13.5;-200;-200;3401;206;0;
10710;2024.08.21 13:00;4;13.625;-200;-200;3401;206;0;
10711;2024.08.21 13:15;4;13.9375;-200;-200;3401;206;0;
10712;2024.08.21 13:30;4;14.1875;-200;-200;3401;206;0;
10713;2024.08.21 13:45;4;15.375;-200;-200;3401;206;0;
10714;2024.08.21 14:00;4;16.625;-200;-200;3402;206;0;
10715;2024.08.21 14:15;4;17.375;-200;-200;3402;206;0;
10716;2024.08.21 14:30;4;17.625;-200;-200;3401;206;0;
10717;2024.08.21 14:45;4;17.625;-200;-200;3401;206;0;
10718;2024.08.21 15:00;4;18.25;-200;-200;3401;206;0;
10719;2024.08.21 15:15;4;18.875;-200;-200;3402;206;0;
10720;2024.08.21 15:30;4;19.625;-200;-200;3402;206;0;
10721;2024.08.21 15:45;4;20.5;-200;-200;3402;206;0;
10722;2024.08.21 16:00;4;21.25;-200;-200;3402;206;0;
10723;2024.08.21 16:15;4;21.875;-200;-200;3402;206;0;
10724;2024.08.21 16:30;4;22.6875;-200;-200;3401;206;0;
10725;2024.08.21 16:45;4;23.0625;-200;-200;3401;206;0;
10726;2024.08.21 17:00;4;23.125;-200;-200;3401;206;0;
10727;2024.08.21 17:15;4;23.875;-200;-200;3402;206;0;
10728;2024.08.21 17:30;4;24.8125;-200;-200;3402;206;0;
10729;2024.08.21 17:45;4;26;-200;-200;3402;206;0;
10730;2024.08.21 18:00;4;24;-200;-200;3402;206;0;
10731;2024.08.21 18:15;4;26.375;-200;-200;3402;206;0;
10732;2024.08.21 18:30;4;26.375;-200;-200;3402;206;0;
10733;2024.08.21 18:45;4;28.375;-200;-200;3402;206;0;
10734;2024.08.21 19:00;4;29.125;-200;-200;3402;206;0;
10735;2024.08.21 19:15;4;28.125;-200;-200;3402;206;0;
10736;2024.08.21 19:30;4;29.875;-200;-200;3402;206;0;
10737;2024.08.21 19:45;4;30.25;-200;-200;3401;206;0;
10738;2024.08.21 20:00;4;32.25;-200;-200;3401;206;0;
10739;2024.08.21 20:15;4;29.75;-200;-200;3400;206;0;
10740;2024.08.21 20:30;4;28.375;-200;-200;3400;206;0;
10741;2024.08.21 20:45;4;25.5;-200;-200;3399;206;0;
10742;2024.08.21 21:00;4;25.25;-200;-200;3399;206;0;
10743;2024.08.21 21:15;4;26.6875;-200;-200;3398;206;0;
10744;2024.08.21 21:30;4;25.125;-200;-200;3398;206;0;
10745;2024.08.21 21:45;4;29.25;-200;-200;3399;206;0;
10746;2024.08.21 22:00;4;31.125;-200;-200;3400;206;0;
10747;2024.08.21 22:15;4;34.625;-200;-200;3400;206;0;
10748;2024.08.21 22:30;4;30.875;-200;-200;3400;206;0;
10749;2024.08.21 22:45;4;29.5;-200;-200;3399;206;0;
10750;2024.08.21 23:00;4;27.4375;-200;-200;3398;206;0;
10751;2024.08.21 23:15;4;27.3125;-200;-200;3398;206;0;
10752;2024.08.21 23:30;4;28.375;-200;-200;3398;206;0;
10753;2024.08.21 23:45;4;27.625;-200;-200;3398;206;0;
10754;2024.08.22 00:00;4;25.5;-200;-200;3397;206;0;
10755;2024.08.22 00:15;4;25.125;-200;-200;3397;206;0;
10756;2024.08.22 00:30;4;24.125;-200;-200;3396;206;0;
10757;2024.08.22 00:45;4;23.625;-200;-200;3395;206;0;
10758;2024.08.22 01:00;4;23.625;-200;-200;3396;206;0;
10759;2024.08.22 01:15;4;22.125;-200;-200;3395;206;0;
10760;2024.08.22 01:30;4;21.25;-200;-200;3395;206;0;
10761;2024.08.22 01:45;4;20.125;-200;-200;3395;206;0;
10762;2024.08.22 02:00;4;19.375;-200;-200;3394;206;0;
10763;2024.08.22 02:15;4;18.625;-200;-200;3394;206;0;
10764;2024.08.22 02:30;4;18;-200;-200;3394;206;0;
10765;2024.08.22 02:45;4;17.375;-200;-200;3394;206;0;
10766;2024.08.22 03:00;4;17.25;-200;-200;3394;206;0;
10767;2024.08.22 03:15;4;17;-200;-200;3394;206;0;
10768;2024.08.22 03:30;4;17.375;-200;-200;3393;206;0;
10769;2024.08.22 03:45;4;17.5;-200;-200;3394;206;0;
10770;2024.08.22 04:00;4;17.25;-200;-200;3394;206;0;
10771;2024.08.22 04:15;4;17.125;-200;-200;3393;206;0;
10772;2024.08.22 04:30;4;17;-200;-200;3393;206;0;
10773;2024.08.22 04:45;4;16.0625;-200;-200;3393;206;0;
10774;2024.08.22 05:00;4;15.25;-200;-200;3393;206;0;
10775;2024.08.22 05:15;4;14.375;-200;-200;3393;206;0;
10776;2024.08.22 05:30;4;13.9375;-200;-200;3393;206;0;
10777;2024.08.22 05:45;4;13.5;-200;-200;3393;206;0;
10778;2024.08.22 06:00;4;13.375;-200;-200;3393;206;0;
10779;2024.08.22 06:15;4;13;-200;-200;3393;206;0;
10780;2024.08.22 06:30;4;12.75;-200;-200;3393;206;0;
10781;2024.08.22 06:45;4;12.5625;-200;-200;3393;206;0;
10782;2024.08.22 07:00;4;12.75;-200;-200;3393;206;0;
10783;2024.08.22 07:15;4;13;-200;-200;3393;206;0;
10784;2024.08.22 07:30;4;13.375;-200;-200;3393;206;0;
10785;2024.08.22 07:45;4;13.375;-200;-200;3393;206;0;
10786;2024.08.22 08:00;4;13.375;-200;-200;3393;206;0;
10787;2024.08.22 08:15;4;13.5;-200;-200;3393;206;0;
10788;2024.08.22 08:30;4;13.1875;-200;-200;3393;206;0;
10789;2024.08.22 08:45;4;13.125;-200;-200;3393;206;0;
10790;2024.08.22 09:00;4;13.25;-200;-200;3393;206;0;
10791;2024.08.22 09:15;4;12.5;-200;-200;3393;206;0;
10792;2024.08.22 09:30;4;12.375;-200;-200;3392;206;0;
10793;2024.08.22 09:45;4;12.25;-200;-200;3392;206;0;
10794;2024.08.22 10:00;4;12.5625;-200;-200;3392;206;0;
10795;2024.08.22 10:15;4;12.25;-200;-200;3392;206;0;
10796;2024.08.22 10:30;4;12.375;-200;-200;3392;206;0;
10797;2024.08.22 10:45;4;12.375;-200;-200;3392;206;0;
10798;2024.08.22 11:00;4;12.125;-200;-200;3392;206;0;
10799;2024.08.22 11:15;4;11.5;-200;-200;3393;206;0;
10800;2024.08.22 11:30;4;11.625;-200;-200;3393;206;0;
10801;2024.08.22 11:45;4;11;-200;-200;3393;206;0;
10802;2024.08.22 12:00;4;10.625;-200;-200;3393;206;0;
10803;2024.08.22 12:15;4;10.375;-200;-200;3392;206;0;
10804;2024.08.22 12:30;4;10.375;-200;-200;3392;206;0;
10805;2024.08.22 12:45;4;10.375;-200;-200;3392;206;0;
10806;2024.08.22 13:00;4;10.875;-200;-200;3392;206;0;
10807;2024.08.22 13:15;4;11.5;-200;-200;3392;206;0;
10808;2024.08.22 13:30;4;12.125;-200;-200;3392;206;0;
10809;2024.08.22 13:45;4;12.375;-200;-200;3392;206;0;
10810;2024.08.22 14:00;4;13.875;-200;-200;3392;206;0;
10811;2024.08.22 14:15;4;15.125;-200;-200;3393;206;0;
10812;2024.08.22 14:30;4;15.875;-200;-200;3393;206;0;
10813;2024.08.22 14:45;4;16.9375;-200;-200;3393;206;0;
10814;2024.08.22 15:00;4;17.875;-200;-200;3393;206;0;
10815;2024.08.22 15:15;4;17.875;-200;-200;3393;206;0;
10816;2024.08.22 15:30;4;18.4375;-200;-200;3393;206;0;
10817;2024.08.22 15:45;4;18.375;-200;-200;3393;206;0;
10818;2024.08.22 16:00;4;19.1875;-200;-200;3393;206;0;
10819;2024.08.22 16:15;4;19.125;-200;-200;3393;206;0;
10820;2024.08.22 16:30;4;19.25;-200;-200;3393;206;0;
10821;2024.08.22 16:45;4;19;-200;-200;3393;206;0;
10822;2024.08.22 17:00;4;19.25;-200;-200;3393;206;0;
10823;2024.08.22 17:15;4;19.25;-200;-200;3393;206;0;
10824;2024.08.22 17:30;4;21.375;-200;-200;3393;206;0;
10825;2024.08.22 17:45;4;22.0625;-200;-200;3394;206;0;
10826;2024.08.22 18:00;4;24;-200;-200;3394;206;0;
10827;2024.08.22 18:15;4;24.75;-200;-200;3395;206;0;
10828;2024.08.22 18:30;4;25.0625;-200;-200;3395;206;0;
10829;2024.08.22 18:45;4;25.125;-200;-200;3395;206;0;
10830;2024.08.22 19:00;4;27.625;-200;-200;3395;206;0;
10831;2024.08.22 19:15;4;25;-200;-200;3395;206;0;
10832;2024.08.22 19:30;4;22.5625;-200;-200;3394;206;0;
10833;2024.08.22 19:45;4;22.125;-200;-200;3394;206;0;
10834;2024.08.22 20:00;4;22;-200;-200;3394;206;0;
10835;2024.08.22 20:15;4;21.3125;-200;-200;3394;206;0;
10836;2024.08.22 20:30;4;21.25;-200;-200;3394;206;0;
10837;2024.08.22 20:45;4;21.125;-200;-200;3394;206;0;
10838;2024.08.22 21:00;4;20.75;-200;-200;3394;206;0;
10839;2024.08.22 21:15;4;20.375;-200;-200;3394;206;0;
10840;2024.08.22 21:30;4;21.25;-200;-200;3393;206;0;
10841;2024.08.22 21:45;4;19.375;-200;-200;3393;206;0;
10842;2024.08.22 22:00;4;18.625;-200;-200;3392;206;0;
10843;2024.08.22 22:15;4;20.8125;-200;-200;3392;206;0;
10844;2024.08.22 22:30;4;22.375;-200;-200;3393;206;0;
10845;2024.08.22 22:45;4;24.625;-200;-200;3394;206;0;
10846;2024.08.22 23:00;4;22.625;-200;-200;3393;206;0;
10847;2024.08.22 23:15;4;22.75;-200;-200;3393;206;0;
10848;2024.08.22 23:30;4;21.625;-200;-200;3393;206;0;
10849;2024.08.22 23:45;4;20.75;-200;-200;3393;206;0;
10850;2024.08.23 00:00;4;19.25;-200;-200;3392;206;0;
10851;2024.08.23 00:15;4;18.5;-200;-200;3392;206;0;
10852;2024.08.23 00:30;4;18.25;-200;-200;3392;206;0;
10853;2024.08.23 00:45;4;17.375;-200;-200;3392;206;0;
10854;2024.08.23 01:00;4;16.875;-200;-200;3392;206;0;
10855;2024.08.23 01:15;4;16.5;-200;-200;3391;206;0;
10856;2024.08.23 01:30;4;15.625;-200;-200;3391;206;0;
10857;2024.08.23 01:45;4;15.625;-200;-200;3391;206;0;
10858;2024.08.23 02:00;4;15.4375;-200;-200;3391;206;0;
10859;2024.08.23 02:15;4;15.1875;-200;-200;3391;206;0;
10860;2024.08.23 02:30;4;14.9375;-200;-200;3391;206;0;
10861;2024.08.23 02:45;4;14.625;-200;-200;3391;206;0;
10862;2024.08.23 03:00;4;14.5;-200;-200;3391;206;0;
10863;2024.08.23 03:15;4;14.375;-200;-200;3390;206;0;
10864;2024.08.23 03:30;4;14;-200;-200;3390;206;0;
10865;2024.08.23 03:45;4;14;-200;-200;3390;206;0;
10866;2024.08.23 04:00;4;14;-200;-200;3390;206;0;
10867;2024.08.23 04:15;4;14.125;-200;-200;3390;206;0;
10868;2024.08.23 04:30;4;14.0625;-200;-200;3390;206;0;
10869;2024.08.23 04:45;4;14;-200;-200;3390;206;0;
10870;2024.08.23 05:00;4;14;-200;-200;3390;206;0;
10871;2024.08.23 05:15;4;13.875;-200;-200;3390;206;0;
10872;2024.08.23 05:30;4;14;-200;-200;3390;206;0;
10873;2024.08.23 05:45;4;13.5;-200;-200;3390;206;0;
10874;2024.08.23 06:00;4;13.3125;-200;-200;3390;206;0;
10875;2024.08.23 06:15;4;13.1875;-200;-200;3390;206;0;
10876;2024.08.23 06:30;4;13;-200;-200;3390;206;0;
10877;2024.08.23 06:45;4;13;-200;-200;3390;206;0;
10878;2024.08.23 07:00;4;12.8125;-200;-200;3390;206;0;
10879;2024.08.23 07:15;4;12.5625;-200;-200;3390;206;0;
10880;2024.08.23 07:30;4;12;-200;-200;3390;206;0;
10881;2024.08.23 07:45;4;11.5;-200;-200;3390;206;0;
10882;2024.08.23 08:00;4;11.0625;-200;-200;3389;206;0;
10883;2024.08.23 08:15;4;10.75;-200;-200;3390;206;0;
10884;2024.08.23 08:30;4;10.375;-200;-200;3390;206;0;
10885;2024.08.23 08:45;4;10.25;-200;-200;3390;206;0;
10886;2024.08.23 09:00;4;10.5;-200;-200;3390;206;0;
10887;2024.08.23 09:15;4;10;-200;-200;3390;206;0;
10888;2024.08.23 09:30;4;9.8125;-200;-200;3390;206;0;
10889;2024.08.23 09:45;4;9.625;-200;-200;3390;206;0;
10890;2024.08.23 10:00;4;9.625;-200;-200;3390;206;0;
10891;2024.08.23 10:15;4;9.5;-200;-200;3391;206;0;
10892;2024.08.23 10:30;4;9.375;-200;-200;3391;206;0;
10893;2024.08.23 10:45;4;9.375;-200;-200;3391;206;0;
10894;2024.08.23 11:00;4;9.5625;-200;-200;3390;206;0;
10895;2024.08.23 11:15;4;9.25;-200;-200;3391;206;0;
10896;2024.08.23 11:30;4;9;-200;-200;3390;206;0;
10897;2024.08.23 11:45;4;8.8125;-200;-200;3390;206;0;
10898;2024.08.23 12:00;4;8.75;-200;-200;3391;206;0;
10899;2024.08.23 12:15;4;8.75;-200;-200;3391;206;0;
10900;2024.08.23 12:30;4;8.75;-200;-200;3391;206;0;
10901;2024.08.23 12:45;4;9.375;-200;-200;3391;206;0;
10902;2024.08.23 13:00;4;8.9375;-200;-200;3391;206;0;
10903;2024.08.23 13:15;4;9.625;-200;-200;3392;206;0;
10904;2024.08.23 13:30;4;10.1875;-200;-200;3392;206;0;
10905;2024.08.23 13:45;4;11;-200;-200;3392;206;0;
10906;2024.08.23 14:00;4;12.1875;-200;-200;3392;206;0;
10907;2024.08.23 14:15;4;13.5;-200;-200;3392;206;0;
10908;2024.08.23 14:30;4;14.125;-200;-200;3392;206;0;
10909;2024.08.23 14:45;4;14.75;-200;-200;3392;206;0;
10910;2024.08.23 15:00;4;15.25;-200;-200;3392;206;0;
10911;2024.08.23 15:15;4;15.8125;-200;-200;3392;206;0;
10912;2024.08.23 15:30;4;16.375;-200;-200;3392;206;0;
10913;2024.08.23 15:45;4;17;-200;-200;3392;206;0;
10914;2024.08.23 16:00;4;17.875;-200;-200;3392;206;0;
10915;2024.08.23 16:15;4;18.25;-200;-200;3392;206;0;
10916;2024.08.23 16:30;4;18.875;-200;-200;3392;206;0;
10917;2024.08.23 16:45;4;19.9375;-200;-200;3393;206;0;
10918;2024.08.23 17:00;4;20;-200;-200;3393;206;0;
10919;2024.08.23 17:15;4;20.375;-200;-200;3393;206;0;
10920;2024.08.23 17:30;4;21.375;-200;-200;3393;206;0;
10921;2024.08.23 17:45;4;21.9375;-200;-200;3393;206;0;
10922;2024.08.23 18:00;4;22.875;-200;-200;3393;206;0;
10923;2024.08.23 18:15;4;23;-200;-200;3394;206;0;
10924;2024.08.23 18:30;4;22.625;-200;-200;3394;206;0;
10925;2024.08.23 18:45;4;23.5;-200;-200;3394;206;0;
10926;2024.08.23 19:00;4;23.625;-200;-200;3394;206;0;
10927;2024.08.23 19:15;4;22.25;-200;-200;3394;206;0;
10928;2024.08.23 19:30;4;22.9375;-200;-200;3395;206;0;
10929;2024.08.23 19:45;4;21.8125;-200;-200;3394;206;0;
10930;2024.08.23 20:00;4;20.625;-200;-200;3394;206;0;
10931;2024.08.23 20:15;4;21.25;-200;-200;3394;206;0;
10932;2024.08.23 20:30;4;24.4375;-200;-200;3395;206;0;
10933;2024.08.23 20:45;4;21.375;-200;-200;3395;206;0;
10934;2024.08.23 21:00;4;20.75;-200;-200;3394;206;0;
10935;2024.08.23 21:15;4;22.125;-200;-200;3395;206;0;
10936;2024.08.23 21:30;4;24.75;-200;-200;3395;206;0;
10937;2024.08.23 21:45;4;25.375;-200;-200;3396;206;0;
10938;2024.08.23 22:00;4;22.125;-200;-200;3395;206;0;
10939;2024.08.23 22:15;4;21;-200;-200;3395;206;0;
10940;2024.08.23 22:30;4;20.25;-200;-200;3395;206;0;
10941;2024.08.23 22:45;4;19.375;-200;-200;3394;206;0;
10942;2024.08.23 23:00;4;18.5;-200;-200;3394;206;0;
10943;2024.08.23 23:15;4;17.25;-200;-200;3394;206;0;
10944;2024.08.23 23:30;4;13;-200;-200;3393;206;0;
10945;2024.08.23 23:45;4;12.375;-200;-200;3392;206;0;
10946;2024.08.24 00:00;4;13;-200;-200;3392;206;0;
10947;2024.08.24 00:15;4;13.25;-200;-200;3392;206;0;
10948;2024.08.24 00:30;4;13.5;-200;-200;3392;206;0;
10949;2024.08.24 00:45;4;13.625;-200;-200;3393;206;0;
10950;2024.08.24 01:00;4;14.25;-200;-200;3393;206;0;
10951;2024.08.24 01:15;4;14;-200;-200;3393;206;0;
10952;2024.08.24 01:30;4;13.625;-200;-200;3392;206;0;
10953;2024.08.24 01:45;4;13.375;-200;-200;3392;206;0;
10954;2024.08.24 02:00;4;12.5;-200;-200;3392;206;0;
10955;2024.08.24 02:15;4;12.125;-200;-200;3392;206;0;
10956;2024.08.24 02:30;4;12.25;-200;-200;3392;206;0;
10957;2024.08.24 02:45;4;12;-200;-200;3392;206;0;
10958;2024.08.24 03:00;4;11.875;-200;-200;3392;206;0;
10959;2024.08.24 03:15;4;11.75;-200;-200;3392;206;0;
10960;2024.08.24 03:30;4;12.4375;-200;-200;3392;206;0;
10961;2024.08.24 03:45;4;12.75;-200;-200;3392;206;0;
10962;2024.08.24 04:00;4;12.75;-200;-200;3392;206;0;
10963;2024.08.24 04:15;4;13.125;-200;-200;3392;206;0;
10964;2024.08.24 04:30;4;13.125;-200;-200;3392;206;0;
10965;2024.08.24 04:45;4;11.875;-200;-200;3392;206;0;
10966;2024.08.24 05:00;4;10.5;-200;-200;3392;206;0;
10967;2024.08.24 05:15;4;10.6875;-200;-200;3391;206;0;
10968;2024.08.24 05:30;4;10.875;-200;-200;3391;206;0;
10969;2024.08.24 05:45;4;10.75;-200;-200;3391;206;0;
10970;2024.08.24 06:00;4;10.5;-200;-200;3390;206;0;
10971;2024.08.24 06:15;4;10.375;-200;-200;3391;206;0;
10972;2024.08.24 06:30;4;10.5;-200;-200;3391;206;0;
10973;2024.08.24 06:45;4;10.5;-200;-200;3392;206;0;
10974;2024.08.24 07:00;4;10.375;-200;-200;3391;206;0;
10975;2024.08.24 07:15;4;10.125;-200;-200;3392;206;0;
10976;2024.08.24 07:30;4;10;-200;-200;3392;206;0;
10977;2024.08.24 07:45;4;9.875;-200;-200;3392;206;0;
10978;2024.08.24 08:00;4;9.625;-200;-200;3392;206;0;
10979;2024.08.24 08:15;4;9.625;-200;-200;3392;206;0;
10980;2024.08.24 08:30;4;9.4375;-200;-200;3392;206;0;
10981;2024.08.24 08:45;4;9.4375;-200;-200;3392;206;0;
10982;2024.08.24 09:00;4;9.1875;-200;-200;3393;206;0;
10983;2024.08.24 09:15;4;8.875;-200;-200;3393;206;0;
10984;2024.08.24 09:30;4;9.3125;-200;-200;3393;206;0;
10985;2024.08.24 09:45;4;9.25;-200;-200;3393;206;0;
10986;2024.08.24 10:00;4;9.25;-200;-200;3394;206;0;
10987;2024.08.24 10:15;4;9.625;-200;-200;3394;206;0;
10988;2024.08.24 10:30;4;9.6875;-200;-200;3394;206;0;
10989;2024.08.24 10:45;4;10;-200;-200;3394;206;0;
10990;2024.08.24 11:00;4;10.5;-200;-200;3395;206;0;
10991;2024.08.24 11:15;4;10.5;-200;-200;3394;206;0;
10992;2024.08.24 11:30;4;10;-200;-200;3394;206;0;
10993;2024.08.24 11:45;4;9.9375;-200;-200;3394;206;0;
10994;2024.08.24 12:00;4;9.875;-200;-200;3394;206;0;
10995;2024.08.24 12:15;4;9.875;-200;-200;3395;206;0;
10996;2024.08.24 12:30;4;9.75;-200;-200;3395;206;0;
10997;2024.08.24 12:45;4;9.75;-200;-200;3395;206;0;
10998;2024.08.24 13:00;4;9.75;-200;-200;3396;206;0;
10999;2024.08.24 13:15;4;9.875;-200;-200;3395;206;0;
11000;2024.08.24 13:30;4;9.9375;-200;-200;3395;206;0;
11001;2024.08.24 13:45;4;10.1875;-200;-200;3395;206;0;
11002;2024.08.24 14:00;4;10.25;-200;-200;3396;206;0;
11003;2024.08.24 14:15;4;10.875;-200;-200;3396;206;0;
11004;2024.08.24 14:30;4;12;-200;-200;3396;206;0;
11005;2024.08.24 14:45;4;12.875;-200;-200;3396;206;0;
11006;2024.08.24 15:00;4;13.3125;-200;-200;3396;206;0;
11007;2024.08.24 15:15;4;14.4375;-200;-200;3396;206;0;
11008;2024.08.24 15:30;4;15.5625;-200;-200;3397;206;0;
11009;2024.08.24 15:45;4;15.25;-200;-200;3397;206;0;
11010;2024.08.24 16:00;4;16.9375;-200;-200;3397;206;0;
11011;2024.08.24 16:15;4;17.125;-200;-200;3397;206;0;
11012;2024.08.24 16:30;4;17.5;-200;-200;3397;206;0;
11013;2024.08.24 16:45;4;17.75;-200;-200;3397;206;0;
11014;2024.08.24 17:00;4;18;-200;-200;3398;206;0;
11015;2024.08.24 17:15;4;18.5;-200;-200;3398;206;0;
11016;2024.08.24 17:30;4;19.4375;-200;-200;3398;206;0;
11017;2024.08.24 17:45;4;19.75;-200;-200;3398;206;0;
11018;2024.08.24 18:00;4;20;-200;-200;3398;206;0;
11019;2024.08.24 18:15;4;20.625;-200;-200;3398;206;0;
11020;2024.08.24 18:30;4;21.8125;-200;-200;3398;206;0;
11021;2024.08.24 18:45;4;21.75;-200;-200;3399;206;0;
11022;2024.08.24 19:00;4;19.8125;-200;-200;3399;206;0;
11023;2024.08.24 19:15;4;21;-200;-200;3399;206;0;
11024;2024.08.24 19:30;4;22.5;-200;-200;3399;206;0;
11025;2024.08.24 19:45;4;21.1875;-200;-200;3399;206;0;
11026;2024.08.24 20:00;4;24.75;-200;-200;3399;206;0;
11027;2024.08.24 20:15;4;22.375;-200;-200;3398;206;0;
11028;2024.08.24 20:30;4;24.25;-200;-200;3397;206;0;
11029;2024.08.24 20:45;4;24.5;-200;-200;3398;206;0;
11030;2024.08.24 21:00;4;23.875;-200;-200;3398;206;0;
11031;2024.08.24 21:15;4;24.25;-200;-200;3398;206;0;
11032;2024.08.24 21:30;4;26.375;-200;-200;3399;206;0;
11033;2024.08.24 21:45;4;27.625;-200;-200;3399;206;0;
11034;2024.08.24 22:00;4;27.125;-200;-200;3399;206;0;
11035;2024.08.24 22:15;4;26.875;-200;-200;3399;206;0;
11036;2024.08.24 22:30;4;22.75;-200;-200;3397;206;0;
11037;2024.08.24 22:45;4;21.875;-200;-200;3397;206;0;
11038;2024.08.24 23:00;4;15.875;-200;-200;3396;206;0;
11039;2024.08.24 23:15;4;13.875;-200;-200;3396;206;0;
11040;2024.08.24 23:30;4;13.375;-200;-200;3395;206;0;
11041;2024.08.24 23:45;4;11.125;-200;-200;3395;206;0;
11042;2024.08.25 00:00;4;10.875;-200;-200;3395;206;0;
11043;2024.08.25 00:15;4;10.75;-200;-200;3395;206;0;
11044;2024.08.25 00:30;4;11;-200;-200;3395;206;0;
11045;2024.08.25 00:45;4;10.8125;-200;-200;3394;206;0;
11046;2024.08.25 01:00;4;10.75;-200;-200;3394;206;0;
11047;2024.08.25 01:15;4;10.875;-200;-200;3394;206;0;
11048;2024.08.25 01:30;4;10.75;-200;-200;3393;206;0;
11049;2024.08.25 01:45;4;10.625;-200;-200;3394;206;0;
11050;2024.08.25 02:00;4;10.875;-200;-200;3394;206;0;
11051;2024.08.25 02:15;4;10.5;-200;-200;3394;206;0;
11052;2024.08.25 02:30;4;10.25;-200;-200;3394;206;0;
11053;2024.08.25 02:45;4;10.0625;-200;-200;3394;206;0;
11054;2024.08.25 03:00;4;9.75;-200;-200;3394;206;0;
11055;2024.08.25 03:15;4;9.6875;-200;-200;3394;206;0;
11056;2024.08.25 03:30;4;9.75;-200;-200;3394;206;0;
11057;2024.08.25 03:45;4;9.8125;-200;-200;3394;206;0;
11058;2024.08.25 04:00;4;9.75;-200;-200;3394;206;0;
11059;2024.08.25 04:15;4;9.625;-200;-200;3394;206;0;
11060;2024.08.25 04:30;4;9.4375;-200;-200;3394;206;0;
11061;2024.08.25 04:45;4;9.625;-200;-200;3394;206;0;
11062;2024.08.25 05:00;4;9.375;-200;-200;3394;206;0;
11063;2024.08.25 05:15;4;9.625;-200;-200;3394;206;0;
11064;2024.08.25 05:30;4;9.375;-200;-200;3394;206;0;
11065;2024.08.25 05:45;4;9.1875;-200;-200;3393;206;0;
11066;2024.08.25 06:00;4;8.9375;-200;-200;3393;206;0;
11067;2024.08.25 06:15;4;8.75;-200;-200;3393;206;0;
11068;2024.08.25 06:30;4;8.9375;-200;-200;3393;206;0;
11069;2024.08.25 06:45;4;8.75;-200;-200;3394;206;0;
11070;2024.08.25 07:00;4;8.75;-200;-200;3394;206;0;
11071;2024.08.25 07:15;4;8.875;-200;-200;3394;206;0;
11072;2024.08.25 07:30;4;9.375;-200;-200;3394;206;0;
11073;2024.08.25 07:45;4;9.8125;-200;-200;3393;206;0;
11074;2024.08.25 08:00;4;9.75;-200;-200;3394;206;0;
11075;2024.08.25 08:15;4;9.75;-200;-200;3395;206;0;
11076;2024.08.25 08:30;4;9.25;-200;-200;3396;206;0;
11077;2024.08.25 08:45;4;8.875;-200;-200;3396;206;0;
11078;2024.08.25 09:00;4;9;-200;-200;3396;206;0;
11079;2024.08.25 09:15;4;9.125;-200;-200;3396;206;0;
11080;2024.08.25 09:30;4;8.8125;-200;-200;3397;206;0;
11081;2024.08.25 09:45;4;8.75;-200;-200;3397;206;0;
11082;2024.08.25 10:00;4;9;-200;-200;3397;206;0;
11083;2024.08.25 10:15;4;8.875;-200;-200;3397;206;0;
11084;2024.08.25 10:30;4;8.4375;-200;-200;3396;206;0;
11085;2024.08.25 10:45;4;8.625;-200;-200;3396;206;0;
11086;2024.08.25 11:00;4;8.875;-200;-200;3396;206;0;
11087;2024.08.25 11:15;4;9.125;-200;-200;3396;206;0;
11088;2024.08.25 11:30;4;9.125;-200;-200;3396;206;0;
11089;2024.08.25 11:45;4;9;-200;-200;3397;206;0;
11090;2024.08.25 12:00;4;8.875;-200;-200;3397;206;0;
11091;2024.08.25 12:15;4;9;-200;-200;3397;206;0;
11092;2024.08.25 12:30;4;9.375;-200;-200;3397;206;0;
11093;2024.08.25 12:45;4;9.0625;-200;-200;3397;206;0;
11094;2024.08.25 13:00;4;9;-200;-200;3398;206;0;
11095;2024.08.25 13:15;4;9.5;-200;-200;3398;206;0;
11096;2024.08.25 13:30;4;10.5;-200;-200;3398;206;0;
11097;2024.08.25 13:45;4;11.6875;-200;-200;3398;206;0;
11098;2024.08.25 14:00;4;12.75;-200;-200;3398;206;0;
11099;2024.08.25 14:15;4;13.375;-200;-200;3398;206;0;
11100;2024.08.25 14:30;4;13.75;-200;-200;3398;206;0;
11101;2024.08.25 14:45;4;14.5625;-200;-200;3398;206;0;
11102;2024.08.25 15:00;4;15.25;-200;-200;3398;206;0;
11103;2024.08.25 15:15;4;15.75;-200;-200;3399;206;0;
11104;2024.08.25 15:30;4;16.875;-200;-200;3398;206;0;
11105;2024.08.25 15:45;4;17.375;-200;-200;3399;206;0;
11106;2024.08.25 16:00;4;17.25;-200;-200;3399;206;0;
11107;2024.08.25 16:15;4;17.375;-200;-200;3399;206;0;
11108;2024.08.25 16:30;4;17.875;-200;-200;3399;206;0;
11109;2024.08.25 16:45;4;18.375;-200;-200;3399;206;0;
11110;2024.08.25 17:00;4;18.5;-200;-200;3399;206;0;
11111;2024.08.25 17:15;4;18.125;-200;-200;3399;206;0;
11112;2024.08.25 17:30;4;19.3125;-200;-200;3400;206;0;
11113;2024.08.25 17:45;4;20.0625;-200;-200;3399;206;0;
11114;2024.08.25 18:00;4;20.9375;-200;-200;3400;206;0;
11115;2024.08.25 18:15;4;20.4375;-200;-200;3400;206;0;
11116;2024.08.25 18:30;4;20.875;-200;-200;3400;206;0;
11117;2024.08.25 18:45;4;21.375;-200;-200;3399;206;0;
11118;2024.08.25 19:00;4;21.5;-200;-200;3399;206;0;
11119;2024.08.25 19:15;4;20.875;-200;-200;3399;206;0;
11120;2024.08.25 19:30;4;22.375;-200;-200;3399;206;0;
11121;2024.08.25 19:45;4;24.375;-200;-200;3399;206;0;
11122;2024.08.25 20:00;4;22.75;-200;-200;3399;206;0;
11123;2024.08.25 20:15;4;23;-200;-200;3398;206;0;
11124;2024.08.25 20:30;4;22.6875;-200;-200;3398;206;0;
11125;2024.08.25 20:45;4;24.25;-200;-200;3399;206;0;
11126;2024.08.25 21:00;4;23.125;-200;-200;3399;206;0;
11127;2024.08.25 21:15;4;23.625;-200;-200;3399;206;0;
11128;2024.08.25 21:30;4;22.75;-200;-200;3399;206;0;
11129;2024.08.25 21:45;4;21.125;-200;-200;3398;206;0;
11130;2024.08.25 22:00;4;23.375;-200;-200;3398;206;0;
11131;2024.08.25 22:15;4;26;-200;-200;3400;206;0;
11132;2024.08.25 22:30;4;23.8125;-200;-200;3399;206;0;
11133;2024.08.25 22:45;4;26.375;-200;-200;3399;206;0;
11134;2024.08.25 23:00;4;22.625;-200;-200;3399;206;0;
11135;2024.08.25 23:15;4;20.25;-200;-200;3398;206;0;
11136;2024.08.25 23:30;4;19.5;-200;-200;3398;206;0;
11137;2024.08.25 23:45;4;18.5;-200;-200;3398;206;0;
11138;2024.08.26 00:00;4;17.375;-200;-200;3397;206;0;
11139;2024.08.26 00:15;4;14.8125;-200;-200;3397;206;0;
11140;2024.08.26 00:30;4;13.375;-200;-200;3396;206;0;
11141;2024.08.26 00:45;4;13.75;-200;-200;3396;206;0;
11142;2024.08.26 01:00;4;13.75;-200;-200;3396;206;0;
11143;2024.08.26 01:15;4;13.1875;-200;-200;3396;206;0;
11144;2024.08.26 01:30;4;12.4375;-200;-200;3396;206;0;
11145;2024.08.26 01:45;4;12.25;-200;-200;3396;206;0;
11146;2024.08.26 02:00;4;12;-200;-200;3396;206;0;
11147;2024.08.26 02:15;4;11;-200;-200;3396;206;0;
11148;2024.08.26 02:30;4;10.5;-200;-200;3397;206;0;
11149;2024.08.26 02:45;4;10.25;-200;-200;3396;206;0;
11150;2024.08.26 03:00;4;10.1875;-200;-200;3396;206;0;
11151;2024.08.26 03:15;4;10.3125;-200;-200;3396;206;0;
11152;2024.08.26 03:30;4;10.1875;-200;-200;3395;206;0;
11153;2024.08.26 03:45;4;10;-200;-200;3396;206;0;
11154;2024.08.26 04:00;4;9.875;-200;-200;3396;206;0;
11155;2024.08.26 04:15;4;9.875;-200;-200;3396;206;0;
11156;2024.08.26 04:30;4;9.9375;-200;-200;3397;206;0;
11157;2024.08.26 04:45;4;9.8125;-200;-200;3397;206;0;
11158;2024.08.26 05:00;4;9.625;-200;-200;3397;206;0;
11159;2024.08.26 05:15;4;9.25;-200;-200;3398;206;0;
11160;2024.08.26 05:30;4;9;-200;-200;3397;206;0;
11161;2024.08.26 05:45;4;9;-200;-200;3397;206;0;
11162;2024.08.26 06:00;4;9.0625;-200;-200;3397;206;0;
11163;2024.08.26 06:15;4;9.25;-200;-200;3398;206;0;
11164;2024.08.26 06:30;4;9.375;-200;-200;3398;206;0;
11165;2024.08.26 06:45;4;9.75;-200;-200;3398;206;0;
11166;2024.08.26 07:00;4;9.8125;-200;-200;3399;206;0;
11167;2024.08.26 07:15;4;9.75;-200;-200;3398;206;0;
11168;2024.08.26 07:30;4;9.5;-200;-200;3399;206;0;
11169;2024.08.26 07:45;4;9.5;-200;-200;3399;206;0;
11170;2024.08.26 08:00;4;9.375;-200;-200;3399;206;0;
11171;2024.08.26 08:15;4;9.375;-200;-200;3400;206;0;
11172;2024.08.26 08:30;4;9.5;-200;-200;3399;206;0;
11173;2024.08.26 08:45;4;9.375;-200;-200;3400;206;0;
11174;2024.08.26 09:00;4;9.4375;-200;-200;3400;206;0;
11175;2024.08.26 09:15;4;9.4375;-200;-200;3400;206;0;
11176;2024.08.26 09:30;4;9.25;-200;-200;3401;206;0;
11177;2024.08.26 09:45;4;9.125;-200;-200;3401;206;0;
11178;2024.08.26 10:00;4;9.125;-200;-200;3401;206;0;
11179;2024.08.26 10:15;4;9.125;-200;-200;3401;206;0;
11180;2024.08.26 10:30;4;9.1875;-200;-200;3402;206;0;
11181;2024.08.26 10:45;4;9.1875;-200;-200;3402;206;0;
11182;2024.08.26 11:00;4;9.25;-200;-200;3403;206;0;
11183;2024.08.26 11:15;4;9.25;-200;-200;3402;206;0;
11184;2024.08.26 11:30;4;9.3125;-200;-200;3402;206;0;
11185;2024.08.26 11:45;4;9.3125;-200;-200;3403;206;0;
11186;2024.08.26 12:00;4;9.375;-200;-200;3406;206;0;
11187;2024.08.26 12:15;4;9.375;-200;-200;3406;206;0;
11188;2024.08.26 12:30;4;9.4375;-200;-200;3406;206;0;
11189;2024.08.26 12:45;4;9.4375;-200;-200;3406;206;0;
11190;2024.08.26 13:00;4;9.375;-200;-200;3406;206;0;
11191;2024.08.26 13:15;4;9.5;-200;-200;3406;206;0;
11192;2024.08.26 13:30;4;9.5;-200;-200;3406;206;0;
11193;2024.08.26 13:45;4;9.1875;-200;-200;3405;206;0;
11194;2024.08.26 14:00;4;9.5;-200;-200;3406;206;0;
11195;2024.08.26 14:15;4;9.875;-200;-200;3405;206;0;
11196;2024.08.26 14:30;4;9.875;-200;-200;3406;206;0;
11197;2024.08.26 14:45;4;10;-200;-200;3406;206;0;
11198;2024.08.26 15:00;4;10;-200;-200;3406;206;0;
11199;2024.08.26 15:15;4;10.625;-200;-200;3406;206;0;
11200;2024.08.26 15:30;4;11.25;-200;-200;3406;206;0;
11201;2024.08.26 15:45;4;12.125;-200;-200;3407;206;0;
11202;2024.08.26 16:00;4;12;-200;-200;3408;206;0;
11203;2024.08.26 16:15;4;12.0625;-200;-200;3408;206;0;
11204;2024.08.26 16:30;4;12.625;-200;-200;3408;206;0;
11205;2024.08.26 16:45;4;12.8125;-200;-200;3408;206;0;
11206;2024.08.26 17:00;4;12.5;-200;-200;3408;206;0;
11207;2024.08.26 17:15;4;12.375;-200;-200;3408;206;0;
11208;2024.08.26 17:30;4;12.4375;-200;-200;3408;206;0;
11209;2024.08.26 17:45;4;13.5;-200;-200;3408;206;0;
11210;2024.08.26 18:00;4;14.125;-200;-200;3408;206;0;
11211;2024.08.26 18:15;4;13.375;-200;-200;3408;206;0;
11212;2024.08.26 18:30;4;14;-200;-200;3408;206;0;
11213;2024.08.26 18:45;4;14.625;-200;-200;3408;206;0;
11214;2024.08.26 19:00;4;15.25;-200;-200;3408;206;0;
11215;2024.08.26 19:15;4;16.125;-200;-200;3409;206;0;
11216;2024.08.26 19:30;4;17;-200;-200;3409;206;0;
11217;2024.08.26 19:45;4;16.875;-200;-200;3409;206;0;
11218;2024.08.26 20:00;4;17.625;-200;-200;3409;206;0;
11219;2024.08.26 20:15;4;18.6875;-200;-200;3410;206;0;
11220;2024.08.26 20:30;4;21.375;-200;-200;3412;206;0;
11221;2024.08.26 20:45;4;19.625;-200;-200;3411;206;0;
11222;2024.08.26 21:00;4;18.9375;-200;-200;3411;206;0;
11223;2024.08.26 21:15;4;19.1875;-200;-200;3411;206;0;
11224;2024.08.26 21:30;4;20.1875;-200;-200;3411;206;0;
11225;2024.08.26 21:45;4;22.625;-200;-200;3412;206;0;
11226;2024.08.26 22:00;4;25.25;-200;-200;3414;206;0;
11227;2024.08.26 22:15;4;25.1875;-200;-200;3414;206;0;
11228;2024.08.26 22:30;4;22.375;-200;-200;3413;206;0;
11229;2024.08.26 22:45;4;24.25;-200;-200;3412;206;0;
11230;2024.08.26 23:00;4;22.125;-200;-200;3412;206;0;
11231;2024.08.26 23:15;4;21;-200;-200;3411;206;0;
11232;2024.08.26 23:30;4;20;-200;-200;3410;206;0;
11233;2024.08.26 23:45;4;18.75;-200;-200;3409;206;0;
11234;2024.08.27 00:00;4;17.5625;-200;-200;3408;206;0;
11235;2024.08.27 00:15;4;17.625;-200;-200;3408;206;0;
11236;2024.08.27 00:30;4;17.375;-200;-200;3408;206;0;
11237;2024.08.27 00:45;4;16.875;-200;-200;3407;206;0;
11238;2024.08.27 01:00;4;16.0625;-200;-200;3407;206;0;
11239;2024.08.27 01:15;4;15.5;-200;-200;3406;206;0;
11240;2024.08.27 01:30;4;14.875;-200;-200;3406;206;0;
11241;2024.08.27 01:45;4;14.375;-200;-200;3406;206;0;
11242;2024.08.27 02:00;4;14.0625;-200;-200;3406;206;0;
11243;2024.08.27 02:15;4;13.875;-200;-200;3406;206;0;
11244;2024.08.27 02:30;4;13.875;-200;-200;3406;206;0;
11245;2024.08.27 02:45;4;13.75;-200;-200;3406;206;0;
11246;2024.08.27 03:00;4;13.375;-200;-200;3406;206;0;
11247;2024.08.27 03:15;4;13.125;-200;-200;3406;206;0;
11248;2024.08.27 03:30;4;12.6875;-200;-200;3405;206;0;
11249;2024.08.27 03:45;4;12;-200;-200;3405;206;0;
11250;2024.08.27 04:00;4;11.4375;-200;-200;3405;206;0;
11251;2024.08.27 04:15;4;11.125;-200;-200;3405;206;0;
11252;2024.08.27 04:30;4;11.5;-200;-200;3405;206;0;
11253;2024.08.27 04:45;4;11.5;-200;-200;3405;206;0;
11254;2024.08.27 05:00;4;11.75;-200;-200;3405;206;0;
11255;2024.08.27 05:15;4;12;-200;-200;3405;206;0;
11256;2024.08.27 05:30;4;11.375;-200;-200;3405;206;0;
11257;2024.08.27 05:45;4;10.875;-200;-200;3405;206;0;
11258;2024.08.27 06:00;4;10.5625;-200;-200;3405;206;0;
11259;2024.08.27 06:15;4;10.375;-200;-200;3405;206;0;
11260;2024.08.27 06:30;4;10.125;-200;-200;3405;206;0;
11261;2024.08.27 06:45;4;9.8125;-200;-200;3405;206;0;
11262;2024.08.27 07:00;4;9.5625;-200;-200;3405;206;0;
11263;2024.08.27 07:15;4;9.25;-200;-200;3405;206;0;
11264;2024.08.27 07:30;4;9;-200;-200;3404;206;0;
11265;2024.08.27 07:45;4;8.625;-200;-200;3405;206;0;
11266;2024.08.27 08:00;4;8.625;-200;-200;3405;206;0;
11267;2024.08.27 08:15;4;8.375;-200;-200;3405;206;0;
11268;2024.08.27 08:30;4;8.5;-200;-200;3405;206;0;
11269;2024.08.27 08:45;4;8.25;-200;-200;3405;206;0;
11270;2024.08.27 09:00;4;8;-200;-200;3405;206;0;
11271;2024.08.27 09:15;4;7.875;-200;-200;3405;206;0;
11272;2024.08.27 09:30;4;7.8125;-200;-200;3405;206;0;
11273;2024.08.27 09:45;4;7.75;-200;-200;3405;206;0;
11274;2024.08.27 10:00;4;7.8125;-200;-200;3405;206;0;
11275;2024.08.27 10:15;4;7.625;-200;-200;3405;206;0;
11276;2024.08.27 10:30;4;7.5;-200;-200;3405;206;0;
11277;2024.08.27 10:45;4;7.375;-200;-200;3405;206;0;
11278;2024.08.27 11:00;4;7.375;-200;-200;3405;206;0;
11279;2024.08.27 11:15;4;7.25;-200;-200;3405;206;0;
11280;2024.08.27 11:30;4;7;-200;-200;3405;206;0;
11281;2024.08.27 11:45;4;6.9375;-200;-200;3405;206;0;
11282;2024.08.27 12:00;4;6.75;-200;-200;3405;206;0;
11283;2024.08.27 12:15;4;6.625;-200;-200;3405;206;0;
11284;2024.08.27 12:30;4;6.5;-200;-200;3405;206;0;
11285;2024.08.27 12:45;4;6.4375;-200;-200;3405;206;0;
11286;2024.08.27 13:00;4;6.625;-200;-200;3405;206;0;
11287;2024.08.27 13:15;4;6.6875;-200;-200;3405;206;0;
11288;2024.08.27 13:30;4;7.25;-200;-200;3405;206;0;
11289;2024.08.27 13:45;4;8.25;-200;-200;3405;206;0;
11290;2024.08.27 14:00;4;9.25;-200;-200;3405;206;0;
11291;2024.08.27 14:15;4;10.5;-200;-200;3405;206;0;
11292;2024.08.27 14:30;4;11.625;-200;-200;3405;206;0;
11293;2024.08.27 14:45;4;12.875;-200;-200;3405;206;0;
11294;2024.08.27 15:00;4;13.8125;-200;-200;3405;206;0;
11295;2024.08.27 15:15;4;14.5;-200;-200;3405;206;0;
11296;2024.08.27 15:30;4;15.125;-200;-200;3406;206;0;
11297;2024.08.27 15:45;4;15.875;-200;-200;3406;206;0;
11298;2024.08.27 16:00;4;16.625;-200;-200;3407;206;0;
11299;2024.08.27 16:15;4;17.25;-200;-200;3407;206;0;
11300;2024.08.27 16:30;4;18;-200;-200;3408;206;0;
11301;2024.08.27 16:45;4;18.125;-200;-200;3408;206;0;
11302;2024.08.27 17:00;4;18.5625;-200;-200;3408;206;0;
11303;2024.08.27 17:15;4;19.5;-200;-200;3407;206;0;
11304;2024.08.27 17:30;4;20.375;-200;-200;3407;206;0;
11305;2024.08.27 17:45;4;21.5;-200;-200;3407;206;0;
11306;2024.08.27 18:00;4;21.5;-200;-200;3407;206;0;
11307;2024.08.27 18:15;4;20.5;-200;-200;3407;206;0;
11308;2024.08.27 18:30;4;21.3125;-200;-200;3407;206;0;
11309;2024.08.27 18:45;4;21.9375;-200;-200;3407;206;0;
11310;2024.08.27 19:00;4;20.75;-200;-200;3407;206;0;
11311;2024.08.27 19:15;4;19.25;-200;-200;3406;206;0;
11312;2024.08.27 19:30;4;18.625;-200;-200;3406;206;0;
11313;2024.08.27 19:45;4;18.5;-200;-200;3406;206;0;
11314;2024.08.27 20:00;4;18.875;-200;-200;3406;206;0;
11315;2024.08.27 20:15;4;18.25;-200;-200;3406;206;0;
11316;2024.08.27 20:30;4;19.625;-200;-200;3406;206;0;
11317;2024.08.27 20:45;4;18.75;-200;-200;3405;206;0;
11318;2024.08.27 21:00;4;17.6875;-200;-200;3405;206;0;
11319;2024.08.27 21:15;4;16.75;-200;-200;3404;206;0;
11320;2024.08.27 21:30;4;16.3125;-200;-200;3404;206;0;
11321;2024.08.27 21:45;4;16.75;-200;-200;3404;206;0;
11322;2024.08.27 22:00;4;21.125;-200;-200;3405;206;0;
11323;2024.08.27 22:15;4;24.125;-200;-200;3405;206;0;
11324;2024.08.27 22:30;4;20.5;-200;-200;3405;206;0;
11325;2024.08.27 22:45;4;20.25;-200;-200;3404;206;0;
11326;2024.08.27 23:00;4;21.1875;-200;-200;3404;206;0;
11327;2024.08.27 23:15;4;21.125;-200;-200;3404;206;0;
11328;2024.08.27 23:30;4;23.4375;-200;-200;3405;206;0;
11329;2024.08.27 23:45;4;23.625;-200;-200;3406;206;0;
11330;2024.08.28 00:00;4;21.25;-200;-200;3404;206;0;
11331;2024.08.28 00:15;4;19;-200;-200;3404;206;0;
11332;2024.08.28 00:30;4;17.3125;-200;-200;3403;206;0;
11333;2024.08.28 00:45;4;12.25;-200;-200;3402;206;0;
11334;2024.08.28 01:00;4;11.6875;-200;-200;3401;206;0;
11335;2024.08.28 01:15;4;11.375;-200;-200;3402;206;0;
11336;2024.08.28 01:30;4;11.125;-200;-200;3401;206;0;
11337;2024.08.28 01:45;4;11.25;-200;-200;3401;206;0;
11338;2024.08.28 02:00;4;11.125;-200;-200;3402;206;0;
11339;2024.08.28 02:15;4;11;-200;-200;3401;206;0;
11340;2024.08.28 02:30;4;10.875;-200;-200;3400;206;0;
11341;2024.08.28 02:45;4;10.875;-200;-200;3400;206;0;
11342;2024.08.28 03:00;4;10.875;-200;-200;3399;206;0;
11343;2024.08.28 03:15;4;10.8125;-200;-200;3399;206;0;
11344;2024.08.28 03:30;4;10.75;-200;-200;3399;206;0;
11345;2024.08.28 03:45;4;10.75;-200;-200;3399;206;0;
11346;2024.08.28 04:00;4;10.5;-200;-200;3399;206;0;
11347;2024.08.28 04:15;4;10.25;-200;-200;3399;206;0;
11348;2024.08.28 04:30;4;9.9375;-200;-200;3400;206;0;
11349;2024.08.28 04:45;4;9.75;-200;-200;3400;206;0;
11350;2024.08.28 05:00;4;9.6875;-200;-200;3400;206;0;
11351;2024.08.28 05:15;4;9.5625;-200;-200;3400;206;0;
11352;2024.08.28 05:30;4;9.625;-200;-200;3400;206;0;
11353;2024.08.28 05:45;4;9.5;-200;-200;3400;206;0;
11354;2024.08.28 06:00;4;9.5;-200;-200;3400;206;0;
11355;2024.08.28 06:15;4;9.5;-200;-200;3400;206;0;
11356;2024.08.28 06:30;4;9.5;-200;-200;3400;206;0;
11357;2024.08.28 06:45;4;9.375;-200;-200;3401;206;0;
11358;2024.08.28 07:00;4;9.125;-200;-200;3401;206;0;
11359;2024.08.28 07:15;4;8.75;-200;-200;3401;206;0;
11360;2024.08.28 07:30;4;8.5;-200;-200;3401;206;0;
11361;2024.08.28 07:45;4;8.4375;-200;-200;3402;206;0;
11362;2024.08.28 08:00;4;8.25;-200;-200;3401;206;0;
11363;2024.08.28 08:15;4;8.125;-200;-200;3402;206;0;
11364;2024.08.28 08:30;4;8.375;-200;-200;3401;206;0;
11365;2024.08.28 08:45;4;8;-200;-200;3402;206;0;
11366;2024.08.28 09:00;4;8;-200;-200;3402;206;0;
11367;2024.08.28 09:15;4;7.875;-200;-200;3402;206;0;
11368;2024.08.28 09:30;4;7.625;-200;-200;3403;206;0;
11369;2024.08.28 09:45;4;7.5625;-200;-200;3402;206;0;
11370;2024.08.28 10:00;4;7.375;-200;-200;3402;206;0;
11371;2024.08.28 10:15;4;7.4375;-200;-200;3403;206;0;
11372;2024.08.28 10:30;4;7.375;-200;-200;3402;206;0;
11373;2024.08.28 10:45;4;7.25;-200;-200;3402;206;0;
11374;2024.08.28 11:00;4;7.375;-200;-200;3403;206;0;
11375;2024.08.28 11:15;4;7.25;-200;-200;3403;206;0;
11376;2024.08.28 11:30;4;7.25;-200;-200;3403;206;0;
11377;2024.08.28 11:45;4;7.375;-200;-200;3403;206;0;
11378;2024.08.28 12:00;4;7.3125;-200;-200;3403;206;0;
11379;2024.08.28 12:15;4;7.125;-200;-200;3403;206;0;
11380;2024.08.28 12:30;4;7.125;-200;-200;3404;206;0;
11381;2024.08.28 12:45;4;7.0625;-200;-200;3404;206;0;
11382;2024.08.28 13:00;4;7.125;-200;-200;3404;206;0;
11383;2024.08.28 13:15;4;7.25;-200;-200;3404;206;0;
11384;2024.08.28 13:30;4;7.6875;-200;-200;3404;206;0;
11385;2024.08.28 13:45;4;8.375;-200;-200;3405;206;0;
11386;2024.08.28 14:00;4;9.5;-200;-200;3405;206;0;
11387;2024.08.28 14:15;4;10.875;-200;-200;3405;206;0;
11388;2024.08.28 14:30;4;11.5625;-200;-200;3405;206;0;
11389;2024.08.28 14:45;4;12.5625;-200;-200;3405;206;0;
11390;2024.08.28 15:00;4;13.125;-200;-200;3406;206;0;
11391;2024.08.28 15:15;4;13.375;-200;-200;3406;206;0;
11392;2024.08.28 15:30;4;14;-200;-200;3406;206;0;
11393;2024.08.28 15:45;4;14.5;-200;-200;3406;206;0;
11394;2024.08.28 16:00;4;15.625;-200;-200;3406;206;0;
11395;2024.08.28 16:15;4;15.75;-200;-200;3406;206;0;
11396;2024.08.28 16:30;4;15.875;-200;-200;3407;206;0;
11397;2024.08.28 16:45;4;16;-200;-200;3406;206;0;
11398;2024.08.28 17:00;4;16.5;-200;-200;3407;206;0;
11399;2024.08.28 17:15;4;17.5625;-200;-200;3408;206;0;
11400;2024.08.28 17:30;4;18.375;-200;-200;3407;206;0;
11401;2024.08.28 17:45;4;18.75;-200;-200;3408;206;0;
11402;2024.08.28 18:00;4;18.6875;-200;-200;3408;206;0;
11403;2024.08.28 18:15;4;19.125;-200;-200;3408;206;0;
11404;2024.08.28 18:30;4;19.25;-200;-200;3408;206;0;
11405;2024.08.28 18:45;4;18.5;-200;-200;3408;206;0;
11406;2024.08.28 19:00;4;17.25;-200;-200;3408;206;0;
11407;2024.08.28 19:15;4;15.5;-200;-200;3408;206;0;
11408;2024.08.28 19:30;4;15.3125;-200;-200;3408;206;0;
11409;2024.08.28 19:45;4;16;-200;-200;3408;206;0;
11410;2024.08.28 20:00;4;16.5;-200;-200;3408;206;0;
11411;2024.08.28 20:15;4;16.25;-200;-200;3408;206;0;
11412;2024.08.28 20:30;4;15.625;-200;-200;3408;206;0;
11413;2024.08.28 20:45;4;17;-200;-200;3408;206;0;
11414;2024.08.28 21:00;4;16;-200;-200;3408;206;0;
11415;2024.08.28 21:15;4;15.75;-200;-200;3408;206;0;
11416;2024.08.28 21:30;4;14.75;-200;-200;3408;206;0;
11417;2024.08.28 21:45;4;13.625;-200;-200;3408;206;0;
11418;2024.08.28 22:00;4;12.875;-200;-200;3408;206;0;
11419;2024.08.28 22:15;4;13.125;-200;-200;3408;206;0;
11420;2024.08.28 22:30;4;14.6875;-200;-200;3408;206;0;
11421;2024.08.28 22:45;4;15.75;-200;-200;3407;206;0;
11422;2024.08.28 23:00;4;14.875;-200;-200;3407;206;0;
11423;2024.08.28 23:15;4;14.625;-200;-200;3407;206;0;
11424;2024.08.28 23:30;4;14.125;-200;-200;3407;206;0;
11425;2024.08.28 23:45;4;13.75;-200;-200;3407;206;0;
11426;2024.08.29 00:00;4;13.4375;-200;-200;3407;206;0;
11427;2024.08.29 00:15;4;13.375;-200;-200;3406;206;0;
11428;2024.08.29 00:30;4;13;-200;-200;3406;206;0;
11429;2024.08.29 00:45;4;12.875;-200;-200;3406;206;0;
11430;2024.08.29 01:00;4;12.8125;-200;-200;3406;206;0;
11431;2024.08.29 01:15;4;12.75;-200;-200;3406;206;0;
11432;2024.08.29 01:30;4;12.75;-200;-200;3406;206;0;
11433;2024.08.29 01:45;4;12.5625;-200;-200;3406;206;0;
11434;2024.08.29 02:00;4;12.4375;-200;-200;3406;206;0;
11435;2024.08.29 02:15;4;11.625;-200;-200;3405;206;0;
11436;2024.08.29 02:30;4;11.125;-200;-200;3406;206;0;
11437;2024.08.29 02:45;4;11.125;-200;-200;3406;206;0;
11438;2024.08.29 03:00;4;11.125;-200;-200;3406;206;0;
11439;2024.08.29 03:15;4;11.1875;-200;-200;3405;206;0;
11440;2024.08.29 03:30;4;11.0625;-200;-200;3405;206;0;
11441;2024.08.29 03:45;4;11;-200;-200;3406;206;0;
11442;2024.08.29 04:00;4;11;-200;-200;3406;206;0;
11443;2024.08.29 04:15;4;11.25;-200;-200;3406;206;0;
11444;2024.08.29 04:30;4;11.25;-200;-200;3406;206;0;
11445;2024.08.29 04:45;4;11;-200;-200;3405;206;0;
11446;2024.08.29 05:00;4;11;-200;-200;3405;206;0;
11447;2024.08.29 05:15;4;11;-200;-200;3405;206;0;
11448;2024.08.29 05:30;4;11.125;-200;-200;3405;206;0;
11449;2024.08.29 05:45;4;11;-200;-200;3406;206;0;
11450;2024.08.29 06:00;4;10.875;-200;-200;3406;206;0;
11451;2024.08.29 06:15;4;11.125;-200;-200;3406;206;0;
11452;2024.08.29 06:30;4;11;-200;-200;3406;206;0;
11453;2024.08.29 06:45;4;11.125;-200;-200;3405;206;0;
11454;2024.08.29 07:00;4;11;-200;-200;3406;206;0;
11455;2024.08.29 07:15;4;10.9375;-200;-200;3405;206;0;
11456;2024.08.29 07:30;4;10.875;-200;-200;3406;206;0;
11457;2024.08.29 07:45;4;10.625;-200;-200;3406;206;0;
11458;2024.08.29 08:00;4;10.625;-200;-200;3405;206;0;
11459;2024.08.29 08:15;4;10.75;-200;-200;3405;206;0;
11460;2024.08.29 08:30;4;10.75;-200;-200;3405;206;0;
11461;2024.08.29 08:45;4;10.625;-200;-200;3405;206;0;
11462;2024.08.29 09:00;4;10.625;-200;-200;3405;206;0;
11463;2024.08.29 09:15;4;10.75;-200;-200;3406;206;0;
11464;2024.08.29 09:30;4;10.75;-200;-200;3406;206;0;
11465;2024.08.29 09:45;4;10.875;-200;-200;3406;206;0;
11466;2024.08.29 10:00;4;10.9375;-200;-200;3406;206;0;
11467;2024.08.29 10:15;4;10.75;-200;-200;3406;206;0;
11468;2024.08.29 10:30;4;10.375;-200;-200;3405;206;0;
11469;2024.08.29 10:45;4;10.125;-200;-200;3406;206;0;
11470;2024.08.29 11:00;4;10.25;-200;-200;3406;206;0;
11471;2024.08.29 11:15;4;10.4375;-200;-200;3406;206;0;
11472;2024.08.29 11:30;4;10.625;-200;-200;3406;206;0;
11473;2024.08.29 11:45;4;10.875;-200;-200;3406;206;0;
11474;2024.08.29 12:00;4;11.125;-200;-200;3406;206;0;
11475;2024.08.29 12:15;4;11.0625;-200;-200;3406;206;0;
11476;2024.08.29 12:30;4;11.0625;-200;-200;3406;206;0;
11477;2024.08.29 12:45;4;11;-200;-200;3406;206;0;
11478;2024.08.29 13:00;4;10.875;-200;-200;3406;206;0;
11479;2024.08.29 13:15;4;11.25;-200;-200;3406;206;0;
11480;2024.08.29 13:30;4;11.6875;-200;-200;3406;206;0;
11481;2024.08.29 13:45;4;12.125;-200;-200;3406;206;0;
11482;2024.08.29 14:00;4;12.5625;-200;-200;3406;206;0;
11483;2024.08.29 14:15;4;13.125;-200;-200;3406;206;0;
11484;2024.08.29 14:30;4;13.125;-200;-200;3405;206;0;
11485;2024.08.29 14:45;4;13.375;-200;-200;3405;206;0;
11486;2024.08.29 15:00;4;14.125;-200;-200;3406;206;0;
11487;2024.08.29 15:15;4;15;-200;-200;3406;206;0;
11488;2024.08.29 15:30;4;15.125;-200;-200;3407;206;0;
11489;2024.08.29 15:45;4;15.3125;-200;-200;3407;206;0;
11490;2024.08.29 16:00;4;14.5625;-200;-200;3407;206;0;
11491;2024.08.29 16:15;4;13.875;-200;-200;3406;206;0;
11492;2024.08.29 16:30;4;13.75;-200;-200;3406;206;0;
11493;2024.08.29 16:45;4;13.875;-200;-200;3406;206;0;
11494;2024.08.29 17:00;4;14.625;-200;-200;3406;206;0;
11495;2024.08.29 17:15;4;15.9375;-200;-200;3408;206;0;
11496;2024.08.29 17:30;4;16.9375;-200;-200;3406;206;0;
11497;2024.08.29 17:45;4;17.75;-200;-200;3406;206;0;
11498;2024.08.29 18:00;4;18;-200;-200;3406;206;0;
11499;2024.08.29 18:15;4;18.875;-200;-200;3406;206;0;
11500;2024.08.29 18:30;4;18.625;-200;-200;3406;206;0;
11501;2024.08.29 18:45;4;17.875;-200;-200;3406;206;0;
11502;2024.08.29 19:00;4;18.5;-200;-200;3406;206;0;
11503;2024.08.29 19:15;4;18.75;-200;-200;3406;206;0;
11504;2024.08.29 19:30;4;19.0625;-200;-200;3406;206;0;
11505;2024.08.29 19:45;4;22.375;-200;-200;3406;206;0;
11506;2024.08.29 20:00;4;23.375;-200;-200;3406;206;0;
11507;2024.08.29 20:15;4;25.1875;-200;-200;3406;206;0;
11508;2024.08.29 20:30;4;25.625;-200;-200;3406;206;0;
11509;2024.08.29 20:45;4;24.25;-200;-200;3405;206;0;
11510;2024.08.29 21:00;4;21.8125;-200;-200;3404;206;0;
11511;2024.08.29 21:15;4;21.9375;-200;-200;3404;206;0;
11512;2024.08.29 21:30;4;22.75;-200;-200;3403;206;0;
11513;2024.08.29 21:45;4;24.0625;-200;-200;3405;206;0;
11514;2024.08.29 22:00;4;25.375;-200;-200;3404;206;0;
11515;2024.08.29 22:15;4;26.5;-200;-200;3405;206;0;
11516;2024.08.29 22:30;4;25.125;-200;-200;3405;206;0;
11517;2024.08.29 22:45;4;27.6875;-200;-200;3405;206;0;
11518;2024.08.29 23:00;4;22.5;-200;-200;3403;206;0;
11519;2024.08.29 23:15;4;21.125;-200;-200;3403;206;0;
11520;2024.08.29 23:30;4;22.5625;-200;-200;3402;206;0;
11521;2024.08.29 23:45;4;22.3125;-200;-200;3401;206;0;
11522;2024.08.30 00:00;4;20.25;-200;-200;3400;206;0;
11523;2024.08.30 00:15;4;17.9375;-200;-200;3400;206;0;
11524;2024.08.30 00:30;4;16.375;-200;-200;3399;206;0;
11525;2024.08.30 00:45;4;14.8125;-200;-200;3399;206;0;
11526;2024.08.30 01:00;4;13.875;-200;-200;3398;206;0;
11527;2024.08.30 01:15;4;13.75;-200;-200;3398;206;0;
11528;2024.08.30 01:30;4;13.125;-200;-200;3398;206;0;
11529;2024.08.30 01:45;4;12.75;-200;-200;3398;206;0;
11530;2024.08.30 02:00;4;12.375;-200;-200;3398;206;0;
11531;2024.08.30 02:15;4;12.25;-200;-200;3398;206;0;
11532;2024.08.30 02:30;4;12.125;-200;-200;3398;206;0;
11533;2024.08.30 02:45;4;12.125;-200;-200;3398;206;0;
11534;2024.08.30 03:00;4;12.125;-200;-200;3398;206;0;
11535;2024.08.30 03:15;4;12.125;-200;-200;3398;206;0;
11536;2024.08.30 03:30;4;12;-200;-200;3398;206;0;
11537;2024.08.30 03:45;4;12.4375;-200;-200;3398;206;0;
11538;2024.08.30 04:00;4;12.25;-200;-200;3398;206;0;
11539;2024.08.30 04:15;4;12;-200;-200;3398;206;0;
11540;2024.08.30 04:30;4;11.6875;-200;-200;3397;206;0;
11541;2024.08.30 04:45;4;11.75;-200;-200;3397;206;0;
11542;2024.08.30 05:00;4;11.75;-200;-200;3397;206;0;
11543;2024.08.30 05:15;4;11.8125;-200;-200;3397;206;0;
11544;2024.08.30 05:30;4;11.8125;-200;-200;3397;206;0;
11545;2024.08.30 05:45;4;12.25;-200;-200;3397;206;0;
11546;2024.08.30 06:00;4;11.5;-200;-200;3397;206;0;
11547;2024.08.30 06:15;4;11.375;-200;-200;3397;206;0;
11548;2024.08.30 06:30;4;11.5;-200;-200;3397;206;0;
11549;2024.08.30 06:45;4;11.125;-200;-200;3397;206;0;
11550;2024.08.30 07:00;4;10.75;-200;-200;3397;206;0;
11551;2024.08.30 07:15;4;10.25;-200;-200;3397;206;0;
11552;2024.08.30 07:30;4;10;-200;-200;3397;206;0;
11553;2024.08.30 07:45;4;9.8125;-200;-200;3397;206;0;
11554;2024.08.30 08:00;4;9.75;-200;-200;3397;206;0;
11555;2024.08.30 08:15;4;9.6875;-200;-200;3397;206;0;
11556;2024.08.30 08:30;4;9.8125;-200;-200;3397;206;0;
11557;2024.08.30 08:45;4;9.75;-200;-200;3397;206;0;
11558;2024.08.30 09:00;4;9.625;-200;-200;3397;206;0;
11559;2024.08.30 09:15;4;9.4375;-200;-200;3397;206;0;
11560;2024.08.30 09:30;4;9.625;-200;-200;3397;206;0;
11561;2024.08.30 09:45;4;10.25;-200;-200;3397;206;0;
11562;2024.08.30 10:00;4;10.5625;-200;-200;3397;206;0;
11563;2024.08.30 10:15;4;11;-200;-200;3397;206;0;
11564;2024.08.30 10:30;4;11.125;-200;-200;3397;206;0;
11565;2024.08.30 10:45;4;11.0625;-200;-200;3397;206;0;
11566;2024.08.30 11:00;4;11.375;-200;-200;3397;206;0;
11567;2024.08.30 11:15;4;11;-200;-200;3397;206;0;
11568;2024.08.30 11:30;4;10.6875;-200;-200;3397;206;0;
11569;2024.08.30 11:45;4;10.5;-200;-200;3397;206;0;
11570;2024.08.30 12:00;4;10.75;-200;-200;3397;206;0;
11571;2024.08.30 12:15;4;10.375;-200;-200;3397;206;0;
11572;2024.08.30 12:30;4;10.375;-200;-200;3397;206;0;
11573;2024.08.30 12:45;4;10.125;-200;-200;3397;206;0;
11574;2024.08.30 13:00;4;9.75;-200;-200;3397;206;0;
11575;2024.08.30 13:15;4;10;-200;-200;3397;206;0;
11576;2024.08.30 13:30;4;10.625;-200;-200;3397;206;0;
11577;2024.08.30 13:45;4;10.625;-200;-200;3397;206;0;
11578;2024.08.30 14:00;4;10.25;-200;-200;3397;206;0;
11579;2024.08.30 14:15;4;10.875;-200;-200;3397;206;0;
11580;2024.08.30 14:30;4;12.625;-200;-200;3397;206;0;
11581;2024.08.30 14:45;4;13.5;-200;-200;3397;206;0;
11582;2024.08.30 15:00;4;14.875;-200;-200;3396;206;0;
11583;2024.08.30 15:15;4;16.375;-200;-200;3397;206;0;
11584;2024.08.30 15:30;4;16.875;-200;-200;3397;206;0;
11585;2024.08.30 15:45;4;17.0625;-200;-200;3397;206;0;
11586;2024.08.30 16:00;4;16.25;-200;-200;3397;206;0;
11587;2024.08.30 16:15;4;17.1875;-200;-200;3397;206;0;
11588;2024.08.30 16:30;4;17.5;-200;-200;3398;206;0;
11589;2024.08.30 16:45;4;17.9375;-200;-200;3398;206;0;
11590;2024.08.30 17:00;4;18.75;-200;-200;3398;206;0;
11591;2024.08.30 17:15;4;19.5;-200;-200;3398;206;0;
11592;2024.08.30 17:30;4;20.875;-200;-200;3398;206;0;
11593;2024.08.30 17:45;4;22;-200;-200;3398;206;0;
11594;2024.08.30 18:00;4;19.9375;-200;-200;3398;206;0;
11595;2024.08.30 18:15;4;18.375;-200;-200;3397;206;0;
11596;2024.08.30 18:30;4;17.75;-200;-200;3397;206;0;
11597;2024.08.30 18:45;4;17.625;-200;-200;3397;206;0;
11598;2024.08.30 19:00;4;20.8125;-200;-200;3397;206;0;
11599;2024.08.30 19:15;4;20.0625;-200;-200;3398;206;0;
11600;2024.08.30 19:30;4;18.25;-200;-200;3397;206;0;
11601;2024.08.30 19:45;4;14.625;-200;-200;3396;206;0;
11602;2024.08.30 20:00;4;13.0625;-200;-200;3395;206;0;
11603;2024.08.30 20:15;4;14.5;-200;-200;3395;206;0;
11604;2024.08.30 20:30;4;14.5;-200;-200;3395;206;0;
11605;2024.08.30 20:45;4;13.75;-200;-200;3395;206;0;
11606;2024.08.30 21:00;4;14.125;-200;-200;3395;206;0;
11607;2024.08.30 21:15;4;14.1875;-200;-200;3396;206;0;
11608;2024.08.30 21:30;4;14.6875;-200;-200;3396;206;0;
11609;2024.08.30 21:45;4;16;-200;-200;3395;206;0;
11610;2024.08.30 22:00;4;17.125;-200;-200;3395;206;0;
11611;2024.08.30 22:15;4;16.25;-200;-200;3395;206;0;
11612;2024.08.30 22:30;4;16.1875;-200;-200;3395;206;0;
11613;2024.08.30 22:45;4;15.75;-200;-200;3395;206;0;
11614;2024.08.30 23:00;4;15.6875;-200;-200;3395;206;0;
11615;2024.08.30 23:15;4;17;-200;-200;3395;206;0;
11616;2024.08.30 23:30;4;16.5;-200;-200;3395;206;0;
11617;2024.08.30 23:45;4;18.625;-200;-200;3395;206;0;
11618;2024.08.31 00:00;4;16.875;-200;-200;3395;206;0;
11619;2024.08.31 00:15;4;16.1875;-200;-200;3395;206;0;
11620;2024.08.31 00:30;4;15.5;-200;-200;3395;206;0;
11621;2024.08.31 00:45;4;14.5;-200;-200;3395;206;0;
11622;2024.08.31 01:00;4;13.75;-200;-200;3394;206;0;
11623;2024.08.31 01:15;4;12.5625;-200;-200;3394;206;0;
11624;2024.08.31 01:30;4;11.625;-200;-200;3394;206;0;
11625;2024.08.31 01:45;4;11.25;-200;-200;3394;206;0;
11626;2024.08.31 02:00;4;10.75;-200;-200;3393;206;0;
11627;2024.08.31 02:15;4;10.3125;-200;-200;3393;206;0;
11628;2024.08.31 02:30;4;10.3125;-200;-200;3393;206;0;
11629;2024.08.31 02:45;4;10;-200;-200;3393;206;0;
11630;2024.08.31 03:00;4;9.5;-200;-200;3393;206;0;
11631;2024.08.31 03:15;4;10.0625;-200;-200;3393;206;0;
11632;2024.08.31 03:30;4;9.75;-200;-200;3393;206;0;
11633;2024.08.31 03:45;4;9.3125;-200;-200;3393;206;0;
11634;2024.08.31 04:00;4;8.875;-200;-200;3393;206;0;
11635;2024.08.31 04:15;4;8.875;-200;-200;3393;206;0;
11636;2024.08.31 04:30;4;8.625;-200;-200;3393;206;0;
11637;2024.08.31 04:45;4;8.75;-200;-200;3393;206;0;
11638;2024.08.31 05:00;4;8.125;-200;-200;3393;206;0;
11639;2024.08.31 05:15;4;7.875;-200;-200;3394;206;0;
11640;2024.08.31 05:30;4;8.0625;-200;-200;3393;206;0;
11641;2024.08.31 05:45;4;7.6875;-200;-200;3393;206;0;
11642;2024.08.31 06:00;4;7.625;-200;-200;3393;206;0;
11643;2024.08.31 06:15;4;7.5;-200;-200;3393;206;0;
11644;2024.08.31 06:30;4;7.625;-200;-200;3393;206;0;
11645;2024.08.31 06:45;4;7.5625;-200;-200;3393;206;0;
11646;2024.08.31 07:00;4;7.875;-200;-200;3393;206;0;
11647;2024.08.31 07:15;4;8.375;-200;-200;3393;206;0;
11648;2024.08.31 07:30;4;8;-200;-200;3393;206;0;
11649;2024.08.31 07:45;4;7.8125;-200;-200;3393;206;0;
11650;2024.08.31 08:00;4;8;-200;-200;3394;206;0;
11651;2024.08.31 08:15;4;8;-200;-200;3393;206;0;
11652;2024.08.31 08:30;4;8;-200;-200;3393;206;0;
11653;2024.08.31 08:45;4;7.75;-200;-200;3393;206;0;
11654;2024.08.31 09:00;4;7.25;-200;-200;3394;206;0;
11655;2024.08.31 09:15;4;7.25;-200;-200;3394;206;0;
11656;2024.08.31 09:30;4;7.375;-200;-200;3395;206;0;
11657;2024.08.31 09:45;4;7;-200;-200;3394;206;0;
11658;2024.08.31 10:00;4;6.9375;-200;-200;3395;206;0;
11659;2024.08.31 10:15;4;6.875;-200;-200;3396;206;0;
11660;2024.08.31 10:30;4;7;-200;-200;3396;206;0;
11661;2024.08.31 10:45;4;7.125;-200;-200;3395;206;0;
11662;2024.08.31 11:00;4;6.875;-200;-200;3396;206;0;
11663;2024.08.31 11:15;4;6.625;-200;-200;3395;206;0;
11664;2024.08.31 11:30;4;6.4375;-200;-200;3395;206;0;
11665;2024.08.31 11:45;4;6.375;-200;-200;3396;206;0;
11666;2024.08.31 12:00;4;6.5625;-200;-200;3396;206;0;
11667;2024.08.31 12:15;4;6.25;-200;-200;3395;206;0;
11668;2024.08.31 12:30;4;6;-200;-200;3395;206;0;
11669;2024.08.31 12:45;4;5.875;-200;-200;3395;206;0;
11670;2024.08.31 13:00;4;5.875;-200;-200;3395;206;0;
11671;2024.08.31 13:15;4;6;-200;-200;3395;206;0;
11672;2024.08.31 13:30;4;6.25;-200;-200;3395;206;0;
11673;2024.08.31 13:45;4;7.25;-200;-200;3396;206;0;
11674;2024.08.31 14:00;4;8.625;-200;-200;3396;206;0;
11675;2024.08.31 14:15;4;10.125;-200;-200;3396;206;0;
11676;2024.08.31 14:30;4;11.0625;-200;-200;3396;206;0;
11677;2024.08.31 14:45;4;12.3125;-200;-200;3396;206;0;
11678;2024.08.31 15:00;4;13.3125;-200;-200;3396;206;0;
11679;2024.08.31 15:15;4;14.1875;-200;-200;3396;206;0;
11680;2024.08.31 15:30;4;14.8125;-200;-200;3396;206;0;
11681;2024.08.31 15:45;4;15.625;-200;-200;3396;206;0;
11682;2024.08.31 16:00;4;16.125;-200;-200;3396;206;0;
11683;2024.08.31 16:15;4;16.5;-200;-200;3396;206;0;
11684;2024.08.31 16:30;4;16.875;-200;-200;3396;206;0;
11685;2024.08.31 16:45;4;17.5;-200;-200;3397;206;0;
11686;2024.08.31 17:00;4;17.875;-200;-200;3397;206;0;
11687;2024.08.31 17:15;4;18.3125;-200;-200;3397;206;0;
11688;2024.08.31 17:30;4;19.25;-200;-200;3398;206;0;
11689;2024.08.31 17:45;4;18.625;-200;-200;3398;206;0;
11690;2024.08.31 18:00;4;18.4375;-200;-200;3397;206;0;
11691;2024.08.31 18:15;4;20.25;-200;-200;3399;206;0;
11692;2024.08.31 18:30;4;22.375;-200;-200;3398;206;0;
11693;2024.08.31 18:45;4;20.625;-200;-200;3399;206;0;
11694;2024.08.31 19:00;4;22.625;-200;-200;3399;206;0;
11695;2024.08.31 19:15;4;20.5;-200;-200;3399;206;0;
11696;2024.08.31 19:30;4;18.875;-200;-200;3399;206;0;
11697;2024.08.31 19:45;4;18;-200;-200;3398;206;0;
11698;2024.08.31 20:00;4;17.25;-200;-200;3398;206;0;
11699;2024.08.31 20:15;4;16.6875;-200;-200;3397;206;0;
11700;2024.08.31 20:30;4;16.6875;-200;-200;3397;206;0;
11701;2024.08.31 20:45;4;16.5;-200;-200;3397;206;0;
11702;2024.08.31 21:00;4;16.375;-200;-200;3397;206;0;
11703;2024.08.31 21:15;4;16.125;-200;-200;3397;206;0;
11704;2024.08.31 21:30;4;15.5625;-200;-200;3397;206;0;
11705;2024.08.31 21:45;4;15.25;-200;-200;3397;206;0;
11706;2024.08.31 22:00;4;15.1875;-200;-200;3397;206;0;
11707;2024.08.31 22:15;4;15.5;-200;-200;3397;206;0;
11708;2024.08.31 22:30;4;15.625;-200;-200;3397;206;0;
11709;2024.08.31 22:45;4;16;-200;-200;3397;206;0;
11710;2024.08.31 23:00;4;16.3125;-200;-200;3397;206;0;
11711;2024.08.31 23:15;4;16.5;-200;-200;3397;206;0;
11712;2024.08.31 23:30;4;16.875;-200;-200;3397;206;0;
11713;2024.08.31 23:45;4;16.75;-200;-200;3397;206;0;
11714;2024.09.01 00:00;4;16.625;-200;-200;3397;206;0;
11715;2024.09.01 00:15;4;16.75;-200;-200;3397;206;0;
11716;2024.09.01 00:30;4;16.625;-200;-200;3397;206;0;
11717;2024.09.01 00:45;4;15.875;-200;-200;3397;206;0;
11718;2024.09.01 01:00;4;15.125;-200;-200;3397;206;0;
11719;2024.09.01 01:15;4;14.75;-200;-200;3397;206;0;
11720;2024.09.01 01:30;4;14.375;-200;-200;3397;206;0;
11721;2024.09.01 01:45;4;13.8125;-200;-200;3396;206;0;
11722;2024.09.01 02:00;4;13.5;-200;-200;3397;206;0;
11723;2024.09.01 02:15;4;13.25;-200;-200;3396;206;0;
11724;2024.09.01 02:30;4;12.875;-200;-200;3396;206;0;
11725;2024.09.01 02:45;4;12.6875;-200;-200;3396;206;0;
11726;2024.09.01 03:00;4;12.5625;-200;-200;3396;206;0;
11727;2024.09.01 03:15;4;12.25;-200;-200;3396;206;0;
11728;2024.09.01 03:30;4;12.1875;-200;-200;3397;206;0;
11729;2024.09.01 03:45;4;12.125;-200;-200;3397;206;0;
11730;2024.09.01 04:00;4;12;-200;-200;3397;206;0;
11731;2024.09.01 04:15;4;12.1875;-200;-200;3397;206;0;
11732;2024.09.01 04:30;4;12.375;-200;-200;3397;206;0;
11733;2024.09.01 04:45;4;12.125;-200;-200;3397;206;0;
11734;2024.09.01 05:00;4;12;-200;-200;3397;206;0;
11735;2024.09.01 05:15;4;12.25;-200;-200;3397;206;0;
11736;2024.09.01 05:30;4;12.1875;-200;-200;3397;206;0;
11737;2024.09.01 05:45;4;11.6875;-200;-200;3397;206;0;
11738;2024.09.01 06:00;4;11.75;-200;-200;3397;206;0;
11739;2024.09.01 06:15;4;11.375;-200;-200;3397;206;0;
11740;2024.09.01 06:30;4;11.75;-200;-200;3397;206;0;
11741;2024.09.01 06:45;4;11.5;-200;-200;3397;206;0;
11742;2024.09.01 07:00;4;11.625;-200;-200;3397;206;0;
11743;2024.09.01 07:15;4;11.625;-200;-200;3397;206;0;
11744;2024.09.01 07:30;4;11.3125;-200;-200;3397;206;0;
11745;2024.09.01 07:45;4;10.75;-200;-200;3396;206;0;
11746;2024.09.01 08:00;4;10.625;-200;-200;3396;206;0;
11747;2024.09.01 08:15;4;10.625;-200;-200;3396;206;0;
11748;2024.09.01 08:30;4;10.5625;-200;-200;3396;206;0;
11749;2024.09.01 08:45;4;10.375;-200;-200;3396;206;0;
11750;2024.09.01 09:00;4;10.1875;-200;-200;3396;206;0;
11751;2024.09.01 09:15;4;10.125;-200;-200;3397;206;0;
11752;2024.09.01 09:30;4;10;-200;-200;3396;206;0;
11753;2024.09.01 09:45;4;9.875;-200;-200;3396;206;0;
11754;2024.09.01 10:00;4;9.75;-200;-200;3396;206;0;
11755;2024.09.01 10:15;4;9.625;-200;-200;3396;206;0;
11756;2024.09.01 10:30;4;9.625;-200;-200;3396;206;0;
11757;2024.09.01 10:45;4;9.5625;-200;-200;3396;206;0;
11758;2024.09.01 11:00;4;9.5;-200;-200;3396;206;0;
11759;2024.09.01 11:15;4;9.4375;-200;-200;3396;206;0;
11760;2024.09.01 11:30;4;9.125;-200;-200;3396;206;0;
11761;2024.09.01 11:45;4;8.875;-200;-200;3396;206;0;
11762;2024.09.01 12:00;4;9;-200;-200;3396;206;0;
11763;2024.09.01 12:15;4;8.875;-200;-200;3396;206;0;
11764;2024.09.01 12:30;4;8.75;-200;-200;3396;206;0;
11765;2024.09.01 12:45;4;8.5;-200;-200;3396;206;0;
11766;2024.09.01 13:00;4;8.375;-200;-200;3396;206;0;
11767;2024.09.01 13:15;4;8.5625;-200;-200;3396;206;0;
11768;2024.09.01 13:30;4;8.875;-200;-200;3396;206;0;
11769;2024.09.01 13:45;4;9.4375;-200;-200;3396;206;0;
11770;2024.09.01 14:00;4;10.25;-200;-200;3396;206;0;
11771;2024.09.01 14:15;4;11.125;-200;-200;3396;206;0;
11772;2024.09.01 14:30;4;12.125;-200;-200;3396;206;0;
11773;2024.09.01 14:45;4;12.875;-200;-200;3396;206;0;
11774;2024.09.01 15:00;4;13.75;-200;-200;3396;206;0;
11775;2024.09.01 15:15;4;14.5;-200;-200;3396;206;0;
11776;2024.09.01 15:30;4;15.4375;-200;-200;3396;206;0;
11777;2024.09.01 15:45;4;15.875;-200;-200;3396;206;0;
11778;2024.09.01 16:00;4;16.25;-200;-200;3397;206;0;
11779;2024.09.01 16:15;4;16.6875;-200;-200;3397;206;0;
11780;2024.09.01 16:30;4;17;-200;-200;3398;206;0;
11781;2024.09.01 16:45;4;17.3125;-200;-200;3398;206;0;
11782;2024.09.01 17:00;4;17.5;-200;-200;3398;206;0;
11783;2024.09.01 17:15;4;18.0625;-200;-200;3399;206;0;
11784;2024.09.01 17:30;4;19.375;-200;-200;3399;206;0;
11785;2024.09.01 17:45;4;20;-200;-200;3399;206;0;
11786;2024.09.01 18:00;4;20.875;-200;-200;3400;206;0;
11787;2024.09.01 18:15;4;21.4375;-200;-200;3400;206;0;
11788;2024.09.01 18:30;4;21.8125;-200;-200;3399;206;0;
11789;2024.09.01 18:45;4;21.125;-200;-200;3400;206;0;
11790;2024.09.01 19:00;4;22.125;-200;-200;3400;206;0;
11791;2024.09.01 19:15;4;21.375;-200;-200;3400;206;0;
11792;2024.09.01 19:30;4;21.5;-200;-200;3399;206;0;
11793;2024.09.01 19:45;4;23.625;-200;-200;3399;206;0;
11794;2024.09.01 20:00;4;24.625;-200;-200;3399;206;0;
11795;2024.09.01 20:15;4;25.3125;-200;-200;3399;206;0;
11796;2024.09.01 20:30;4;26;-200;-200;3398;206;0;
11797;2024.09.01 20:45;4;24.6875;-200;-200;3398;206;0;
11798;2024.09.01 21:00;4;22.375;-200;-200;3397;206;0;
11799;2024.09.01 21:15;4;22.5;-200;-200;3397;206;0;
11800;2024.09.01 21:30;4;22;-200;-200;3397;206;0;
11801;2024.09.01 21:45;4;23.6875;-200;-200;3397;206;0;
11802;2024.09.01 22:00;4;25.125;-200;-200;3398;206;0;
11803;2024.09.01 22:15;4;24;-200;-200;3398;206;0;
11804;2024.09.01 22:30;4;23.8125;-200;-200;3398;206;0;
11805;2024.09.01 22:45;4;24.75;-200;-200;3398;206;0;
11806;2024.09.01 23:00;4;21.875;-200;-200;3397;206;0;
11807;2024.09.01 23:15;4;20.125;-200;-200;3396;206;0;
11808;2024.09.01 23:30;4;20.75;-200;-200;3396;206;0;
11809;2024.09.01 23:45;4;22.375;-200;-200;3397;206;0;
11810;2024.09.02 00:00;4;19.5;-200;-200;3396;206;0;
11811;2024.09.02 00:15;4;19.25;-200;-200;3395;206;0;
11812;2024.09.02 00:30;4;19.125;-200;-200;3395;206;0;
11813;2024.09.02 00:45;4;18;-200;-200;3395;206;0;
11814;2024.09.02 01:00;4;17.125;-200;-200;3395;206;0;
11815;2024.09.02 01:15;4;15.875;-200;-200;3395;206;0;
11816;2024.09.02 01:30;4;15.375;-200;-200;3395;206;0;
11817;2024.09.02 01:45;4;14.6875;-200;-200;3394;206;0;
11818;2024.09.02 02:00;4;13.875;-200;-200;3394;206;0;
11819;2024.09.02 02:15;4;13.875;-200;-200;3394;206;0;
11820;2024.09.02 02:30;4;13.625;-200;-200;3394;206;0;
11821;2024.09.02 02:45;4;13.375;-200;-200;3394;206;0;
11822;2024.09.02 03:00;4;13.125;-200;-200;3394;206;0;
11823;2024.09.02 03:15;4;12.625;-200;-200;3394;206;0;
11824;2024.09.02 03:30;4;12.625;-200;-200;3394;206;0;
11825;2024.09.02 03:45;4;12.625;-200;-200;3394;206;0;
11826;2024.09.02 04:00;4;12.5;-200;-200;3394;206;0;
11827;2024.09.02 04:15;4;12.25;-200;-200;3394;206;0;
11828;2024.09.02 04:30;4;11.9375;-200;-200;3394;206;0;
11829;2024.09.02 04:45;4;11.8125;-200;-200;3394;206;0;
11830;2024.09.02 05:00;4;11.375;-200;-200;3394;206;0;
11831;2024.09.02 05:15;4;11.1875;-200;-200;3394;206;0;
11832;2024.09.02 05:30;4;10.8125;-200;-200;3394;206;0;
11833;2024.09.02 05:45;4;10.375;-200;-200;3393;206;0;
11834;2024.09.02 06:00;4;9.75;-200;-200;3393;206;0;
11835;2024.09.02 06:15;4;8.9375;-200;-200;3393;206;0;
11836;2024.09.02 06:30;4;8.5;-200;-200;3394;206;0;
11837;2024.09.02 06:45;4;8.125;-200;-200;3394;206;0;
11838;2024.09.02 07:00;4;7.75;-200;-200;3394;206;0;
11839;2024.09.02 07:15;4;7.5625;-200;-200;3393;206;0;
11840;2024.09.02 07:30;4;7.5;-200;-200;3393;206;0;
11841;2024.09.02 07:45;4;7.25;-200;-200;3393;206;0;
11842;2024.09.02 08:00;4;6.875;-200;-200;3394;206;0;
11843;2024.09.02 08:15;4;7.25;-200;-200;3394;206;0;
11844;2024.09.02 08:30;4;7;-200;-200;3394;206;0;
11845;2024.09.02 08:45;4;7.6875;-200;-200;3393;206;0;
11846;2024.09.02 09:00;4;7.6875;-200;-200;3393;206;0;
11847;2024.09.02 09:15;4;7.625;-200;-200;3393;206;0;
11848;2024.09.02 09:30;4;7.125;-200;-200;3393;206;0;
11849;2024.09.02 09:45;4;6.875;-200;-200;3393;206;0;
11850;2024.09.02 10:00;4;7;-200;-200;3394;206;0;
11851;2024.09.02 10:15;4;6.625;-200;-200;3393;206;0;
11852;2024.09.02 10:30;4;7.125;-200;-200;3393;206;0;
11853;2024.09.02 10:45;4;6.625;-200;-200;3393;206;0;
11854;2024.09.02 11:00;4;6.375;-200;-200;3393;206;0;
11855;2024.09.02 11:15;4;5.625;-200;-200;3393;206;0;
11856;2024.09.02 11:30;4;5.5625;-200;-200;3393;206;0;
11857;2024.09.02 11:45;4;5.75;-200;-200;3393;206;0;
11858;2024.09.02 12:00;4;5.5;-200;-200;3392;206;0;
11859;2024.09.02 12:15;4;5.8125;-200;-200;3392;206;0;
11860;2024.09.02 12:30;4;5.5625;-200;-200;3392;206;0;
11861;2024.09.02 12:45;4;5.375;-200;-200;3393;206;0;
11862;2024.09.02 13:00;4;6;-200;-200;3392;206;0;
11863;2024.09.02 13:15;4;5.6875;-200;-200;3393;206;0;
11864;2024.09.02 13:30;4;6;-200;-200;3393;206;0;
11865;2024.09.02 13:45;4;7.4375;-200;-200;3393;206;0;
11866;2024.09.02 14:00;4;8.6875;-200;-200;3393;206;0;
11867;2024.09.02 14:15;4;9.75;-200;-200;3393;206;0;
11868;2024.09.02 14:30;4;10.375;-200;-200;3393;206;0;
11869;2024.09.02 14:45;4;11.125;-200;-200;3393;206;0;
11870;2024.09.02 15:00;4;11.75;-200;-200;3392;206;0;
11871;2024.09.02 15:15;4;12.5;-200;-200;3392;206;0;
11872;2024.09.02 15:30;4;13.125;-200;-200;3392;206;0;
11873;2024.09.02 15:45;4;14.3125;-200;-200;3394;206;0;
11874;2024.09.02 16:00;4;14.875;-200;-200;3393;206;0;
11875;2024.09.02 16:15;4;15.375;-200;-200;3393;206;0;
11876;2024.09.02 16:30;4;16.25;-200;-200;3393;206;0;
11877;2024.09.02 16:45;4;16.875;-200;-200;3394;206;0;
11878;2024.09.02 17:00;4;17.25;-200;-200;3393;206;0;
11879;2024.09.02 17:15;4;17.75;-200;-200;3393;206;0;
11880;2024.09.02 17:30;4;18.75;-200;-200;3393;206;0;
11881;2024.09.02 17:45;4;19.875;-200;-200;3393;206;0;
11882;2024.09.02 18:00;4;20.625;-200;-200;3392;206;0;
11883;2024.09.02 18:15;4;21.25;-200;-200;3393;206;0;
11884;2024.09.02 18:30;4;21.625;-200;-200;3393;206;0;
11885;2024.09.02 18:45;4;22.25;-200;-200;3393;206;0;
11886;2024.09.02 19:00;4;21.875;-200;-200;3393;206;0;
11887;2024.09.02 19:15;4;21;-200;-200;3393;206;0;
11888;2024.09.02 19:30;4;21.75;-200;-200;3393;206;0;
11889;2024.09.02 19:45;4;24.6875;-200;-200;3391;206;0;
11890;2024.09.02 20:00;4;26.1875;-200;-200;3391;206;0;
11891;2024.09.02 20:15;4;26.125;-200;-200;3391;206;0;
11892;2024.09.02 20:30;4;26.125;-200;-200;3391;206;0;
11893;2024.09.02 20:45;4;22.25;-200;-200;3389;206;0;
11894;2024.09.02 21:00;4;20.375;-200;-200;3389;206;0;
11895;2024.09.02 21:15;4;20.75;-200;-200;3388;206;0;
11896;2024.09.02 21:30;4;19.5625;-200;-200;3388;206;0;
11897;2024.09.02 21:45;4;22.1875;-200;-200;3388;206;0;
11898;2024.09.02 22:00;4;25.625;-200;-200;3390;206;0;
11899;2024.09.02 22:15;4;25.4375;-200;-200;3390;206;0;
11900;2024.09.02 22:30;4;26.0625;-200;-200;3389;206;0;
11901;2024.09.02 22:45;4;25.625;-200;-200;3389;206;0;
11902;2024.09.02 23:00;4;22.1875;-200;-200;3388;206;0;
11903;2024.09.02 23:15;4;20.375;-200;-200;3387;206;0;
11904;2024.09.02 23:30;4;21.25;-200;-200;3387;206;0;
11905;2024.09.02 23:45;4;21.625;-200;-200;3388;206;0;
11906;2024.09.03 00:00;4;19.25;-200;-200;3387;206;0;
11907;2024.09.03 00:15;4;19.3125;-200;-200;3387;206;0;
11908;2024.09.03 00:30;4;18.875;-200;-200;3387;206;0;
11909;2024.09.03 00:45;4;17.5;-200;-200;3386;206;0;
11910;2024.09.03 01:00;4;17;-200;-200;3386;206;0;
11911;2024.09.03 01:15;4;15.875;-200;-200;3386;206;0;
11912;2024.09.03 01:30;4;14.9375;-200;-200;3386;206;0;
11913;2024.09.03 01:45;4;14.25;-200;-200;3385;206;0;
11914;2024.09.03 02:00;4;13.375;-200;-200;3385;206;0;
11915;2024.09.03 02:15;4;13;-200;-200;3385;206;0;
11916;2024.09.03 02:30;4;12.3125;-200;-200;3385;206;0;
11917;2024.09.03 02:45;4;12;-200;-200;3385;206;0;
11918;2024.09.03 03:00;4;11.9375;-200;-200;3385;206;0;
11919;2024.09.03 03:15;4;11.375;-200;-200;3385;206;0;
11920;2024.09.03 03:30;4;10.8125;-200;-200;3385;206;0;
11921;2024.09.03 03:45;4;10.1875;-200;-200;3385;206;0;
11922;2024.09.03 04:00;4;10.625;-200;-200;3385;206;0;
11923;2024.09.03 04:15;4;10.5;-200;-200;3385;206;0;
11924;2024.09.03 04:30;4;10.25;-200;-200;3385;206;0;
11925;2024.09.03 04:45;4;9.875;-200;-200;3385;206;0;
11926;2024.09.03 05:00;4;10;-200;-200;3385;206;0;
11927;2024.09.03 05:15;4;9.5;-200;-200;3384;206;0;
11928;2024.09.03 05:30;4;8.8125;-200;-200;3384;206;0;
11929;2024.09.03 05:45;4;8.5625;-200;-200;3384;206;0;
11930;2024.09.03 06:00;4;8.4375;-200;-200;3384;206;0;
11931;2024.09.03 06:15;4;8;-200;-200;3385;206;0;
11932;2024.09.03 06:30;4;8.125;-200;-200;3385;206;0;
11933;2024.09.03 06:45;4;8.0625;-200;-200;3384;206;0;
11934;2024.09.03 07:00;4;8.3125;-200;-200;3385;206;0;
11935;2024.09.03 07:15;4;8.25;-200;-200;3385;206;0;
11936;2024.09.03 07:30;4;7.375;-200;-200;3384;206;0;
11937;2024.09.03 07:45;4;7.25;-200;-200;3384;206;0;
11938;2024.09.03 08:00;4;6.625;-200;-200;3384;206;0;
11939;2024.09.03 08:15;4;6.3125;-200;-200;3384;206;0;
11940;2024.09.03 08:30;4;6.25;-200;-200;3384;206;0;
11941;2024.09.03 08:45;4;6;-200;-200;3384;206;0;
11942;2024.09.03 09:00;4;5.8125;-200;-200;3383;206;0;
11943;2024.09.03 09:15;4;5.6875;-200;-200;3384;206;0;
11944;2024.09.03 09:30;4;5.5;-200;-200;3383;206;0;
11945;2024.09.03 09:45;4;5.375;-200;-200;3383;206;0;
11946;2024.09.03 10:00;4;5.375;-200;-200;3383;206;0;
11947;2024.09.03 10:15;4;5.25;-200;-200;3383;206;0;
11948;2024.09.03 10:30;4;5.125;-200;-200;3384;206;0;
11949;2024.09.03 10:45;4;5;-200;-200;3384;206;0;
11950;2024.09.03 11:00;4;4.9375;-200;-200;3383;206;0;
11951;2024.09.03 11:15;4;4.875;-200;-200;3383;206;0;
11952;2024.09.03 11:30;4;5;-200;-200;3383;206;0;
11953;2024.09.03 11:45;4;4.875;-200;-200;3383;206;0;
11954;2024.09.03 12:00;4;4.75;-200;-200;3383;206;0;
11955;2024.09.03 12:15;4;4.625;-200;-200;3383;206;0;
11956;2024.09.03 12:30;4;4.625;-200;-200;3383;206;0;
11957;2024.09.03 12:45;4;4.75;-200;-200;3384;206;0;
11958;2024.09.03 13:00;4;4.625;-200;-200;3383;206;0;
11959;2024.09.03 13:15;4;5.25;-200;-200;3383;206;0;
11960;2024.09.03 13:30;4;5.625;-200;-200;3383;206;0;
11961;2024.09.03 13:45;4;6.5;-200;-200;3383;206;0;
11962;2024.09.03 14:00;4;7.625;-200;-200;3384;206;0;
11963;2024.09.03 14:15;4;8.875;-200;-200;3384;206;0;
11964;2024.09.03 14:30;4;10.5;-200;-200;3384;206;0;
11965;2024.09.03 14:45;4;11.5625;-200;-200;3384;206;0;
11966;2024.09.03 15:00;4;13.125;-200;-200;3384;206;0;
11967;2024.09.03 15:15;4;14.3125;-200;-200;3384;206;0;
11968;2024.09.03 15:30;4;15.1875;-200;-200;3384;206;0;
11969;2024.09.03 15:45;4;15.9375;-200;-200;3384;206;0;
11970;2024.09.03 16:00;4;16.6875;-200;-200;3384;206;0;
11971;2024.09.03 16:15;4;17.3125;-200;-200;3385;206;0;
11972;2024.09.03 16:30;4;18.0625;-200;-200;3384;206;0;
11973;2024.09.03 16:45;4;18.625;-200;-200;3384;206;0;
11974;2024.09.03 17:00;4;18.875;-200;-200;3385;206;0;
11975;2024.09.03 17:15;4;19.625;-200;-200;3385;206;0;
11976;2024.09.03 17:30;4;20.625;-200;-200;3385;206;0;
11977;2024.09.03 17:45;4;21.625;-200;-200;3385;206;0;
11978;2024.09.03 18:00;4;22.625;-200;-200;3386;206;0;
11979;2024.09.03 18:15;4;22.9375;-200;-200;3386;206;0;
11980;2024.09.03 18:30;4;24.125;-200;-200;3386;206;0;
11981;2024.09.03 18:45;4;24.75;-200;-200;3387;206;0;
11982;2024.09.03 19:00;4;24.375;-200;-200;3386;206;0;
11983;2024.09.03 19:15;4;25.25;-200;-200;3386;206;0;
11984;2024.09.03 19:30;4;21.9375;-200;-200;3386;206;0;
11985;2024.09.03 19:45;4;20.75;-200;-200;3385;206;0;
11986;2024.09.03 20:00;4;21.5;-200;-200;3385;206;0;
11987;2024.09.03 20:15;4;21.1875;-200;-200;3385;206;0;
11988;2024.09.03 20:30;4;24.875;-200;-200;3386;206;0;
11989;2024.09.03 20:45;4;28.125;-200;-200;3385;206;0;
11990;2024.09.03 21:00;4;23.375;-200;-200;3383;206;0;
11991;2024.09.03 21:15;4;22.5;-200;-200;3383;206;0;
11992;2024.09.03 21:30;4;20.625;-200;-200;3381;206;0;
11993;2024.09.03 21:45;4;19.75;-200;-200;3381;206;0;
11994;2024.09.03 22:00;4;26.375;-200;-200;3384;206;0;
11995;2024.09.03 22:15;4;27.875;-200;-200;3384;206;0;
11996;2024.09.03 22:30;4;27.75;-200;-200;3384;206;0;
11997;2024.09.03 22:45;4;24.75;-200;-200;3384;206;0;
11998;2024.09.03 23:00;4;21.875;-200;-200;3382;206;0;
11999;2024.09.03 23:15;4;21.75;-200;-200;3381;206;0;
12000;2024.09.03 23:30;4;23;-200;-200;3381;206;0;
12001;2024.09.03 23:45;4;21;-200;-200;3381;206;0;
12002;2024.09.04 00:00;4;19.75;-200;-200;3381;206;0;
12003;2024.09.04 00:15;4;18.625;-200;-200;3380;206;0;
12004;2024.09.04 00:30;4;18.875;-200;-200;3380;206;0;
12005;2024.09.04 00:45;4;18.4375;-200;-200;3380;206;0;
12006;2024.09.04 01:00;4;17.875;-200;-200;3380;206;0;
12007;2024.09.04 01:15;4;17.125;-200;-200;3380;206;0;
12008;2024.09.04 01:30;4;16.125;-200;-200;3379;206;0;
12009;2024.09.04 01:45;4;14.875;-200;-200;3379;206;0;
12010;2024.09.04 02:00;4;15;-200;-200;3379;206;0;
12011;2024.09.04 02:15;4;14.75;-200;-200;3379;206;0;
12012;2024.09.04 02:30;4;14.25;-200;-200;3379;206;0;
12013;2024.09.04 02:45;4;14;-200;-200;3379;206;0;
12014;2024.09.04 03:00;4;13.75;-200;-200;3379;206;0;
12015;2024.09.04 03:15;4;13.375;-200;-200;3379;206;0;
12016;2024.09.04 03:30;4;13.25;-200;-200;3379;206;0;
12017;2024.09.04 03:45;4;13.25;-200;-200;3379;206;0;
12018;2024.09.04 04:00;4;13.375;-200;-200;3379;206;0;
12019;2024.09.04 04:15;4;13.8125;-200;-200;3379;206;0;
12020;2024.09.04 04:30;4;14.125;-200;-200;3379;206;0;
12021;2024.09.04 04:45;4;13.5;-200;-200;3379;206;0;
12022;2024.09.04 05:00;4;12.8125;-200;-200;3379;206;0;
12023;2024.09.04 05:15;4;12.375;-200;-200;3379;206;0;
12024;2024.09.04 05:30;4;12;-200;-200;3379;206;0;
12025;2024.09.04 05:45;4;11.125;-200;-200;3378;206;0;
12026;2024.09.04 06:00;4;10.875;-200;-200;3378;206;0;
12027;2024.09.04 06:15;4;10.125;-200;-200;3378;206;0;
12028;2024.09.04 06:30;4;9.75;-200;-200;3378;206;0;
12029;2024.09.04 06:45;4;9.75;-200;-200;3378;206;0;
12030;2024.09.04 07:00;4;9.25;-200;-200;3378;206;0;
12031;2024.09.04 07:15;4;9;-200;-200;3378;206;0;
12032;2024.09.04 07:30;4;9.5;-200;-200;3378;206;0;
12033;2024.09.04 07:45;4;9.5;-200;-200;3378;206;0;
12034;2024.09.04 08:00;4;8.875;-200;-200;3378;206;0;
12035;2024.09.04 08:15;4;8.625;-200;-200;3377;206;0;
12036;2024.09.04 08:30;4;8.625;-200;-200;3377;206;0;
12037;2024.09.04 08:45;4;9;-200;-200;3377;206;0;
12038;2024.09.04 09:00;4;8.5625;-200;-200;3377;206;0;
12039;2024.09.04 09:15;4;8.625;-200;-200;3377;206;0;
12040;2024.09.04 09:30;4;8.5;-200;-200;3377;206;0;
12041;2024.09.04 09:45;4;8.5;-200;-200;3377;206;0;
12042;2024.09.04 10:00;4;8.375;-200;-200;3377;206;0;
12043;2024.09.04 10:15;4;8.5;-200;-200;3377;206;0;
12044;2024.09.04 10:30;4;8.25;-200;-200;3378;206;0;
12045;2024.09.04 10:45;4;8;-200;-200;3378;206;0;
12046;2024.09.04 11:00;4;7.9375;-200;-200;3378;206;0;
12047;2024.09.04 11:15;4;7.8125;-200;-200;3377;206;0;
12048;2024.09.04 11:30;4;7.625;-200;-200;3378;206;0;
12049;2024.09.04 11:45;4;7.5625;-200;-200;3378;206;0;
12050;2024.09.04 12:00;4;7.5;-200;-200;3377;206;0;
12051;2024.09.04 12:15;4;7.375;-200;-200;3377;206;0;
12052;2024.09.04 12:30;4;7.375;-200;-200;3377;206;0;
12053;2024.09.04 12:45;4;7.25;-200;-200;3377;206;0;
12054;2024.09.04 13:00;4;7.25;-200;-200;3378;206;0;
12055;2024.09.04 13:15;4;7.375;-200;-200;3378;206;0;
12056;2024.09.04 13:30;4;7.8125;-200;-200;3378;206;0;
12057;2024.09.04 13:45;4;8.875;-200;-200;3378;206;0;
12058;2024.09.04 14:00;4;9.875;-200;-200;3378;206;0;
12059;2024.09.04 14:15;4;10.9375;-200;-200;3378;206;0;
12060;2024.09.04 14:30;4;12.25;-200;-200;3378;206;0;
12061;2024.09.04 14:45;4;13.625;-200;-200;3378;206;0;
12062;2024.09.04 15:00;4;15.25;-200;-200;3378;206;0;
12063;2024.09.04 15:15;4;16.3125;-200;-200;3378;206;0;
12064;2024.09.04 15:30;4;17.125;-200;-200;3378;206;0;
12065;2024.09.04 15:45;4;17.75;-200;-200;3378;206;0;
12066;2024.09.04 16:00;4;18.375;-200;-200;3378;206;0;
12067;2024.09.04 16:15;4;18.875;-200;-200;3378;206;0;
12068;2024.09.04 16:30;4;19.75;-200;-200;3379;206;0;
12069;2024.09.04 16:45;4;20.3125;-200;-200;3378;206;0;
12070;2024.09.04 17:00;4;20.625;-200;-200;3379;206;0;
12071;2024.09.04 17:15;4;21.875;-200;-200;3379;206;0;
12072;2024.09.04 17:30;4;21.875;-200;-200;3379;206;0;
12073;2024.09.04 17:45;4;20;-200;-200;3379;206;0;
12074;2024.09.04 18:00;4;19.875;-200;-200;3379;206;0;
12075;2024.09.04 18:15;4;21.8125;-200;-200;3379;206;0;
12076;2024.09.04 18:30;4;21.875;-200;-200;3380;206;0;
12077;2024.09.04 18:45;4;21.6875;-200;-200;3380;206;0;
12078;2024.09.04 19:00;4;21.25;-200;-200;3380;206;0;
12079;2024.09.04 19:15;4;23.25;-200;-200;3380;206;0;
12080;2024.09.04 19:30;4;24.625;-200;-200;3381;206;0;
12081;2024.09.04 19:45;4;27.875;-200;-200;3381;206;0;
12082;2024.09.04 20:00;4;26.875;-200;-200;3381;206;0;
12083;2024.09.04 20:15;4;26.875;-200;-200;3381;206;0;
12084;2024.09.04 20:30;4;30.4375;-200;-200;3382;206;0;
12085;2024.09.04 20:45;4;27.625;-200;-200;3381;206;0;
12086;2024.09.04 21:00;4;26.25;-200;-200;3379;206;0;
12087;2024.09.04 21:15;4;27;-200;-200;3379;206;0;
12088;2024.09.04 21:30;4;25.6875;-200;-200;3379;206;0;
12089;2024.09.04 21:45;4;26.25;-200;-200;3378;206;0;
12090;2024.09.04 22:00;4;31.3125;-200;-200;3381;206;0;
12091;2024.09.04 22:15;4;30.5;-200;-200;3382;206;0;
12092;2024.09.04 22:30;4;31.25;-200;-200;3381;206;0;
12093;2024.09.04 22:45;4;29.75;-200;-200;3381;206;0;
12094;2024.09.04 23:00;4;27.125;-200;-200;3378;206;0;
12095;2024.09.04 23:15;4;25;-200;-200;3378;206;0;
12096;2024.09.04 23:30;4;26.5;-200;-200;3378;206;0;
12097;2024.09.04 23:45;4;25.9375;-200;-200;3378;206;0;
12098;2024.09.05 00:00;4;24;-200;-200;3377;206;0;
12099;2024.09.05 00:15;4;23.25;-200;-200;3377;206;0;
12100;2024.09.05 00:30;4;22.375;-200;-200;3377;206;0;
12101;2024.09.05 00:45;4;21.5625;-200;-200;3377;206;0;
12102;2024.09.05 01:00;4;20.125;-200;-200;3376;206;0;
12103;2024.09.05 01:15;4;19.625;-200;-200;3376;206;0;
12104;2024.09.05 01:30;4;18.8125;-200;-200;3376;206;0;
12105;2024.09.05 01:45;4;17.875;-200;-200;3376;206;0;
12106;2024.09.05 02:00;4;16.625;-200;-200;3375;206;0;
12107;2024.09.05 02:15;4;15.875;-200;-200;3374;206;0;
12108;2024.09.05 02:30;4;15.3125;-200;-200;3374;206;0;
12109;2024.09.05 02:45;4;15.375;-200;-200;3374;206;0;
12110;2024.09.05 03:00;4;15.375;-200;-200;3374;206;0;
12111;2024.09.05 03:15;4;15.375;-200;-200;3374;206;0;
12112;2024.09.05 03:30;4;15.375;-200;-200;3374;206;0;
12113;2024.09.05 03:45;4;15.25;-200;-200;3374;206;0;
12114;2024.09.05 04:00;4;15.4375;-200;-200;3374;206;0;
12115;2024.09.05 04:15;4;15.5;-200;-200;3374;206;0;
12116;2024.09.05 04:30;4;15.75;-200;-200;3374;206;0;
12117;2024.09.05 04:45;4;15.75;-200;-200;3374;206;0;
12118;2024.09.05 05:00;4;14.75;-200;-200;3374;206;0;
12119;2024.09.05 05:15;4;14.25;-200;-200;3374;206;0;
12120;2024.09.05 05:30;4;14.125;-200;-200;3374;206;0;
12121;2024.09.05 05:45;4;13.8125;-200;-200;3374;206;0;
12122;2024.09.05 06:00;4;13.6875;-200;-200;3374;206;0;
12123;2024.09.05 06:15;4;14.125;-200;-200;3374;206;0;
12124;2024.09.05 06:30;4;13.625;-200;-200;3374;206;0;
12125;2024.09.05 06:45;4;13.625;-200;-200;3374;206;0;
12126;2024.09.05 07:00;4;13;-200;-200;3374;206;0;
12127;2024.09.05 07:15;4;13.0625;-200;-200;3374;206;0;
12128;2024.09.05 07:30;4;13.375;-200;-200;3374;206;0;
12129;2024.09.05 07:45;4;13.0625;-200;-200;3374;206;0;
12130;2024.09.05 08:00;4;12.875;-200;-200;3374;206;0;
12131;2024.09.05 08:15;4;12.8125;-200;-200;3374;206;0;
12132;2024.09.05 08:30;4;12.625;-200;-200;3374;206;0;
12133;2024.09.05 08:45;4;12.375;-200;-200;3374;206;0;
12134;2024.09.05 09:00;4;12.375;-200;-200;3374;206;0;
12135;2024.09.05 09:15;4;12.25;-200;-200;3374;206;0;
12136;2024.09.05 09:30;4;12.1875;-200;-200;3374;206;0;
12137;2024.09.05 09:45;4;12.125;-200;-200;3374;206;0;
12138;2024.09.05 10:00;4;12.125;-200;-200;3374;206;0;
12139;2024.09.05 10:15;4;11.75;-200;-200;3374;206;0;
12140;2024.09.05 10:30;4;11.5;-200;-200;3374;206;0;
12141;2024.09.05 10:45;4;11.0625;-200;-200;3373;206;0;
12142;2024.09.05 11:00;4;11;-200;-200;3373;206;0;
12143;2024.09.05 11:15;4;10.625;-200;-200;3373;206;0;
12144;2024.09.05 11:30;4;9.875;-200;-200;3373;206;0;
12145;2024.09.05 11:45;4;9.5625;-200;-200;3373;206;0;
12146;2024.09.05 12:00;4;10.0625;-200;-200;3373;206;0;
12147;2024.09.05 12:15;4;10.25;-200;-200;3373;206;0;
12148;2024.09.05 12:30;4;10.0625;-200;-200;3374;206;0;
12149;2024.09.05 12:45;4;9.75;-200;-200;3374;206;0;
12150;2024.09.05 13:00;4;9.4375;-200;-200;3373;206;0;
12151;2024.09.05 13:15;4;9.75;-200;-200;3373;206;0;
12152;2024.09.05 13:30;4;10.75;-200;-200;3373;206;0;
12153;2024.09.05 13:45;4;11.6875;-200;-200;3373;206;0;
12154;2024.09.05 14:00;4;12.3125;-200;-200;3373;206;0;
12155;2024.09.05 14:15;4;12.875;-200;-200;3373;206;0;
12156;2024.09.05 14:30;4;13.625;-200;-200;3373;206;0;
12157;2024.09.05 14:45;4;14.5;-200;-200;3373;206;0;
12158;2024.09.05 15:00;4;14.875;-200;-200;3373;206;0;
12159;2024.09.05 15:15;4;15.25;-200;-200;3373;206;0;
12160;2024.09.05 15:30;4;14.5625;-200;-200;3374;206;0;
12161;2024.09.05 15:45;4;15.1875;-200;-200;3373;206;0;
12162;2024.09.05 16:00;4;15.8125;-200;-200;3373;206;0;
12163;2024.09.05 16:15;4;16.1875;-200;-200;3373;206;0;
12164;2024.09.05 16:30;4;16.875;-200;-200;3373;206;0;
12165;2024.09.05 16:45;4;17.875;-200;-200;3374;206;0;
12166;2024.09.05 17:00;4;17.75;-200;-200;3374;206;0;
12167;2024.09.05 17:15;4;18.625;-200;-200;3374;206;0;
12168;2024.09.05 17:30;4;19.375;-200;-200;3374;206;0;
12169;2024.09.05 17:45;4;20.9375;-200;-200;3374;206;0;
12170;2024.09.05 18:00;4;21.25;-200;-200;3374;206;0;
12171;2024.09.05 18:15;4;21.125;-200;-200;3374;206;0;
12172;2024.09.05 18:30;4;21.125;-200;-200;3374;206;0;
12173;2024.09.05 18:45;4;20.875;-200;-200;3374;206;0;
12174;2024.09.05 19:00;4;21.25;-200;-200;3374;206;0;
12175;2024.09.05 19:15;4;21.0625;-200;-200;3374;206;0;
12176;2024.09.05 19:30;4;22.25;-200;-200;3374;206;0;
12177;2024.09.05 19:45;4;24.375;-200;-200;3372;206;0;
12178;2024.09.05 20:00;4;23.5;-200;-200;3372;206;0;
12179;2024.09.05 20:15;4;20.25;-200;-200;3371;206;0;
12180;2024.09.05 20:30;4;20.4375;-200;-200;3371;206;0;
12181;2024.09.05 20:45;4;22.0625;-200;-200;3371;206;0;
12182;2024.09.05 21:00;4;22;-200;-200;3371;206;0;
12183;2024.09.05 21:15;4;22.125;-200;-200;3371;206;0;
12184;2024.09.05 21:30;4;19.875;-200;-200;3371;206;0;
12185;2024.09.05 21:45;4;18;-200;-200;3371;206;0;
12186;2024.09.05 22:00;4;12.1875;-200;-200;3368;206;0;
12187;2024.09.05 22:15;4;12.9375;-200;-200;3368;206;0;
12188;2024.09.05 22:30;4;14.3125;-200;-200;3368;206;0;
12189;2024.09.05 22:45;4;16.1875;-200;-200;3368;206;0;
12190;2024.09.05 23:00;4;16.875;-200;-200;3369;206;0;
12191;2024.09.05 23:15;4;16.75;-200;-200;3369;206;0;
12192;2024.09.05 23:30;4;17.25;-200;-200;3369;206;0;
12193;2024.09.05 23:45;4;15.125;-200;-200;3368;206;0;
12194;2024.09.06 00:00;4;13.9375;-200;-200;3368;206;0;
12195;2024.09.06 00:15;4;13;-200;-200;3368;206;0;
12196;2024.09.06 00:30;4;12.5;-200;-200;3368;206;0;
12197;2024.09.06 00:45;4;12;-200;-200;3368;206;0;
12198;2024.09.06 01:00;4;11.5625;-200;-200;3368;206;0;
12199;2024.09.06 01:15;4;11.375;-200;-200;3368;206;0;
12200;2024.09.06 01:30;4;10.25;-200;-200;3368;206;0;
12201;2024.09.06 01:45;4;9.625;-200;-200;3368;206;0;
12202;2024.09.06 02:00;4;9.25;-200;-200;3368;206;0;
12203;2024.09.06 02:15;4;9;-200;-200;3368;206;0;
12204;2024.09.06 02:30;4;8.875;-200;-200;3368;206;0;
12205;2024.09.06 02:45;4;8.75;-200;-200;3368;206;0;
12206;2024.09.06 03:00;4;8.375;-200;-200;3368;206;0;
12207;2024.09.06 03:15;4;8.25;-200;-200;3368;206;0;
12208;2024.09.06 03:30;4;8.1875;-200;-200;3368;206;0;
12209;2024.09.06 03:45;4;8.125;-200;-200;3369;206;0;
12210;2024.09.06 04:00;4;8;-200;-200;3368;206;0;
12211;2024.09.06 04:15;4;7.875;-200;-200;3368;206;0;
12212;2024.09.06 04:30;4;8;-200;-200;3368;206;0;
12213;2024.09.06 04:45;4;8.25;-200;-200;3368;206;0;
12214;2024.09.06 05:00;4;8.5625;-200;-200;3368;206;0;
12215;2024.09.06 05:15;4;8.4375;-200;-200;3368;206;0;
12216;2024.09.06 05:30;4;8.375;-200;-200;3368;206;0;
12217;2024.09.06 05:45;4;7.625;-200;-200;3368;206;0;
12218;2024.09.06 06:00;4;7.125;-200;-200;3368;206;0;
12219;2024.09.06 06:15;4;6.875;-200;-200;3369;206;0;
12220;2024.09.06 06:30;4;6.25;-200;-200;3369;206;0;
12221;2024.09.06 06:45;4;6.3125;-200;-200;3369;206;0;
12222;2024.09.06 07:00;4;6.25;-200;-200;3369;206;0;
12223;2024.09.06 07:15;4;5.75;-200;-200;3369;206;0;
12224;2024.09.06 07:30;4;5.6875;-200;-200;3370;206;0;
12225;2024.09.06 07:45;4;6.375;-200;-200;3370;206;0;
12226;2024.09.06 08:00;4;6.75;-200;-200;3370;206;0;
12227;2024.09.06 08:15;4;6.8125;-200;-200;3370;206;0;
12228;2024.09.06 08:30;4;7;-200;-200;3370;206;0;
12229;2024.09.06 08:45;4;7;-200;-200;3370;206;0;
12230;2024.09.06 09:00;4;7;-200;-200;3370;206;0;
12231;2024.09.06 09:15;4;7;-200;-200;3370;206;0;
12232;2024.09.06 09:30;4;7;-200;-200;3370;206;0;
12233;2024.09.06 09:45;4;7.125;-200;-200;3370;206;0;
12234;2024.09.06 10:00;4;7;-200;-200;3370;206;0;
12235;2024.09.06 10:15;4;7;-200;-200;3370;206;0;
12236;2024.09.06 10:30;4;6.8125;-200;-200;3370;206;0;
12237;2024.09.06 10:45;4;7.0625;-200;-200;3370;206;0;
12238;2024.09.06 11:00;4;6.875;-200;-200;3370;206;0;
12239;2024.09.06 11:15;4;7.0625;-200;-200;3370;206;0;
12240;2024.09.06 11:30;4;6.75;-200;-200;3370;206;0;
12241;2024.09.06 11:45;4;6.75;-200;-200;3370;206;0;
12242;2024.09.06 12:00;4;6.6875;-200;-200;3370;206;0;
12243;2024.09.06 12:15;4;6.1875;-200;-200;3371;206;0;
12244;2024.09.06 12:30;4;6;-200;-200;3371;206;0;
12245;2024.09.06 12:45;4;5.625;-200;-200;3371;206;0;
12246;2024.09.06 13:00;4;5.5625;-200;-200;3371;206;0;
12247;2024.09.06 13:15;4;5.625;-200;-200;3371;206;0;
12248;2024.09.06 13:30;4;6.125;-200;-200;3371;206;0;
12249;2024.09.06 13:45;4;7.625;-200;-200;3371;206;0;
12250;2024.09.06 14:00;4;8.25;-200;-200;3371;206;0;
12251;2024.09.06 14:15;4;9;-200;-200;3372;206;0;
12252;2024.09.06 14:30;4;10;-200;-200;3372;206;0;
12253;2024.09.06 14:45;4;10.6875;-200;-200;3372;206;0;
12254;2024.09.06 15:00;4;11.1875;-200;-200;3372;206;0;
12255;2024.09.06 15:15;4;11.625;-200;-200;3372;206;0;
12256;2024.09.06 15:30;4;12.25;-200;-200;3372;206;0;
12257;2024.09.06 15:45;4;12.1875;-200;-200;3372;206;0;
12258;2024.09.06 16:00;4;12.75;-200;-200;3372;206;0;
12259;2024.09.06 16:15;4;13.25;-200;-200;3372;206;0;
12260;2024.09.06 16:30;4;14.3125;-200;-200;3372;206;0;
12261;2024.09.06 16:45;4;15.625;-200;-200;3372;206;0;
12262;2024.09.06 17:00;4;16;-200;-200;3372;206;0;
12263;2024.09.06 17:15;4;15.75;-200;-200;3373;206;0;
12264;2024.09.06 17:30;4;15;-200;-200;3373;206;0;
12265;2024.09.06 17:45;4;15.5;-200;-200;3373;206;0;
12266;2024.09.06 18:00;4;16.5;-200;-200;3373;206;0;
12267;2024.09.06 18:15;4;18.25;-200;-200;3373;206;0;
12268;2024.09.06 18:30;4;17.875;-200;-200;3373;206;0;
12269;2024.09.06 18:45;4;18.125;-200;-200;3373;206;0;
12270;2024.09.06 19:00;4;17.875;-200;-200;3374;206;0;
12271;2024.09.06 19:15;4;19.625;-200;-200;3374;206;0;
12272;2024.09.06 19:30;4;18.375;-200;-200;3374;206;0;
12273;2024.09.06 19:45;4;19.625;-200;-200;3374;206;0;
12274;2024.09.06 20:00;4;20;-200;-200;3373;206;0;
12275;2024.09.06 20:15;4;23.9375;-200;-200;3374;206;0;
12276;2024.09.06 20:30;4;21.4375;-200;-200;3373;206;0;
12277;2024.09.06 20:45;4;18.625;-200;-200;3372;206;0;
12278;2024.09.06 21:00;4;17.875;-200;-200;3372;206;0;
12279;2024.09.06 21:15;4;20.1875;-200;-200;3372;206;0;
12280;2024.09.06 21:30;4;18.8125;-200;-200;3372;206;0;
12281;2024.09.06 21:45;4;18.5;-200;-200;3372;206;0;
12282;2024.09.06 22:00;4;17.625;-200;-200;3372;206;0;
12283;2024.09.06 22:15;4;22.625;-200;-200;3373;206;0;
12284;2024.09.06 22:30;4;21.25;-200;-200;3373;206;0;
12285;2024.09.06 22:45;4;18.9375;-200;-200;3372;206;0;
12286;2024.09.06 23:00;4;19.625;-200;-200;3372;206;0;
12287;2024.09.06 23:15;4;18;-200;-200;3372;206;0;
12288;2024.09.06 23:30;4;17.25;-200;-200;3372;206;0;
12289;2024.09.06 23:45;4;17.125;-200;-200;3371;206;0;
12290;2024.09.07 00:00;4;16.9375;-200;-200;3371;206;0;
12291;2024.09.07 00:15;4;15.6875;-200;-200;3371;206;0;
12292;2024.09.07 00:30;4;14.5;-200;-200;3371;206;0;
12293;2024.09.07 00:45;4;13.9375;-200;-200;3371;206;0;
12294;2024.09.07 01:00;4;13;-200;-200;3370;206;0;
12295;2024.09.07 01:15;4;12.5625;-200;-200;3370;206;0;
12296;2024.09.07 01:30;4;12.0625;-200;-200;3370;206;0;
12297;2024.09.07 01:45;4;11.5625;-200;-200;3370;206;0;
12298;2024.09.07 02:00;4;11.375;-200;-200;3370;206;0;
12299;2024.09.07 02:15;4;10.75;-200;-200;3371;206;0;
12300;2024.09.07 02:30;4;10.625;-200;-200;3371;206;0;
12301;2024.09.07 02:45;4;10.5625;-200;-200;3371;206;0;
12302;2024.09.07 03:00;4;10.5;-200;-200;3371;206;0;
12303;2024.09.07 03:15;4;10.4375;-200;-200;3371;206;0;
12304;2024.09.07 03:30;4;10.375;-200;-200;3371;206;0;
12305;2024.09.07 03:45;4;10.3125;-200;-200;3370;206;0;
12306;2024.09.07 04:00;4;10.625;-200;-200;3370;206;0;
12307;2024.09.07 04:15;4;10.625;-200;-200;3370;206;0;
12308;2024.09.07 04:30;4;10.5;-200;-200;3370;206;0;
12309;2024.09.07 04:45;4;9.5;-200;-200;3370;206;0;
12310;2024.09.07 05:00;4;9.3125;-200;-200;3370;206;0;
12311;2024.09.07 05:15;4;8.875;-200;-200;3370;206;0;
12312;2024.09.07 05:30;4;8.5;-200;-200;3370;206;0;
12313;2024.09.07 05:45;4;8.5;-200;-200;3370;206;0;
12314;2024.09.07 06:00;4;8.125;-200;-200;3370;206;0;
12315;2024.09.07 06:15;4;7.875;-200;-200;3370;206;0;
12316;2024.09.07 06:30;4;7.625;-200;-200;3369;206;0;
12317;2024.09.07 06:45;4;7.625;-200;-200;3369;206;0;
12318;2024.09.07 07:00;4;7.375;-200;-200;3370;206;0;
12319;2024.09.07 07:15;4;7.125;-200;-200;3369;206;0;
12320;2024.09.07 07:30;4;7;-200;-200;3370;206;0;
12321;2024.09.07 07:45;4;6.875;-200;-200;3370;206;0;
12322;2024.09.07 08:00;4;7.875;-200;-200;3370;206;0;
12323;2024.09.07 08:15;4;7.5;-200;-200;3370;206;0;
12324;2024.09.07 08:30;4;7.4375;-200;-200;3370;206;0;
12325;2024.09.07 08:45;4;6.875;-200;-200;3370;206;0;
12326;2024.09.07 09:00;4;6.375;-200;-200;3370;206;0;
12327;2024.09.07 09:15;4;6.1875;-200;-200;3370;206;0;
12328;2024.09.07 09:30;4;6.375;-200;-200;3370;206;0;
12329;2024.09.07 09:45;4;6;-200;-200;3370;206;0;
12330;2024.09.07 10:00;4;5.75;-200;-200;3370;206;0;
12331;2024.09.07 10:15;4;5.625;-200;-200;3370;206;0;
12332;2024.09.07 10:30;4;5.4375;-200;-200;3370;206;0;
12333;2024.09.07 10:45;4;5.25;-200;-200;3370;206;0;
12334;2024.09.07 11:00;4;5.375;-200;-200;3371;206;0;
12335;2024.09.07 11:15;4;5.1875;-200;-200;3371;206;0;
12336;2024.09.07 11:30;4;5.3125;-200;-200;3371;206;0;
12337;2024.09.07 11:45;4;5.25;-200;-200;3371;206;0;
12338;2024.09.07 12:00;4;5.5;-200;-200;3371;206;0;
12339;2024.09.07 12:15;4;5.125;-200;-200;3371;206;0;
12340;2024.09.07 12:30;4;5.125;-200;-200;3371;206;0;
12341;2024.09.07 12:45;4;5.625;-200;-200;3371;206;0;
12342;2024.09.07 13:00;4;5.375;-200;-200;3371;206;0;
12343;2024.09.07 13:15;4;5.625;-200;-200;3371;206;0;
12344;2024.09.07 13:30;4;6.25;-200;-200;3371;206;0;
12345;2024.09.07 13:45;4;7.1875;-200;-200;3372;206;0;
12346;2024.09.07 14:00;4;7.875;-200;-200;3371;206;0;
12347;2024.09.07 14:15;4;8.875;-200;-200;3372;206;0;
12348;2024.09.07 14:30;4;9.875;-200;-200;3372;206;0;
12349;2024.09.07 14:45;4;11.375;-200;-200;3372;206;0;
12350;2024.09.07 15:00;4;12;-200;-200;3372;206;0;
12351;2024.09.07 15:15;4;12.75;-200;-200;3372;206;0;
12352;2024.09.07 15:30;4;13.375;-200;-200;3372;206;0;
12353;2024.09.07 15:45;4;14.125;-200;-200;3372;206;0;
12354;2024.09.07 16:00;4;14.375;-200;-200;3373;206;0;
12355;2024.09.07 16:15;4;15.375;-200;-200;3373;206;0;
12356;2024.09.07 16:30;4;15.75;-200;-200;3372;206;0;
12357;2024.09.07 16:45;4;16.3125;-200;-200;3373;206;0;
12358;2024.09.07 17:00;4;17.125;-200;-200;3373;206;0;
12359;2024.09.07 17:15;4;17.3125;-200;-200;3373;206;0;
12360;2024.09.07 17:30;4;18.625;-200;-200;3374;206;0;
12361;2024.09.07 17:45;4;17.875;-200;-200;3374;206;0;
12362;2024.09.07 18:00;4;17.3125;-200;-200;3374;206;0;
12363;2024.09.07 18:15;4;18.375;-200;-200;3374;206;0;
12364;2024.09.07 18:30;4;20.875;-200;-200;3374;206;0;
12365;2024.09.07 18:45;4;19.125;-200;-200;3374;206;0;
12366;2024.09.07 19:00;4;20.625;-200;-200;3374;206;0;
12367;2024.09.07 19:15;4;22.5;-200;-200;3373;206;0;
12368;2024.09.07 19:30;4;22.625;-200;-200;3373;206;0;
12369;2024.09.07 19:45;4;19.8125;-200;-200;3373;206;0;
12370;2024.09.07 20:00;4;18.6875;-200;-200;3373;206;0;
12371;2024.09.07 20:15;4;17.625;-200;-200;3372;206;0;
12372;2024.09.07 20:30;4;17.5;-200;-200;3372;206;0;
12373;2024.09.07 20:45;4;18.5;-200;-200;3372;206;0;
12374;2024.09.07 21:00;4;18.3125;-200;-200;3372;206;0;
12375;2024.09.07 21:15;4;19.0625;-200;-200;3372;206;0;
12376;2024.09.07 21:30;4;20.25;-200;-200;3373;206;0;
12377;2024.09.07 21:45;4;20.125;-200;-200;3373;206;0;
12378;2024.09.07 22:00;4;25.3125;-200;-200;3372;206;0;
12379;2024.09.07 22:15;4;24.4375;-200;-200;3372;206;0;
12380;2024.09.07 22:30;4;22.5;-200;-200;3372;206;0;
12381;2024.09.07 22:45;4;17.75;-200;-200;3371;206;0;
12382;2024.09.07 23:00;4;16.375;-200;-200;3370;206;0;
12383;2024.09.07 23:15;4;15.4375;-200;-200;3370;206;0;
12384;2024.09.07 23:30;4;14.875;-200;-200;3370;206;0;
12385;2024.09.07 23:45;4;15.5;-200;-200;3370;206;0;
12386;2024.09.08 00:00;4;16.875;-200;-200;3370;206;0;
12387;2024.09.08 00:15;4;17;-200;-200;3370;206;0;
12388;2024.09.08 00:30;4;17.1875;-200;-200;3370;206;0;
12389;2024.09.08 00:45;4;16.75;-200;-200;3370;206;0;
12390;2024.09.08 01:00;4;15.1875;-200;-200;3370;206;0;
12391;2024.09.08 01:15;4;15.375;-200;-200;3370;206;0;
12392;2024.09.08 01:30;4;15.5;-200;-200;3370;206;0;
12393;2024.09.08 01:45;4;14.5;-200;-200;3370;206;0;
12394;2024.09.08 02:00;4;13;-200;-200;3370;206;0;
12395;2024.09.08 02:15;4;12.5625;-200;-200;3370;206;0;
12396;2024.09.08 02:30;4;12.125;-200;-200;3370;206;0;
12397;2024.09.08 02:45;4;11.75;-200;-200;3370;206;0;
12398;2024.09.08 03:00;4;11.375;-200;-200;3370;206;0;
12399;2024.09.08 03:15;4;11;-200;-200;3369;206;0;
12400;2024.09.08 03:30;4;11.3125;-200;-200;3369;206;0;
12401;2024.09.08 03:45;4;11.875;-200;-200;3369;206;0;
12402;2024.09.08 04:00;4;11.625;-200;-200;3370;206;0;
12403;2024.09.08 04:15;4;11.375;-200;-200;3370;206;0;
12404;2024.09.08 04:30;4;11.625;-200;-200;3369;206;0;
12405;2024.09.08 04:45;4;11;-200;-200;3370;206;0;
12406;2024.09.08 05:00;4;11.25;-200;-200;3369;206;0;
12407;2024.09.08 05:15;4;11.375;-200;-200;3370;206;0;
12408;2024.09.08 05:30;4;11.125;-200;-200;3369;206;0;
12409;2024.09.08 05:45;4;11.375;-200;-200;3369;206;0;
12410;2024.09.08 06:00;4;11.3125;-200;-200;3369;206;0;
12411;2024.09.08 06:15;4;11.125;-200;-200;3369;206;0;
12412;2024.09.08 06:30;4;10.625;-200;-200;3369;206;0;
12413;2024.09.08 06:45;4;10.25;-200;-200;3369;206;0;
12414;2024.09.08 07:00;4;9.5;-200;-200;3369;206;0;
12415;2024.09.08 07:15;4;9.3125;-200;-200;3369;206;0;
12416;2024.09.08 07:30;4;8.875;-200;-200;3369;206;0;
12417;2024.09.08 07:45;4;8.75;-200;-200;3368;206;0;
12418;2024.09.08 08:00;4;8.4375;-200;-200;3368;206;0;
12419;2024.09.08 08:15;4;8.125;-200;-200;3369;206;0;
12420;2024.09.08 08:30;4;8.25;-200;-200;3369;206;0;
12421;2024.09.08 08:45;4;8;-200;-200;3369;206;0;
12422;2024.09.08 09:00;4;7.875;-200;-200;3369;206;0;
12423;2024.09.08 09:15;4;7.5625;-200;-200;3369;206;0;
12424;2024.09.08 09:30;4;7.5;-200;-200;3369;206;0;
12425;2024.09.08 09:45;4;7.5;-200;-200;3369;206;0;
12426;2024.09.08 10:00;4;7.5;-200;-200;3369;206;0;
12427;2024.09.08 10:15;4;7.8125;-200;-200;3369;206;0;
12428;2024.09.08 10:30;4;8.1875;-200;-200;3369;206;0;
12429;2024.09.08 10:45;4;7.4375;-200;-200;3369;206;0;
12430;2024.09.08 11:00;4;7.25;-200;-200;3369;206;0;
12431;2024.09.08 11:15;4;7.4375;-200;-200;3369;206;0;
12432;2024.09.08 11:30;4;7.75;-200;-200;3369;206;0;
12433;2024.09.08 11:45;4;7.75;-200;-200;3369;206;0;
12434;2024.09.08 12:00;4;8;-200;-200;3369;206;0;
12435;2024.09.08 12:15;4;7.9375;-200;-200;3369;206;0;
12436;2024.09.08 12:30;4;7.875;-200;-200;3369;206;0;
12437;2024.09.08 12:45;4;7.875;-200;-200;3369;206;0;
12438;2024.09.08 13:00;4;7.75;-200;-200;3369;206;0;
12439;2024.09.08 13:15;4;7.6875;-200;-200;3369;206;0;
12440;2024.09.08 13:30;4;7.8125;-200;-200;3369;206;0;
12441;2024.09.08 13:45;4;8.375;-200;-200;3370;206;0;
12442;2024.09.08 14:00;4;9;-200;-200;3369;206;0;
12443;2024.09.08 14:15;4;9.875;-200;-200;3370;206;0;
12444;2024.09.08 14:30;4;10.9375;-200;-200;3370;206;0;
12445;2024.09.08 14:45;4;12.3125;-200;-200;3370;206;0;
12446;2024.09.08 15:00;4;13.125;-200;-200;3370;206;0;
12447;2024.09.08 15:15;4;13.6875;-200;-200;3370;206;0;
12448;2024.09.08 15:30;4;14.375;-200;-200;3370;206;0;
12449;2024.09.08 15:45;4;15.125;-200;-200;3370;206;0;
12450;2024.09.08 16:00;4;15.5625;-200;-200;3370;206;0;
12451;2024.09.08 16:15;4;16;-200;-200;3370;206;0;
12452;2024.09.08 16:30;4;16.5625;-200;-200;3370;206;0;
12453;2024.09.08 16:45;4;17.125;-200;-200;3370;206;0;
12454;2024.09.08 17:00;4;17.5;-200;-200;3370;206;0;
12455;2024.09.08 17:15;4;18.1875;-200;-200;3371;206;0;
12456;2024.09.08 17:30;4;19.125;-200;-200;3371;206;0;
12457;2024.09.08 17:45;4;21;-200;-200;3371;206;0;
12458;2024.09.08 18:00;4;20.875;-200;-200;3371;206;0;
12459;2024.09.08 18:15;4;21.75;-200;-200;3371;206;0;
12460;2024.09.08 18:30;4;22.25;-200;-200;3371;206;0;
12461;2024.09.08 18:45;4;19.875;-200;-200;3371;206;0;
12462;2024.09.08 19:00;4;17.125;-200;-200;3371;206;0;
12463;2024.09.08 19:15;4;7.75;-200;-200;3368;206;0;
12464;2024.09.08 19:30;4;6.625;-200;-200;3368;206;0;
12465;2024.09.08 19:45;4;5.0625;-200;-200;3368;206;0;
12466;2024.09.08 20:00;4;5.75;-200;-200;3368;206;0;
12467;2024.09.08 20:15;4;6.25;-200;-200;3368;206;0;
12468;2024.09.08 20:30;4;6.875;-200;-200;3368;206;0;
12469;2024.09.08 20:45;4;7.375;-200;-200;3368;206;0;
12470;2024.09.08 21:00;4;7.875;-200;-200;3368;206;0;
12471;2024.09.08 21:15;4;10.25;-200;-200;3369;206;0;
12472;2024.09.08 21:30;4;12.4375;-200;-200;3370;206;0;
12473;2024.09.08 21:45;4;13.3125;-200;-200;3370;206;0;
12474;2024.09.08 22:00;4;18.25;-200;-200;3372;206;0;
12475;2024.09.08 22:15;4;20.625;-200;-200;3372;206;0;
12476;2024.09.08 22:30;4;21.0625;-200;-200;3372;206;0;
12477;2024.09.08 22:45;4;23.5;-200;-200;3373;206;0;
12478;2024.09.08 23:00;4;22.25;-200;-200;3373;206;0;
12479;2024.09.08 23:15;4;18.1875;-200;-200;3372;206;0;
12480;2024.09.08 23:30;4;17.75;-200;-200;3372;206;0;
12481;2024.09.08 23:45;4;16;-200;-200;3371;206;0;
12482;2024.09.09 00:00;4;14.875;-200;-200;3371;206;0;
12483;2024.09.09 00:15;4;14.1875;-200;-200;3371;206;0;
12484;2024.09.09 00:30;4;14.25;-200;-200;3371;206;0;
12485;2024.09.09 00:45;4;14.125;-200;-200;3371;206;0;
12486;2024.09.09 01:00;4;12.375;-200;-200;3371;206;0;
12487;2024.09.09 01:15;4;12.0625;-200;-200;3371;206;0;
12488;2024.09.09 01:30;4;10.875;-200;-200;3371;206;0;
12489;2024.09.09 01:45;4;10.5;-200;-200;3371;206;0;
12490;2024.09.09 02:00;4;9.875;-200;-200;3371;206;0;
12491;2024.09.09 02:15;4;9.5;-200;-200;3371;206;0;
12492;2024.09.09 02:30;4;9;-200;-200;3371;206;0;
12493;2024.09.09 02:45;4;9.375;-200;-200;3371;206;0;
12494;2024.09.09 03:00;4;8.8125;-200;-200;3370;206;0;
12495;2024.09.09 03:15;4;8.5;-200;-200;3370;206;0;
12496;2024.09.09 03:30;4;9.625;-200;-200;3370;206;0;
12497;2024.09.09 03:45;4;9.625;-200;-200;3370;206;0;
12498;2024.09.09 04:00;4;9.75;-200;-200;3370;206;0;
12499;2024.09.09 04:15;4;9.375;-200;-200;3370;206;0;
12500;2024.09.09 04:30;4;9.25;-200;-200;3370;206;0;
12501;2024.09.09 04:45;4;9.25;-200;-200;3370;206;0;
12502;2024.09.09 05:00;4;9.125;-200;-200;3370;206;0;
12503;2024.09.09 05:15;4;8.25;-200;-200;3370;206;0;
12504;2024.09.09 05:30;4;8.3125;-200;-200;3370;206;0;
12505;2024.09.09 05:45;4;8.9375;-200;-200;3370;206;0;
12506;2024.09.09 06:00;4;9.625;-200;-200;3370;206;0;
12507;2024.09.09 06:15;4;9.9375;-200;-200;3370;206;0;
12508;2024.09.09 06:30;4;9.6875;-200;-200;3370;206;0;
12509;2024.09.09 06:45;4;9;-200;-200;3370;206;0;
12510;2024.09.09 07:00;4;8.5;-200;-200;3370;206;0;
12511;2024.09.09 07:15;4;8.125;-200;-200;3370;206;0;
12512;2024.09.09 07:30;4;7.8125;-200;-200;3370;206;0;
12513;2024.09.09 07:45;4;7.625;-200;-200;3370;206;0;
12514;2024.09.09 08:00;4;8.25;-200;-200;3370;206;0;
12515;2024.09.09 08:15;4;8.5;-200;-200;3370;206;0;
12516;2024.09.09 08:30;4;8.625;-200;-200;3370;206;0;
12517;2024.09.09 08:45;4;8.625;-200;-200;3370;206;0;
12518;2024.09.09 09:00;4;8.6875;-200;-200;3370;206;0;
12519;2024.09.09 09:15;4;8.75;-200;-200;3370;206;0;
12520;2024.09.09 09:30;4;8.1875;-200;-200;3370;206;0;
12521;2024.09.09 09:45;4;7.5;-200;-200;3370;206;0;
12522;2024.09.09 10:00;4;7.25;-200;-200;3370;206;0;
12523;2024.09.09 10:15;4;6.75;-200;-200;3370;206;0;
12524;2024.09.09 10:30;4;6.5;-200;-200;3370;206;0;
12525;2024.09.09 10:45;4;6.4375;-200;-200;3370;206;0;
12526;2024.09.09 11:00;4;6.25;-200;-200;3370;206;0;
12527;2024.09.09 11:15;4;6.0625;-200;-200;3370;206;0;
12528;2024.09.09 11:30;4;5.875;-200;-200;3370;206;0;
12529;2024.09.09 11:45;4;5.875;-200;-200;3370;206;0;
12530;2024.09.09 12:00;4;6;-200;-200;3370;206;0;
12531;2024.09.09 12:15;4;6.4375;-200;-200;3370;206;0;
12532;2024.09.09 12:30;4;6.125;-200;-200;3370;206;0;
12533;2024.09.09 12:45;4;6;-200;-200;3370;206;0;
12534;2024.09.09 13:00;4;6;-200;-200;3370;206;0;
12535;2024.09.09 13:15;4;6;-200;-200;3370;206;0;
12536;2024.09.09 13:30;4;6.875;-200;-200;3370;206;0;
12537;2024.09.09 13:45;4;7.25;-200;-200;3371;206;0;
12538;2024.09.09 14:00;4;8.375;-200;-200;3371;206;0;
12539;2024.09.09 14:15;4;9.5625;-200;-200;3371;206;0;
12540;2024.09.09 14:30;4;11.25;-200;-200;3371;206;0;
12541;2024.09.09 14:45;4;12.3125;-200;-200;3371;206;0;
12542;2024.09.09 15:00;4;13.5;-200;-200;3371;206;0;
12543;2024.09.09 15:15;4;14.0625;-200;-200;3371;206;0;
12544;2024.09.09 15:30;4;14.5625;-200;-200;3371;206;0;
12545;2024.09.09 15:45;4;15.125;-200;-200;3371;206;0;
12546;2024.09.09 16:00;4;15.5625;-200;-200;3371;206;0;
12547;2024.09.09 16:15;4;16.1875;-200;-200;3371;206;0;
12548;2024.09.09 16:30;4;16.75;-200;-200;3372;206;0;
12549;2024.09.09 16:45;4;17.125;-200;-200;3372;206;0;
12550;2024.09.09 17:00;4;17.625;-200;-200;3372;206;0;
12551;2024.09.09 17:15;4;18;-200;-200;3372;206;0;
12552;2024.09.09 17:30;4;19;-200;-200;3373;206;0;
12553;2024.09.09 17:45;4;20.125;-200;-200;3372;206;0;
12554;2024.09.09 18:00;4;20.625;-200;-200;3373;206;0;
12555;2024.09.09 18:15;4;19.875;-200;-200;3373;206;0;
12556;2024.09.09 18:30;4;18.6875;-200;-200;3373;206;0;
12557;2024.09.09 18:45;4;18.1875;-200;-200;3373;206;0;
12558;2024.09.09 19:00;4;17.25;-200;-200;3373;206;0;
12559;2024.09.09 19:15;4;15.8125;-200;-200;3373;206;0;
12560;2024.09.09 19:30;4;14.5625;-200;-200;3372;206;0;
12561;2024.09.09 19:45;4;14.875;-200;-200;3372;206;0;
12562;2024.09.09 20:00;4;15.25;-200;-200;3372;206;0;
12563;2024.09.09 20:15;4;15.875;-200;-200;3372;206;0;
12564;2024.09.09 20:30;4;16.6875;-200;-200;3372;206;0;
12565;2024.09.09 20:45;4;17.375;-200;-200;3372;206;0;
12566;2024.09.09 21:00;4;18.25;-200;-200;3372;206;0;
12567;2024.09.09 21:15;4;18.75;-200;-200;3372;206;0;
12568;2024.09.09 21:30;4;19.75;-200;-200;3373;206;0;
12569;2024.09.09 21:45;4;20.25;-200;-200;3373;206;0;
12570;2024.09.09 22:00;4;20.5;-200;-200;3374;206;0;
12571;2024.09.09 22:15;4;19.375;-200;-200;3373;206;0;
12572;2024.09.09 22:30;4;22.25;-200;-200;3374;206;0;
12573;2024.09.09 22:45;4;23.0625;-200;-200;3374;206;0;
12574;2024.09.09 23:00;4;23.375;-200;-200;3375;206;0;
12575;2024.09.09 23:15;4;20.75;-200;-200;3374;206;0;
12576;2024.09.09 23:30;4;20.75;-200;-200;3374;206;0;
12577;2024.09.09 23:45;4;20;-200;-200;3374;206;0;
12578;2024.09.10 00:00;4;19;-200;-200;3374;206;0;
12579;2024.09.10 00:15;4;18;-200;-200;3373;206;0;
12580;2024.09.10 00:30;4;17.5;-200;-200;3373;206;0;
12581;2024.09.10 00:45;4;16.375;-200;-200;3373;206;0;
12582;2024.09.10 01:00;4;15.75;-200;-200;3372;206;0;
12583;2024.09.10 01:15;4;15.3125;-200;-200;3372;206;0;
12584;2024.09.10 01:30;4;14.875;-200;-200;3372;206;0;
12585;2024.09.10 01:45;4;13.875;-200;-200;3372;206;0;
12586;2024.09.10 02:00;4;13.0625;-200;-200;3372;206;0;
12587;2024.09.10 02:15;4;12.625;-200;-200;3372;206;0;
12588;2024.09.10 02:30;4;12;-200;-200;3372;206;0;
12589;2024.09.10 02:45;4;11.625;-200;-200;3371;206;0;
12590;2024.09.10 03:00;4;11.25;-200;-200;3371;206;0;
12591;2024.09.10 03:15;4;11;-200;-200;3371;206;0;
12592;2024.09.10 03:30;4;10.625;-200;-200;3371;206;0;
12593;2024.09.10 03:45;4;10.625;-200;-200;3371;206;0;
12594;2024.09.10 04:00;4;10.375;-200;-200;3371;206;0;
12595;2024.09.10 04:15;4;10.4375;-200;-200;3371;206;0;
12596;2024.09.10 04:30;4;10.4375;-200;-200;3371;206;0;
12597;2024.09.10 04:45;4;10.0625;-200;-200;3371;206;0;
12598;2024.09.10 05:00;4;9.9375;-200;-200;3371;206;0;
12599;2024.09.10 05:15;4;9.5;-200;-200;3371;206;0;
12600;2024.09.10 05:30;4;9.375;-200;-200;3371;206;0;
12601;2024.09.10 05:45;4;9.4375;-200;-200;3371;206;0;
12602;2024.09.10 06:00;4;9.125;-200;-200;3371;206;0;
12603;2024.09.10 06:15;4;9.125;-200;-200;3371;206;0;
12604;2024.09.10 06:30;4;8.6875;-200;-200;3371;206;0;
12605;2024.09.10 06:45;4;8.625;-200;-200;3371;206;0;
12606;2024.09.10 07:00;4;8.4375;-200;-200;3371;206;0;
12607;2024.09.10 07:15;4;8.375;-200;-200;3371;206;0;
12608;2024.09.10 07:30;4;8.125;-200;-200;3371;206;0;
12609;2024.09.10 07:45;4;8;-200;-200;3371;206;0;
12610;2024.09.10 08:00;4;7.875;-200;-200;3370;206;0;
12611;2024.09.10 08:15;4;7.75;-200;-200;3370;206;0;
12612;2024.09.10 08:30;4;7.75;-200;-200;3370;206;0;
12613;2024.09.10 08:45;4;7.6875;-200;-200;3370;206;0;
12614;2024.09.10 09:00;4;7.6875;-200;-200;3370;206;0;
12615;2024.09.10 09:15;4;7.5625;-200;-200;3370;206;0;
12616;2024.09.10 09:30;4;7.6875;-200;-200;3370;206;0;
12617;2024.09.10 09:45;4;7.25;-200;-200;3370;206;0;
12618;2024.09.10 10:00;4;7.125;-200;-200;3370;206;0;
12619;2024.09.10 10:15;4;7.125;-200;-200;3370;206;0;
12620;2024.09.10 10:30;4;7.25;-200;-200;3370;206;0;
12621;2024.09.10 10:45;4;7;-200;-200;3370;206;0;
12622;2024.09.10 11:00;4;7;-200;-200;3370;206;0;
12623;2024.09.10 11:15;4;6.875;-200;-200;3370;206;0;
12624;2024.09.10 11:30;4;6.8125;-200;-200;3370;206;0;
12625;2024.09.10 11:45;4;6.75;-200;-200;3370;206;0;
12626;2024.09.10 12:00;4;6.625;-200;-200;3370;206;0;
12627;2024.09.10 12:15;4;6.75;-200;-200;3370;206;0;
12628;2024.09.10 12:30;4;6.75;-200;-200;3370;206;0;
12629;2024.09.10 12:45;4;6.5;-200;-200;3370;206;0;
12630;2024.09.10 13:00;4;6.75;-200;-200;3370;206;0;
12631;2024.09.10 13:15;4;7.125;-200;-200;3370;206;0;
12632;2024.09.10 13:30;4;8.1875;-200;-200;3370;206;0;
12633;2024.09.10 13:45;4;9;-200;-200;3370;206;0;
12634;2024.09.10 14:00;4;10.3125;-200;-200;3370;206;0;
12635;2024.09.10 14:15;4;11.375;-200;-200;3370;206;0;
12636;2024.09.10 14:30;4;12.8125;-200;-200;3371;206;0;
12637;2024.09.10 14:45;4;14.0625;-200;-200;3370;206;0;
12638;2024.09.10 15:00;4;15;-200;-200;3371;206;0;
12639;2024.09.10 15:15;4;15.75;-200;-200;3371;206;0;
12640;2024.09.10 15:30;4;16.1875;-200;-200;3371;206;0;
12641;2024.09.10 15:45;4;16.875;-200;-200;3371;206;0;
12642;2024.09.10 16:00;4;17.375;-200;-200;3371;206;0;
12643;2024.09.10 16:15;4;17.9375;-200;-200;3372;206;0;
12644;2024.09.10 16:30;4;18.375;-200;-200;3372;206;0;
12645;2024.09.10 16:45;4;18.875;-200;-200;3372;206;0;
12646;2024.09.10 17:00;4;19;-200;-200;3372;206;0;
12647;2024.09.10 17:15;4;19.875;-200;-200;3372;206;0;
12648;2024.09.10 17:30;4;20.9375;-200;-200;3372;206;0;
12649;2024.09.10 17:45;4;21.8125;-200;-200;3372;206;0;
12650;2024.09.10 18:00;4;22.6875;-200;-200;3373;206;0;
12651;2024.09.10 18:15;4;22.375;-200;-200;3372;206;0;
12652;2024.09.10 18:30;4;20.25;-200;-200;3372;206;0;
12653;2024.09.10 18:45;4;18.9375;-200;-200;3372;206;0;
12654;2024.09.10 19:00;4;18.125;-200;-200;3372;206;0;
12655;2024.09.10 19:15;4;18.75;-200;-200;3372;206;0;
12656;2024.09.10 19:30;4;18.625;-200;-200;3372;206;0;
12657;2024.09.10 19:45;4;18.125;-200;-200;3372;206;0;
12658;2024.09.10 20:00;4;18.0625;-200;-200;3372;206;0;
12659;2024.09.10 20:15;4;21;-200;-200;3372;206;0;
12660;2024.09.10 20:30;4;19.5625;-200;-200;3373;206;0;
12661;2024.09.10 20:45;4;20.3125;-200;-200;3373;206;0;
12662;2024.09.10 21:00;4;21.4375;-200;-200;3373;206;0;
12663;2024.09.10 21:15;4;20.5;-200;-200;3373;206;0;
12664;2024.09.10 21:30;4;19.6875;-200;-200;3373;206;0;
12665;2024.09.10 21:45;4;19.5;-200;-200;3372;206;0;
12666;2024.09.10 22:00;4;17.875;-200;-200;3372;206;0;
12667;2024.09.10 22:15;4;17.3125;-200;-200;3372;206;0;
12668;2024.09.10 22:30;4;19.125;-200;-200;3372;206;0;
12669;2024.09.10 22:45;4;23;-200;-200;3373;206;0;
12670;2024.09.10 23:00;4;23.375;-200;-200;3373;206;0;
12671;2024.09.10 23:15;4;21.875;-200;-200;3373;206;0;
12672;2024.09.10 23:30;4;20.375;-200;-200;3372;206;0;
12673;2024.09.10 23:45;4;19.0625;-200;-200;3372;206;0;
12674;2024.09.11 00:00;4;17.9375;-200;-200;3371;206;0;
12675;2024.09.11 00:15;4;16.875;-200;-200;3371;206;0;
12676;2024.09.11 00:30;4;16.375;-200;-200;3371;206;0;
12677;2024.09.11 00:45;4;16.125;-200;-200;3371;206;0;
12678;2024.09.11 01:00;4;15.8125;-200;-200;3371;206;0;
12679;2024.09.11 01:15;4;15.6875;-200;-200;3371;206;0;
12680;2024.09.11 01:30;4;15.125;-200;-200;3371;206;0;
12681;2024.09.11 01:45;4;14.375;-200;-200;3371;206;0;
12682;2024.09.11 02:00;4;13.8125;-200;-200;3371;206;0;
12683;2024.09.11 02:15;4;13.625;-200;-200;3371;206;0;
12684;2024.09.11 02:30;4;14;-200;-200;3371;206;0;
12685;2024.09.11 02:45;4;14.125;-200;-200;3371;206;0;
12686;2024.09.11 03:00;4;13.5;-200;-200;3371;206;0;
12687;2024.09.11 03:15;4;13.3125;-200;-200;3371;206;0;
12688;2024.09.11 03:30;4;12.625;-200;-200;3370;206;0;
12689;2024.09.11 03:45;4;12.5;-200;-200;3370;206;0;
12690;2024.09.11 04:00;4;12.4375;-200;-200;3370;206;0;
12691;2024.09.11 04:15;4;12.125;-200;-200;3370;206;0;
12692;2024.09.11 04:30;4;11.5625;-200;-200;3370;206;0;
12693;2024.09.11 04:45;4;11.375;-200;-200;3370;206;0;
12694;2024.09.11 05:00;4;11.0625;-200;-200;3370;206;0;
12695;2024.09.11 05:15;4;11.125;-200;-200;3370;206;0;
12696;2024.09.11 05:30;4;11.5;-200;-200;3370;206;0;
12697;2024.09.11 05:45;4;11.9375;-200;-200;3370;206;0;
12698;2024.09.11 06:00;4;11.6875;-200;-200;3370;206;0;
12699;2024.09.11 06:15;4;11.375;-200;-200;3370;206;0;
12700;2024.09.11 06:30;4;11.4375;-200;-200;3370;206;0;
12701;2024.09.11 06:45;4;11.75;-200;-200;3370;206;0;
12702;2024.09.11 07:00;4;11.8125;-200;-200;3370;206;0;
12703;2024.09.11 07:15;4;11.5;-200;-200;3370;206;0;
12704;2024.09.11 07:30;4;10.875;-200;-200;3370;206;0;
12705;2024.09.11 07:45;4;10.9375;-200;-200;3370;206;0;
12706;2024.09.11 08:00;4;10.6875;-200;-200;3370;206;0;
12707;2024.09.11 08:15;4;10.375;-200;-200;3370;206;0;
12708;2024.09.11 08:30;4;10.25;-200;-200;3370;206;0;
12709;2024.09.11 08:45;4;10.375;-200;-200;3370;206;0;
12710;2024.09.11 09:00;4;10.75;-200;-200;3370;206;0;
12711;2024.09.11 09:15;4;9.875;-200;-200;3370;206;0;
12712;2024.09.11 09:30;4;9.25;-200;-200;3370;206;0;
12713;2024.09.11 09:45;4;8.875;-200;-200;3370;206;0;
12714;2024.09.11 10:00;4;8.375;-200;-200;3370;206;0;
12715;2024.09.11 10:15;4;8.0625;-200;-200;3369;206;0;
12716;2024.09.11 10:30;4;8.125;-200;-200;3369;206;0;
12717;2024.09.11 10:45;4;7.75;-200;-200;3369;206;0;
12718;2024.09.11 11:00;4;7.9375;-200;-200;3369;206;0;
12719;2024.09.11 11:15;4;8.375;-200;-200;3369;206;0;
12720;2024.09.11 11:30;4;8.25;-200;-200;3369;206;0;
12721;2024.09.11 11:45;4;7.75;-200;-200;3369;206;0;
12722;2024.09.11 12:00;4;7.625;-200;-200;3369;206;0;
12723;2024.09.11 12:15;4;7.5;-200;-200;3369;206;0;
12724;2024.09.11 12:30;4;7.375;-200;-200;3370;206;0;
12725;2024.09.11 12:45;4;7.25;-200;-200;3369;206;0;
12726;2024.09.11 13:00;4;7.25;-200;-200;3369;206;0;
12727;2024.09.11 13:15;4;7.3125;-200;-200;3369;206;0;
12728;2024.09.11 13:30;4;7.75;-200;-200;3369;206;0;
12729;2024.09.11 13:45;4;8.625;-200;-200;3369;206;0;
12730;2024.09.11 14:00;4;9.625;-200;-200;3369;206;0;
12731;2024.09.11 14:15;4;10.625;-200;-200;3369;206;0;
12732;2024.09.11 14:30;4;12.0625;-200;-200;3369;206;0;
12733;2024.09.11 14:45;4;13.3125;-200;-200;3369;206;0;
12734;2024.09.11 15:00;4;14.5;-200;-200;3369;206;0;
12735;2024.09.11 15:15;4;15.25;-200;-200;3370;206;0;
12736;2024.09.11 15:30;4;16;-200;-200;3370;206;0;
12737;2024.09.11 15:45;4;16.625;-200;-200;3369;206;0;
12738;2024.09.11 16:00;4;17;-200;-200;3370;206;0;
12739;2024.09.11 16:15;4;17.625;-200;-200;3370;206;0;
12740;2024.09.11 16:30;4;17.75;-200;-200;3370;206;0;
12741;2024.09.11 16:45;4;18.5;-200;-200;3370;206;0;
12742;2024.09.11 17:00;4;19;-200;-200;3371;206;0;
12743;2024.09.11 17:15;4;19.875;-200;-200;3371;206;0;
12744;2024.09.11 17:30;4;18;-200;-200;3371;206;0;
12745;2024.09.11 17:45;4;18.4375;-200;-200;3480;206;0;
12746;2024.09.11 18:00;-28;21.25;-200;-200;3533;206;0;
12747;2024.09.11 18:15;-28;18.875;-200;-200;3533;206;0;
12748;2024.09.11 18:30;-28;19.125;-200;-200;3533;206;0;
12749;2024.09.11 18:45;-28;21.6875;-200;-200;3533;206;0;
12750;2024.09.11 19:00;-28;21.25;-200;-200;3533;206;0;
12751;2024.09.11 19:15;-28;20.6875;-200;-200;3533;206;0;
12752;2024.09.11 19:30;-28;17.9375;-200;-200;3532;206;0;
12753;2024.09.11 19:45;-28;18.125;-200;-200;3531;206;0;
12754;2024.09.11 20:00;-28;18.5;-200;-200;3531;206;0;
12755;2024.09.11 20:15;-28;18.8125;-200;-200;3531;206;0;
12756;2024.09.11 20:30;-28;21.125;-200;-200;3531;206;0;
12757;2024.09.11 20:45;-28;20.5;-200;-200;3531;206;0;
12758;2024.09.11 21:00;-28;21.25;-200;-200;3531;206;0;
12759;2024.09.11 21:15;-28;21.5625;-200;-200;3531;206;0;
12760;2024.09.11 21:30;-28;22.375;-200;-200;3531;206;0;
12761;2024.09.11 21:45;-28;21.25;-200;-200;3531;206;0;
12762;2024.09.11 22:00;-28;20.9375;-200;-200;3530;206;0;
12763;2024.09.11 22:15;-28;21.875;-200;-200;3530;206;0;
12764;2024.09.11 22:30;-28;20.5;-200;-200;3530;206;0;
12765;2024.09.11 22:45;-28;21;-200;-200;3530;206;0;
12766;2024.09.11 23:00;-28;21.875;-200;-200;3530;206;0;
12767;2024.09.11 23:15;-28;20.6875;-200;-200;3530;206;0;
12768;2024.09.11 23:30;-28;20.875;-200;-200;3530;206;0;
12769;2024.09.11 23:45;-28;20.25;-200;-200;3529;206;0;
12770;2024.09.12 00:00;-28;19.875;-200;-200;3529;206;0;
12771;2024.09.12 00:15;-28;19.125;-200;-200;3529;206;0;
12772;2024.09.12 00:30;-28;18.125;-200;-200;3528;206;0;
12773;2024.09.12 00:45;-28;17.625;-200;-200;3529;206;0;
12774;2024.09.12 01:00;-28;17.1875;-200;-200;3528;206;0;
12775;2024.09.12 01:15;-28;16.875;-200;-200;3528;206;0;
12776;2024.09.12 01:30;-28;16.125;-200;-200;3528;206;0;
12777;2024.09.12 01:45;-28;15.875;-200;-200;3528;206;0;
12778;2024.09.12 02:00;-28;15.9375;-200;-200;3528;206;0;
12779;2024.09.12 02:15;-28;15.625;-200;-200;3528;206;0;
12780;2024.09.12 02:30;-28;15.25;-200;-200;3528;206;0;
12781;2024.09.12 02:45;-28;14.875;-200;-200;3528;206;0;
12782;2024.09.12 03:00;-28;14.75;-200;-200;3528;206;0;
12783;2024.09.12 03:15;-28;14.6875;-200;-200;3528;206;0;
12784;2024.09.12 03:30;-28;14.0625;-200;-200;3528;206;0;
12785;2024.09.12 03:45;-28;13.4375;-200;-200;3528;206;0;
12786;2024.09.12 04:00;-28;12.8125;-200;-200;3528;206;0;
12787;2024.09.12 04:15;-28;12.8125;-200;-200;3528;206;0;
12788;2024.09.12 04:30;-28;12.125;-200;-200;3527;206;0;
12789;2024.09.12 04:45;-28;11.75;-200;-200;3528;206;0;
12790;2024.09.12 05:00;-28;11.6875;-200;-200;3527;206;0;
12791;2024.09.12 05:15;-28;11.5;-200;-200;3527;206;0;
12792;2024.09.12 05:30;-28;11.375;-200;-200;3527;206;0;
12793;2024.09.12 05:45;-28;11.125;-200;-200;3527;206;0;
12794;2024.09.12 06:00;-28;11.4375;-200;-200;3527;206;0;
12795;2024.09.12 06:15;-28;11.125;-200;-200;3527;206;0;
12796;2024.09.12 06:30;-28;11.8125;-200;-200;3527;206;0;
12797;2024.09.12 06:45;-28;11.5;-200;-200;3527;206;0;
12798;2024.09.12 07:00;-28;11.375;-200;-200;3527;206;0;
12799;2024.09.12 07:15;-28;10.9375;-200;-200;3527;206;0;
12800;2024.09.12 07:30;-28;10.125;-200;-200;3527;206;0;
12801;2024.09.12 07:45;-28;10;-200;-200;3527;206;0;
12802;2024.09.12 08:00;-28;9.875;-200;-200;3527;206;0;
12803;2024.09.12 08:15;-28;9.5;-200;-200;3527;206;0;
12804;2024.09.12 08:30;-28;8.8125;-200;-200;3527;206;0;
12805;2024.09.12 08:45;-28;8.8125;-200;-200;3527;206;0;
12806;2024.09.12 09:00;-28;8.75;-200;-200;3527;206;0;
12807;2024.09.12 09:15;-28;8.375;-200;-200;3527;206;0;
12808;2024.09.12 09:30;-28;8.1875;-200;-200;3527;206;0;
12809;2024.09.12 09:45;-28;7.9375;-200;-200;3527;206;0;
12810;2024.09.12 10:00;-28;7.75;-200;-200;3527;206;0;
12811;2024.09.12 10:15;-28;7.3125;-200;-200;3527;206;0;
12812;2024.09.12 10:30;-28;7.3125;-200;-200;3527;206;0;
12813;2024.09.12 10:45;-28;7.125;-200;-200;3527;206;0;
12814;2024.09.12 11:00;-28;7.625;-200;-200;3527;206;0;
12815;2024.09.12 11:15;-28;7.125;-200;-200;3527;206;0;
12816;2024.09.12 11:30;-28;7;-200;-200;3527;206;0;
12817;2024.09.12 11:45;-28;6.75;-200;-200;3527;206;0;
12818;2024.09.12 12:00;-28;6.75;-200;-200;3527;206;0;
12819;2024.09.12 12:15;-28;6.75;-200;-200;3527;206;0;
12820;2024.09.12 12:30;-28;6.5;-200;-200;3527;206;0;
12821;2024.09.12 12:45;-28;6.5625;-200;-200;3527;206;0;
12822;2024.09.12 13:00;-28;6.375;-200;-200;3527;206;0;
12823;2024.09.12 13:15;-28;6.375;-200;-200;3527;206;0;
12824;2024.09.12 13:30;-28;6.875;-200;-200;3527;206;0;
12825;2024.09.12 13:45;-28;8.5;-200;-200;3527;206;0;
12826;2024.09.12 14:00;-28;10.6875;-200;-200;3527;206;0;
12827;2024.09.12 14:15;-28;12.0625;-200;-200;3528;206;0;
12828;2024.09.12 14:30;-28;12.875;-200;-200;3528;206;0;
12829;2024.09.12 14:45;-28;13.5625;-200;-200;3528;206;0;
12830;2024.09.12 15:00;-28;14.125;-200;-200;3528;206;0;
12831;2024.09.12 15:15;-28;14.5;-200;-200;3528;206;0;
12832;2024.09.12 15:30;-28;15;-200;-200;3528;206;0;
12833;2024.09.12 15:45;-28;15.5625;-200;-200;3528;206;0;
12834;2024.09.12 16:00;-28;16.125;-200;-200;3528;206;0;
12835;2024.09.12 16:15;-28;16.5;-200;-200;3528;206;0;
12836;2024.09.12 16:30;-28;17;-200;-200;3528;206;0;
12837;2024.09.12 16:45;-28;17.25;-200;-200;3528;206;0;
12838;2024.09.12 17:00;-28;17.875;-200;-200;3528;206;0;
12839;2024.09.12 17:15;-28;18.625;-200;-200;3528;206;0;
12840;2024.09.12 17:30;-28;19.75;-200;-200;3528;206;0;
12841;2024.09.12 17:45;-28;19.8125;-200;-200;3528;206;0;
12842;2024.09.12 18:00;-28;20.25;-200;-200;3529;206;0;
12843;2024.09.12 18:15;-28;20.75;-200;-200;3529;206;0;
12844;2024.09.12 18:30;-28;21.25;-200;-200;3528;206;0;
12845;2024.09.12 18:45;-28;21.0625;-200;-200;3528;206;0;
12846;2024.09.12 19:00;-28;20;-200;-200;3528;206;0;
12847;2024.09.12 19:15;-28;21.4375;-200;-200;3529;206;0;
12848;2024.09.12 19:30;-28;21.4375;-200;-200;3528;206;0;
12849;2024.09.12 19:45;-28;23.3125;-200;-200;3528;206;0;
12850;2024.09.12 20:00;-28;23.875;-200;-200;3528;206;0;
12851;2024.09.12 20:15;-28;24;-200;-200;3527;206;0;
12852;2024.09.12 20:30;-28;22.125;-200;-200;3527;206;0;
12853;2024.09.12 20:45;-28;23.8125;-200;-200;3527;206;0;
12854;2024.09.12 21:00;-28;21.3125;-200;-200;3526;206;0;
12855;2024.09.12 21:15;-28;20.0625;-200;-200;3526;206;0;
12856;2024.09.12 21:30;-28;21.5;-200;-200;3526;206;0;
12857;2024.09.12 21:45;-28;21.8125;-200;-200;3526;206;0;
12858;2024.09.12 22:00;-28;23.5;-200;-200;3527;206;0;
12859;2024.09.12 22:15;-28;23.875;-200;-200;3526;206;0;
12860;2024.09.12 22:30;-28;23;-200;-200;3526;206;0;
12861;2024.09.12 22:45;-28;25.5;-200;-200;3527;206;0;
12862;2024.09.12 23:00;-28;23.375;-200;-200;3526;206;0;
12863;2024.09.12 23:15;-28;21.75;-200;-200;3525;206;0;
12864;2024.09.12 23:30;-28;22;-200;-200;3525;206;0;
12865;2024.09.12 23:45;-28;20.8125;-200;-200;3525;206;0;
12866;2024.09.13 00:00;-28;20;-200;-200;3524;206;0;
12867;2024.09.13 00:15;-28;19.375;-200;-200;3524;206;0;
12868;2024.09.13 00:30;-28;18.875;-200;-200;3524;206;0;
12869;2024.09.13 00:45;-28;18.25;-200;-200;3524;206;0;
12870;2024.09.13 01:00;-28;17.75;-200;-200;3524;206;0;
12871;2024.09.13 01:15;-28;17.375;-200;-200;3524;206;0;
12872;2024.09.13 01:30;-28;16.8125;-200;-200;3523;206;0;
12873;2024.09.13 01:45;-28;16.5;-200;-200;3523;206;0;
12874;2024.09.13 02:00;-28;16.25;-200;-200;3523;206;0;
12875;2024.09.13 02:15;-28;16;-200;-200;3523;206;0;
12876;2024.09.13 02:30;-28;16.0625;-200;-200;3523;206;0;
12877;2024.09.13 02:45;-28;15.875;-200;-200;3523;206;0;
12878;2024.09.13 03:00;-28;15.75;-200;-200;3523;206;0;
12879;2024.09.13 03:15;-28;15.625;-200;-200;3523;206;0;
12880;2024.09.13 03:30;-28;14.875;-200;-200;3523;206;0;
12881;2024.09.13 03:45;-28;14.125;-200;-200;3523;206;0;
12882;2024.09.13 04:00;-28;13.5625;-200;-200;3523;206;0;
12883;2024.09.13 04:15;-28;13.0625;-200;-200;3523;206;0;
12884;2024.09.13 04:30;-28;13.125;-200;-200;3523;206;0;
12885;2024.09.13 04:45;-28;12.6875;-200;-200;3523;206;0;
12886;2024.09.13 05:00;-28;12.875;-200;-200;3523;206;0;
12887;2024.09.13 05:15;-28;12.75;-200;-200;3523;206;0;
12888;2024.09.13 05:30;-28;12.6875;-200;-200;3523;206;0;
12889;2024.09.13 05:45;-28;12.6875;-200;-200;3523;206;0;
12890;2024.09.13 06:00;-28;12.625;-200;-200;3523;206;0;
12891;2024.09.13 06:15;-28;12.75;-200;-200;3523;206;0;
12892;2024.09.13 06:30;-28;12.375;-200;-200;3523;206;0;
12893;2024.09.13 06:45;-28;12.0625;-200;-200;3523;206;0;
12894;2024.09.13 07:00;-28;11.875;-200;-200;3523;206;0;
12895;2024.09.13 07:15;-28;11.5;-200;-200;3523;206;0;
12896;2024.09.13 07:30;-28;11;-200;-200;3523;206;0;
12897;2024.09.13 07:45;-28;10.75;-200;-200;3523;206;0;
12898;2024.09.13 08:00;-28;10.25;-200;-200;3523;206;0;
12899;2024.09.13 08:15;-28;10.125;-200;-200;3523;206;0;
12900;2024.09.13 08:30;-28;9.9375;-200;-200;3522;206;0;
12901;2024.09.13 08:45;-28;9.875;-200;-200;3522;206;0;
12902;2024.09.13 09:00;-28;9.625;-200;-200;3522;206;0;
12903;2024.09.13 09:15;-28;9.625;-200;-200;3522;206;0;
12904;2024.09.13 09:30;-28;9.75;-200;-200;3522;206;0;
12905;2024.09.13 09:45;-28;9.75;-200;-200;3522;206;0;
12906;2024.09.13 10:00;-28;9.625;-200;-200;3522;206;0;
12907;2024.09.13 10:15;-28;9.875;-200;-200;3522;206;0;
12908;2024.09.13 10:30;-28;9.75;-200;-200;3522;206;0;
12909;2024.09.13 10:45;-28;9.625;-200;-200;3522;206;0;
12910;2024.09.13 11:00;-28;9.625;-200;-200;3522;206;0;
12911;2024.09.13 11:15;-28;9.5;-200;-200;3522;206;0;
12912;2024.09.13 11:30;-28;9.5;-200;-200;3522;206;0;
12913;2024.09.13 11:45;-28;9.375;-200;-200;3522;206;0;
12914;2024.09.13 12:00;-28;9.375;-200;-200;3522;206;0;
12915;2024.09.13 12:15;-28;9;-200;-200;3522;206;0;
12916;2024.09.13 12:30;-28;8.875;-200;-200;3522;206;0;
12917;2024.09.13 12:45;-28;9;-200;-200;3522;206;0;
12918;2024.09.13 13:00;-28;8.875;-200;-200;3522;206;0;
12919;2024.09.13 13:15;-28;8.75;-200;-200;3522;206;0;
12920;2024.09.13 13:30;-28;9.25;-200;-200;3522;206;0;
12921;2024.09.13 13:45;-28;9.8125;-200;-200;3522;206;0;
12922;2024.09.13 14:00;-28;10.5;-200;-200;3522;206;0;
12923;2024.09.13 14:15;-28;11.375;-200;-200;3523;206;0;
12924;2024.09.13 14:30;-28;12.5;-200;-200;3523;206;0;
12925;2024.09.13 14:45;-28;13.375;-200;-200;3523;206;0;
12926;2024.09.13 15:00;-28;13.9375;-200;-200;3523;206;0;
12927;2024.09.13 15:15;-28;14.375;-200;-200;3523;206;0;
12928;2024.09.13 15:30;-28;15;-200;-200;3523;206;0;
12929;2024.09.13 15:45;-28;15.5;-200;-200;3523;206;0;
12930;2024.09.13 16:00;-28;15.75;-200;-200;3523;206;0;
12931;2024.09.13 16:15;-28;16.3125;-200;-200;3524;206;0;
12932;2024.09.13 16:30;-28;16.5;-200;-200;3524;206;0;
12933;2024.09.13 16:45;-28;16.75;-200;-200;3524;206;0;
12934;2024.09.13 17:00;-28;17.25;-200;-200;3524;206;0;
12935;2024.09.13 17:15;-28;17.875;-200;-200;3524;206;0;
12936;2024.09.13 17:30;-28;18.875;-200;-200;3524;206;0;
12937;2024.09.13 17:45;-28;19.5625;-200;-200;3524;206;0;
12938;2024.09.13 18:00;-28;19.4375;-200;-200;3524;206;0;
12939;2024.09.13 18:15;-28;19.125;-200;-200;3524;206;0;
12940;2024.09.13 18:30;-28;19.875;-200;-200;3524;206;0;
12941;2024.09.13 18:45;-28;20.5;-200;-200;3524;206;0;
12942;2024.09.13 19:00;-28;19;-200;-200;3524;206;0;
12943;2024.09.13 19:15;-28;19.75;-200;-200;3524;206;0;
12944;2024.09.13 19:30;-28;19.9375;-200;-200;3524;206;0;
12945;2024.09.13 19:45;-28;22.9375;-200;-200;3524;206;0;
12946;2024.09.13 20:00;-28;22.875;-200;-200;3524;206;0;
12947;2024.09.13 20:15;-28;24.5;-200;-200;3524;206;0;
12948;2024.09.13 20:30;-28;21.875;-200;-200;3523;206;0;
12949;2024.09.13 20:45;-28;22.5;-200;-200;3523;206;0;
12950;2024.09.13 21:00;-28;21.25;-200;-200;3522;206;0;
12951;2024.09.13 21:15;-28;20.75;-200;-200;3522;206;0;
12952;2024.09.13 21:30;-28;21.625;-200;-200;3522;206;0;
12953;2024.09.13 21:45;-28;20.5;-200;-200;3522;206;0;
12954;2024.09.13 22:00;-28;22.75;-200;-200;3523;206;0;
12955;2024.09.13 22:15;-28;23.625;-200;-200;3522;206;0;
12956;2024.09.13 22:30;-28;23.3125;-200;-200;3522;206;0;
12957;2024.09.13 22:45;-28;23.4375;-200;-200;3522;206;0;
12958;2024.09.13 23:00;-28;24;-200;-200;3523;206;0;
12959;2024.09.13 23:15;-28;19.625;-200;-200;3521;206;0;
12960;2024.09.13 23:30;-28;19.625;-200;-200;3521;206;0;
12961;2024.09.13 23:45;-28;18.5;-200;-200;3520;206;0;
12962;2024.09.14 00:00;-28;18.1875;-200;-200;3520;206;0;
12963;2024.09.14 00:15;-28;18.5;-200;-200;3520;206;0;
12964;2024.09.14 00:30;-28;18.6875;-200;-200;3520;206;0;
12965;2024.09.14 00:45;-28;18.875;-200;-200;3520;206;0;
12966;2024.09.14 01:00;-28;17.375;-200;-200;3520;206;0;
12967;2024.09.14 01:15;-28;15.8125;-200;-200;3520;206;0;
12968;2024.09.14 01:30;-28;14.75;-200;-200;3519;206;0;
12969;2024.09.14 01:45;-28;13.75;-200;-200;3519;206;0;
12970;2024.09.14 02:00;-28;13;-200;-200;3519;206;0;
12971;2024.09.14 02:15;-28;13;-200;-200;3519;206;0;
12972;2024.09.14 02:30;-28;12.625;-200;-200;3519;206;0;
12973;2024.09.14 02:45;-28;12.375;-200;-200;3519;206;0;
12974;2024.09.14 03:00;-28;12.0625;-200;-200;3519;206;0;
12975;2024.09.14 03:15;-28;11.625;-200;-200;3519;206;0;
12976;2024.09.14 03:30;-28;11.625;-200;-200;3519;206;0;
12977;2024.09.14 03:45;-28;11.9375;-200;-200;3518;206;0;
12978;2024.09.14 04:00;-28;12.125;-200;-200;3518;206;0;
12979;2024.09.14 04:15;-28;11.5;-200;-200;3518;206;0;
12980;2024.09.14 04:30;-28;11.1875;-200;-200;3518;206;0;
12981;2024.09.14 04:45;-28;10.75;-200;-200;3518;206;0;
12982;2024.09.14 05:00;-28;11;-200;-200;3518;206;0;
12983;2024.09.14 05:15;-28;10.0625;-200;-200;3518;206;0;
12984;2024.09.14 05:30;-28;9.75;-200;-200;3518;206;0;
12985;2024.09.14 05:45;-28;9.375;-200;-200;3518;206;0;
12986;2024.09.14 06:00;-28;9.1875;-200;-200;3518;206;0;
12987;2024.09.14 06:15;-28;9.5;-200;-200;3518;206;0;
12988;2024.09.14 06:30;-28;9.375;-200;-200;3518;206;0;
12989;2024.09.14 06:45;-28;9.1875;-200;-200;3518;206;0;
12990;2024.09.14 07:00;-28;9.375;-200;-200;3518;206;0;
12991;2024.09.14 07:15;-28;9.5;-200;-200;3518;206;0;
12992;2024.09.14 07:30;-28;9.625;-200;-200;3518;206;0;
12993;2024.09.14 07:45;-28;9.625;-200;-200;3518;206;0;
12994;2024.09.14 08:00;-28;9;-200;-200;3518;206;0;
12995;2024.09.14 08:15;-28;9.125;-200;-200;3518;206;0;
12996;2024.09.14 08:30;-28;9.375;-200;-200;3518;206;0;
12997;2024.09.14 08:45;-28;9.3125;-200;-200;3518;206;0;
12998;2024.09.14 09:00;-28;9.5625;-200;-200;3518;206;0;
12999;2024.09.14 09:15;-28;9.125;-200;-200;3518;206;0;
13000;2024.09.14 09:30;-28;9;-200;-200;3518;206;0;
13001;2024.09.14 09:45;-28;9;-200;-200;3518;206;0;
13002;2024.09.14 10:00;-28;9.125;-200;-200;3518;206;0;
13003;2024.09.14 10:15;-28;8.8125;-200;-200;3518;206;0;
13004;2024.09.14 10:30;-28;8.625;-200;-200;3518;206;0;
13005;2024.09.14 10:45;-28;8.375;-200;-200;3518;206;0;
13006;2024.09.14 11:00;-28;8.1875;-200;-200;3518;206;0;
13007;2024.09.14 11:15;-28;8.75;-200;-200;3518;206;0;
13008;2024.09.14 11:30;-28;9.125;-200;-200;3518;206;0;
13009;2024.09.14 11:45;-28;9.125;-200;-200;3518;206;0;
13010;2024.09.14 12:00;-28;8.5;-200;-200;3518;206;0;
13011;2024.09.14 12:15;-28;8.125;-200;-200;3518;206;0;
13012;2024.09.14 12:30;-28;7.5625;-200;-200;3518;206;0;
13013;2024.09.14 12:45;-28;7.375;-200;-200;3518;206;0;
13014;2024.09.14 13:00;-28;7.25;-200;-200;3518;206;0;
13015;2024.09.14 13:15;-28;7.375;-200;-200;3518;206;0;
13016;2024.09.14 13:30;-28;7.875;-200;-200;3518;206;0;
13017;2024.09.14 13:45;-28;8.5;-200;-200;3518;206;0;
13018;2024.09.14 14:00;-28;9.375;-200;-200;3518;206;0;
13019;2024.09.14 14:15;-28;10.75;-200;-200;3518;206;0;
13020;2024.09.14 14:30;-28;11.9375;-200;-200;3518;206;0;
13021;2024.09.14 14:45;-28;13.3125;-200;-200;3519;206;0;
13022;2024.09.14 15:00;-28;14.5;-200;-200;3519;206;0;
13023;2024.09.14 15:15;-28;15.75;-200;-200;3519;206;0;
13024;2024.09.14 15:30;-28;16.75;-200;-200;3519;206;0;
13025;2024.09.14 15:45;-28;17.25;-200;-200;3519;206;0;
13026;2024.09.14 16:00;-28;17.625;-200;-200;3519;206;0;
13027;2024.09.14 16:15;-28;18.25;-200;-200;3519;206;0;
13028;2024.09.14 16:30;-28;18.5;-200;-200;3519;206;0;
13029;2024.09.14 16:45;-28;19.125;-200;-200;3519;206;0;
13030;2024.09.14 17:00;-28;19.375;-200;-200;3519;206;0;
13031;2024.09.14 17:15;-28;20.375;-200;-200;3519;206;0;
13032;2024.09.14 17:30;-28;21.375;-200;-200;3520;206;0;
13033;2024.09.14 17:45;-28;22.75;-200;-200;3520;206;0;
13034;2024.09.14 18:00;-28;22.6875;-200;-200;3519;206;0;
13035;2024.09.14 18:15;-28;23.875;-200;-200;3519;206;0;
13036;2024.09.14 18:30;-28;24.25;-200;-200;3519;206;0;
13037;2024.09.14 18:45;-28;23.625;-200;-200;3519;206;0;
13038;2024.09.14 19:00;-28;23;-200;-200;3519;206;0;
13039;2024.09.14 19:15;-28;24.0625;-200;-200;3519;206;0;
13040;2024.09.14 19:30;-28;21.75;-200;-200;3519;206;0;
13041;2024.09.14 19:45;-28;22.125;-200;-200;3519;206;0;
13042;2024.09.14 20:00;-28;25.25;-200;-200;3517;206;0;
13043;2024.09.14 20:15;-28;26.25;-200;-200;3517;206;0;
13044;2024.09.14 20:30;-28;26.0625;-200;-200;3516;206;0;
13045;2024.09.14 20:45;-28;26.1875;-200;-200;3517;206;0;
13046;2024.09.14 21:00;-28;24.625;-200;-200;3516;206;0;
13047;2024.09.14 21:15;-28;24;-200;-200;3516;206;0;
13048;2024.09.14 21:30;-28;23.8125;-200;-200;3516;206;0;
13049;2024.09.14 21:45;-28;23.75;-200;-200;3516;206;0;
13050;2024.09.14 22:00;-28;26;-200;-200;3516;206;0;
13051;2024.09.14 22:15;-28;26.125;-200;-200;3516;206;0;
13052;2024.09.14 22:30;-28;27.875;-200;-200;3516;206;0;
13053;2024.09.14 22:45;-28;29.25;-200;-200;3517;206;0;
13054;2024.09.14 23:00;-28;26.75;-200;-200;3516;206;0;
13055;2024.09.14 23:15;-28;22.625;-200;-200;3515;206;0;
13056;2024.09.14 23:30;-28;22.0625;-200;-200;3514;206;0;
13057;2024.09.14 23:45;-28;21.6875;-200;-200;3514;206;0;
13058;2024.09.15 00:00;-28;21;-200;-200;3514;206;0;
13059;2024.09.15 00:15;-28;20.375;-200;-200;3514;206;0;
13060;2024.09.15 00:30;-28;20.1875;-200;-200;3514;206;0;
13061;2024.09.15 00:45;-28;19.625;-200;-200;3514;206;0;
13062;2024.09.15 01:00;-28;18.625;-200;-200;3513;206;0;
13063;2024.09.15 01:15;-28;17;-200;-200;3513;206;0;
13064;2024.09.15 01:30;-28;15.625;-200;-200;3512;206;0;
13065;2024.09.15 01:45;-28;14.5;-200;-200;3512;206;0;
13066;2024.09.15 02:00;-28;13.625;-200;-200;3511;206;0;
13067;2024.09.15 02:15;-28;12.875;-200;-200;3511;206;0;
13068;2024.09.15 02:30;-28;12.375;-200;-200;3511;206;0;
13069;2024.09.15 02:45;-28;12;-200;-200;3511;206;0;
13070;2024.09.15 03:00;-28;11.6875;-200;-200;3511;206;0;
13071;2024.09.15 03:15;-28;11.375;-200;-200;3510;206;0;
13072;2024.09.15 03:30;-28;11.125;-200;-200;3511;206;0;
13073;2024.09.15 03:45;-28;10.875;-200;-200;3510;206;0;
13074;2024.09.15 04:00;-28;10.625;-200;-200;3510;206;0;
13075;2024.09.15 04:15;-28;10.5625;-200;-200;3510;206;0;
13076;2024.09.15 04:30;-28;10.4375;-200;-200;3510;206;0;
13077;2024.09.15 04:45;-28;10.25;-200;-200;3510;206;0;
13078;2024.09.15 05:00;-28;10;-200;-200;3510;206;0;
13079;2024.09.15 05:15;-28;10;-200;-200;3510;206;0;
13080;2024.09.15 05:30;-28;9.8125;-200;-200;3510;206;0;
13081;2024.09.15 05:45;-28;9.6875;-200;-200;3510;206;0;
13082;2024.09.15 06:00;-28;9.625;-200;-200;3510;206;0;
13083;2024.09.15 06:15;-28;9.5;-200;-200;3510;206;0;
13084;2024.09.15 06:30;-28;9.75;-200;-200;3510;206;0;
13085;2024.09.15 06:45;-28;9.5;-200;-200;3510;206;0;
13086;2024.09.15 07:00;-28;9.625;-200;-200;3510;206;0;
13087;2024.09.15 07:15;-28;9.375;-200;-200;3510;206;0;
13088;2024.09.15 07:30;-28;9.5;-200;-200;3510;206;0;
13089;2024.09.15 07:45;-28;9.375;-200;-200;3510;206;0;
13090;2024.09.15 08:00;-28;9.8125;-200;-200;3510;206;0;
13091;2024.09.15 08:15;-28;10.5;-200;-200;3510;206;0;
13092;2024.09.15 08:30;-28;10.875;-200;-200;3511;206;0;
13093;2024.09.15 08:45;-28;11.75;-200;-200;3510;206;0;
13094;2024.09.15 09:00;-28;11.875;-200;-200;3511;206;0;
13095;2024.09.15 09:15;-28;12.1875;-200;-200;3510;206;0;
13096;2024.09.15 09:30;-28;12.0625;-200;-200;3511;206;0;
13097;2024.09.15 09:45;-28;11.6875;-200;-200;3511;206;0;
13098;2024.09.15 10:00;-28;11.875;-200;-200;3511;206;0;
13099;2024.09.15 10:15;-28;11.6875;-200;-200;3511;206;0;
13100;2024.09.15 10:30;-28;11.625;-200;-200;3511;206;0;
13101;2024.09.15 10:45;-28;11.5;-200;-200;3511;206;0;
13102;2024.09.15 11:00;-28;11.125;-200;-200;3511;206;0;
13103;2024.09.15 11:15;-28;11.0625;-200;-200;3511;206;0;
13104;2024.09.15 11:30;-28;11.0625;-200;-200;3511;206;0;
13105;2024.09.15 11:45;-28;10.9375;-200;-200;3511;206;0;
13106;2024.09.15 12:00;-28;11.0625;-200;-200;3511;206;0;
13107;2024.09.15 12:15;-28;10.625;-200;-200;3511;206;0;
13108;2024.09.15 12:30;-28;10.5;-200;-200;3511;206;0;
13109;2024.09.15 12:45;-28;10.125;-200;-200;3511;206;0;
13110;2024.09.15 13:00;-28;10.4375;-200;-200;3511;206;0;
13111;2024.09.15 13:15;-28;11.3125;-200;-200;3511;206;0;
13112;2024.09.15 13:30;-28;12.125;-200;-200;3511;206;0;
13113;2024.09.15 13:45;-28;11.9375;-200;-200;3511;206;0;
13114;2024.09.15 14:00;-28;11.9375;-200;-200;3511;206;0;
13115;2024.09.15 14:15;-28;12.75;-200;-200;3511;206;0;
13116;2024.09.15 14:30;-28;13.625;-200;-200;3511;206;0;
13117;2024.09.15 14:45;-28;14.25;-200;-200;3511;206;0;
13118;2024.09.15 15:00;-28;14.25;-200;-200;3511;206;0;
13119;2024.09.15 15:15;-28;15.125;-200;-200;3511;206;0;
13120;2024.09.15 15:30;-28;16.25;-200;-200;3511;206;0;
13121;2024.09.15 15:45;-28;16.875;-200;-200;3511;206;0;
13122;2024.09.15 16:00;-28;17.25;-200;-200;3511;206;0;
13123;2024.09.15 16:15;-28;17.875;-200;-200;3511;206;0;
13124;2024.09.15 16:30;-28;18.4375;-200;-200;3511;206;0;
13125;2024.09.15 16:45;-28;18.3125;-200;-200;3511;206;0;
13126;2024.09.15 17:00;-28;18;-200;-200;3511;206;0;
13127;2024.09.15 17:15;-28;17.375;-200;-200;3511;206;0;
13128;2024.09.15 17:30;-28;17.75;-200;-200;3511;206;0;
13129;2024.09.15 17:45;-28;19.25;-200;-200;3511;206;0;
13130;2024.09.15 18:00;-28;19.625;-200;-200;3511;206;0;
13131;2024.09.15 18:15;-28;19.625;-200;-200;3511;206;0;
13132;2024.09.15 18:30;-28;17.25;-200;-200;3511;206;0;
13133;2024.09.15 18:45;-28;16.625;-200;-200;3511;206;0;
13134;2024.09.15 19:00;-28;16.125;-200;-200;3511;206;0;
13135;2024.09.15 19:15;-28;16.875;-200;-200;3511;206;0;
13136;2024.09.15 19:30;-28;18.5625;-200;-200;3511;206;0;
13137;2024.09.15 19:45;-28;18.375;-200;-200;3511;206;0;
13138;2024.09.15 20:00;-28;17;-200;-200;3511;206;0;
13139;2024.09.15 20:15;-28;15.75;-200;-200;3511;206;0;
13140;2024.09.15 20:30;-28;16.375;-200;-200;3511;206;0;
13141;2024.09.15 20:45;-28;16.875;-200;-200;3511;206;0;
13142;2024.09.15 21:00;-28;17.375;-200;-200;3511;206;0;
13143;2024.09.15 21:15;-28;17.125;-200;-200;3511;206;0;
13144;2024.09.15 21:30;-28;17.375;-200;-200;3511;206;0;
13145;2024.09.15 21:45;-28;17.5;-200;-200;3511;206;0;
13146;2024.09.15 22:00;-28;19.125;-200;-200;3510;206;0;
13147;2024.09.15 22:15;-28;20.875;-200;-200;3510;206;0;
13148;2024.09.15 22:30;-28;23.25;-200;-200;3511;206;0;
13149;2024.09.15 22:45;-28;22;-200;-200;3511;206;0;
13150;2024.09.15 23:00;-28;21.375;-200;-200;3510;206;0;
13151;2024.09.15 23:15;-28;18.5;-200;-200;3509;206;0;
13152;2024.09.15 23:30;-28;18.125;-200;-200;3509;206;0;
13153;2024.09.15 23:45;-28;17.9375;-200;-200;3509;206;0;
13154;2024.09.16 00:00;-28;17.25;-200;-200;3509;206;0;
13155;2024.09.16 00:15;-28;16.8125;-200;-200;3509;206;0;
13156;2024.09.16 00:30;-28;16.5;-200;-200;3509;206;0;
13157;2024.09.16 00:45;-28;16.375;-200;-200;3509;206;0;
13158;2024.09.16 01:00;-28;15.5;-200;-200;3508;206;0;
13159;2024.09.16 01:15;-28;14.75;-200;-200;3508;206;0;
13160;2024.09.16 01:30;-28;14.125;-200;-200;3508;206;0;
13161;2024.09.16 01:45;-28;13.625;-200;-200;3508;206;0;
13162;2024.09.16 02:00;-28;13.375;-200;-200;3508;206;0;
13163;2024.09.16 02:15;-28;12.6875;-200;-200;3508;206;0;
13164;2024.09.16 02:30;-28;12.625;-200;-200;3508;206;0;
13165;2024.09.16 02:45;-28;12.75;-200;-200;3508;206;0;
13166;2024.09.16 03:00;-28;12.6875;-200;-200;3508;206;0;
13167;2024.09.16 03:15;-28;12.375;-200;-200;3508;206;0;
13168;2024.09.16 03:30;-28;11.9375;-200;-200;3508;206;0;
13169;2024.09.16 03:45;-28;12;-200;-200;3508;206;0;
13170;2024.09.16 04:00;-28;12.125;-200;-200;3508;206;0;
13171;2024.09.16 04:15;-28;11.75;-200;-200;3508;206;0;
13172;2024.09.16 04:30;-28;11.5;-200;-200;3508;206;0;
13173;2024.09.16 04:45;-28;11.625;-200;-200;3508;206;0;
13174;2024.09.16 05:00;-28;11.375;-200;-200;3508;206;0;
13175;2024.09.16 05:15;-28;11.25;-200;-200;3508;206;0;
13176;2024.09.16 05:30;-28;11.25;-200;-200;3508;206;0;
13177;2024.09.16 05:45;-28;11.25;-200;-200;3508;206;0;
13178;2024.09.16 06:00;-28;11.125;-200;-200;3508;206;0;
13179;2024.09.16 06:15;-28;11.25;-200;-200;3508;206;0;
13180;2024.09.16 06:30;-28;11.375;-200;-200;3508;206;0;
13181;2024.09.16 06:45;-28;11.375;-200;-200;3508;206;0;
13182;2024.09.16 07:00;-28;11.25;-200;-200;3508;206;0;
13183;2024.09.16 07:15;-28;11.25;-200;-200;3508;206;0;
13184;2024.09.16 07:30;-28;11.25;-200;-200;3508;206;0;
13185;2024.09.16 07:45;-28;11.0625;-200;-200;3508;206;0;
13186;2024.09.16 08:00;-28;11.125;-200;-200;3508;206;0;
13187;2024.09.16 08:15;-28;10.875;-200;-200;3508;206;0;
13188;2024.09.16 08:30;-28;10.875;-200;-200;3508;206;0;
13189;2024.09.16 08:45;-28;10.875;-200;-200;3508;206;0;
13190;2024.09.16 09:00;-28;11.1875;-200;-200;3508;206;0;
13191;2024.09.16 09:15;-28;11.25;-200;-200;3508;206;0;
13192;2024.09.16 09:30;-28;11.0625;-200;-200;3508;206;0;
13193;2024.09.16 09:45;-28;10.875;-200;-200;3508;206;0;
13194;2024.09.16 10:00;-28;10.375;-200;-200;3508;206;0;
13195;2024.09.16 10:15;-28;10.25;-200;-200;3508;206;0;
13196;2024.09.16 10:30;-28;10.25;-200;-200;3508;206;0;
13197;2024.09.16 10:45;-28;10.25;-200;-200;3508;206;0;
13198;2024.09.16 11:00;-28;10.5625;-200;-200;3508;206;0;
13199;2024.09.16 11:15;-28;10.25;-200;-200;3508;206;0;
13200;2024.09.16 11:30;-28;9.75;-200;-200;3508;206;0;
13201;2024.09.16 11:45;-28;9.1875;-200;-200;3508;206;0;
13202;2024.09.16 12:00;-28;9.25;-200;-200;3508;206;0;
13203;2024.09.16 12:15;-28;9.25;-200;-200;3508;206;0;
13204;2024.09.16 12:30;-28;9.125;-200;-200;3508;206;0;
13205;2024.09.16 12:45;-28;9.25;-200;-200;3508;206;0;
13206;2024.09.16 13:00;-28;9.3125;-200;-200;3508;206;0;
13207;2024.09.16 13:15;-28;9.5;-200;-200;3508;206;0;
13208;2024.09.16 13:30;-28;9.625;-200;-200;3508;206;0;
13209;2024.09.16 13:45;-28;9.125;-200;-200;3508;206;0;
13210;2024.09.16 14:00;-28;8.75;-200;-200;3508;206;0;
13211;2024.09.16 14:15;-28;8.875;-200;-200;3508;206;0;
13212;2024.09.16 14:30;-28;8.875;-200;-200;3508;206;0;
13213;2024.09.16 14:45;-28;8.8125;-200;-200;3508;206;0;
13214;2024.09.16 15:00;-28;8.75;-200;-200;3508;206;0;
13215;2024.09.16 15:15;-28;8.75;-200;-200;3508;206;0;
13216;2024.09.16 15:30;-28;8.875;-200;-200;3508;206;0;
13217;2024.09.16 15:45;-28;9.0625;-200;-200;3508;206;0;
13218;2024.09.16 16:00;-28;9.0625;-200;-200;3509;206;0;
13219;2024.09.16 16:15;-28;8.875;-200;-200;3509;206;0;
13220;2024.09.16 16:30;-28;8.75;-200;-200;3510;206;0;
13221;2024.09.16 16:45;-28;8.75;-200;-200;3509;206;0;
13222;2024.09.16 17:00;-28;9.0625;-200;-200;3510;206;0;
13223;2024.09.16 17:15;-28;9.25;-200;-200;3510;206;0;
13224;2024.09.16 17:30;-28;9.25;-200;-200;3510;206;0;
13225;2024.09.16 17:45;-28;9.125;-200;-200;3511;206;0;
13226;2024.09.16 18:00;-28;8.875;-200;-200;3511;206;0;
13227;2024.09.16 18:15;-28;8.9375;-200;-200;3511;206;0;
13228;2024.09.16 18:30;-28;9.375;-200;-200;3511;206;0;
13229;2024.09.16 18:45;-28;9.5;-200;-200;3512;206;0;
13230;2024.09.16 19:00;-28;9.875;-200;-200;3512;206;0;
13231;2024.09.16 19:15;-28;9.75;-200;-200;3512;206;0;
13232;2024.09.16 19:30;-28;10.125;-200;-200;3512;206;0;
13233;2024.09.16 19:45;-28;10;-200;-200;3512;206;0;
13234;2024.09.16 20:00;-28;10;-200;-200;3512;206;0;
13235;2024.09.16 20:15;-28;9.75;-200;-200;3512;206;0;
13236;2024.09.16 20:30;-28;9.875;-200;-200;3513;206;0;
13237;2024.09.16 20:45;-28;10.3125;-200;-200;3513;206;0;
13238;2024.09.16 21:00;-28;10.875;-200;-200;3513;206;0;
13239;2024.09.16 21:15;-28;11.125;-200;-200;3513;206;0;
13240;2024.09.16 21:30;-28;11.625;-200;-200;3513;206;0;
13241;2024.09.16 21:45;-28;12.5;-200;-200;3514;206;0;
13242;2024.09.16 22:00;-28;12.5;-200;-200;3514;206;0;
13243;2024.09.16 22:15;-28;12.3125;-200;-200;3514;206;0;
13244;2024.09.16 22:30;-28;12.75;-200;-200;3514;206;0;
13245;2024.09.16 22:45;-28;15.125;-200;-200;3515;206;0;
13246;2024.09.16 23:00;-28;16.125;-200;-200;3516;206;0;
13247;2024.09.16 23:15;-28;13.4375;-200;-200;3515;206;0;
13248;2024.09.16 23:30;-28;13.125;-200;-200;3515;206;0;
13249;2024.09.16 23:45;-28;12.8125;-200;-200;3515;206;0;
13250;2024.09.17 00:00;-28;12.5625;-200;-200;3515;206;0;
13251;2024.09.17 00:15;-28;12.25;-200;-200;3515;206;0;
13252;2024.09.17 00:30;-28;11.875;-200;-200;3515;206;0;
13253;2024.09.17 00:45;-28;11.625;-200;-200;3515;206;0;
13254;2024.09.17 01:00;-28;11.1875;-200;-200;3515;206;0;
13255;2024.09.17 01:15;-28;10.75;-200;-200;3515;206;0;
13256;2024.09.17 01:30;-28;10.375;-200;-200;3515;206;0;
13257;2024.09.17 01:45;-28;9.875;-200;-200;3515;206;0;
13258;2024.09.17 02:00;-28;9.5625;-200;-200;3515;206;0;
13259;2024.09.17 02:15;-28;9.4375;-200;-200;3515;206;0;
13260;2024.09.17 02:30;-28;9.5;-200;-200;3515;206;0;
13261;2024.09.17 02:45;-28;9.5;-200;-200;3515;206;0;
13262;2024.09.17 03:00;-28;9.375;-200;-200;3515;206;0;
13263;2024.09.17 03:15;-28;9.375;-200;-200;3515;206;0;
13264;2024.09.17 03:30;-28;9.3125;-200;-200;3515;206;0;
13265;2024.09.17 03:45;-28;9.4375;-200;-200;3515;206;0;
13266;2024.09.17 04:00;-28;9.375;-200;-200;3515;206;0;
13267;2024.09.17 04:15;-28;9.375;-200;-200;3515;206;0;
13268;2024.09.17 04:30;-28;9.5625;-200;-200;3515;206;0;
13269;2024.09.17 04:45;-28;9.75;-200;-200;3515;206;0;
13270;2024.09.17 05:00;-28;9.5;-200;-200;3515;206;0;
13271;2024.09.17 05:15;-28;9.4375;-200;-200;3515;206;0;
13272;2024.09.17 05:30;-28;9;-200;-200;3515;206;0;
13273;2024.09.17 05:45;-28;8.75;-200;-200;3515;206;0;
13274;2024.09.17 06:00;-28;8.75;-200;-200;3515;206;0;
13275;2024.09.17 06:15;-28;9;-200;-200;3515;206;0;
13276;2024.09.17 06:30;-28;9;-200;-200;3515;206;0;
13277;2024.09.17 06:45;-28;9.25;-200;-200;3515;206;0;
13278;2024.09.17 07:00;-28;9.25;-200;-200;3515;206;0;
13279;2024.09.17 07:15;-28;9.125;-200;-200;3515;206;0;
13280;2024.09.17 07:30;-28;8.875;-200;-200;3515;206;0;
13281;2024.09.17 07:45;-28;9;-200;-200;3515;206;0;
13282;2024.09.17 08:00;-28;9;-200;-200;3515;206;0;
13283;2024.09.17 08:15;-28;9.25;-200;-200;3515;206;0;
13284;2024.09.17 08:30;-28;9;-200;-200;3515;206;0;
13285;2024.09.17 08:45;-28;9;-200;-200;3515;206;0;
13286;2024.09.17 09:00;-28;9.125;-200;-200;3515;206;0;
13287;2024.09.17 09:15;-28;9.1875;-200;-200;3515;206;0;
13288;2024.09.17 09:30;-28;9.25;-200;-200;3515;206;0;
13289;2024.09.17 09:45;-28;9.25;-200;-200;3515;206;0;
13290;2024.09.17 10:00;-28;9.625;-200;-200;3515;206;0;
13291;2024.09.17 10:15;-28;9.375;-200;-200;3515;206;0;
13292;2024.09.17 10:30;-28;9.0625;-200;-200;3515;206;0;
13293;2024.09.17 10:45;-28;8.875;-200;-200;3516;206;0;
13294;2024.09.17 11:00;-28;8.75;-200;-200;3515;206;0;
13295;2024.09.17 11:15;-28;8.5;-200;-200;3516;206;0;
13296;2024.09.17 11:30;-28;8.75;-200;-200;3515;206;0;
13297;2024.09.17 11:45;-28;9.125;-200;-200;3516;206;0;
13298;2024.09.17 12:00;-28;9.0625;-200;-200;3516;206;0;
13299;2024.09.17 12:15;-28;9.25;-200;-200;3516;206;0;
13300;2024.09.17 12:30;-28;8.875;-200;-200;3516;206;0;
13301;2024.09.17 12:45;-28;9.0625;-200;-200;3516;206;0;
13302;2024.09.17 13:00;-28;9.5625;-200;-200;3516;206;0;
13303;2024.09.17 13:15;-28;9.6875;-200;-200;3516;206;0;
13304;2024.09.17 13:30;-28;9.875;-200;-200;3516;206;0;
13305;2024.09.17 13:45;-28;10.1875;-200;-200;3516;206;0;
13306;2024.09.17 14:00;-28;10.4375;-200;-200;3516;206;0;
13307;2024.09.17 14:15;-28;11.25;-200;-200;3516;206;0;
13308;2024.09.17 14:30;-28;11.6875;-200;-200;3516;206;0;
13309;2024.09.17 14:45;-28;12.4375;-200;-200;3516;206;0;
13310;2024.09.17 15:00;-28;12.375;-200;-200;3516;206;0;
13311;2024.09.17 15:15;-28;12.625;-200;-200;3516;206;0;
13312;2024.09.17 15:30;-28;13.1875;-200;-200;3516;206;0;
13313;2024.09.17 15:45;-28;13.4375;-200;-200;3516;206;0;
13314;2024.09.17 16:00;-28;13.9375;-200;-200;3517;206;0;
13315;2024.09.17 16:15;-28;14.0625;-200;-200;3517;206;0;
13316;2024.09.17 16:30;-28;14.375;-200;-200;3517;206;0;
13317;2024.09.17 16:45;-28;14.5625;-200;-200;3517;206;0;
13318;2024.09.17 17:00;-28;15.0625;-200;-200;3517;206;0;
13319;2024.09.17 17:15;-28;14.875;-200;-200;3517;206;0;
13320;2024.09.17 17:30;-28;14.375;-200;-200;3517;206;0;
13321;2024.09.17 17:45;-28;12.9375;-200;-200;3517;206;0;
13322;2024.09.17 18:00;-28;13.125;-200;-200;3517;206;0;
13323;2024.09.17 18:15;-28;15.125;-200;-200;3517;206;0;
13324;2024.09.17 18:30;-28;15.375;-200;-200;3517;206;0;
13325;2024.09.17 18:45;-28;16.1875;-200;-200;3518;206;0;
13326;2024.09.17 19:00;-28;16.875;-200;-200;3518;206;0;
13327;2024.09.17 19:15;-28;16.125;-200;-200;3518;206;0;
13328;2024.09.17 19:30;-28;16.5;-200;-200;3518;206;0;
13329;2024.09.17 19:45;-28;17.5;-200;-200;3518;206;0;
13330;2024.09.17 20:00;-28;16.5;-200;-200;3518;206;0;
13331;2024.09.17 20:15;-28;17.0625;-200;-200;3518;206;0;
13332;2024.09.17 20:30;-28;18.875;-200;-200;3519;206;0;
13333;2024.09.17 20:45;-28;17.3125;-200;-200;3518;206;0;
13334;2024.09.17 21:00;-28;15.875;-200;-200;3518;206;0;
13335;2024.09.17 21:15;-28;14.125;-200;-200;3518;206;0;
13336;2024.09.17 21:30;-28;8.8125;-200;-200;3515;206;0;
13337;2024.09.17 21:45;-28;11.5;-200;-200;3516;206;0;
13338;2024.09.17 22:00;-28;12.25;-200;-200;3516;206;0;
13339;2024.09.17 22:15;-28;12.125;-200;-200;3516;206;0;
13340;2024.09.17 22:30;-28;11.25;-200;-200;3516;206;0;
13341;2024.09.17 22:45;-28;9.25;-200;-200;3519;206;0;
13342;2024.09.17 23:00;-28;9;-200;-200;3519;206;0;
13343;2024.09.17 23:15;-28;9.25;-200;-200;3519;206;0;
13344;2024.09.17 23:30;-28;9.4375;-200;-200;3519;206;0;
13345;2024.09.17 23:45;-28;10.125;-200;-200;3519;206;0;
13346;2024.09.18 00:00;-28;10.5;-200;-200;3519;206;0;
13347;2024.09.18 00:15;-28;10.625;-200;-200;3519;206;0;
13348;2024.09.18 00:30;-28;10.875;-200;-200;3519;206;0;
13349;2024.09.18 00:45;-28;10.4375;-200;-200;3519;206;0;
13350;2024.09.18 01:00;-28;10;-200;-200;3519;206;0;
13351;2024.09.18 01:15;-28;9.875;-200;-200;3519;206;0;
13352;2024.09.18 01:30;-28;9.375;-200;-200;3519;206;0;
13353;2024.09.18 01:45;-28;8.75;-200;-200;3520;206;0;
13354;2024.09.18 02:00;-28;8.5;-200;-200;3519;206;0;
13355;2024.09.18 02:15;-28;7.9375;-200;-200;3519;206;0;
13356;2024.09.18 02:30;-28;7.25;-200;-200;3520;206;0;
13357;2024.09.18 02:45;-28;6.625;-200;-200;3520;206;0;
13358;2024.09.18 03:00;-28;6.25;-200;-200;3520;206;0;
13359;2024.09.18 03:15;-28;5.875;-200;-200;3520;206;0;
13360;2024.09.18 03:30;-28;5.75;-200;-200;3520;206;0;
13361;2024.09.18 03:45;-28;5.875;-200;-200;3520;206;0;
13362;2024.09.18 04:00;-28;5.75;-200;-200;3520;206;0;
13363;2024.09.18 04:15;-28;5.75;-200;-200;3520;206;0;
13364;2024.09.18 04:30;-28;5.625;-200;-200;3520;206;0;
13365;2024.09.18 04:45;-28;5.9375;-200;-200;3520;206;0;
13366;2024.09.18 05:00;-28;6.5625;-200;-200;3520;206;0;
13367;2024.09.18 05:15;-28;7;-200;-200;3521;206;0;
13368;2024.09.18 05:30;-28;6.1875;-200;-200;3521;206;0;
13369;2024.09.18 05:45;-28;5.375;-200;-200;3521;206;0;
13370;2024.09.18 06:00;-28;5.25;-200;-200;3521;206;0;
13371;2024.09.18 06:15;-28;5.0625;-200;-200;3521;206;0;
13372;2024.09.18 06:30;-28;4.8125;-200;-200;3521;206;0;
13373;2024.09.18 06:45;-28;4.375;-200;-200;3521;206;0;
13374;2024.09.18 07:00;-28;3.9375;-200;-200;3521;206;0;
13375;2024.09.18 07:15;-28;3.875;-200;-200;3521;206;0;
13376;2024.09.18 07:30;-28;3.5625;-200;-200;3521;206;0;
13377;2024.09.18 07:45;-28;3.5625;-200;-200;3521;206;0;
13378;2024.09.18 08:00;-28;4;-200;-200;3521;206;0;
13379;2024.09.18 08:15;-28;4;-200;-200;3521;206;0;
13380;2024.09.18 08:30;-28;4.875;-200;-200;3521;206;0;
13381;2024.09.18 08:45;-28;4.875;-200;-200;3521;206;0;
13382;2024.09.18 09:00;-28;4.6875;-200;-200;3521;206;0;
13383;2024.09.18 09:15;-28;4.5;-200;-200;3521;206;0;
13384;2024.09.18 09:30;-28;4.375;-200;-200;3521;206;0;
13385;2024.09.18 09:45;-28;4.4375;-200;-200;3521;206;0;
13386;2024.09.18 10:00;-28;4.5;-200;-200;3521;206;0;
13387;2024.09.18 10:15;-28;4.5;-200;-200;3521;206;0;
13388;2024.09.18 10:30;-28;4.3125;-200;-200;3521;206;0;
13389;2024.09.18 10:45;-28;4.5;-200;-200;3521;206;0;
13390;2024.09.18 11:00;-28;4.5;-200;-200;3521;206;0;
13391;2024.09.18 11:15;-28;4.625;-200;-200;3521;206;0;
13392;2024.09.18 11:30;-28;4.375;-200;-200;3521;206;0;
13393;2024.09.18 11:45;-28;4.125;-200;-200;3521;206;0;
13394;2024.09.18 12:00;-28;4.125;-200;-200;3521;206;0;
13395;2024.09.18 12:15;-28;3.875;-200;-200;3521;206;0;
13396;2024.09.18 12:30;-28;4.125;-200;-200;3521;206;0;
13397;2024.09.18 12:45;-28;4.25;-200;-200;3521;206;0;
13398;2024.09.18 13:00;-28;4.25;-200;-200;3521;206;0;
13399;2024.09.18 13:15;-28;3.875;-200;-200;3521;206;0;
13400;2024.09.18 13:30;-28;3.5625;-200;-200;3521;206;0;
13401;2024.09.18 13:45;-28;4;-200;-200;3521;206;0;
13402;2024.09.18 14:00;-28;5.125;-200;-200;3522;206;0;
13403;2024.09.18 14:15;-28;6.125;-200;-200;3522;206;0;
13404;2024.09.18 14:30;-28;6.875;-200;-200;3522;206;0;
13405;2024.09.18 14:45;-28;7.5;-200;-200;3522;206;0;
13406;2024.09.18 15:00;-28;7.9375;-200;-200;3522;206;0;
13407;2024.09.18 15:15;-28;8.3125;-200;-200;3522;206;0;
13408;2024.09.18 15:30;-28;8.875;-200;-200;3522;206;0;
13409;2024.09.18 15:45;-28;9.25;-200;-200;3522;206;0;
13410;2024.09.18 16:00;-28;9.5;-200;-200;3522;206;0;
13411;2024.09.18 16:15;-28;9.6875;-200;-200;3523;206;0;
13412;2024.09.18 16:30;-28;10;-200;-200;3523;206;0;
13413;2024.09.18 16:45;-28;10.5;-200;-200;3523;206;0;
13414;2024.09.18 17:00;-28;11;-200;-200;3523;206;0;
13415;2024.09.18 17:15;-28;11.0625;-200;-200;3523;206;0;
13416;2024.09.18 17:30;-28;11.875;-200;-200;3523;206;0;
13417;2024.09.18 17:45;-28;12.375;-200;-200;3524;206;0;
13418;2024.09.18 18:00;-28;13.0625;-200;-200;3524;206;0;
13419;2024.09.18 18:15;-28;13.5;-200;-200;3524;206;0;
13420;2024.09.18 18:30;-28;13.375;-200;-200;3524;206;0;
13421;2024.09.18 18:45;-28;13.375;-200;-200;3524;206;0;
13422;2024.09.18 19:00;-28;13.5625;-200;-200;3524;206;0;
13423;2024.09.18 19:15;-28;13.75;-200;-200;3524;206;0;
13424;2024.09.18 19:30;-28;14.375;-200;-200;3524;206;0;
13425;2024.09.18 19:45;-28;16.625;-200;-200;3525;206;0;
13426;2024.09.18 20:00;-28;18.875;-200;-200;3525;206;0;
13427;2024.09.18 20:15;-28;19.5;-200;-200;3525;206;0;
13428;2024.09.18 20:30;-28;19.3125;-200;-200;3525;206;0;
13429;2024.09.18 20:45;-28;17.25;-200;-200;3524;206;0;
13430;2024.09.18 21:00;-28;15.875;-200;-200;3524;206;0;
13431;2024.09.18 21:15;-28;15.5;-200;-200;3523;206;0;
13432;2024.09.18 21:30;-28;15.875;-200;-200;3523;206;0;
13433;2024.09.18 21:45;-28;16.25;-200;-200;3523;206;0;
13434;2024.09.18 22:00;-28;16;-200;-200;3522;206;0;
13435;2024.09.18 22:15;-28;17.125;-200;-200;3522;206;0;
13436;2024.09.18 22:30;-28;19.75;-200;-200;3524;206;0;
13437;2024.09.18 22:45;-28;20;-200;-200;3524;206;0;
13438;2024.09.18 23:00;-28;18.625;-200;-200;3523;206;0;
13439;2024.09.18 23:15;-28;15.75;-200;-200;3522;206;0;
13440;2024.09.18 23:30;-28;15.75;-200;-200;3522;206;0;
13441;2024.09.18 23:45;-28;15.25;-200;-200;3522;206;0;
13442;2024.09.19 00:00;-28;14.125;-200;-200;3521;206;0;
13443;2024.09.19 00:15;-28;13.75;-200;-200;3521;206;0;
13444;2024.09.19 00:30;-28;12.625;-200;-200;3521;206;0;
13445;2024.09.19 00:45;-28;12.125;-200;-200;3521;206;0;
13446;2024.09.19 01:00;-28;10.75;-200;-200;3520;206;0;
13447;2024.09.19 01:15;-28;9.6875;-200;-200;3520;206;0;
13448;2024.09.19 01:30;-28;8.9375;-200;-200;3519;206;0;
13449;2024.09.19 01:45;-28;8.375;-200;-200;3519;206;0;
13450;2024.09.19 02:00;-28;8;-200;-200;3519;206;0;
13451;2024.09.19 02:15;-28;7.625;-200;-200;3519;206;0;
13452;2024.09.19 02:30;-28;7.25;-200;-200;3519;206;0;
13453;2024.09.19 02:45;-28;7;-200;-200;3519;206;0;
13454;2024.09.19 03:00;-28;6.875;-200;-200;3519;206;0;
13455;2024.09.19 03:15;-28;6.9375;-200;-200;3519;206;0;
13456;2024.09.19 03:30;-28;6.75;-200;-200;3519;206;0;
13457;2024.09.19 03:45;-28;6.625;-200;-200;3519;206;0;
13458;2024.09.19 04:00;-28;6.5625;-200;-200;3519;206;0;
13459;2024.09.19 04:15;-28;6.5;-200;-200;3519;206;0;
13460;2024.09.19 04:30;-28;6.6875;-200;-200;3519;206;0;
13461;2024.09.19 04:45;-28;6.5625;-200;-200;3519;206;0;
13462;2024.09.19 05:00;-28;6.375;-200;-200;3519;206;0;
13463;2024.09.19 05:15;-28;6.25;-200;-200;3519;206;0;
13464;2024.09.19 05:30;-28;6.25;-200;-200;3519;206;0;
13465;2024.09.19 05:45;-28;6.625;-200;-200;3519;206;0;
13466;2024.09.19 06:00;-28;6.375;-200;-200;3519;206;0;
13467;2024.09.19 06:15;-28;6;-200;-200;3519;206;0;
13468;2024.09.19 06:30;-28;5.75;-200;-200;3519;206;0;
13469;2024.09.19 06:45;-28;5.8125;-200;-200;3519;206;0;
13470;2024.09.19 07:00;-28;5.875;-200;-200;3519;206;0;
13471;2024.09.19 07:15;-28;5.875;-200;-200;3519;206;0;
13472;2024.09.19 07:30;-28;5.75;-200;-200;3519;206;0;
13473;2024.09.19 07:45;-28;5.6875;-200;-200;3519;206;0;
13474;2024.09.19 08:00;-28;5.5625;-200;-200;3519;206;0;
13475;2024.09.19 08:15;-28;5.5;-200;-200;3519;206;0;
13476;2024.09.19 08:30;-28;5.4375;-200;-200;3519;206;0;
13477;2024.09.19 08:45;-28;5.375;-200;-200;3519;206;0;
13478;2024.09.19 09:00;-28;6.1875;-200;-200;3519;206;0;
13479;2024.09.19 09:15;-28;6.4375;-200;-200;3519;206;0;
13480;2024.09.19 09:30;-28;7;-200;-200;3519;206;0;
13481;2024.09.19 09:45;-28;7;-200;-200;3519;206;0;
13482;2024.09.19 10:00;-28;7.125;-200;-200;3519;206;0;
13483;2024.09.19 10:15;-28;7.375;-200;-200;3519;206;0;
13484;2024.09.19 10:30;-28;7.1875;-200;-200;3519;206;0;
13485;2024.09.19 10:45;-28;7.125;-200;-200;3519;206;0;
13486;2024.09.19 11:00;-28;7;-200;-200;3519;206;0;
13487;2024.09.19 11:15;-28;7;-200;-200;3519;206;0;
13488;2024.09.19 11:30;-28;7;-200;-200;3519;206;0;
13489;2024.09.19 11:45;-28;7.1875;-200;-200;3519;206;0;
13490;2024.09.19 12:00;-28;7.1875;-200;-200;3519;206;0;
13491;2024.09.19 12:15;-28;7;-200;-200;3519;206;0;
13492;2024.09.19 12:30;-28;7.1875;-200;-200;3519;206;0;
13493;2024.09.19 12:45;-28;7;-200;-200;3519;206;0;
13494;2024.09.19 13:00;-28;6.875;-200;-200;3519;206;0;
13495;2024.09.19 13:15;-28;6.75;-200;-200;3519;206;0;
13496;2024.09.19 13:30;-28;7.0625;-200;-200;3519;206;0;
13497;2024.09.19 13:45;-28;7.75;-200;-200;3519;206;0;
13498;2024.09.19 14:00;-28;8.25;-200;-200;3519;206;0;
13499;2024.09.19 14:15;-28;9.25;-200;-200;3519;206;0;
13500;2024.09.19 14:30;-28;9.8125;-200;-200;3519;206;0;
13501;2024.09.19 14:45;-28;10.625;-200;-200;3519;206;0;
13502;2024.09.19 15:00;-28;11.125;-200;-200;3519;206;0;
13503;2024.09.19 15:15;-28;12;-200;-200;3519;206;0;
13504;2024.09.19 15:30;-28;12.875;-200;-200;3520;206;0;
13505;2024.09.19 15:45;-28;13.375;-200;-200;3520;206;0;
13506;2024.09.19 16:00;-28;13.6875;-200;-200;3520;206;0;
13507;2024.09.19 16:15;-28;14.0625;-200;-200;3520;206;0;
13508;2024.09.19 16:30;-28;14.25;-200;-200;3520;206;0;
13509;2024.09.19 16:45;-28;14.3125;-200;-200;3520;206;0;
13510;2024.09.19 17:00;-28;15.125;-200;-200;3520;206;0;
13511;2024.09.19 17:15;-28;15.75;-200;-200;3520;206;0;
13512;2024.09.19 17:30;-28;16.875;-200;-200;3520;206;0;
13513;2024.09.19 17:45;-28;18.625;-200;-200;3520;206;0;
13514;2024.09.19 18:00;-28;18.4375;-200;-200;3521;206;0;
13515;2024.09.19 18:15;-28;19.125;-200;-200;3521;206;0;
13516;2024.09.19 18:30;-28;19;-200;-200;3521;206;0;
13517;2024.09.19 18:45;-28;18.625;-200;-200;3520;206;0;
13518;2024.09.19 19:00;-28;18.5625;-200;-200;3520;206;0;
13519;2024.09.19 19:15;-28;18.625;-200;-200;3520;206;0;
13520;2024.09.19 19:30;-28;18.875;-200;-200;3520;206;0;
13521;2024.09.19 19:45;-28;21.125;-200;-200;3521;206;0;
13522;2024.09.19 20:00;-28;22.875;-200;-200;3522;206;0;
13523;2024.09.19 20:15;-28;24.25;-200;-200;3523;206;0;
13524;2024.09.19 20:30;-28;24;-200;-200;3522;206;0;
13525;2024.09.19 20:45;-28;22;-200;-200;3522;206;0;
13526;2024.09.19 21:00;-28;19.6875;-200;-200;3521;206;0;
13527;2024.09.19 21:15;-28;19;-200;-200;3521;206;0;
13528;2024.09.19 21:30;-28;19.0625;-200;-200;3521;206;0;
13529;2024.09.19 21:45;-28;19.5;-200;-200;3520;206;0;
13530;2024.09.19 22:00;-28;19.5;-200;-200;3520;206;0;
13531;2024.09.19 22:15;-28;21;-200;-200;3521;206;0;
13532;2024.09.19 22:30;-28;23;-200;-200;3522;206;0;
13533;2024.09.19 22:45;-28;23.6875;-200;-200;3522;206;0;
13534;2024.09.19 23:00;-28;22.9375;-200;-200;3522;206;0;
13535;2024.09.19 23:15;-28;18.625;-200;-200;3521;206;0;
13536;2024.09.19 23:30;-28;17.75;-200;-200;3520;206;0;
13537;2024.09.19 23:45;-28;17.8125;-200;-200;3520;206;0;
13538;2024.09.20 00:00;-28;16.875;-200;-200;3519;206;0;
13539;2024.09.20 00:15;-28;16.875;-200;-200;3520;206;0;
13540;2024.09.20 00:30;-28;16.875;-200;-200;3519;206;0;
13541;2024.09.20 00:45;-28;16.25;-200;-200;3519;206;0;
13542;2024.09.20 01:00;-28;14.875;-200;-200;3519;206;0;
13543;2024.09.20 01:15;-28;13.625;-200;-200;3519;206;0;
13544;2024.09.20 01:30;-28;12.75;-200;-200;3519;206;0;
13545;2024.09.20 01:45;-28;12;-200;-200;3519;206;0;
13546;2024.09.20 02:00;-28;11.5;-200;-200;3518;206;0;
13547;2024.09.20 02:15;-28;11.3125;-200;-200;3518;206;0;
13548;2024.09.20 02:30;-28;10.875;-200;-200;3518;206;0;
13549;2024.09.20 02:45;-28;10.75;-200;-200;3518;206;0;
13550;2024.09.20 03:00;-28;10.75;-200;-200;3518;206;0;
13551;2024.09.20 03:15;-28;10.25;-200;-200;3518;206;0;
13552;2024.09.20 03:30;-28;10.25;-200;-200;3518;206;0;
13553;2024.09.20 03:45;-28;9.875;-200;-200;3518;206;0;
13554;2024.09.20 04:00;-28;9.875;-200;-200;3518;206;0;
13555;2024.09.20 04:15;-28;10;-200;-200;3518;206;0;
13556;2024.09.20 04:30;-28;10.75;-200;-200;3518;206;0;
13557;2024.09.20 04:45;-28;11;-200;-200;3518;206;0;
13558;2024.09.20 05:00;-28;12;-200;-200;3518;206;0;
13559;2024.09.20 05:15;-28;12.125;-200;-200;3518;206;0;
13560;2024.09.20 05:30;-28;11.9375;-200;-200;3518;206;0;
13561;2024.09.20 05:45;-28;12.375;-200;-200;3518;206;0;
13562;2024.09.20 06:00;-28;12;-200;-200;3518;206;0;
13563;2024.09.20 06:15;-28;12.125;-200;-200;3518;206;0;
13564;2024.09.20 06:30;-28;11.625;-200;-200;3518;206;0;
13565;2024.09.20 06:45;-28;11.5625;-200;-200;3518;206;0;
13566;2024.09.20 07:00;-28;12;-200;-200;3518;206;0;
13567;2024.09.20 07:15;-28;11.6875;-200;-200;3518;206;0;
13568;2024.09.20 07:30;-28;10.875;-200;-200;3518;206;0;
13569;2024.09.20 07:45;-28;11.0625;-200;-200;3518;206;0;
13570;2024.09.20 08:00;-28;11.75;-200;-200;3518;206;0;
13571;2024.09.20 08:15;-28;11.5;-200;-200;3518;206;0;
13572;2024.09.20 08:30;-28;10.5;-200;-200;3518;206;0;
13573;2024.09.20 08:45;-28;9.0625;-200;-200;3518;206;0;
13574;2024.09.20 09:00;-28;8.1875;-200;-200;3517;206;0;
13575;2024.09.20 09:15;-28;7.8125;-200;-200;3517;206;0;
13576;2024.09.20 09:30;-28;7.5625;-200;-200;3517;206;0;
13577;2024.09.20 09:45;-28;7.125;-200;-200;3517;206;0;
13578;2024.09.20 10:00;-28;7.5;-200;-200;3517;206;0;
13579;2024.09.20 10:15;-28;6.875;-200;-200;3517;206;0;
13580;2024.09.20 10:30;-28;7.125;-200;-200;3517;206;0;
13581;2024.09.20 10:45;-28;7.375;-200;-200;3517;206;0;
13582;2024.09.20 11:00;-28;7.8125;-200;-200;3517;206;0;
13583;2024.09.20 11:15;-28;8.0625;-200;-200;3517;206;0;
13584;2024.09.20 11:30;-28;7.875;-200;-200;3517;206;0;
13585;2024.09.20 11:45;-28;7.875;-200;-200;3517;206;0;
13586;2024.09.20 12:00;-28;8.8125;-200;-200;3517;206;0;
13587;2024.09.20 12:15;-28;9.75;-200;-200;3516;206;0;
13588;2024.09.20 12:30;-28;8.875;-200;-200;3516;206;0;
13589;2024.09.20 12:45;-28;8.75;-200;-200;3516;206;0;
13590;2024.09.20 13:00;-28;9.3125;-200;-200;3516;206;0;
13591;2024.09.20 13:15;-28;9.5;-200;-200;3516;206;0;
13592;2024.09.20 13:30;-28;9.9375;-200;-200;3516;206;0;
13593;2024.09.20 13:45;-28;10.25;-200;-200;3516;206;0;
13594;2024.09.20 14:00;-28;10.875;-200;-200;3516;206;0;
13595;2024.09.20 14:15;-28;11.625;-200;-200;3516;206;0;
13596;2024.09.20 14:30;-28;12.25;-200;-200;3516;206;0;
13597;2024.09.20 14:45;-28;13.5;-200;-200;3516;206;0;
13598;2024.09.20 15:00;-28;13.9375;-200;-200;3516;206;0;
13599;2024.09.20 15:15;-28;15.1875;-200;-200;3516;206;0;
13600;2024.09.20 15:30;-28;15.125;-200;-200;3516;206;0;
13601;2024.09.20 15:45;-28;15.75;-200;-200;3516;206;0;
13602;2024.09.20 16:00;-28;16.625;-200;-200;3516;206;0;
13603;2024.09.20 16:15;-28;16.875;-200;-200;3516;206;0;
13604;2024.09.20 16:30;-28;17.4375;-200;-200;3516;206;0;
13605;2024.09.20 16:45;-28;18.25;-200;-200;3516;206;0;
13606;2024.09.20 17:00;-28;18;-200;-200;3516;206;0;
13607;2024.09.20 17:15;-28;18.4375;-200;-200;3516;206;0;
13608;2024.09.20 17:30;-28;19.625;-200;-200;3516;206;0;
13609;2024.09.20 17:45;-28;20.625;-200;-200;3517;206;0;
13610;2024.09.20 18:00;-28;19.75;-200;-200;3517;206;0;
13611;2024.09.20 18:15;-28;19.5;-200;-200;3516;206;0;
13612;2024.09.20 18:30;-28;19;-200;-200;3517;206;0;
13613;2024.09.20 18:45;-28;18.875;-200;-200;3516;206;0;
13614;2024.09.20 19:00;-28;18.875;-200;-200;3517;206;0;
13615;2024.09.20 19:15;-28;18.625;-200;-200;3516;206;0;
13616;2024.09.20 19:30;-28;18.125;-200;-200;3516;206;0;
13617;2024.09.20 19:45;-28;17.75;-200;-200;3516;206;0;
13618;2024.09.20 20:00;-28;19;-200;-200;3517;206;0;
13619;2024.09.20 20:15;-28;20.375;-200;-200;3516;206;0;
13620;2024.09.20 20:30;-28;18.75;-200;-200;3515;206;0;
13621;2024.09.20 20:45;-28;18.75;-200;-200;3515;206;0;
13622;2024.09.20 21:00;-28;17.9375;-200;-200;3515;206;0;
13623;2024.09.20 21:15;-28;17.625;-200;-200;3515;206;0;
13624;2024.09.20 21:30;-28;18.875;-200;-200;3515;206;0;
13625;2024.09.20 21:45;-28;18.4375;-200;-200;3515;206;0;
13626;2024.09.20 22:00;-28;18.75;-200;-200;3515;206;0;
13627;2024.09.20 22:15;-28;20.125;-200;-200;3515;206;0;
13628;2024.09.20 22:30;-28;21.75;-200;-200;3515;206;0;
13629;2024.09.20 22:45;-28;22.625;-200;-200;3515;206;0;
13630;2024.09.20 23:00;-28;22.5;-200;-200;3515;206;0;
13631;2024.09.20 23:15;-28;19;-200;-200;3514;206;0;
13632;2024.09.20 23:30;-28;18.5;-200;-200;3514;206;0;
13633;2024.09.20 23:45;-28;18.375;-200;-200;3513;206;0;
13634;2024.09.21 00:00;-28;17.3125;-200;-200;3513;206;0;
13635;2024.09.21 00:15;-28;16.75;-200;-200;3513;206;0;
13636;2024.09.21 00:30;-28;16;-200;-200;3513;206;0;
13637;2024.09.21 00:45;-28;15.3125;-200;-200;3513;206;0;
13638;2024.09.21 01:00;-28;14.375;-200;-200;3513;206;0;
13639;2024.09.21 01:15;-28;13.625;-200;-200;3512;206;0;
13640;2024.09.21 01:30;-28;12.75;-200;-200;3512;206;0;
13641;2024.09.21 01:45;-28;12.125;-200;-200;3512;206;0;
13642;2024.09.21 02:00;-28;11.9375;-200;-200;3512;206;0;
13643;2024.09.21 02:15;-28;12;-200;-200;3512;206;0;
13644;2024.09.21 02:30;-28;12.25;-200;-200;3512;206;0;
13645;2024.09.21 02:45;-28;12;-200;-200;3512;206;0;
13646;2024.09.21 03:00;-28;12.125;-200;-200;3512;206;0;
13647;2024.09.21 03:15;-28;12.3125;-200;-200;3512;206;0;
13648;2024.09.21 03:30;-28;12.25;-200;-200;3512;206;0;
13649;2024.09.21 03:45;-28;12.125;-200;-200;3512;206;0;
13650;2024.09.21 04:00;-28;12;-200;-200;3511;206;0;
13651;2024.09.21 04:15;-28;11.875;-200;-200;3512;206;0;
13652;2024.09.21 04:30;-28;11.8125;-200;-200;3512;206;0;
13653;2024.09.21 04:45;-28;12;-200;-200;3512;206;0;
13654;2024.09.21 05:00;-28;11.8125;-200;-200;3512;206;0;
13655;2024.09.21 05:15;-28;12;-200;-200;3512;206;0;
13656;2024.09.21 05:30;-28;12.0625;-200;-200;3512;206;0;
13657;2024.09.21 05:45;-28;11.875;-200;-200;3512;206;0;
13658;2024.09.21 06:00;-28;11.375;-200;-200;3511;206;0;
13659;2024.09.21 06:15;-28;11;-200;-200;3511;206;0;
13660;2024.09.21 06:30;-28;10.5;-200;-200;3511;206;0;
13661;2024.09.21 06:45;-28;10.125;-200;-200;3511;206;0;
13662;2024.09.21 07:00;-28;9.875;-200;-200;3511;206;0;
13663;2024.09.21 07:15;-28;9.625;-200;-200;3511;206;0;
13664;2024.09.21 07:30;-28;9;-200;-200;3511;206;0;
13665;2024.09.21 07:45;-28;8.5;-200;-200;3511;206;0;
13666;2024.09.21 08:00;-28;8.625;-200;-200;3511;206;0;
13667;2024.09.21 08:15;-28;8.375;-200;-200;3511;206;0;
13668;2024.09.21 08:30;-28;8.9375;-200;-200;3511;206;0;
13669;2024.09.21 08:45;-28;9.25;-200;-200;3511;206;0;
13670;2024.09.21 09:00;-28;9.1875;-200;-200;3511;206;0;
13671;2024.09.21 09:15;-28;9.0625;-200;-200;3511;206;0;
13672;2024.09.21 09:30;-28;9;-200;-200;3511;206;0;
13673;2024.09.21 09:45;-28;9;-200;-200;3511;206;0;
13674;2024.09.21 10:00;-28;9;-200;-200;3511;206;0;
13675;2024.09.21 10:15;-28;8.875;-200;-200;3511;206;0;
13676;2024.09.21 10:30;-28;9;-200;-200;3511;206;0;
13677;2024.09.21 10:45;-28;9.0625;-200;-200;3511;206;0;
13678;2024.09.21 11:00;-28;9;-200;-200;3511;206;0;
13679;2024.09.21 11:15;-28;9.4375;-200;-200;3511;206;0;
13680;2024.09.21 11:30;-28;9.625;-200;-200;3511;206;0;
13681;2024.09.21 11:45;-28;9.375;-200;-200;3511;206;0;
13682;2024.09.21 12:00;-28;9.125;-200;-200;3511;206;0;
13683;2024.09.21 12:15;-28;9.125;-200;-200;3511;206;0;
13684;2024.09.21 12:30;-28;9.3125;-200;-200;3511;206;0;
13685;2024.09.21 12:45;-28;9.25;-200;-200;3511;206;0;
13686;2024.09.21 13:00;-28;8.875;-200;-200;3511;206;0;
13687;2024.09.21 13:15;-28;9.125;-200;-200;3511;206;0;
13688;2024.09.21 13:30;-28;9.5;-200;-200;3511;206;0;
13689;2024.09.21 13:45;-28;9.75;-200;-200;3511;206;0;
13690;2024.09.21 14:00;-28;10.375;-200;-200;3511;206;0;
13691;2024.09.21 14:15;-28;11.375;-200;-200;3511;206;0;
13692;2024.09.21 14:30;-28;12.125;-200;-200;3511;206;0;
13693;2024.09.21 14:45;-28;12.5;-200;-200;3511;206;0;
13694;2024.09.21 15:00;-28;13.25;-200;-200;3511;206;0;
13695;2024.09.21 15:15;-28;13;-200;-200;3511;206;0;
13696;2024.09.21 15:30;-28;13;-200;-200;3511;206;0;
13697;2024.09.21 15:45;-28;13.875;-200;-200;3511;206;0;
13698;2024.09.21 16:00;-28;13.875;-200;-200;3511;206;0;
13699;2024.09.21 16:15;-28;14.625;-200;-200;3511;206;0;
13700;2024.09.21 16:30;-28;14.75;-200;-200;3511;206;0;
13701;2024.09.21 16:45;-28;15.125;-200;-200;3511;206;0;
13702;2024.09.21 17:00;-28;15.625;-200;-200;3511;206;0;
13703;2024.09.21 17:15;-28;16.375;-200;-200;3512;206;0;
13704;2024.09.21 17:30;-28;17.1875;-200;-200;3512;206;0;
13705;2024.09.21 17:45;-28;18.5625;-200;-200;3512;206;0;
13706;2024.09.21 18:00;-28;18.125;-200;-200;3512;206;0;
13707;2024.09.21 18:15;-28;17.5;-200;-200;3512;206;0;
13708;2024.09.21 18:30;-28;18;-200;-200;3512;206;0;
13709;2024.09.21 18:45;-28;18.625;-200;-200;3512;206;0;
13710;2024.09.21 19:00;-28;18.625;-200;-200;3512;206;0;
13711;2024.09.21 19:15;-28;16.875;-200;-200;3512;206;0;
13712;2024.09.21 19:30;-28;17.9375;-200;-200;3512;206;0;
13713;2024.09.21 19:45;-28;16.125;-200;-200;3512;206;0;
13714;2024.09.21 20:00;-28;19.875;-200;-200;3513;206;0;
13715;2024.09.21 20:15;-28;19.625;-200;-200;3513;206;0;
13716;2024.09.21 20:30;-28;17.8125;-200;-200;3513;206;0;
13717;2024.09.21 20:45;-28;18.75;-200;-200;3513;206;0;
13718;2024.09.21 21:00;-28;18.75;-200;-200;3513;206;0;
13719;2024.09.21 21:15;-28;17.625;-200;-200;3512;206;0;
13720;2024.09.21 21:30;-28;16.875;-200;-200;3512;206;0;
13721;2024.09.21 21:45;-28;16.0625;-200;-200;3512;206;0;
13722;2024.09.21 22:00;-28;15.3125;-200;-200;3512;206;0;
13723;2024.09.21 22:15;-28;13.25;-200;-200;3511;206;0;
13724;2024.09.21 22:30;-28;13.625;-200;-200;3511;206;0;
13725;2024.09.21 22:45;-28;12.125;-200;-200;3511;206;0;
13726;2024.09.21 23:00;-28;9.625;-200;-200;3511;206;0;
13727;2024.09.21 23:15;-28;8.5;-200;-200;3510;206;0;
13728;2024.09.21 23:30;-28;9;-200;-200;3510;206;0;
13729;2024.09.21 23:45;-28;9.8125;-200;-200;3510;206;0;
13730;2024.09.22 00:00;-28;9.6875;-200;-200;3510;206;0;
13731;2024.09.22 00:15;-28;9.5;-200;-200;3510;206;0;
13732;2024.09.22 00:30;-28;9.25;-200;-200;3511;206;0;
13733;2024.09.22 00:45;-28;8.375;-200;-200;3510;206;0;
13734;2024.09.22 01:00;-28;7.125;-200;-200;3510;206;0;
13735;2024.09.22 01:15;-28;6.375;-200;-200;3510;206;0;
13736;2024.09.22 01:30;-28;6.125;-200;-200;3510;206;0;
13737;2024.09.22 01:45;-28;5.75;-200;-200;3510;206;0;
13738;2024.09.22 02:00;-28;5.5;-200;-200;3510;206;0;
13739;2024.09.22 02:15;-28;5.375;-200;-200;3509;206;0;
13740;2024.09.22 02:30;-28;5.125;-200;-200;3509;206;0;
13741;2024.09.22 02:45;-28;5;-200;-200;3509;206;0;
13742;2024.09.22 03:00;-28;4.75;-200;-200;3509;206;0;
13743;2024.09.22 03:15;-28;4.5;-200;-200;3509;206;0;
13744;2024.09.22 03:30;-28;4.125;-200;-200;3509;206;0;
13745;2024.09.22 03:45;-28;4.125;-200;-200;3509;206;0;
13746;2024.09.22 04:00;-28;4.25;-200;-200;3509;206;0;
13747;2024.09.22 04:15;-28;4.75;-200;-200;3509;206;0;
13748;2024.09.22 04:30;-28;4.25;-200;-200;3509;206;0;
13749;2024.09.22 04:45;-28;4.25;-200;-200;3509;206;0;
13750;2024.09.22 05:00;-28;4;-200;-200;3509;206;0;
13751;2024.09.22 05:15;-28;3.625;-200;-200;3509;206;0;
13752;2024.09.22 05:30;-28;3;-200;-200;3509;206;0;
13753;2024.09.22 05:45;-28;2.6875;-200;-200;3509;206;0;
13754;2024.09.22 06:00;-28;2.25;-200;-200;3509;206;0;
13755;2024.09.22 06:15;-28;2;-200;-200;3509;206;0;
13756;2024.09.22 06:30;-28;2.5;-200;-200;3509;206;0;
13757;2024.09.22 06:45;-28;1.875;-200;-200;3509;206;0;
13758;2024.09.22 07:00;-28;1.625;-200;-200;3509;206;0;
13759;2024.09.22 07:15;-28;2.25;-200;-200;3509;206;0;
13760;2024.09.22 07:30;-28;1.875;-200;-200;3509;206;0;
13761;2024.09.22 07:45;-28;2.375;-200;-200;3509;206;0;
13762;2024.09.22 08:00;-28;1.9375;-200;-200;3509;206;0;
13763;2024.09.22 08:15;-28;1.8125;-200;-200;3509;206;0;
13764;2024.09.22 08:30;-28;1.625;-200;-200;3509;206;0;
13765;2024.09.22 08:45;-28;2.0625;-200;-200;3509;206;0;
13766;2024.09.22 09:00;-28;1.5;-200;-200;3509;206;0;
13767;2024.09.22 09:15;-28;1.3125;-200;-200;3509;206;0;
13768;2024.09.22 09:30;-28;1.0625;-200;-200;3509;206;0;
13769;2024.09.22 09:45;-28;1.125;-200;-200;3509;206;0;
13770;2024.09.22 10:00;-28;1.4375;-200;-200;3509;206;0;
13771;2024.09.22 10:15;-28;1.5625;-200;-200;3509;206;0;
13772;2024.09.22 10:30;-28;1.25;-200;-200;3509;206;0;
13773;2024.09.22 10:45;-28;1.125;-200;-200;3509;206;0;
13774;2024.09.22 11:00;-28;1.25;-200;-200;3509;206;0;
13775;2024.09.22 11:15;-28;1.125;-200;-200;3509;206;0;
13776;2024.09.22 11:30;-28;1;-200;-200;3509;206;0;
13777;2024.09.22 11:45;-28;1.25;-200;-200;3509;206;0;
13778;2024.09.22 12:00;-28;1.5;-200;-200;3509;206;0;
13779;2024.09.22 12:15;-28;2.0625;-200;-200;3509;206;0;
13780;2024.09.22 12:30;-28;2.5;-200;-200;3509;206;0;
13781;2024.09.22 12:45;-28;1.75;-200;-200;3509;206;0;
13782;2024.09.22 13:00;-28;1.5625;-200;-200;3509;206;0;
13783;2024.09.22 13:15;-28;1.5;-200;-200;3509;206;0;
13784;2024.09.22 13:30;-28;1.875;-200;-200;3509;206;0;
13785;2024.09.22 13:45;-28;2.5625;-200;-200;3509;206;0;
13786;2024.09.22 14:00;-28;3.75;-200;-200;3509;206;0;
13787;2024.09.22 14:15;-28;4.75;-200;-200;3509;206;0;
13788;2024.09.22 14:30;-28;6;-200;-200;3509;206;0;
13789;2024.09.22 14:45;-28;6.4375;-200;-200;3509;206;0;
13790;2024.09.22 15:00;-28;7.25;-200;-200;3509;206;0;
13791;2024.09.22 15:15;-28;7.875;-200;-200;3509;206;0;
13792;2024.09.22 15:30;-28;9.125;-200;-200;3510;206;0;
13793;2024.09.22 15:45;-28;9.625;-200;-200;3510;206;0;
13794;2024.09.22 16:00;-28;10.375;-200;-200;3510;206;0;
13795;2024.09.22 16:15;-28;10.375;-200;-200;3510;206;0;
13796;2024.09.22 16:30;-28;10.1875;-200;-200;3510;206;0;
13797;2024.09.22 16:45;-28;10.875;-200;-200;3510;206;0;
13798;2024.09.22 17:00;-28;12;-200;-200;3511;206;0;
13799;2024.09.22 17:15;-28;12.9375;-200;-200;3511;206;0;
13800;2024.09.22 17:30;-28;10.75;-200;-200;3511;206;0;
13801;2024.09.22 17:45;-28;12.25;-200;-200;3511;206;0;
13802;2024.09.22 18:00;-28;15.125;-200;-200;3511;206;0;
13803;2024.09.22 18:15;-28;14.5;-200;-200;3511;206;0;
13804;2024.09.22 18:30;-28;12.5;-200;-200;3511;206;0;
13805;2024.09.22 18:45;-28;11.625;-200;-200;3511;206;0;
13806;2024.09.22 19:00;-28;11.25;-200;-200;3511;206;0;
13807;2024.09.22 19:15;-28;11.8125;-200;-200;3511;206;0;
13808;2024.09.22 19:30;-28;12;-200;-200;3511;206;0;
13809;2024.09.22 19:45;-28;11.1875;-200;-200;3511;206;0;
13810;2024.09.22 20:00;-28;11;-200;-200;3511;206;0;
13811;2024.09.22 20:15;-28;11;-200;-200;3511;206;0;
13812;2024.09.22 20:30;-28;11.875;-200;-200;3511;206;0;
13813;2024.09.22 20:45;-28;11.875;-200;-200;3511;206;0;
13814;2024.09.22 21:00;-28;12.8125;-200;-200;3511;206;0;
13815;2024.09.22 21:15;-28;12.6875;-200;-200;3511;206;0;
13816;2024.09.22 21:30;-28;13.1875;-200;-200;3511;206;0;
13817;2024.09.22 21:45;-28;13.125;-200;-200;3511;206;0;
13818;2024.09.22 22:00;-28;12.625;-200;-200;3511;206;0;
13819;2024.09.22 22:15;-28;12.8125;-200;-200;3511;206;0;
13820;2024.09.22 22:30;-28;12.375;-200;-200;3511;206;0;
13821;2024.09.22 22:45;-28;12.1875;-200;-200;3511;206;0;
13822;2024.09.22 23:00;-28;11.9375;-200;-200;3511;206;0;
13823;2024.09.22 23:15;-28;11.8125;-200;-200;3511;206;0;
13824;2024.09.22 23:30;-28;11.5;-200;-200;3511;206;0;
13825;2024.09.22 23:45;-28;11.25;-200;-200;3511;206;0;
13826;2024.09.23 00:00;-28;11;-200;-200;3511;206;0;
13827;2024.09.23 00:15;-28;10.625;-200;-200;3511;206;0;
13828;2024.09.23 00:30;-28;10.4375;-200;-200;3511;206;0;
13829;2024.09.23 00:45;-28;10.25;-200;-200;3511;206;0;
13830;2024.09.23 01:00;-28;9.875;-200;-200;3511;206;0;
13831;2024.09.23 01:15;-28;9.25;-200;-200;3511;206;0;
13832;2024.09.23 01:30;-28;8.875;-200;-200;3511;206;0;
13833;2024.09.23 01:45;-28;8.875;-200;-200;3511;206;0;
13834;2024.09.23 02:00;-28;8.625;-200;-200;3511;206;0;
13835;2024.09.23 02:15;-28;8.5;-200;-200;3511;206;0;
13836;2024.09.23 02:30;-28;8.25;-200;-200;3511;206;0;
13837;2024.09.23 02:45;-28;8.0625;-200;-200;3511;206;0;
13838;2024.09.23 03:00;-28;7.625;-200;-200;3510;206;0;
13839;2024.09.23 03:15;-28;7.25;-200;-200;3510;206;0;
13840;2024.09.23 03:30;-28;6.8125;-200;-200;3510;206;0;
13841;2024.09.23 03:45;-28;6.375;-200;-200;3510;206;0;
13842;2024.09.23 04:00;-28;6;-200;-200;3510;206;0;
13843;2024.09.23 04:15;-28;5.875;-200;-200;3510;206;0;
13844;2024.09.23 04:30;-28;5.875;-200;-200;3510;206;0;
13845;2024.09.23 04:45;-28;5.75;-200;-200;3510;206;0;
13846;2024.09.23 05:00;-28;5.25;-200;-200;3510;206;0;
13847;2024.09.23 05:15;-28;4.875;-200;-200;3510;206;0;
13848;2024.09.23 05:30;-28;4.5;-200;-200;3510;206;0;
13849;2024.09.23 05:45;-28;4.25;-200;-200;3510;206;0;
13850;2024.09.23 06:00;-28;4;-200;-200;3510;206;0;
13851;2024.09.23 06:15;-28;3.875;-200;-200;3510;206;0;
13852;2024.09.23 06:30;-28;3.75;-200;-200;3510;206;0;
13853;2024.09.23 06:45;-28;3.75;-200;-200;3510;206;0;
13854;2024.09.23 07:00;-28;3.4375;-200;-200;3509;206;0;
13855;2024.09.23 07:15;-28;3.375;-200;-200;3510;206;0;
13856;2024.09.23 07:30;-28;3.25;-200;-200;3509;206;0;
13857;2024.09.23 07:45;-28;3.0625;-200;-200;3510;206;0;
13858;2024.09.23 08:00;-28;3.125;-200;-200;3509;206;0;
13859;2024.09.23 08:15;-28;2.875;-200;-200;3509;206;0;
13860;2024.09.23 08:30;-28;3.25;-200;-200;3509;206;0;
13861;2024.09.23 08:45;-28;3.25;-200;-200;3509;206;0;
13862;2024.09.23 09:00;-28;2.875;-200;-200;3509;206;0;
13863;2024.09.23 09:15;-28;2.875;-200;-200;3509;206;0;
13864;2024.09.23 09:30;-28;2.75;-200;-200;3509;206;0;
13865;2024.09.23 09:45;-28;2.8125;-200;-200;3509;206;0;
13866;2024.09.23 10:00;-28;2.75;-200;-200;3509;206;0;
13867;2024.09.23 10:15;-28;2.75;-200;-200;3509;206;0;
13868;2024.09.23 10:30;-28;2.5;-200;-200;3509;206;0;
13869;2024.09.23 10:45;-28;2.375;-200;-200;3509;206;0;
13870;2024.09.23 11:00;-28;2.25;-200;-200;3509;206;0;
13871;2024.09.23 11:15;-28;2.25;-200;-200;3509;206;0;
13872;2024.09.23 11:30;-28;2.25;-200;-200;3509;206;0;
13873;2024.09.23 11:45;-28;2.375;-200;-200;3509;206;0;
13874;2024.09.23 12:00;-28;2.625;-200;-200;3509;206;0;
13875;2024.09.23 12:15;-28;2.5;-200;-200;3509;206;0;
13876;2024.09.23 12:30;-28;2.5;-200;-200;3509;206;0;
13877;2024.09.23 12:45;-28;2.75;-200;-200;3509;206;0;
13878;2024.09.23 13:00;-28;2.75;-200;-200;3509;206;0;
13879;2024.09.23 13:15;-28;2.875;-200;-200;3509;206;0;
13880;2024.09.23 13:30;-28;2.75;-200;-200;3509;206;0;
13881;2024.09.23 13:45;-28;3.5;-200;-200;3509;206;0;
13882;2024.09.23 14:00;-28;4.5625;-200;-200;3509;206;0;
13883;2024.09.23 14:15;-28;5.5;-200;-200;3509;206;0;
13884;2024.09.23 14:30;-28;6.5625;-200;-200;3509;206;0;
13885;2024.09.23 14:45;-28;8.1875;-200;-200;3509;206;0;
13886;2024.09.23 15:00;-28;8.875;-200;-200;3509;206;0;
13887;2024.09.23 15:15;-28;9.9375;-200;-200;3510;206;0;
13888;2024.09.23 15:30;-28;10.75;-200;-200;3510;206;0;
13889;2024.09.23 15:45;-28;11;-200;-200;3510;206;0;
13890;2024.09.23 16:00;-28;11.3125;-200;-200;3510;206;0;
13891;2024.09.23 16:15;-28;11.6875;-200;-200;3510;206;0;
13892;2024.09.23 16:30;-28;12.125;-200;-200;3510;206;0;
13893;2024.09.23 16:45;-28;12.375;-200;-200;3510;206;0;
13894;2024.09.23 17:00;-28;12.625;-200;-200;3510;206;0;
13895;2024.09.23 17:15;-28;12.9375;-200;-200;3510;206;0;
13896;2024.09.23 17:30;-28;12.125;-200;-200;3510;206;0;
13897;2024.09.23 17:45;-28;14.375;-200;-200;3511;206;0;
13898;2024.09.23 18:00;-28;13.5;-200;-200;3511;206;0;
13899;2024.09.23 18:15;-28;13.5;-200;-200;3511;206;0;
13900;2024.09.23 18:30;-28;13.875;-200;-200;3511;206;0;
13901;2024.09.23 18:45;-28;13.875;-200;-200;3511;206;0;
13902;2024.09.23 19:00;-28;14.625;-200;-200;3511;206;0;
13903;2024.09.23 19:15;-28;15.1875;-200;-200;3511;206;0;
13904;2024.09.23 19:30;-28;14.875;-200;-200;3511;206;0;
13905;2024.09.23 19:45;-28;14.25;-200;-200;3511;206;0;
13906;2024.09.23 20:00;-28;14.5;-200;-200;3511;206;0;
13907;2024.09.23 20:15;-28;14.3125;-200;-200;3511;206;0;
13908;2024.09.23 20:30;-28;15.5;-200;-200;3511;206;0;
13909;2024.09.23 20:45;-28;14.75;-200;-200;3511;206;0;
13910;2024.09.23 21:00;-28;14.1875;-200;-200;3511;206;0;
13911;2024.09.23 21:15;-28;15.375;-200;-200;3511;206;0;
13912;2024.09.23 21:30;-28;15.625;-200;-200;3511;206;0;
13913;2024.09.23 21:45;-28;15.25;-200;-200;3511;206;0;
13914;2024.09.23 22:00;-28;14.4375;-200;-200;3511;206;0;
13915;2024.09.23 22:15;-28;14.6875;-200;-200;3511;206;0;
13916;2024.09.23 22:30;-28;14.375;-200;-200;3511;206;0;
13917;2024.09.23 22:45;-28;14.25;-200;-200;3511;206;0;
13918;2024.09.23 23:00;-28;15.375;-200;-200;3511;206;0;
13919;2024.09.23 23:15;-28;15.5;-200;-200;3511;206;0;
13920;2024.09.23 23:30;-28;16.125;-200;-200;3511;206;0;
13921;2024.09.23 23:45;-28;18.375;-200;-200;3512;206;0;
13922;2024.09.24 00:00;-28;15.125;-200;-200;3512;206;0;
13923;2024.09.24 00:15;-28;13.875;-200;-200;3512;206;0;
13924;2024.09.24 00:30;-28;13.375;-200;-200;3512;206;0;
13925;2024.09.24 00:45;-28;12.3125;-200;-200;3512;206;0;
13926;2024.09.24 01:00;-28;11.125;-200;-200;3511;206;0;
13927;2024.09.24 01:15;-28;10.1875;-200;-200;3511;206;0;
13928;2024.09.24 01:30;-28;9.625;-200;-200;3511;206;0;
13929;2024.09.24 01:45;-28;8.875;-200;-200;3511;206;0;
13930;2024.09.24 02:00;-28;8.375;-200;-200;3511;206;0;
13931;2024.09.24 02:15;-28;7.9375;-200;-200;3511;206;0;
13932;2024.09.24 02:30;-28;7.625;-200;-200;3511;206;0;
13933;2024.09.24 02:45;-28;7.375;-200;-200;3511;206;0;
13934;2024.09.24 03:00;-28;7.5625;-200;-200;3511;206;0;
13935;2024.09.24 03:15;-28;7.75;-200;-200;3511;206;0;
13936;2024.09.24 03:30;-28;8;-200;-200;3511;206;0;
13937;2024.09.24 03:45;-28;8.125;-200;-200;3511;206;0;
13938;2024.09.24 04:00;-28;7.875;-200;-200;3511;206;0;
13939;2024.09.24 04:15;-28;7.75;-200;-200;3511;206;0;
13940;2024.09.24 04:30;-28;7.75;-200;-200;3511;206;0;
13941;2024.09.24 04:45;-28;7.75;-200;-200;3511;206;0;
13942;2024.09.24 05:00;-28;7.5;-200;-200;3511;206;0;
13943;2024.09.24 05:15;-28;7.25;-200;-200;3511;206;0;
13944;2024.09.24 05:30;-28;7;-200;-200;3511;206;0;
13945;2024.09.24 05:45;-28;7.25;-200;-200;3511;206;0;
13946;2024.09.24 06:00;-28;8.5625;-200;-200;3511;206;0;
13947;2024.09.24 06:15;-28;9;-200;-200;3511;206;0;
13948;2024.09.24 06:30;-28;8.5625;-200;-200;3511;206;0;
13949;2024.09.24 06:45;-28;8.5;-200;-200;3511;206;0;
13950;2024.09.24 07:00;-28;8.25;-200;-200;3511;206;0;
13951;2024.09.24 07:15;-28;7.875;-200;-200;3511;206;0;
13952;2024.09.24 07:30;-28;7.3125;-200;-200;3511;206;0;
13953;2024.09.24 07:45;-28;6.875;-200;-200;3511;206;0;
13954;2024.09.24 08:00;-28;6.75;-200;-200;3511;206;0;
13955;2024.09.24 08:15;-28;6.75;-200;-200;3511;206;0;
13956;2024.09.24 08:30;-28;6.75;-200;-200;3511;206;0;
13957;2024.09.24 08:45;-28;6.8125;-200;-200;3511;206;0;
13958;2024.09.24 09:00;-28;6.875;-200;-200;3511;206;0;
13959;2024.09.24 09:15;-28;7.0625;-200;-200;3511;206;0;
13960;2024.09.24 09:30;-28;7.25;-200;-200;3511;206;0;
13961;2024.09.24 09:45;-28;6.75;-200;-200;3511;206;0;
13962;2024.09.24 10:00;-28;6.3125;-200;-200;3511;206;0;
13963;2024.09.24 10:15;-28;6.25;-200;-200;3511;206;0;
13964;2024.09.24 10:30;-28;6.5;-200;-200;3511;206;0;
13965;2024.09.24 10:45;-28;6.375;-200;-200;3511;206;0;
13966;2024.09.24 11:00;-28;6.25;-200;-200;3511;206;0;
13967;2024.09.24 11:15;-28;5.875;-200;-200;3511;206;0;
13968;2024.09.24 11:30;-28;5.9375;-200;-200;3511;206;0;
13969;2024.09.24 11:45;-28;5.125;-200;-200;3511;206;0;
13970;2024.09.24 12:00;-28;4.625;-200;-200;3511;206;0;
13971;2024.09.24 12:15;-28;4.25;-200;-200;3511;206;0;
13972;2024.09.24 12:30;-28;4;-200;-200;3511;206;0;
13973;2024.09.24 12:45;-28;3.75;-200;-200;3511;206;0;
13974;2024.09.24 13:00;-28;3.75;-200;-200;3511;206;0;
13975;2024.09.24 13:15;-28;3.75;-200;-200;3511;206;0;
13976;2024.09.24 13:30;-28;4.5;-200;-200;3511;206;0;
13977;2024.09.24 13:45;-28;5.125;-200;-200;3511;206;0;
13978;2024.09.24 14:00;-28;6.1875;-200;-200;3511;206;0;
13979;2024.09.24 14:15;-28;7.25;-200;-200;3511;206;0;
13980;2024.09.24 14:30;-28;8.875;-200;-200;3511;206;0;
13981;2024.09.24 14:45;-28;10.625;-200;-200;3511;206;0;
13982;2024.09.24 15:00;-28;11.8125;-200;-200;3511;206;0;
13983;2024.09.24 15:15;-28;12.625;-200;-200;3511;206;0;
13984;2024.09.24 15:30;-28;13.25;-200;-200;3511;206;0;
13985;2024.09.24 15:45;-28;13.8125;-200;-200;3511;206;0;
13986;2024.09.24 16:00;-28;14.0625;-200;-200;3511;206;0;
13987;2024.09.24 16:15;-28;14.5;-200;-200;3511;206;0;
13988;2024.09.24 16:30;-28;14.875;-200;-200;3511;206;0;
13989;2024.09.24 16:45;-28;14.875;-200;-200;3511;206;0;
13990;2024.09.24 17:00;-28;15.25;-200;-200;3511;206;0;
13991;2024.09.24 17:15;-28;16.5625;-200;-200;3511;206;0;
13992;2024.09.24 17:30;-28;17.5;-200;-200;3512;206;0;
13993;2024.09.24 17:45;-28;18.625;-200;-200;3512;206;0;
13994;2024.09.24 18:00;-28;19.25;-200;-200;3512;206;0;
13995;2024.09.24 18:15;-28;18.625;-200;-200;3512;206;0;
13996;2024.09.24 18:30;-28;18.875;-200;-200;3512;206;0;
13997;2024.09.24 18:45;-28;18.375;-200;-200;3512;206;0;
13998;2024.09.24 19:00;-28;18.5;-200;-200;3512;206;0;
13999;2024.09.24 19:15;-28;18.625;-200;-200;3512;206;0;
14000;2024.09.24 19:30;-28;19.5625;-200;-200;3512;206;0;
14001;2024.09.24 19:45;-28;21.875;-200;-200;3512;206;0;
14002;2024.09.24 20:00;-28;23.25;-200;-200;3513;206;0;
14003;2024.09.24 20:15;-28;24.5;-200;-200;3514;206;0;
14004;2024.09.24 20:30;-28;23.25;-200;-200;3514;206;0;
14005;2024.09.24 20:45;-28;21.5;-200;-200;3513;206;0;
14006;2024.09.24 21:00;-28;20.5;-200;-200;3513;206;0;
14007;2024.09.24 21:15;-28;20.25;-200;-200;3513;206;0;
14008;2024.09.24 21:30;-28;20.875;-200;-200;3513;206;0;
14009;2024.09.24 21:45;-28;21.25;-200;-200;3513;206;0;
14010;2024.09.24 22:00;-28;20.625;-200;-200;3513;206;0;
14011;2024.09.24 22:15;-28;21.125;-200;-200;3513;206;0;
14012;2024.09.24 22:30;-28;24.1875;-200;-200;3514;206;0;
14013;2024.09.24 22:45;-28;26.25;-200;-200;3514;206;0;
14014;2024.09.24 23:00;-28;22.125;-200;-200;3514;206;0;
14015;2024.09.24 23:15;-28;19.875;-200;-200;3513;206;0;
14016;2024.09.24 23:30;-28;19.25;-200;-200;3513;206;0;
14017;2024.09.24 23:45;-28;19.75;-200;-200;3513;206;0;
14018;2024.09.25 00:00;-28;18;-200;-200;3513;206;0;
14019;2024.09.25 00:15;-28;16.625;-200;-200;3512;206;0;
14020;2024.09.25 00:30;-28;15.9375;-200;-200;3512;206;0;
14021;2024.09.25 00:45;-28;14.25;-200;-200;3512;206;0;
14022;2024.09.25 01:00;-28;13.5;-200;-200;3512;206;0;
14023;2024.09.25 01:15;-28;13.0625;-200;-200;3512;206;0;
14024;2024.09.25 01:30;-28;12.125;-200;-200;3512;206;0;
14025;2024.09.25 01:45;-28;11.25;-200;-200;3512;206;0;
14026;2024.09.25 02:00;-28;10.5;-200;-200;3512;206;0;
14027;2024.09.25 02:15;-28;10;-200;-200;3512;206;0;
14028;2024.09.25 02:30;-28;9.5625;-200;-200;3512;206;0;
14029;2024.09.25 02:45;-28;9.25;-200;-200;3512;206;0;
14030;2024.09.25 03:00;-28;9.0625;-200;-200;3512;206;0;
14031;2024.09.25 03:15;-28;8.875;-200;-200;3512;206;0;
14032;2024.09.25 03:30;-28;8.625;-200;-200;3512;206;0;
14033;2024.09.25 03:45;-28;8.4375;-200;-200;3512;206;0;
14034;2024.09.25 04:00;-28;8.3125;-200;-200;3511;206;0;
14035;2024.09.25 04:15;-28;8.375;-200;-200;3511;206;0;
14036;2024.09.25 04:30;-28;8.1875;-200;-200;3511;206;0;
14037;2024.09.25 04:45;-28;8.0625;-200;-200;3511;206;0;
14038;2024.09.25 05:00;-28;8.125;-200;-200;3511;206;0;
14039;2024.09.25 05:15;-28;8.125;-200;-200;3511;206;0;
14040;2024.09.25 05:30;-28;8.1875;-200;-200;3511;206;0;
14041;2024.09.25 05:45;-28;8.125;-200;-200;3511;206;0;
14042;2024.09.25 06:00;-28;7.5;-200;-200;3511;206;0;
14043;2024.09.25 06:15;-28;7.75;-200;-200;3511;206;0;
14044;2024.09.25 06:30;-28;7;-200;-200;3511;206;0;
14045;2024.09.25 06:45;-28;7;-200;-200;3511;206;0;
14046;2024.09.25 07:00;-28;7.1875;-200;-200;3511;206;0;
14047;2024.09.25 07:15;-28;6.875;-200;-200;3511;206;0;
14048;2024.09.25 07:30;-28;7.625;-200;-200;3511;206;0;
14049;2024.09.25 07:45;-28;8.75;-200;-200;3511;206;0;
14050;2024.09.25 08:00;-28;8.5;-200;-200;3511;206;0;
14051;2024.09.25 08:15;-28;7.125;-200;-200;3511;206;0;
14052;2024.09.25 08:30;-28;6.5625;-200;-200;3511;206;0;
14053;2024.09.25 08:45;-28;6.1875;-200;-200;3511;206;0;
14054;2024.09.25 09:00;-28;5.875;-200;-200;3511;206;0;
14055;2024.09.25 09:15;-28;5.75;-200;-200;3511;206;0;
14056;2024.09.25 09:30;-28;6.3125;-200;-200;3511;206;0;
14057;2024.09.25 09:45;-28;5.6875;-200;-200;3511;206;0;
14058;2024.09.25 10:00;-28;5.75;-200;-200;3511;206;0;
14059;2024.09.25 10:15;-28;5.25;-200;-200;3511;206;0;
14060;2024.09.25 10:30;-28;5.1875;-200;-200;3511;206;0;
14061;2024.09.25 10:45;-28;5.125;-200;-200;3511;206;0;
14062;2024.09.25 11:00;-28;5;-200;-200;3510;206;0;
14063;2024.09.25 11:15;-28;5.5;-200;-200;3510;206;0;
14064;2024.09.25 11:30;-28;5.3125;-200;-200;3510;206;0;
14065;2024.09.25 11:45;-28;5.25;-200;-200;3510;206;0;
14066;2024.09.25 12:00;-28;5.125;-200;-200;3510;206;0;
14067;2024.09.25 12:15;-28;5.5;-200;-200;3510;206;0;
14068;2024.09.25 12:30;-28;5.4375;-200;-200;3510;206;0;
14069;2024.09.25 12:45;-28;5.25;-200;-200;3511;206;0;
14070;2024.09.25 13:00;-28;5.125;-200;-200;3511;206;0;
14071;2024.09.25 13:15;-28;5.125;-200;-200;3511;206;0;
14072;2024.09.25 13:30;-28;5.25;-200;-200;3510;206;0;
14073;2024.09.25 13:45;-28;6;-200;-200;3511;206;0;
14074;2024.09.25 14:00;-28;7.125;-200;-200;3511;206;0;
14075;2024.09.25 14:15;-28;8.5625;-200;-200;3510;206;0;
14076;2024.09.25 14:30;-28;10;-200;-200;3511;206;0;
14077;2024.09.25 14:45;-28;11.125;-200;-200;3511;206;0;
14078;2024.09.25 15:00;-28;12.875;-200;-200;3511;206;0;
14079;2024.09.25 15:15;-28;13.875;-200;-200;3511;206;0;
14080;2024.09.25 15:30;-28;14.5625;-200;-200;3511;206;0;
14081;2024.09.25 15:45;-28;15.3125;-200;-200;3511;206;0;
14082;2024.09.25 16:00;-28;15.5;-200;-200;3511;206;0;
14083;2024.09.25 16:15;-28;15.875;-200;-200;3511;206;0;
14084;2024.09.25 16:30;-28;16.375;-200;-200;3511;206;0;
14085;2024.09.25 16:45;-28;16.5625;-200;-200;3512;206;0;
14086;2024.09.25 17:00;-28;16.875;-200;-200;3512;206;0;
14087;2024.09.25 17:15;-28;17.75;-200;-200;3512;206;0;
14088;2024.09.25 17:30;-28;19.125;-200;-200;3512;206;0;
14089;2024.09.25 17:45;-28;20.75;-200;-200;3512;206;0;
14090;2024.09.25 18:00;-28;21;-200;-200;3512;206;0;
14091;2024.09.25 18:15;-28;21.5;-200;-200;3512;206;0;
14092;2024.09.25 18:30;-28;20.5;-200;-200;3512;206;0;
14093;2024.09.25 18:45;-28;20.875;-200;-200;3512;206;0;
14094;2024.09.25 19:00;-28;20.8125;-200;-200;3512;206;0;
14095;2024.09.25 19:15;-28;20.5625;-200;-200;3512;206;0;
14096;2024.09.25 19:30;-28;21.125;-200;-200;3512;206;0;
14097;2024.09.25 19:45;-28;23.625;-200;-200;3513;206;0;
14098;2024.09.25 20:00;-28;26.375;-200;-200;3514;206;0;
14099;2024.09.25 20:15;-28;26.1875;-200;-200;3514;206;0;
14100;2024.09.25 20:30;-28;25.25;-200;-200;3514;206;0;
14101;2024.09.25 20:45;-28;22.625;-200;-200;3514;206;0;
14102;2024.09.25 21:00;-28;21.3125;-200;-200;3513;206;0;
14103;2024.09.25 21:15;-28;21.375;-200;-200;3513;206;0;
14104;2024.09.25 21:30;-28;22.375;-200;-200;3513;206;0;
14105;2024.09.25 21:45;-28;22;-200;-200;3513;206;0;
14106;2024.09.25 22:00;-28;22.25;-200;-200;3513;206;0;
14107;2024.09.25 22:15;-28;23.875;-200;-200;3513;206;0;
14108;2024.09.25 22:30;-28;24.5;-200;-200;3514;206;0;
14109;2024.09.25 22:45;-28;26.75;-200;-200;3514;206;0;
14110;2024.09.25 23:00;-28;23.25;-200;-200;3513;206;0;
14111;2024.09.25 23:15;-28;21.125;-200;-200;3512;206;0;
14112;2024.09.25 23:30;-28;20.125;-200;-200;3511;206;0;
14113;2024.09.25 23:45;-28;22.125;-200;-200;3511;206;0;
14114;2024.09.26 00:00;-28;20;-200;-200;3511;206;0;
14115;2024.09.26 00:15;-28;18.5;-200;-200;3510;206;0;
14116;2024.09.26 00:30;-28;18.125;-200;-200;3510;206;0;
14117;2024.09.26 00:45;-28;17;-200;-200;3510;206;0;
14118;2024.09.26 01:00;-28;16.375;-200;-200;3510;206;0;
14119;2024.09.26 01:15;-28;15.75;-200;-200;3510;206;0;
14120;2024.09.26 01:30;-28;14;-200;-200;3510;206;0;
14121;2024.09.26 01:45;-28;13.125;-200;-200;3509;206;0;
14122;2024.09.26 02:00;-28;12.5;-200;-200;3509;206;0;
14123;2024.09.26 02:15;-28;12.125;-200;-200;3509;206;0;
14124;2024.09.26 02:30;-28;11.8125;-200;-200;3509;206;0;
14125;2024.09.26 02:45;-28;11.5625;-200;-200;3509;206;0;
14126;2024.09.26 03:00;-28;11.25;-200;-200;3509;206;0;
14127;2024.09.26 03:15;-28;11.25;-200;-200;3509;206;0;
14128;2024.09.26 03:30;-28;11.25;-200;-200;3509;206;0;
14129;2024.09.26 03:45;-28;11.1875;-200;-200;3509;206;0;
14130;2024.09.26 04:00;-28;10.9375;-200;-200;3509;206;0;
14131;2024.09.26 04:15;-28;10.5;-200;-200;3509;206;0;
14132;2024.09.26 04:30;-28;9.9375;-200;-200;3509;206;0;
14133;2024.09.26 04:45;-28;9.75;-200;-200;3509;206;0;
14134;2024.09.26 05:00;-28;9.5;-200;-200;3509;206;0;
14135;2024.09.26 05:15;-28;9.5;-200;-200;3509;206;0;
14136;2024.09.26 05:30;-28;10.25;-200;-200;3509;206;0;
14137;2024.09.26 05:45;-28;9.75;-200;-200;3509;206;0;
14138;2024.09.26 06:00;-28;10.625;-200;-200;3509;206;0;
14139;2024.09.26 06:15;-28;9.5625;-200;-200;3509;206;0;
14140;2024.09.26 06:30;-28;9.9375;-200;-200;3508;206;0;
14141;2024.09.26 06:45;-28;9.25;-200;-200;3508;206;0;
14142;2024.09.26 07:00;-28;8.9375;-200;-200;3508;206;0;
14143;2024.09.26 07:15;-28;8.875;-200;-200;3509;206;0;
14144;2024.09.26 07:30;-28;8.875;-200;-200;3508;206;0;
14145;2024.09.26 07:45;-28;9.0625;-200;-200;3508;206;0;
14146;2024.09.26 08:00;-28;9.4375;-200;-200;3508;206;0;
14147;2024.09.26 08:15;-28;9.6875;-200;-200;3508;206;0;
14148;2024.09.26 08:30;-28;10.125;-200;-200;3508;206;0;
14149;2024.09.26 08:45;-28;9.875;-200;-200;3508;206;0;
14150;2024.09.26 09:00;-28;9.625;-200;-200;3508;206;0;
14151;2024.09.26 09:15;-28;9.75;-200;-200;3508;206;0;
14152;2024.09.26 09:30;-28;9.875;-200;-200;3508;206;0;
14153;2024.09.26 09:45;-28;9.75;-200;-200;3508;206;0;
14154;2024.09.26 10:00;-28;9.5;-200;-200;3508;206;0;
14155;2024.09.26 10:15;-28;9;-200;-200;3508;206;0;
14156;2024.09.26 10:30;-28;8.5;-200;-200;3508;206;0;
14157;2024.09.26 10:45;-28;8.125;-200;-200;3508;206;0;
14158;2024.09.26 11:00;-28;7.75;-200;-200;3508;206;0;
14159;2024.09.26 11:15;-28;7.625;-200;-200;3508;206;0;
14160;2024.09.26 11:30;-28;7.375;-200;-200;3508;206;0;
14161;2024.09.26 11:45;-28;7.25;-200;-200;3508;206;0;
14162;2024.09.26 12:00;-28;7.1875;-200;-200;3508;206;0;
14163;2024.09.26 12:15;-28;7.1875;-200;-200;3508;206;0;
14164;2024.09.26 12:30;-28;7.125;-200;-200;3508;206;0;
14165;2024.09.26 12:45;-28;7.0625;-200;-200;3508;206;0;
14166;2024.09.26 13:00;-28;7.0625;-200;-200;3508;206;0;
14167;2024.09.26 13:15;-28;7.125;-200;-200;3508;206;0;
14168;2024.09.26 13:30;-28;7.375;-200;-200;3508;206;0;
14169;2024.09.26 13:45;-28;8;-200;-200;3508;206;0;
14170;2024.09.26 14:00;-28;8.875;-200;-200;3508;206;0;
14171;2024.09.26 14:15;-28;10;-200;-200;3508;206;0;
14172;2024.09.26 14:30;-28;11.375;-200;-200;3508;206;0;
14173;2024.09.26 14:45;-28;12.5625;-200;-200;3508;206;0;
14174;2024.09.26 15:00;-28;13.75;-200;-200;3509;206;0;
14175;2024.09.26 15:15;-28;15.375;-200;-200;3509;206;0;
14176;2024.09.26 15:30;-28;16;-200;-200;3509;206;0;
14177;2024.09.26 15:45;-28;16.5625;-200;-200;3509;206;0;
14178;2024.09.26 16:00;-28;17;-200;-200;3509;206;0;
14179;2024.09.26 16:15;-28;17.4375;-200;-200;3509;206;0;
14180;2024.09.26 16:30;-28;17.6875;-200;-200;3509;206;0;
14181;2024.09.26 16:45;-28;18.25;-200;-200;3509;206;0;
14182;2024.09.26 17:00;-28;18.875;-200;-200;3510;206;0;
14183;2024.09.26 17:15;-28;19.5;-200;-200;3510;206;0;
14184;2024.09.26 17:30;-28;20.5625;-200;-200;3510;206;0;
14185;2024.09.26 17:45;-28;21.5;-200;-200;3510;206;0;
14186;2024.09.26 18:00;-28;21.9375;-200;-200;3510;206;0;
14187;2024.09.26 18:15;-28;22.3125;-200;-200;3510;206;0;
14188;2024.09.26 18:30;-28;21.875;-200;-200;3510;206;0;
14189;2024.09.26 18:45;-28;22;-200;-200;3510;206;0;
14190;2024.09.26 19:00;-28;21.875;-200;-200;3510;206;0;
14191;2024.09.26 19:15;-28;21.875;-200;-200;3510;206;0;
14192;2024.09.26 19:30;-28;22.625;-200;-200;3510;206;0;
14193;2024.09.26 19:45;-28;25;-200;-200;3511;206;0;
14194;2024.09.26 20:00;-28;26.75;-200;-200;3512;206;0;
14195;2024.09.26 20:15;-28;27;-200;-200;3512;206;0;
14196;2024.09.26 20:30;-28;26.375;-200;-200;3512;206;0;
14197;2024.09.26 20:45;-28;24.25;-200;-200;3511;206;0;
14198;2024.09.26 21:00;-28;22.625;-200;-200;3511;206;0;
14199;2024.09.26 21:15;-28;22.8125;-200;-200;3511;206;0;
14200;2024.09.26 21:30;-28;23.5;-200;-200;3510;206;0;
14201;2024.09.26 21:45;-28;23.5625;-200;-200;3510;206;0;
14202;2024.09.26 22:00;-28;24.9375;-200;-200;3510;206;0;
14203;2024.09.26 22:15;-28;25.25;-200;-200;3511;206;0;
14204;2024.09.26 22:30;-28;23.875;-200;-200;3511;206;0;
14205;2024.09.26 22:45;-28;26.625;-200;-200;3511;206;0;
14206;2024.09.26 23:00;-28;24.875;-200;-200;3511;206;0;
14207;2024.09.26 23:15;-28;22.625;-200;-200;3511;206;0;
14208;2024.09.26 23:30;-28;21.8125;-200;-200;3510;206;0;
14209;2024.09.26 23:45;-28;23.375;-200;-200;3510;206;0;
14210;2024.09.27 00:00;-28;22;-200;-200;3510;206;0;
14211;2024.09.27 00:15;-28;19.5;-200;-200;3509;206;0;
14212;2024.09.27 00:30;-28;19.3125;-200;-200;3509;206;0;
14213;2024.09.27 00:45;-28;18.125;-200;-200;3509;206;0;
14214;2024.09.27 01:00;-28;17.25;-200;-200;3509;206;0;
14215;2024.09.27 01:15;-28;16.375;-200;-200;3508;206;0;
14216;2024.09.27 01:30;-28;15.75;-200;-200;3509;206;0;
14217;2024.09.27 01:45;-28;15.125;-200;-200;3508;206;0;
14218;2024.09.27 02:00;-28;14.875;-200;-200;3508;206;0;
14219;2024.09.27 02:15;-28;14.8125;-200;-200;3508;206;0;
14220;2024.09.27 02:30;-28;14.75;-200;-200;3508;206;0;
14221;2024.09.27 02:45;-28;14.625;-200;-200;3508;206;0;
14222;2024.09.27 03:00;-28;14.5625;-200;-200;3508;206;0;
14223;2024.09.27 03:15;-28;14.75;-200;-200;3508;206;0;
14224;2024.09.27 03:30;-28;14.8125;-200;-200;3508;206;0;
14225;2024.09.27 03:45;-28;14.3125;-200;-200;3508;206;0;
14226;2024.09.27 04:00;-28;14.0625;-200;-200;3508;206;0;
14227;2024.09.27 04:15;-28;14.0625;-200;-200;3508;206;0;
14228;2024.09.27 04:30;-28;14.375;-200;-200;3508;206;0;
14229;2024.09.27 04:45;-28;13.875;-200;-200;3508;206;0;
14230;2024.09.27 05:00;-28;13.5;-200;-200;3508;206;0;
14231;2024.09.27 05:15;-28;13.6875;-200;-200;3508;206;0;
14232;2024.09.27 05:30;-28;13.25;-200;-200;3508;206;0;
14233;2024.09.27 05:45;-28;14.125;-200;-200;3508;206;0;
14234;2024.09.27 06:00;-28;14.25;-200;-200;3508;206;0;
14235;2024.09.27 06:15;-28;14.1875;-200;-200;3508;206;0;
14236;2024.09.27 06:30;-28;14.25;-200;-200;3508;206;0;
14237;2024.09.27 06:45;-28;14.1875;-200;-200;3508;206;0;
14238;2024.09.27 07:00;-28;14.25;-200;-200;3508;206;0;
14239;2024.09.27 07:15;-28;14.125;-200;-200;3508;206;0;
14240;2024.09.27 07:30;-28;14.25;-200;-200;3508;206;0;
14241;2024.09.27 07:45;-28;13.9375;-200;-200;3508;206;0;
14242;2024.09.27 08:00;-28;13.6875;-200;-200;3508;206;0;
14243;2024.09.27 08:15;-28;13.625;-200;-200;3508;206;0;
14244;2024.09.27 08:30;-28;12.625;-200;-200;3508;206;0;
14245;2024.09.27 08:45;-28;11.75;-200;-200;3508;206;0;
14246;2024.09.27 09:00;-28;11.375;-200;-200;3508;206;0;
14247;2024.09.27 09:15;-28;11.125;-200;-200;3508;206;0;
14248;2024.09.27 09:30;-28;11.25;-200;-200;3508;206;0;
14249;2024.09.27 09:45;-28;11.25;-200;-200;3508;206;0;
14250;2024.09.27 10:00;-28;11.1875;-200;-200;3508;206;0;
14251;2024.09.27 10:15;-28;11.125;-200;-200;3508;206;0;
14252;2024.09.27 10:30;-28;11.0625;-200;-200;3508;206;0;
14253;2024.09.27 10:45;-28;11.125;-200;-200;3508;206;0;
14254;2024.09.27 11:00;-28;10.875;-200;-200;3508;206;0;
14255;2024.09.27 11:15;-28;10.625;-200;-200;3508;206;0;
14256;2024.09.27 11:30;-28;10.8125;-200;-200;3508;206;0;
14257;2024.09.27 11:45;-28;11.125;-200;-200;3508;206;0;
14258;2024.09.27 12:00;-28;11.25;-200;-200;3508;206;0;
14259;2024.09.27 12:15;-28;11.6875;-200;-200;3508;206;0;
14260;2024.09.27 12:30;-28;11.75;-200;-200;3508;206;0;
14261;2024.09.27 12:45;-28;11.5;-200;-200;3508;206;0;
14262;2024.09.27 13:00;-28;10.875;-200;-200;3508;206;0;
14263;2024.09.27 13:15;-28;11;-200;-200;3508;206;0;
14264;2024.09.27 13:30;-28;11.375;-200;-200;3508;206;0;
14265;2024.09.27 13:45;-28;12;-200;-200;3508;206;0;
14266;2024.09.27 14:00;-28;12.25;-200;-200;3508;206;0;
14267;2024.09.27 14:15;-28;13;-200;-200;3508;206;0;
14268;2024.09.27 14:30;-28;13.375;-200;-200;3508;206;0;
14269;2024.09.27 14:45;-28;14.125;-200;-200;3508;206;0;
14270;2024.09.27 15:00;-28;15.5625;-200;-200;3508;206;0;
14271;2024.09.27 15:15;-28;17.25;-200;-200;3508;206;0;
14272;2024.09.27 15:30;-28;18.375;-200;-200;3508;206;0;
14273;2024.09.27 15:45;-28;18.75;-200;-200;3508;206;0;
14274;2024.09.27 16:00;-28;19.25;-200;-200;3508;206;0;
14275;2024.09.27 16:15;-28;19.875;-200;-200;3508;206;0;
14276;2024.09.27 16:30;-28;19.625;-200;-200;3508;206;0;
14277;2024.09.27 16:45;-28;20.125;-200;-200;3508;206;0;
14278;2024.09.27 17:00;-28;20.9375;-200;-200;3509;206;0;
14279;2024.09.27 17:15;-28;21.625;-200;-200;3509;206;0;
14280;2024.09.27 17:30;-28;22.25;-200;-200;3509;206;0;
14281;2024.09.27 17:45;-28;21.5;-200;-200;3509;206;0;
14282;2024.09.27 18:00;-28;21.375;-200;-200;3509;206;0;
14283;2024.09.27 18:15;-28;21.625;-200;-200;3509;206;0;
14284;2024.09.27 18:30;-28;21.6875;-200;-200;3509;206;0;
14285;2024.09.27 18:45;-28;20.9375;-200;-200;3509;206;0;
14286;2024.09.27 19:00;-28;22.125;-200;-200;3509;206;0;
14287;2024.09.27 19:15;-28;23.125;-200;-200;3509;206;0;
14288;2024.09.27 19:30;-28;22.875;-200;-200;3509;206;0;
14289;2024.09.27 19:45;-28;22.5;-200;-200;3509;206;0;
14290;2024.09.27 20:00;-28;23.3125;-200;-200;3509;206;0;
14291;2024.09.27 20:15;-28;23.625;-200;-200;3510;206;0;
14292;2024.09.27 20:30;-28;22;-200;-200;3509;206;0;
14293;2024.09.27 20:45;-28;22.125;-200;-200;3509;206;0;
14294;2024.09.27 21:00;-28;21.5625;-200;-200;3509;206;0;
14295;2024.09.27 21:15;-28;22.875;-200;-200;3509;206;0;
14296;2024.09.27 21:30;-28;21.5;-200;-200;3509;206;0;
14297;2024.09.27 21:45;-28;23.75;-200;-200;3509;206;0;
14298;2024.09.27 22:00;-28;25.625;-200;-200;3510;206;0;
14299;2024.09.27 22:15;-28;24.75;-200;-200;3510;206;0;
14300;2024.09.27 22:30;-28;24.1875;-200;-200;3510;206;0;
14301;2024.09.27 22:45;-28;27.25;-200;-200;3510;206;0;
14302;2024.09.27 23:00;-28;24.5;-200;-200;3510;206;0;
14303;2024.09.27 23:15;-28;23.25;-200;-200;3509;206;0;
14304;2024.09.27 23:30;-28;22;-200;-200;3509;206;0;
14305;2024.09.27 23:45;-28;22.25;-200;-200;3509;206;0;
14306;2024.09.28 00:00;-28;21.75;-200;-200;3509;206;0;
14307;2024.09.28 00:15;-28;19.375;-200;-200;3508;206;0;
14308;2024.09.28 00:30;-28;18.3125;-200;-200;3507;206;0;
14309;2024.09.28 00:45;-28;17.25;-200;-200;3507;206;0;
14310;2024.09.28 01:00;-28;16.5;-200;-200;3507;206;0;
14311;2024.09.28 01:15;-28;16;-200;-200;3507;206;0;
14312;2024.09.28 01:30;-28;15.875;-200;-200;3507;206;0;
14313;2024.09.28 01:45;-28;15.875;-200;-200;3507;206;0;
14314;2024.09.28 02:00;-28;15.875;-200;-200;3507;206;0;
14315;2024.09.28 02:15;-28;16;-200;-200;3507;206;0;
14316;2024.09.28 02:30;-28;15.25;-200;-200;3507;206;0;
14317;2024.09.28 02:45;-28;14.5;-200;-200;3507;206;0;
14318;2024.09.28 03:00;-28;13.75;-200;-200;3507;206;0;
14319;2024.09.28 03:15;-28;13.4375;-200;-200;3506;206;0;
14320;2024.09.28 03:30;-28;13.4375;-200;-200;3506;206;0;
14321;2024.09.28 03:45;-28;14.125;-200;-200;3507;206;0;
14322;2024.09.28 04:00;-28;13.75;-200;-200;3506;206;0;
14323;2024.09.28 04:15;-28;13.375;-200;-200;3507;206;0;
14324;2024.09.28 04:30;-28;13.125;-200;-200;3506;206;0;
14325;2024.09.28 04:45;-28;12.6875;-200;-200;3506;206;0;
14326;2024.09.28 05:00;-28;12.5;-200;-200;3506;206;0;
14327;2024.09.28 05:15;-28;12.125;-200;-200;3506;206;0;
14328;2024.09.28 05:30;-28;12;-200;-200;3506;206;0;
14329;2024.09.28 05:45;-28;11.875;-200;-200;3506;206;0;
14330;2024.09.28 06:00;-28;11.625;-200;-200;3506;206;0;
14331;2024.09.28 06:15;-28;11.75;-200;-200;3506;206;0;
14332;2024.09.28 06:30;-28;11.625;-200;-200;3506;206;0;
14333;2024.09.28 06:45;-28;11.625;-200;-200;3506;206;0;
14334;2024.09.28 07:00;-28;11.375;-200;-200;3506;206;0;
14335;2024.09.28 07:15;-28;11.0625;-200;-200;3506;206;0;
14336;2024.09.28 07:30;-28;11.25;-200;-200;3506;206;0;
14337;2024.09.28 07:45;-28;11;-200;-200;3506;206;0;
14338;2024.09.28 08:00;-28;11;-200;-200;3506;206;0;
14339;2024.09.28 08:15;-28;10.6875;-200;-200;3506;206;0;
14340;2024.09.28 08:30;-28;10.6875;-200;-200;3506;206;0;
14341;2024.09.28 08:45;-28;10.875;-200;-200;3506;206;0;
14342;2024.09.28 09:00;-28;11.125;-200;-200;3506;206;0;
14343;2024.09.28 09:15;-28;11.375;-200;-200;3506;206;0;
14344;2024.09.28 09:30;-28;11.6875;-200;-200;3506;206;0;
14345;2024.09.28 09:45;-28;11.25;-200;-200;3506;206;0;
14346;2024.09.28 10:00;-28;10.75;-200;-200;3506;206;0;
14347;2024.09.28 10:15;-28;10.5;-200;-200;3506;206;0;
14348;2024.09.28 10:30;-28;10.3125;-200;-200;3506;206;0;
14349;2024.09.28 10:45;-28;10.125;-200;-200;3506;206;0;
14350;2024.09.28 11:00;-28;9.75;-200;-200;3506;206;0;
14351;2024.09.28 11:15;-28;9.375;-200;-200;3506;206;0;
14352;2024.09.28 11:30;-28;9.25;-200;-200;3506;206;0;
14353;2024.09.28 11:45;-28;9.4375;-200;-200;3506;206;0;
14354;2024.09.28 12:00;-28;9.5;-200;-200;3506;206;0;
14355;2024.09.28 12:15;-28;9.25;-200;-200;3506;206;0;
14356;2024.09.28 12:30;-28;9.125;-200;-200;3506;206;0;
14357;2024.09.28 12:45;-28;9.25;-200;-200;3506;206;0;
14358;2024.09.28 13:00;-28;8.375;-200;-200;3506;206;0;
14359;2024.09.28 13:15;-28;8.25;-200;-200;3506;206;0;
14360;2024.09.28 13:30;-28;8.3125;-200;-200;3506;206;0;
14361;2024.09.28 13:45;-28;8.6875;-200;-200;3506;206;0;
14362;2024.09.28 14:00;-28;9.8125;-200;-200;3506;206;0;
14363;2024.09.28 14:15;-28;12.125;-200;-200;3506;206;0;
14364;2024.09.28 14:30;-28;13.25;-200;-200;3506;206;0;
14365;2024.09.28 14:45;-28;14.1875;-200;-200;3506;206;0;
14366;2024.09.28 15:00;-28;15;-200;-200;3506;206;0;
14367;2024.09.28 15:15;-28;15.9375;-200;-200;3506;206;0;
14368;2024.09.28 15:30;-28;17;-200;-200;3506;206;0;
14369;2024.09.28 15:45;-28;17.25;-200;-200;3506;206;0;
14370;2024.09.28 16:00;-28;17.625;-200;-200;3506;206;0;
14371;2024.09.28 16:15;-28;17.875;-200;-200;3506;206;0;
14372;2024.09.28 16:30;-28;18.375;-200;-200;3507;206;0;
14373;2024.09.28 16:45;-28;18.625;-200;-200;3507;206;0;
14374;2024.09.28 17:00;-28;18.875;-200;-200;3507;206;0;
14375;2024.09.28 17:15;-28;19.625;-200;-200;3507;206;0;
14376;2024.09.28 17:30;-28;20.75;-200;-200;3507;206;0;
14377;2024.09.28 17:45;-28;21.625;-200;-200;3508;206;0;
14378;2024.09.28 18:00;-28;21.1875;-200;-200;3507;206;0;
14379;2024.09.28 18:15;-28;22.625;-200;-200;3508;206;0;
14380;2024.09.28 18:30;-28;22.5;-200;-200;3508;206;0;
14381;2024.09.28 18:45;-28;23.125;-200;-200;3508;206;0;
14382;2024.09.28 19:00;-28;20.75;-200;-200;3508;206;0;
14383;2024.09.28 19:15;-28;19.25;-200;-200;3508;206;0;
14384;2024.09.28 19:30;-28;18.4375;-200;-200;3507;206;0;
14385;2024.09.28 19:45;-28;18.25;-200;-200;3507;206;0;
14386;2024.09.28 20:00;-28;18.4375;-200;-200;3507;206;0;
14387;2024.09.28 20:15;-28;19.5;-200;-200;3507;206;0;
14388;2024.09.28 20:30;-28;19.25;-200;-200;3507;206;0;
14389;2024.09.28 20:45;-28;19.25;-200;-200;3507;206;0;
14390;2024.09.28 21:00;-28;19.875;-200;-200;3507;206;0;
14391;2024.09.28 21:15;-28;19.625;-200;-200;3507;206;0;
14392;2024.09.28 21:30;-28;19.0625;-200;-200;3507;206;0;
14393;2024.09.28 21:45;-28;19;-200;-200;3507;206;0;
14394;2024.09.28 22:00;-28;19.625;-200;-200;3507;206;0;
14395;2024.09.28 22:15;-28;21;-200;-200;3508;206;0;
14396;2024.09.28 22:30;-28;21.375;-200;-200;3508;206;0;
14397;2024.09.28 22:45;-28;23.5;-200;-200;3508;206;0;
14398;2024.09.28 23:00;-28;22;-200;-200;3509;206;0;
14399;2024.09.28 23:15;-28;20.875;-200;-200;3508;206;0;
14400;2024.09.28 23:30;-28;20.75;-200;-200;3508;206;0;
14401;2024.09.28 23:45;-28;21.9375;-200;-200;3508;206;0;
14402;2024.09.29 00:00;-28;21.625;-200;-200;3508;206;0;
14403;2024.09.29 00:15;-28;18.875;-200;-200;3508;206;0;
14404;2024.09.29 00:30;-28;17.25;-200;-200;3507;206;0;
14405;2024.09.29 00:45;-28;16;-200;-200;3507;206;0;
14406;2024.09.29 01:00;-28;15.0625;-200;-200;3507;206;0;
14407;2024.09.29 01:15;-28;14.375;-200;-200;3506;206;0;
14408;2024.09.29 01:30;-28;13.625;-200;-200;3506;206;0;
14409;2024.09.29 01:45;-28;13.25;-200;-200;3506;206;0;
14410;2024.09.29 02:00;-28;12.625;-200;-200;3506;206;0;
14411;2024.09.29 02:15;-28;12.375;-200;-200;3506;206;0;
14412;2024.09.29 02:30;-28;11.9375;-200;-200;3506;206;0;
14413;2024.09.29 02:45;-28;11.5;-200;-200;3506;206;0;
14414;2024.09.29 03:00;-28;11.625;-200;-200;3506;206;0;
14415;2024.09.29 03:15;-28;10.9375;-200;-200;3506;206;0;
14416;2024.09.29 03:30;-28;10.5;-200;-200;3506;206;0;
14417;2024.09.29 03:45;-28;10.1875;-200;-200;3506;206;0;
14418;2024.09.29 04:00;-28;10;-200;-200;3506;206;0;
14419;2024.09.29 04:15;-28;9.75;-200;-200;3506;206;0;
14420;2024.09.29 04:30;-28;9.5625;-200;-200;3506;206;0;
14421;2024.09.29 04:45;-28;9.75;-200;-200;3506;206;0;
14422;2024.09.29 05:00;-28;9.8125;-200;-200;3506;206;0;
14423;2024.09.29 05:15;-28;9.5;-200;-200;3506;206;0;
14424;2024.09.29 05:30;-28;9.4375;-200;-200;3506;206;0;
14425;2024.09.29 05:45;-28;9.625;-200;-200;3506;206;0;
14426;2024.09.29 06:00;-28;9.4375;-200;-200;3506;206;0;
14427;2024.09.29 06:15;-28;9.1875;-200;-200;3506;206;0;
14428;2024.09.29 06:30;-28;8.9375;-200;-200;3506;206;0;
14429;2024.09.29 06:45;-28;8.75;-200;-200;3506;206;0;
14430;2024.09.29 07:00;-28;8.8125;-200;-200;3506;206;0;
14431;2024.09.29 07:15;-28;8.625;-200;-200;3506;206;0;
14432;2024.09.29 07:30;-28;8.75;-200;-200;3506;206;0;
14433;2024.09.29 07:45;-28;8.75;-200;-200;3506;206;0;
14434;2024.09.29 08:00;-28;9.375;-200;-200;3506;206;0;
14435;2024.09.29 08:15;-28;9.125;-200;-200;3505;206;0;
14436;2024.09.29 08:30;-28;9.0625;-200;-200;3505;206;0;
14437;2024.09.29 08:45;-28;9.125;-200;-200;3506;206;0;
14438;2024.09.29 09:00;-28;9.125;-200;-200;3505;206;0;
14439;2024.09.29 09:15;-28;9.375;-200;-200;3506;206;0;
14440;2024.09.29 09:30;-28;9.375;-200;-200;3506;206;0;
14441;2024.09.29 09:45;-28;8.625;-200;-200;3505;206;0;
14442;2024.09.29 10:00;-28;9.25;-200;-200;3506;206;0;
14443;2024.09.29 10:15;-28;8.9375;-200;-200;3506;206;0;
14444;2024.09.29 10:30;-28;8;-200;-200;3505;206;0;
14445;2024.09.29 10:45;-28;7.8125;-200;-200;3505;206;0;
14446;2024.09.29 11:00;-28;7.625;-200;-200;3505;206;0;
14447;2024.09.29 11:15;-28;7.5;-200;-200;3505;206;0;
14448;2024.09.29 11:30;-28;7.0625;-200;-200;3505;206;0;
14449;2024.09.29 11:45;-28;7.5;-200;-200;3505;206;0;
14450;2024.09.29 12:00;-28;7.625;-200;-200;3505;206;0;
14451;2024.09.29 12:15;-28;7.75;-200;-200;3505;206;0;
14452;2024.09.29 12:30;-28;7.875;-200;-200;3505;206;0;
14453;2024.09.29 12:45;-28;7.6875;-200;-200;3505;206;0;
14454;2024.09.29 13:00;-28;7.375;-200;-200;3505;206;0;
14455;2024.09.29 13:15;-28;7.5625;-200;-200;3505;206;0;
14456;2024.09.29 13:30;-28;7.125;-200;-200;3505;206;0;
14457;2024.09.29 13:45;-28;7.75;-200;-200;3505;206;0;
14458;2024.09.29 14:00;-28;8.1875;-200;-200;3505;206;0;
14459;2024.09.29 14:15;-28;9.5625;-200;-200;3505;206;0;
14460;2024.09.29 14:30;-28;10.625;-200;-200;3505;206;0;
14461;2024.09.29 14:45;-28;12.25;-200;-200;3505;206;0;
14462;2024.09.29 15:00;-28;13.5;-200;-200;3505;206;0;
14463;2024.09.29 15:15;-28;14.875;-200;-200;3506;206;0;
14464;2024.09.29 15:30;-28;15.375;-200;-200;3506;206;0;
14465;2024.09.29 15:45;-28;15.75;-200;-200;3506;206;0;
14466;2024.09.29 16:00;-28;16.125;-200;-200;3506;206;0;
14467;2024.09.29 16:15;-28;16.25;-200;-200;3506;206;0;
14468;2024.09.29 16:30;-28;16.8125;-200;-200;3506;206;0;
14469;2024.09.29 16:45;-28;17.1875;-200;-200;3506;206;0;
14470;2024.09.29 17:00;-28;17.6875;-200;-200;3506;206;0;
14471;2024.09.29 17:15;-28;18.625;-200;-200;3506;206;0;
14472;2024.09.29 17:30;-28;19.75;-200;-200;3506;206;0;
14473;2024.09.29 17:45;-28;20.8125;-200;-200;3506;206;0;
14474;2024.09.29 18:00;-28;21.25;-200;-200;3506;206;0;
14475;2024.09.29 18:15;-28;20.875;-200;-200;3506;206;0;
14476;2024.09.29 18:30;-28;20.625;-200;-200;3506;206;0;
14477;2024.09.29 18:45;-28;20.8125;-200;-200;3507;206;0;
14478;2024.09.29 19:00;-28;19.625;-200;-200;3506;206;0;
14479;2024.09.29 19:15;-28;19.875;-200;-200;3507;206;0;
14480;2024.09.29 19:30;-28;18.5;-200;-200;3506;206;0;
14481;2024.09.29 19:45;-28;17.75;-200;-200;3506;206;0;
14482;2024.09.29 20:00;-28;18.0625;-200;-200;3506;206;0;
14483;2024.09.29 20:15;-28;18.5625;-200;-200;3506;206;0;
14484;2024.09.29 20:30;-28;19.25;-200;-200;3506;206;0;
14485;2024.09.29 20:45;-28;19.5;-200;-200;3507;206;0;
14486;2024.09.29 21:00;-28;20.375;-200;-200;3507;206;0;
14487;2024.09.29 21:15;-28;20;-200;-200;3507;206;0;
14488;2024.09.29 21:30;-28;19.375;-200;-200;3507;206;0;
14489;2024.09.29 21:45;-28;20;-200;-200;3507;206;0;
14490;2024.09.29 22:00;-28;19.875;-200;-200;3507;206;0;
14491;2024.09.29 22:15;-28;18.5625;-200;-200;3507;206;0;
14492;2024.09.29 22:30;-28;19.875;-200;-200;3507;206;0;
14493;2024.09.29 22:45;-28;22.25;-200;-200;3508;206;0;
14494;2024.09.29 23:00;-28;20.6875;-200;-200;3508;206;0;
14495;2024.09.29 23:15;-28;18.5;-200;-200;3507;206;0;
14496;2024.09.29 23:30;-28;16.9375;-200;-200;3507;206;0;
14497;2024.09.29 23:45;-28;15.625;-200;-200;3506;206;0;
14498;2024.09.30 00:00;-28;14.75;-200;-200;3506;206;0;
14499;2024.09.30 00:15;-28;14.375;-200;-200;3506;206;0;
14500;2024.09.30 00:30;-28;14.4375;-200;-200;3506;206;0;
14501;2024.09.30 00:45;-28;13.875;-200;-200;3506;206;0;
14502;2024.09.30 01:00;-28;13;-200;-200;3506;206;0;
14503;2024.09.30 01:15;-28;12.5;-200;-200;3506;206;0;
14504;2024.09.30 01:30;-28;12.1875;-200;-200;3506;206;0;
14505;2024.09.30 01:45;-28;12;-200;-200;3506;206;0;
14506;2024.09.30 02:00;-28;11.875;-200;-200;3506;206;0;
14507;2024.09.30 02:15;-28;11.6875;-200;-200;3506;206;0;
14508;2024.09.30 02:30;-28;11.375;-200;-200;3506;206;0;
14509;2024.09.30 02:45;-28;11.125;-200;-200;3506;206;0;
14510;2024.09.30 03:00;-28;11.0625;-200;-200;3506;206;0;
14511;2024.09.30 03:15;-28;11.75;-200;-200;3506;206;0;
14512;2024.09.30 03:30;-28;12.5;-200;-200;3506;206;0;
14513;2024.09.30 03:45;-28;13.125;-200;-200;3506;206;0;
14514;2024.09.30 04:00;-28;12.875;-200;-200;3506;206;0;
14515;2024.09.30 04:15;-28;12.3125;-200;-200;3506;206;0;
14516;2024.09.30 04:30;-28;11.6875;-200;-200;3506;206;0;
14517;2024.09.30 04:45;-28;11.125;-200;-200;3506;206;0;
14518;2024.09.30 05:00;-28;10.75;-200;-200;3505;206;0;
14519;2024.09.30 05:15;-28;10.625;-200;-200;3505;206;0;
14520;2024.09.30 05:30;-28;10.625;-200;-200;3505;206;0;
14521;2024.09.30 05:45;-28;10.25;-200;-200;3505;206;0;
14522;2024.09.30 06:00;-28;10;-200;-200;3505;206;0;
14523;2024.09.30 06:15;-28;9.75;-200;-200;3505;206;0;
14524;2024.09.30 06:30;-28;9.625;-200;-200;3505;206;0;
14525;2024.09.30 06:45;-28;9.75;-200;-200;3505;206;0;
14526;2024.09.30 07:00;-28;9.8125;-200;-200;3505;206;0;
14527;2024.09.30 07:15;-28;10.125;-200;-200;3505;206;0;
14528;2024.09.30 07:30;-28;10.125;-200;-200;3505;206;0;
14529;2024.09.30 07:45;-28;9.6875;-200;-200;3505;206;0;
14530;2024.09.30 08:00;-28;9.4375;-200;-200;3505;206;0;
14531;2024.09.30 08:15;-28;9.125;-200;-200;3505;206;0;
14532;2024.09.30 08:30;-28;9.125;-200;-200;3505;206;0;
14533;2024.09.30 08:45;-28;9.1875;-200;-200;3505;206;0;
14534;2024.09.30 09:00;-28;9.125;-200;-200;3505;206;0;
14535;2024.09.30 09:15;-28;9;-200;-200;3505;206;0;
14536;2024.09.30 09:30;-28;8.8125;-200;-200;3505;206;0;
14537;2024.09.30 09:45;-28;8.625;-200;-200;3505;206;0;
14538;2024.09.30 10:00;-28;8.625;-200;-200;3505;206;0;
14539;2024.09.30 10:15;-28;8.5;-200;-200;3505;206;0;
14540;2024.09.30 10:30;-28;8.375;-200;-200;3505;206;0;
14541;2024.09.30 10:45;-28;8.25;-200;-200;3505;206;0;
14542;2024.09.30 11:00;-28;8.25;-200;-200;3505;206;0;
14543;2024.09.30 11:15;-28;8.125;-200;-200;3505;206;0;
14544;2024.09.30 11:30;-28;8.5;-200;-200;3505;206;0;
14545;2024.09.30 11:45;-28;8.5625;-200;-200;3505;206;0;
14546;2024.09.30 12:00;-28;9;-200;-200;3505;206;0;
14547;2024.09.30 12:15;-28;9.125;-200;-200;3505;206;0;
14548;2024.09.30 12:30;-28;10;-200;-200;3505;206;0;
14549;2024.09.30 12:45;-28;11.5;-200;-200;3505;206;0;
14550;2024.09.30 13:00;-28;12.8125;-200;-200;3505;206;0;
14551;2024.09.30 13:15;-28;12.875;-200;-200;3505;206;0;
14552;2024.09.30 13:30;-28;13;-200;-200;3505;206;0;
14553;2024.09.30 13:45;-28;13.5;-200;-200;3505;206;0;
14554;2024.09.30 14:00;-28;14;-200;-200;3505;206;0;
14555;2024.09.30 14:15;-28;14.875;-200;-200;3506;206;0;
14556;2024.09.30 14:30;-28;15.0625;-200;-200;3505;206;0;
14557;2024.09.30 14:45;-28;15.625;-200;-200;3506;206;0;
14558;2024.09.30 15:00;-28;15.8125;-200;-200;3506;206;0;
14559;2024.09.30 15:15;-28;16.5;-200;-200;3506;206;0;
14560;2024.09.30 15:30;-28;16.875;-200;-200;3506;206;0;
14561;2024.09.30 15:45;-28;17.1875;-200;-200;3506;206;0;
14562;2024.09.30 16:00;-28;17.75;-200;-200;3506;206;0;
14563;2024.09.30 16:15;-28;18.125;-200;-200;3506;206;0;
14564;2024.09.30 16:30;-28;18.6875;-200;-200;3506;206;0;
14565;2024.09.30 16:45;-28;19.25;-200;-200;3506;206;0;
14566;2024.09.30 17:00;-28;19.625;-200;-200;3506;206;0;
14567;2024.09.30 17:15;-28;19.875;-200;-200;3506;206;0;
14568;2024.09.30 17:30;-28;21;-200;-200;3507;206;0;
14569;2024.09.30 17:45;-28;22;-200;-200;3507;206;0;
14570;2024.09.30 18:00;-28;22.875;-200;-200;3507;206;0;
14571;2024.09.30 18:15;-28;22.75;-200;-200;3507;206;0;
14572;2024.09.30 18:30;-28;22.5;-200;-200;3507;206;0;
14573;2024.09.30 18:45;-28;22.1875;-200;-200;3507;206;0;
14574;2024.09.30 19:00;-28;22.75;-200;-200;3507;206;0;
14575;2024.09.30 19:15;-28;22.625;-200;-200;3507;206;0;
14576;2024.09.30 19:30;-28;23.25;-200;-200;3507;206;0;
14577;2024.09.30 19:45;-28;24.9375;-200;-200;3508;206;0;
14578;2024.09.30 20:00;-28;22;-200;-200;3508;206;0;
14579;2024.09.30 20:15;-28;26.125;-200;-200;3508;206;0;
14580;2024.09.30 20:30;-28;22.5;-200;-200;3507;206;0;
14581;2024.09.30 20:45;-28;22.25;-200;-200;3507;206;0;
14582;2024.09.30 21:00;-28;23.75;-200;-200;3507;206;0;
14583;2024.09.30 21:15;-28;22.625;-200;-200;3506;206;0;
14584;2024.09.30 21:30;-28;21.0625;-200;-200;3506;206;0;
14585;2024.09.30 21:45;-28;20.25;-200;-200;3506;206;0;
14586;2024.09.30 22:00;-28;19.5;-200;-200;3506;206;0;
14587;2024.09.30 22:15;-28;19.25;-200;-200;3506;206;0;
14588;2024.09.30 22:30;-28;19.25;-200;-200;3505;206;0;
14589;2024.09.30 22:45;-28;18.75;-200;-200;3505;206;0;
14590;2024.09.30 23:00;-28;20.125;-200;-200;3505;206;0;
14591;2024.09.30 23:15;-28;19.625;-200;-200;3505;206;0;
14592;2024.09.30 23:30;-28;20.75;-200;-200;3505;206;0;
14593;2024.09.30 23:45;-28;21.5;-200;-200;3506;206;0;
14594;2024.10.01 00:00;-28;21.375;-200;-200;3506;206;0;
14595;2024.10.01 00:15;-28;18.5;-200;-200;3505;206;0;
14596;2024.10.01 00:30;-28;17.0625;-200;-200;3505;206;0;
14597;2024.10.01 00:45;-28;16.25;-200;-200;3505;206;0;
14598;2024.10.01 01:00;-28;15.75;-200;-200;3504;206;0;
14599;2024.10.01 01:15;-28;15.5625;-200;-200;3504;206;0;
14600;2024.10.01 01:30;-28;15.375;-200;-200;3504;206;0;
14601;2024.10.01 01:45;-28;15.375;-200;-200;3504;206;0;
14602;2024.10.01 02:00;-28;15.25;-200;-200;3504;206;0;
14603;2024.10.01 02:15;-28;14.5625;-200;-200;3504;206;0;
14604;2024.10.01 02:30;-28;13.75;-200;-200;3504;206;0;
14605;2024.10.01 02:45;-28;13.125;-200;-200;3504;206;0;
14606;2024.10.01 03:00;-28;12.75;-200;-200;3504;206;0;
14607;2024.10.01 03:15;-28;13;-200;-200;3504;206;0;
14608;2024.10.01 03:30;-28;12.875;-200;-200;3504;206;0;
14609;2024.10.01 03:45;-28;13;-200;-200;3504;206;0;
14610;2024.10.01 04:00;-28;12.4375;-200;-200;3504;206;0;
14611;2024.10.01 04:15;-28;11.625;-200;-200;3503;206;0;
14612;2024.10.01 04:30;-28;11.1875;-200;-200;3504;206;0;
14613;2024.10.01 04:45;-28;11;-200;-200;3503;206;0;
14614;2024.10.01 05:00;-28;10.625;-200;-200;3503;206;0;
14615;2024.10.01 05:15;-28;10.125;-200;-200;3503;206;0;
14616;2024.10.01 05:30;-28;10;-200;-200;3503;206;0;
14617;2024.10.01 05:45;-28;10.0625;-200;-200;3503;206;0;
14618;2024.10.01 06:00;-28;9.75;-200;-200;3503;206;0;
14619;2024.10.01 06:15;-28;10.5;-200;-200;3503;206;0;
14620;2024.10.01 06:30;-28;9.625;-200;-200;3503;206;0;
14621;2024.10.01 06:45;-28;10.25;-200;-200;3503;206;0;
14622;2024.10.01 07:00;-28;10;-200;-200;3503;206;0;
14623;2024.10.01 07:15;-28;11;-200;-200;3503;206;0;
14624;2024.10.01 07:30;-28;11.6875;-200;-200;3503;206;0;
14625;2024.10.01 07:45;-28;11.75;-200;-200;3503;206;0;
14626;2024.10.01 08:00;-28;11.6875;-200;-200;3503;206;0;
14627;2024.10.01 08:15;-28;11.625;-200;-200;3503;206;0;
14628;2024.10.01 08:30;-28;10.5;-200;-200;3503;206;0;
14629;2024.10.01 08:45;-28;10.75;-200;-200;3503;206;0;
14630;2024.10.01 09:00;-28;11.1875;-200;-200;3503;206;0;
14631;2024.10.01 09:15;-28;11.25;-200;-200;3503;206;0;
14632;2024.10.01 09:30;-28;11.4375;-200;-200;3503;206;0;
14633;2024.10.01 09:45;-28;11.625;-200;-200;3503;206;0;
14634;2024.10.01 10:00;-28;10.125;-200;-200;3503;206;0;
14635;2024.10.01 10:15;-28;9.4375;-200;-200;3503;206;0;
14636;2024.10.01 10:30;-28;9.125;-200;-200;3503;206;0;
14637;2024.10.01 10:45;-28;9.0625;-200;-200;3503;206;0;
14638;2024.10.01 11:00;-28;9;-200;-200;3503;206;0;
14639;2024.10.01 11:15;-28;8.75;-200;-200;3503;206;0;
14640;2024.10.01 11:30;-28;8.625;-200;-200;3503;206;0;
14641;2024.10.01 11:45;-28;8.375;-200;-200;3503;206;0;
14642;2024.10.01 12:00;-28;8.625;-200;-200;3503;206;0;
14643;2024.10.01 12:15;-28;8;-200;-200;3503;206;0;
14644;2024.10.01 12:30;-28;7.625;-200;-200;3503;206;0;
14645;2024.10.01 12:45;-28;7.25;-200;-200;3503;206;0;
14646;2024.10.01 13:00;-28;7.125;-200;-200;3503;206;0;
14647;2024.10.01 13:15;-28;7.25;-200;-200;3503;206;0;
14648;2024.10.01 13:30;-28;7.125;-200;-200;3503;206;0;
14649;2024.10.01 13:45;-28;7.625;-200;-200;3503;206;0;
14650;2024.10.01 14:00;-28;8.375;-200;-200;3503;206;0;
14651;2024.10.01 14:15;-28;9.375;-200;-200;3503;206;0;
14652;2024.10.01 14:30;-28;10.3125;-200;-200;3503;206;0;
14653;2024.10.01 14:45;-28;11.5;-200;-200;3503;206;0;
14654;2024.10.01 15:00;-28;13.375;-200;-200;3503;206;0;
14655;2024.10.01 15:15;-28;14.25;-200;-200;3503;206;0;
14656;2024.10.01 15:30;-28;15.5;-200;-200;3503;206;0;
14657;2024.10.01 15:45;-28;15.1875;-200;-200;3503;206;0;
14658;2024.10.01 16:00;-28;15.25;-200;-200;3503;206;0;
14659;2024.10.01 16:15;-28;15.75;-200;-200;3503;206;0;
14660;2024.10.01 16:30;-28;16;-200;-200;3503;206;0;
14661;2024.10.01 16:45;-28;16;-200;-200;3503;206;0;
14662;2024.10.01 17:00;-28;16.1875;-200;-200;3503;206;0;
14663;2024.10.01 17:15;-28;16.625;-200;-200;3503;206;0;
14664;2024.10.01 17:30;-28;17.625;-200;-200;3503;206;0;
14665;2024.10.01 17:45;-28;18.625;-200;-200;3504;206;0;
14666;2024.10.01 18:00;-28;18.75;-200;-200;3503;206;0;
14667;2024.10.01 18:15;-28;19;-200;-200;3503;206;0;
14668;2024.10.01 18:30;-28;19.0625;-200;-200;3504;206;0;
14669;2024.10.01 18:45;-28;18.9375;-200;-200;3504;206;0;
14670;2024.10.01 19:00;-28;18.875;-200;-200;3504;206;0;
14671;2024.10.01 19:15;-28;19.0625;-200;-200;3503;206;0;
14672;2024.10.01 19:30;-28;19.375;-200;-200;3504;206;0;
14673;2024.10.01 19:45;-28;21.375;-200;-200;3505;206;0;
14674;2024.10.01 20:00;-28;23.25;-200;-200;3505;206;0;
14675;2024.10.01 20:15;-28;23.9375;-200;-200;3505;206;0;
14676;2024.10.01 20:30;-28;20.875;-200;-200;3504;206;0;
14677;2024.10.01 20:45;-28;20.25;-200;-200;3504;206;0;
14678;2024.10.01 21:00;-28;20.5625;-200;-200;3504;206;0;
14679;2024.10.01 21:15;-28;20;-200;-200;3503;206;0;
14680;2024.10.01 21:30;-28;20.75;-200;-200;3503;206;0;
14681;2024.10.01 21:45;-28;23.25;-200;-200;3503;206;0;
14682;2024.10.01 22:00;-28;20.625;-200;-200;3503;206;0;
14683;2024.10.01 22:15;-28;20.125;-200;-200;3503;206;0;
14684;2024.10.01 22:30;-28;21.625;-200;-200;3503;206;0;
14685;2024.10.01 22:45;-28;22.25;-200;-200;3503;206;0;
14686;2024.10.01 23:00;-28;22.375;-200;-200;3503;206;0;
14687;2024.10.01 23:15;-28;19.375;-200;-200;3503;206;0;
14688;2024.10.01 23:30;-28;19.375;-200;-200;3502;206;0;
14689;2024.10.01 23:45;-28;19.625;-200;-200;3502;206;0;
14690;2024.10.02 00:00;-28;19.1875;-200;-200;3502;206;0;
14691;2024.10.02 00:15;-28;16.875;-200;-200;3502;206;0;
14692;2024.10.02 00:30;-28;16;-200;-200;3501;206;0;
14693;2024.10.02 00:45;-28;15.375;-200;-200;3501;206;0;
14694;2024.10.02 01:00;-28;14.6875;-200;-200;3501;206;0;
14695;2024.10.02 01:15;-28;13.75;-200;-200;3501;206;0;
14696;2024.10.02 01:30;-28;12.9375;-200;-200;3500;206;0;
14697;2024.10.02 01:45;-28;12.375;-200;-200;3500;206;0;
14698;2024.10.02 02:00;-28;11.9375;-200;-200;3500;206;0;
14699;2024.10.02 02:15;-28;11.625;-200;-200;3500;206;0;
14700;2024.10.02 02:30;-28;11.5;-200;-200;3500;206;0;
14701;2024.10.02 02:45;-28;11.5;-200;-200;3500;206;0;
14702;2024.10.02 03:00;-28;11.0625;-200;-200;3500;206;0;
14703;2024.10.02 03:15;-28;11;-200;-200;3500;206;0;
14704;2024.10.02 03:30;-28;10.625;-200;-200;3500;206;0;
14705;2024.10.02 03:45;-28;10.125;-200;-200;3500;206;0;
14706;2024.10.02 04:00;-28;9.875;-200;-200;3500;206;0;
14707;2024.10.02 04:15;-28;10.25;-200;-200;3500;206;0;
14708;2024.10.02 04:30;-28;10.1875;-200;-200;3500;206;0;
14709;2024.10.02 04:45;-28;10.25;-200;-200;3500;206;0;
14710;2024.10.02 05:00;-28;10;-200;-200;3500;206;0;
14711;2024.10.02 05:15;-28;9.75;-200;-200;3500;206;0;
14712;2024.10.02 05:30;-28;9.5;-200;-200;3500;206;0;
14713;2024.10.02 05:45;-28;9.5;-200;-200;3500;206;0;
14714;2024.10.02 06:00;-28;9.25;-200;-200;3500;206;0;
14715;2024.10.02 06:15;-28;9.0625;-200;-200;3500;206;0;
14716;2024.10.02 06:30;-28;8.75;-200;-200;3500;206;0;
14717;2024.10.02 06:45;-28;9;-200;-200;3500;206;0;
14718;2024.10.02 07:00;-28;9;-200;-200;3500;206;0;
14719;2024.10.02 07:15;-28;9;-200;-200;3500;206;0;
14720;2024.10.02 07:30;-28;9;-200;-200;3500;206;0;
14721;2024.10.02 07:45;-28;8.875;-200;-200;3500;206;0;
14722;2024.10.02 08:00;-28;8.75;-200;-200;3500;206;0;
14723;2024.10.02 08:15;-28;9.25;-200;-200;3500;206;0;
14724;2024.10.02 08:30;-28;10.4375;-200;-200;3500;206;0;
14725;2024.10.02 08:45;-28;10.25;-200;-200;3499;206;0;
14726;2024.10.02 09:00;-28;9.875;-200;-200;3499;206;0;
14727;2024.10.02 09:15;-28;8.875;-200;-200;3499;206;0;
14728;2024.10.02 09:30;-28;8;-200;-200;3499;206;0;
14729;2024.10.02 09:45;-28;7.625;-200;-200;3499;206;0;
14730;2024.10.02 10:00;-28;7.25;-200;-200;3499;206;0;
14731;2024.10.02 10:15;-28;7.125;-200;-200;3499;206;0;
14732;2024.10.02 10:30;-28;6.875;-200;-200;3499;206;0;
14733;2024.10.02 10:45;-28;6.625;-200;-200;3499;206;0;
14734;2024.10.02 11:00;-28;6.5;-200;-200;3499;206;0;
14735;2024.10.02 11:15;-28;6.375;-200;-200;3499;206;0;
14736;2024.10.02 11:30;-28;6.375;-200;-200;3499;206;0;
14737;2024.10.02 11:45;-28;6.5;-200;-200;3499;206;0;
14738;2024.10.02 12:00;-28;6.3125;-200;-200;3499;206;0;
14739;2024.10.02 12:15;-28;6.125;-200;-200;3499;206;0;
14740;2024.10.02 12:30;-28;6;-200;-200;3499;206;0;
14741;2024.10.02 12:45;-28;5.875;-200;-200;3499;206;0;
14742;2024.10.02 13:00;-28;5.8125;-200;-200;3499;206;0;
14743;2024.10.02 13:15;-28;5.75;-200;-200;3499;206;0;
14744;2024.10.02 13:30;-28;5.875;-200;-200;3499;206;0;
14745;2024.10.02 13:45;-28;6.375;-200;-200;3499;206;0;
14746;2024.10.02 14:00;-28;7.125;-200;-200;3499;206;0;
14747;2024.10.02 14:15;-28;8.4375;-200;-200;3499;206;0;
14748;2024.10.02 14:30;-28;10;-200;-200;3499;206;0;
14749;2024.10.02 14:45;-28;11.125;-200;-200;3499;206;0;
14750;2024.10.02 15:00;-28;12.625;-200;-200;3499;206;0;
14751;2024.10.02 15:15;-28;13.8125;-200;-200;3499;206;0;
14752;2024.10.02 15:30;-28;14.375;-200;-200;3500;206;0;
14753;2024.10.02 15:45;-28;14.4375;-200;-200;3500;206;0;
14754;2024.10.02 16:00;-28;14.875;-200;-200;3499;206;0;
14755;2024.10.02 16:15;-28;15.125;-200;-200;3500;206;0;
14756;2024.10.02 16:30;-28;15.625;-200;-200;3500;206;0;
14757;2024.10.02 16:45;-28;16.3125;-200;-200;3500;206;0;
14758;2024.10.02 17:00;-28;16.625;-200;-200;3500;206;0;
14759;2024.10.02 17:15;-28;17.75;-200;-200;3500;206;0;
14760;2024.10.02 17:30;-28;18.5625;-200;-200;3500;206;0;
14761;2024.10.02 17:45;-28;19.25;-200;-200;3500;206;0;
14762;2024.10.02 18:00;-28;20.25;-200;-200;3500;206;0;
14763;2024.10.02 18:15;-28;20.5625;-200;-200;3500;206;0;
14764;2024.10.02 18:30;-28;20.375;-200;-200;3500;206;0;
14765;2024.10.02 18:45;-28;20.625;-200;-200;3500;206;0;
14766;2024.10.02 19:00;-28;21.125;-200;-200;3500;206;0;
14767;2024.10.02 19:15;-28;21.25;-200;-200;3500;206;0;
14768;2024.10.02 19:30;-28;21.4375;-200;-200;3500;206;0;
14769;2024.10.02 19:45;-28;23.4375;-200;-200;3500;206;0;
14770;2024.10.02 20:00;-28;24.875;-200;-200;3499;206;0;
14771;2024.10.02 20:15;-28;24.5;-200;-200;3499;206;0;
14772;2024.10.02 20:30;-28;21.375;-200;-200;3499;206;0;
14773;2024.10.02 20:45;-28;21.25;-200;-200;3499;206;0;
14774;2024.10.02 21:00;-28;22.125;-200;-200;3498;206;0;
14775;2024.10.02 21:15;-28;22;-200;-200;3498;206;0;
14776;2024.10.02 21:30;-28;22.25;-200;-200;3498;206;0;
14777;2024.10.02 21:45;-28;23.875;-200;-200;3499;206;0;
14778;2024.10.02 22:00;-28;21.9375;-200;-200;3498;206;0;
14779;2024.10.02 22:15;-28;22.0625;-200;-200;3498;206;0;
14780;2024.10.02 22:30;-28;23.8125;-200;-200;3498;206;0;
14781;2024.10.02 22:45;-28;21.8125;-200;-200;3498;206;0;
14782;2024.10.02 23:00;-28;23.125;-200;-200;3498;206;0;
14783;2024.10.02 23:15;-28;20.5625;-200;-200;3497;206;0;
14784;2024.10.02 23:30;-28;20.5;-200;-200;3497;206;0;
14785;2024.10.02 23:45;-28;20.8125;-200;-200;3497;206;0;
14786;2024.10.03 00:00;-28;19.5;-200;-200;3497;206;0;
14787;2024.10.03 00:15;-28;18.125;-200;-200;3496;206;0;
14788;2024.10.03 00:30;-28;17.125;-200;-200;3496;206;0;
14789;2024.10.03 00:45;-28;15.875;-200;-200;3496;206;0;
14790;2024.10.03 01:00;-28;15;-200;-200;3495;206;0;
14791;2024.10.03 01:15;-28;14.125;-200;-200;3495;206;0;
14792;2024.10.03 01:30;-28;13.5;-200;-200;3495;206;0;
14793;2024.10.03 01:45;-28;13.4375;-200;-200;3495;206;0;
14794;2024.10.03 02:00;-28;13.6875;-200;-200;3495;206;0;
14795;2024.10.03 02:15;-28;13.125;-200;-200;3495;206;0;
14796;2024.10.03 02:30;-28;13;-200;-200;3495;206;0;
14797;2024.10.03 02:45;-28;12.625;-200;-200;3495;206;0;
14798;2024.10.03 03:00;-28;12.25;-200;-200;3495;206;0;
14799;2024.10.03 03:15;-28;12.25;-200;-200;3495;206;0;
14800;2024.10.03 03:30;-28;11.875;-200;-200;3495;206;0;
14801;2024.10.03 03:45;-28;11.375;-200;-200;3495;206;0;
14802;2024.10.03 04:00;-28;11.25;-200;-200;3495;206;0;
14803;2024.10.03 04:15;-28;11;-200;-200;3495;206;0;
14804;2024.10.03 04:30;-28;10.5625;-200;-200;3495;206;0;
14805;2024.10.03 04:45;-28;9.75;-200;-200;3495;206;0;
14806;2024.10.03 05:00;-28;9.25;-200;-200;3494;206;0;
14807;2024.10.03 05:15;-28;8.5;-200;-200;3494;206;0;
14808;2024.10.03 05:30;-28;8.25;-200;-200;3494;206;0;
14809;2024.10.03 05:45;-28;7.8125;-200;-200;3494;206;0;
14810;2024.10.03 06:00;-28;7.875;-200;-200;3494;206;0;
14811;2024.10.03 06:15;-28;7.875;-200;-200;3493;206;0;
14812;2024.10.03 06:30;-28;7.625;-200;-200;3494;206;0;
14813;2024.10.03 06:45;-28;7.625;-200;-200;3494;206;0;
14814;2024.10.03 07:00;-28;7.5;-200;-200;3493;206;0;
14815;2024.10.03 07:15;-28;7.1875;-200;-200;3494;206;0;
14816;2024.10.03 07:30;-28;7;-200;-200;3493;206;0;
14817;2024.10.03 07:45;-28;6.75;-200;-200;3494;206;0;
14818;2024.10.03 08:00;-28;6.75;-200;-200;3494;206;0;
14819;2024.10.03 08:15;-28;6.5625;-200;-200;3494;206;0;
14820;2024.10.03 08:30;-28;6.5;-200;-200;3493;206;0;
14821;2024.10.03 08:45;-28;6.5;-200;-200;3493;206;0;
14822;2024.10.03 09:00;-28;6.5;-200;-200;3493;206;0;
14823;2024.10.03 09:15;-28;6.375;-200;-200;3494;206;0;
14824;2024.10.03 09:30;-28;6.4375;-200;-200;3494;206;0;
14825;2024.10.03 09:45;-28;6.25;-200;-200;3494;206;0;
14826;2024.10.03 10:00;-28;6.125;-200;-200;3493;206;0;
14827;2024.10.03 10:15;-28;6.125;-200;-200;3493;206;0;
14828;2024.10.03 10:30;-28;6;-200;-200;3493;206;0;
14829;2024.10.03 10:45;-28;6;-200;-200;3493;206;0;
14830;2024.10.03 11:00;-28;5.875;-200;-200;3493;206;0;
14831;2024.10.03 11:15;-28;5.6875;-200;-200;3493;206;0;
14832;2024.10.03 11:30;-28;5.625;-200;-200;3493;206;0;
14833;2024.10.03 11:45;-28;5.625;-200;-200;3493;206;0;
14834;2024.10.03 12:00;-28;5.5625;-200;-200;3493;206;0;
14835;2024.10.03 12:15;-28;7.0625;-200;-200;3494;206;0;
14836;2024.10.03 12:30;-28;7.25;-200;-200;3493;206;0;
14837;2024.10.03 12:45;-28;6.875;-200;-200;3493;206;0;
14838;2024.10.03 13:00;-28;6.1875;-200;-200;3493;206;0;
14839;2024.10.03 13:15;-28;5.875;-200;-200;3493;206;0;
14840;2024.10.03 13:30;-28;5.6875;-200;-200;3493;206;0;
14841;2024.10.03 13:45;-28;6.3125;-200;-200;3493;206;0;
14842;2024.10.03 14:00;-28;7.875;-200;-200;3494;206;0;
14843;2024.10.03 14:15;-28;9.25;-200;-200;3493;206;0;
14844;2024.10.03 14:30;-28;11.625;-200;-200;3493;206;0;
14845;2024.10.03 14:45;-28;12.25;-200;-200;3493;206;0;
14846;2024.10.03 15:00;-28;14.4375;-200;-200;3494;206;0;
14847;2024.10.03 15:15;-28;15.125;-200;-200;3494;206;0;
14848;2024.10.03 15:30;-28;16.125;-200;-200;3494;206;0;
14849;2024.10.03 15:45;-28;16.375;-200;-200;3494;206;0;
14850;2024.10.03 16:00;-28;16.875;-200;-200;3493;206;0;
14851;2024.10.03 16:15;-28;17.125;-200;-200;3493;206;0;
14852;2024.10.03 16:30;-28;17.5;-200;-200;3493;206;0;
14853;2024.10.03 16:45;-28;17.9375;-200;-200;3493;206;0;
14854;2024.10.03 17:00;-28;18.25;-200;-200;3493;206;0;
14855;2024.10.03 17:15;-28;18.75;-200;-200;3492;206;0;
14856;2024.10.03 17:30;-28;20;-200;-200;3492;206;0;
14857;2024.10.03 17:45;-28;20.5625;-200;-200;3493;206;0;
14858;2024.10.03 18:00;-28;21.4375;-200;-200;3492;206;0;
14859;2024.10.03 18:15;-28;21;-200;-200;3492;206;0;
14860;2024.10.03 18:30;-28;21.75;-200;-200;3492;206;0;
14861;2024.10.03 18:45;-28;21.1875;-200;-200;3492;206;0;
14862;2024.10.03 19:00;-28;21.75;-200;-200;3492;206;0;
14863;2024.10.03 19:15;-28;21.625;-200;-200;3492;206;0;
14864;2024.10.03 19:30;-28;21.1875;-200;-200;3492;206;0;
14865;2024.10.03 19:45;-28;24.375;-200;-200;3491;206;0;
14866;2024.10.03 20:00;-28;26.5;-200;-200;3490;206;0;
14867;2024.10.03 20:15;-28;27;-200;-200;3490;206;0;
14868;2024.10.03 20:30;-28;23.5;-200;-200;3489;206;0;
14869;2024.10.03 20:45;-28;24.25;-200;-200;3489;206;0;
14870;2024.10.03 21:00;-28;22.5;-200;-200;3488;206;0;
14871;2024.10.03 21:15;-28;23.375;-200;-200;3488;206;0;
14872;2024.10.03 21:30;-28;23.1875;-200;-200;3488;206;0;
14873;2024.10.03 21:45;-28;24.375;-200;-200;3488;206;0;
14874;2024.10.03 22:00;-28;24;-200;-200;3488;206;0;
14875;2024.10.03 22:15;-28;23.75;-200;-200;3488;206;0;
14876;2024.10.03 22:30;-28;21.5;-200;-200;3487;206;0;
14877;2024.10.03 22:45;-28;20.25;-200;-200;3487;206;0;
14878;2024.10.03 23:00;-28;21.625;-200;-200;3486;206;0;
14879;2024.10.03 23:15;-28;19.875;-200;-200;3486;206;0;
14880;2024.10.03 23:30;-28;19.25;-200;-200;3486;206;0;
14881;2024.10.03 23:45;-28;19;-200;-200;3486;206;0;
14882;2024.10.04 00:00;-28;18.25;-200;-200;3485;206;0;
14883;2024.10.04 00:15;-28;17.875;-200;-200;3485;206;0;
14884;2024.10.04 00:30;-28;17.25;-200;-200;3485;206;0;
14885;2024.10.04 00:45;-28;17;-200;-200;3485;206;0;
14886;2024.10.04 01:00;-28;16.125;-200;-200;3485;206;0;
14887;2024.10.04 01:15;-28;15.25;-200;-200;3484;206;0;
14888;2024.10.04 01:30;-28;14.25;-200;-200;3484;206;0;
14889;2024.10.04 01:45;-28;13.8125;-200;-200;3484;206;0;
14890;2024.10.04 02:00;-28;13.25;-200;-200;3484;206;0;
14891;2024.10.04 02:15;-28;12.75;-200;-200;3484;206;0;
14892;2024.10.04 02:30;-28;12.75;-200;-200;3483;206;0;
14893;2024.10.04 02:45;-28;12.5;-200;-200;3483;206;0;
14894;2024.10.04 03:00;-28;12.1875;-200;-200;3483;206;0;
14895;2024.10.04 03:15;-28;12.25;-200;-200;3483;206;0;
14896;2024.10.04 03:30;-28;10.875;-200;-200;3483;206;0;
14897;2024.10.04 03:45;-28;10.625;-200;-200;3483;206;0;
14898;2024.10.04 04:00;-28;10.1875;-200;-200;3483;206;0;
14899;2024.10.04 04:15;-28;10.6875;-200;-200;3483;206;0;
14900;2024.10.04 04:30;-28;10.875;-200;-200;3482;206;0;
14901;2024.10.04 04:45;-28;11.125;-200;-200;3482;206;0;
14902;2024.10.04 05:00;-28;10.6875;-200;-200;3482;206;0;
14903;2024.10.04 05:15;-28;11;-200;-200;3482;206;0;
14904;2024.10.04 05:30;-28;10.5625;-200;-200;3482;206;0;
14905;2024.10.04 05:45;-28;10.625;-200;-200;3482;206;0;
14906;2024.10.04 06:00;-28;11.125;-200;-200;3482;206;0;
14907;2024.10.04 06:15;-28;11.25;-200;-200;3482;206;0;
14908;2024.10.04 06:30;-28;11.625;-200;-200;3482;206;0;
14909;2024.10.04 06:45;-28;11.4375;-200;-200;3482;206;0;
14910;2024.10.04 07:00;-28;10.8125;-200;-200;3482;206;0;
14911;2024.10.04 07:15;-28;10.625;-200;-200;3482;206;0;
14912;2024.10.04 07:30;-28;10.875;-200;-200;3482;206;0;
14913;2024.10.04 07:45;-28;10.5;-200;-200;3482;206;0;
14914;2024.10.04 08:00;-28;10.125;-200;-200;3483;206;0;
14915;2024.10.04 08:15;-28;9.75;-200;-200;3482;206;0;
14916;2024.10.04 08:30;-28;9.5;-200;-200;3482;206;0;
14917;2024.10.04 08:45;-28;8.875;-200;-200;3482;206;0;
14918;2024.10.04 09:00;-28;8.375;-200;-200;3482;206;0;
14919;2024.10.04 09:15;-28;7.8125;-200;-200;3482;206;0;
14920;2024.10.04 09:30;-28;7.375;-200;-200;3482;206;0;
14921;2024.10.04 09:45;-28;7.375;-200;-200;3482;206;0;
14922;2024.10.04 10:00;-28;7.125;-200;-200;3482;206;0;
14923;2024.10.04 10:15;-28;7.25;-200;-200;3482;206;0;
14924;2024.10.04 10:30;-28;7.5625;-200;-200;3482;206;0;
14925;2024.10.04 10:45;-28;7.5;-200;-200;3482;206;0;
14926;2024.10.04 11:00;-28;8;-200;-200;3482;206;0;
14927;2024.10.04 11:15;-28;7.5;-200;-200;3482;206;0;
14928;2024.10.04 11:30;-28;7.25;-200;-200;3482;206;0;
14929;2024.10.04 11:45;-28;7.3125;-200;-200;3482;206;0;
14930;2024.10.04 12:00;-28;7.125;-200;-200;3482;206;0;
14931;2024.10.04 12:15;-28;6.75;-200;-200;3482;206;0;
14932;2024.10.04 12:30;-28;7;-200;-200;3482;206;0;
14933;2024.10.04 12:45;-28;6.875;-200;-200;3482;206;0;
14934;2024.10.04 13:00;-28;7.375;-200;-200;3482;206;0;
14935;2024.10.04 13:15;-28;8.1875;-200;-200;3482;206;0;
14936;2024.10.04 13:30;-28;8.75;-200;-200;3482;206;0;
14937;2024.10.04 13:45;-28;9.25;-200;-200;3482;206;0;
14938;2024.10.04 14:00;-28;10.25;-200;-200;3482;206;0;
14939;2024.10.04 14:15;-28;11.125;-200;-200;3482;206;0;
14940;2024.10.04 14:30;-28;11.875;-200;-200;3482;206;0;
14941;2024.10.04 14:45;-28;12.8125;-200;-200;3482;206;0;
14942;2024.10.04 15:00;-28;13.6875;-200;-200;3483;206;0;
14943;2024.10.04 15:15;-28;14.875;-200;-200;3483;206;0;
14944;2024.10.04 15:30;-28;15.5;-200;-200;3483;206;0;
14945;2024.10.04 15:45;-28;15.5;-200;-200;3483;206;0;
14946;2024.10.04 16:00;-28;15.5;-200;-200;3482;206;0;
14947;2024.10.04 16:15;-28;15.875;-200;-200;3483;206;0;
14948;2024.10.04 16:30;-28;16.25;-200;-200;3483;206;0;
14949;2024.10.04 16:45;-28;16.8125;-200;-200;3483;206;0;
14950;2024.10.04 17:00;-28;17.625;-200;-200;3483;206;0;
14951;2024.10.04 17:15;-28;18.1875;-200;-200;3483;206;0;
14952;2024.10.04 17:30;-28;18.9375;-200;-200;3483;206;0;
14953;2024.10.04 17:45;-28;19.5;-200;-200;3483;206;0;
14954;2024.10.04 18:00;-28;19.875;-200;-200;3482;206;0;
14955;2024.10.04 18:15;-28;20.25;-200;-200;3482;206;0;
14956;2024.10.04 18:30;-28;20.5;-200;-200;3482;206;0;
14957;2024.10.04 18:45;-28;20.625;-200;-200;3482;206;0;
14958;2024.10.04 19:00;-28;20.625;-200;-200;3482;206;0;
14959;2024.10.04 19:15;-28;20.5;-200;-200;3482;206;0;
14960;2024.10.04 19:30;-28;21.25;-200;-200;3481;206;0;
14961;2024.10.04 19:45;-28;23.8125;-200;-200;3480;206;0;
14962;2024.10.04 20:00;-28;24.625;-200;-200;3480;206;0;
14963;2024.10.04 20:15;-28;25.125;-200;-200;3480;206;0;
14964;2024.10.04 20:30;-28;21.9375;-200;-200;3478;206;0;
14965;2024.10.04 20:45;-28;22;-200;-200;3478;206;0;
14966;2024.10.04 21:00;-28;22.375;-200;-200;3478;206;0;
14967;2024.10.04 21:15;-28;21.5;-200;-200;3478;206;0;
14968;2024.10.04 21:30;-28;21.125;-200;-200;3478;206;0;
14969;2024.10.04 21:45;-28;21.125;-200;-200;3479;206;0;
14970;2024.10.04 22:00;-28;21.75;-200;-200;3479;206;0;
14971;2024.10.04 22:15;-28;21.875;-200;-200;3479;206;0;
14972;2024.10.04 22:30;-28;22.5;-200;-200;3480;206;0;
14973;2024.10.04 22:45;-28;21.125;-200;-200;3479;206;0;
14974;2024.10.04 23:00;-28;23;-200;-200;3479;206;0;
14975;2024.10.04 23:15;-28;20;-200;-200;3478;206;0;
14976;2024.10.04 23:30;-28;19.6875;-200;-200;3478;206;0;
14977;2024.10.04 23:45;-28;20.125;-200;-200;3478;206;0;
14978;2024.10.05 00:00;-28;18.125;-200;-200;3478;206;0;
14979;2024.10.05 00:15;-28;17.25;-200;-200;3477;206;0;
14980;2024.10.05 00:30;-28;16.8125;-200;-200;3477;206;0;
14981;2024.10.05 00:45;-28;16.1875;-200;-200;3477;206;0;
14982;2024.10.05 01:00;-28;14.75;-200;-200;3477;206;0;
14983;2024.10.05 01:15;-28;13.875;-200;-200;3476;206;0;
14984;2024.10.05 01:30;-28;13.125;-200;-200;3476;206;0;
14985;2024.10.05 01:45;-28;12.5625;-200;-200;3476;206;0;
14986;2024.10.05 02:00;-28;12.4375;-200;-200;3476;206;0;
14987;2024.10.05 02:15;-28;12.25;-200;-200;3476;206;0;
14988;2024.10.05 02:30;-28;12.125;-200;-200;3475;206;0;
14989;2024.10.05 02:45;-28;11.625;-200;-200;3475;206;0;
14990;2024.10.05 03:00;-28;11.4375;-200;-200;3475;206;0;
14991;2024.10.05 03:15;-28;11;-200;-200;3475;206;0;
14992;2024.10.05 03:30;-28;10.875;-200;-200;3475;206;0;
14993;2024.10.05 03:45;-28;10.875;-200;-200;3475;206;0;
14994;2024.10.05 04:00;-28;10.6875;-200;-200;3475;206;0;
14995;2024.10.05 04:15;-28;10.5;-200;-200;3475;206;0;
14996;2024.10.05 04:30;-28;10.875;-200;-200;3475;206;0;
14997;2024.10.05 04:45;-28;11.4375;-200;-200;3475;206;0;
14998;2024.10.05 05:00;-28;11.125;-200;-200;3475;206;0;
14999;2024.10.05 05:15;-28;10.8125;-200;-200;3475;206;0;
15000;2024.10.05 05:30;-28;10.3125;-200;-200;3475;206;0;
15001;2024.10.05 05:45;-28;10.25;-200;-200;3475;206;0;
15002;2024.10.05 06:00;-28;11.0625;-200;-200;3475;206;0;
15003;2024.10.05 06:15;-28;11.625;-200;-200;3475;206;0;
15004;2024.10.05 06:30;-28;11.75;-200;-200;3475;206;0;
15005;2024.10.05 06:45;-28;11.625;-200;-200;3475;206;0;
15006;2024.10.05 07:00;-28;11.9375;-200;-200;3475;206;0;
15007;2024.10.05 07:15;-28;12.0625;-200;-200;3475;206;0;
15008;2024.10.05 07:30;-28;12.25;-200;-200;3475;206;0;
15009;2024.10.05 07:45;-28;11.9375;-200;-200;3475;206;0;
15010;2024.10.05 08:00;-28;11.625;-200;-200;3475;206;0;
15011;2024.10.05 08:15;-28;11.5;-200;-200;3475;206;0;
15012;2024.10.05 08:30;-28;11.0625;-200;-200;3475;206;0;
15013;2024.10.05 08:45;-28;11.0625;-200;-200;3475;206;0;
15014;2024.10.05 09:00;-28;10.8125;-200;-200;3475;206;0;
15015;2024.10.05 09:15;-28;10.375;-200;-200;3475;206;0;
15016;2024.10.05 09:30;-28;10.5;-200;-200;3475;206;0;
15017;2024.10.05 09:45;-28;10.25;-200;-200;3475;206;0;
15018;2024.10.05 10:00;-28;10;-200;-200;3475;206;0;
15019;2024.10.05 10:15;-28;10;-200;-200;3475;206;0;
15020;2024.10.05 10:30;-28;10.125;-200;-200;3475;206;0;
15021;2024.10.05 10:45;-28;9.75;-200;-200;3475;206;0;
15022;2024.10.05 11:00;-28;9.5625;-200;-200;3475;206;0;
15023;2024.10.05 11:15;-28;9.375;-200;-200;3475;206;0;
15024;2024.10.05 11:30;-28;9.125;-200;-200;3475;206;0;
15025;2024.10.05 11:45;-28;9;-200;-200;3475;206;0;
15026;2024.10.05 12:00;-28;8.9375;-200;-200;3475;206;0;
15027;2024.10.05 12:15;-28;8.5;-200;-200;3475;206;0;
15028;2024.10.05 12:30;-28;8.4375;-200;-200;3475;206;0;
15029;2024.10.05 12:45;-28;8.875;-200;-200;3475;206;0;
15030;2024.10.05 13:00;-28;8.625;-200;-200;3475;206;0;
15031;2024.10.05 13:15;-28;7.3125;-200;-200;3475;206;0;
15032;2024.10.05 13:30;-28;7.0625;-200;-200;3475;206;0;
15033;2024.10.05 13:45;-28;7.3125;-200;-200;3475;206;0;
15034;2024.10.05 14:00;-28;7.6875;-200;-200;3475;206;0;
15035;2024.10.05 14:15;-28;8.5;-200;-200;3475;206;0;
15036;2024.10.05 14:30;-28;9.75;-200;-200;3475;206;0;
15037;2024.10.05 14:45;-28;11.375;-200;-200;3475;206;0;
15038;2024.10.05 15:00;-28;12.125;-200;-200;3475;206;0;
15039;2024.10.05 15:15;-28;12.875;-200;-200;3475;206;0;
15040;2024.10.05 15:30;-28;13;-200;-200;3475;206;0;
15041;2024.10.05 15:45;-28;13.25;-200;-200;3475;206;0;
15042;2024.10.05 16:00;-28;14;-200;-200;3475;206;0;
15043;2024.10.05 16:15;-28;14.75;-200;-200;3475;206;0;
15044;2024.10.05 16:30;-28;15.25;-200;-200;3475;206;0;
15045;2024.10.05 16:45;-28;15.625;-200;-200;3475;206;0;
15046;2024.10.05 17:00;-28;16.125;-200;-200;3475;206;0;
15047;2024.10.05 17:15;-28;17.5;-200;-200;3476;206;0;
15048;2024.10.05 17:30;-28;18.6875;-200;-200;3476;206;0;
15049;2024.10.05 17:45;-28;19.375;-200;-200;3476;206;0;
15050;2024.10.05 18:00;-28;20.3125;-200;-200;3476;206;0;
15051;2024.10.05 18:15;-28;20.625;-200;-200;3476;206;0;
15052;2024.10.05 18:30;-28;20.25;-200;-200;3476;206;0;
15053;2024.10.05 18:45;-28;20.625;-200;-200;3476;206;0;
15054;2024.10.05 19:00;-28;21;-200;-200;3476;206;0;
15055;2024.10.05 19:15;-28;20.75;-200;-200;3476;206;0;
15056;2024.10.05 19:30;-28;21;-200;-200;3476;206;0;
15057;2024.10.05 19:45;-28;24;-200;-200;3474;206;0;
15058;2024.10.05 20:00;-28;22.25;-200;-200;3474;206;0;
15059;2024.10.05 20:15;-28;19.5;-200;-200;3472;206;0;
15060;2024.10.05 20:30;-28;18.5;-200;-200;3472;206;0;
15061;2024.10.05 20:45;-28;19.4375;-200;-200;3472;206;0;
15062;2024.10.05 21:00;-28;20.75;-200;-200;3472;206;0;
15063;2024.10.05 21:15;-28;19.25;-200;-200;3472;206;0;
15064;2024.10.05 21:30;-28;20.5;-200;-200;3472;206;0;
15065;2024.10.05 21:45;-28;21.0625;-200;-200;3472;206;0;
15066;2024.10.05 22:00;-28;21.75;-200;-200;3471;206;0;
15067;2024.10.05 22:15;-28;21;-200;-200;3470;206;0;
15068;2024.10.05 22:30;-28;20.75;-200;-200;3470;206;0;
15069;2024.10.05 22:45;-28;19.625;-200;-200;3469;206;0;
15070;2024.10.05 23:00;-28;21.125;-200;-200;3469;206;0;
15071;2024.10.05 23:15;-28;19;-200;-200;3468;206;0;
15072;2024.10.05 23:30;-28;18.625;-200;-200;3468;206;0;
15073;2024.10.05 23:45;-28;19.8125;-200;-200;3469;206;0;
15074;2024.10.06 00:00;-28;17.5;-200;-200;3468;206;0;
15075;2024.10.06 00:15;-28;16.625;-200;-200;3468;206;0;
15076;2024.10.06 00:30;-28;15.6875;-200;-200;3468;206;0;
15077;2024.10.06 00:45;-28;15;-200;-200;3468;206;0;
15078;2024.10.06 01:00;-28;13.9375;-200;-200;3468;206;0;
15079;2024.10.06 01:15;-28;12.625;-200;-200;3467;206;0;
15080;2024.10.06 01:30;-28;12;-200;-200;3467;206;0;
15081;2024.10.06 01:45;-28;11.5;-200;-200;3467;206;0;
15082;2024.10.06 02:00;-28;10.625;-200;-200;3467;206;0;
15083;2024.10.06 02:15;-28;10.875;-200;-200;3467;206;0;
15084;2024.10.06 02:30;-28;11;-200;-200;3467;206;0;
15085;2024.10.06 02:45;-28;10.625;-200;-200;3467;206;0;
15086;2024.10.06 03:00;-28;9.75;-200;-200;3466;206;0;
15087;2024.10.06 03:15;-28;9.25;-200;-200;3466;206;0;
15088;2024.10.06 03:30;-28;8.875;-200;-200;3466;206;0;
15089;2024.10.06 03:45;-28;8.875;-200;-200;3466;206;0;
15090;2024.10.06 04:00;-28;8.75;-200;-200;3466;206;0;
15091;2024.10.06 04:15;-28;8.3125;-200;-200;3466;206;0;
15092;2024.10.06 04:30;-28;8.5;-200;-200;3466;206;0;
15093;2024.10.06 04:45;-28;9.5625;-200;-200;3466;206;0;
15094;2024.10.06 05:00;-28;10.125;-200;-200;3466;206;0;
15095;2024.10.06 05:15;-28;11;-200;-200;3466;206;0;
15096;2024.10.06 05:30;-28;11.625;-200;-200;3465;206;0;
15097;2024.10.06 05:45;-28;12.125;-200;-200;3465;206;0;
15098;2024.10.06 06:00;-28;12.1875;-200;-200;3465;206;0;
15099;2024.10.06 06:15;-28;12;-200;-200;3465;206;0;
15100;2024.10.06 06:30;-28;11.125;-200;-200;3465;206;0;
15101;2024.10.06 06:45;-28;10.875;-200;-200;3465;206;0;
15102;2024.10.06 07:00;-28;11;-200;-200;3465;206;0;
15103;2024.10.06 07:15;-28;11.1875;-200;-200;3465;206;0;
15104;2024.10.06 07:30;-28;10.5625;-200;-200;3465;206;0;
15105;2024.10.06 07:45;-28;10.125;-200;-200;3465;206;0;
15106;2024.10.06 08:00;-28;10.1875;-200;-200;3465;206;0;
15107;2024.10.06 08:15;-28;10.5625;-200;-200;3465;206;0;
15108;2024.10.06 08:30;-28;10.1875;-200;-200;3465;206;0;
15109;2024.10.06 08:45;-28;10.0625;-200;-200;3465;206;0;
15110;2024.10.06 09:00;-28;10;-200;-200;3465;206;0;
15111;2024.10.06 09:15;-28;10.25;-200;-200;3465;206;0;
15112;2024.10.06 09:30;-28;10;-200;-200;3465;206;0;
15113;2024.10.06 09:45;-28;9.625;-200;-200;3465;206;0;
15114;2024.10.06 10:00;-28;9.8125;-200;-200;3465;206;0;
15115;2024.10.06 10:15;-28;9.75;-200;-200;3465;206;0;
15116;2024.10.06 10:30;-28;9.5;-200;-200;3465;206;0;
15117;2024.10.06 10:45;-28;9.75;-200;-200;3465;206;0;
15118;2024.10.06 11:00;-28;9.8125;-200;-200;3465;206;0;
15119;2024.10.06 11:15;-28;9.75;-200;-200;3465;206;0;
15120;2024.10.06 11:30;-28;10.0625;-200;-200;3465;206;0;
15121;2024.10.06 11:45;-28;9.625;-200;-200;3465;206;0;
15122;2024.10.06 12:00;-28;9.5;-200;-200;3465;206;0;
15123;2024.10.06 12:15;-28;9;-200;-200;3465;206;0;
15124;2024.10.06 12:30;-28;8.875;-200;-200;3465;206;0;
15125;2024.10.06 12:45;-28;9.375;-200;-200;3465;206;0;
15126;2024.10.06 13:00;-28;9.75;-200;-200;3465;206;0;
15127;2024.10.06 13:15;-28;9.375;-200;-200;3465;206;0;
15128;2024.10.06 13:30;-28;9.9375;-200;-200;3465;206;0;
15129;2024.10.06 13:45;-28;11;-200;-200;3465;206;0;
15130;2024.10.06 14:00;-28;11.625;-200;-200;3465;206;0;
15131;2024.10.06 14:15;-28;12.375;-200;-200;3465;206;0;
15132;2024.10.06 14:30;-28;13.3125;-200;-200;3465;206;0;
15133;2024.10.06 14:45;-28;14.625;-200;-200;3465;206;0;
15134;2024.10.06 15:00;-28;15.75;-200;-200;3465;206;0;
15135;2024.10.06 15:15;-28;16.6875;-200;-200;3465;206;0;
15136;2024.10.06 15:30;-28;17.375;-200;-200;3465;206;0;
15137;2024.10.06 15:45;-28;17.4375;-200;-200;3466;206;0;
15138;2024.10.06 16:00;-28;17.625;-200;-200;3466;206;0;
15139;2024.10.06 16:15;-28;17.9375;-200;-200;3465;206;0;
15140;2024.10.06 16:30;-28;18.25;-200;-200;3465;206;0;
15141;2024.10.06 16:45;-28;18.5625;-200;-200;3465;206;0;
15142;2024.10.06 17:00;-28;19.375;-200;-200;3465;206;0;
15143;2024.10.06 17:15;-28;19.25;-200;-200;3464;206;0;
15144;2024.10.06 17:30;-28;20.0625;-200;-200;3464;206;0;
15145;2024.10.06 17:45;-28;21;-200;-200;3464;206;0;
15146;2024.10.06 18:00;-28;21.75;-200;-200;3463;206;0;
15147;2024.10.06 18:15;-28;21.5;-200;-200;3461;206;0;
15148;2024.10.06 18:30;-28;21.375;-200;-200;3462;206;0;
15149;2024.10.06 18:45;-28;21;-200;-200;3462;206;0;
15150;2024.10.06 19:00;-28;21.125;-200;-200;3462;206;0;
15151;2024.10.06 19:15;-28;20.5;-200;-200;3462;206;0;
15152;2024.10.06 19:30;-28;20.8125;-200;-200;3463;206;0;
15153;2024.10.06 19:45;-28;23;-200;-200;3461;206;0;
15154;2024.10.06 20:00;-28;25;-200;-200;3458;206;0;
15155;2024.10.06 20:15;-28;24.5;-200;-200;3458;206;0;
15156;2024.10.06 20:30;-28;22.1875;-200;-200;3458;206;0;
15157;2024.10.06 20:45;-28;22.375;-200;-200;3457;206;0;
15158;2024.10.06 21:00;-28;22.5625;-200;-200;3456;206;0;
15159;2024.10.06 21:15;-28;20.9375;-200;-200;3456;206;0;
15160;2024.10.06 21:30;-28;20.375;-200;-200;3456;206;0;
15161;2024.10.06 21:45;-28;22.375;-200;-200;3456;206;0;
15162;2024.10.06 22:00;-28;20;-200;-200;3455;206;0;
15163;2024.10.06 22:15;-28;19.3125;-200;-200;3455;206;0;
15164;2024.10.06 22:30;-28;19.25;-200;-200;3455;206;0;
15165;2024.10.06 22:45;-28;19.625;-200;-200;3455;206;0;
15166;2024.10.06 23:00;-28;21.875;-200;-200;3456;206;0;
15167;2024.10.06 23:15;-28;20;-200;-200;3456;206;0;
15168;2024.10.06 23:30;-28;18.9375;-200;-200;3455;206;0;
15169;2024.10.06 23:45;-28;19.625;-200;-200;3455;206;0;
15170;2024.10.07 00:00;-28;17.8125;-200;-200;3455;206;0;
15171;2024.10.07 00:15;-28;16.6875;-200;-200;3454;206;0;
15172;2024.10.07 00:30;-28;15.875;-200;-200;3453;206;0;
15173;2024.10.07 00:45;-28;15.25;-200;-200;3453;206;0;
15174;2024.10.07 01:00;-28;14.5;-200;-200;3452;206;0;
15175;2024.10.07 01:15;-28;13.75;-200;-200;3452;206;0;
15176;2024.10.07 01:30;-28;13.625;-200;-200;3452;206;0;
15177;2024.10.07 01:45;-28;13.75;-200;-200;3452;206;0;
15178;2024.10.07 02:00;-28;13.5;-200;-200;3452;206;0;
15179;2024.10.07 02:15;-28;13.25;-200;-200;3452;206;0;
15180;2024.10.07 02:30;-28;13;-200;-200;3452;206;0;
15181;2024.10.07 02:45;-28;12.5;-200;-200;3452;206;0;
15182;2024.10.07 03:00;-28;11.8125;-200;-200;3452;206;0;
15183;2024.10.07 03:15;-28;11;-200;-200;3451;206;0;
15184;2024.10.07 03:30;-28;10.4375;-200;-200;3451;206;0;
15185;2024.10.07 03:45;-28;10.25;-200;-200;3451;206;0;
15186;2024.10.07 04:00;-28;9.625;-200;-200;3450;206;0;
15187;2024.10.07 04:15;-28;9.125;-200;-200;3450;206;0;
15188;2024.10.07 04:30;-28;9;-200;-200;3450;206;0;
15189;2024.10.07 04:45;-28;8.625;-200;-200;3450;206;0;
15190;2024.10.07 05:00;-28;8.3125;-200;-200;3450;206;0;
15191;2024.10.07 05:15;-28;7.875;-200;-200;3450;206;0;
15192;2024.10.07 05:30;-28;7.8125;-200;-200;3450;206;0;
15193;2024.10.07 05:45;-28;7.5;-200;-200;3450;206;0;
15194;2024.10.07 06:00;-28;7.5;-200;-200;3449;206;0;
15195;2024.10.07 06:15;-28;7.125;-200;-200;3449;206;0;
15196;2024.10.07 06:30;-28;7.25;-200;-200;3450;206;0;
15197;2024.10.07 06:45;-28;7.25;-200;-200;3450;206;0;
15198;2024.10.07 07:00;-28;7.125;-200;-200;3450;206;0;
15199;2024.10.07 07:15;-28;6.5625;-200;-200;3450;206;0;
15200;2024.10.07 07:30;-28;6.75;-200;-200;3450;206;0;
15201;2024.10.07 07:45;-28;6.5;-200;-200;3449;206;0;
15202;2024.10.07 08:00;-28;6.1875;-200;-200;3450;206;0;
15203;2024.10.07 08:15;-28;6.1875;-200;-200;3450;206;0;
15204;2024.10.07 08:30;-28;6.125;-200;-200;3450;206;0;
15205;2024.10.07 08:45;-28;5.625;-200;-200;3450;206;0;
15206;2024.10.07 09:00;-28;5.625;-200;-200;3449;206;0;
15207;2024.10.07 09:15;-28;5.5;-200;-200;3450;206;0;
15208;2024.10.07 09:30;-28;5.5;-200;-200;3449;206;0;
15209;2024.10.07 09:45;-28;5.9375;-200;-200;3450;206;0;
15210;2024.10.07 10:00;-28;5.25;-200;-200;3450;206;0;
15211;2024.10.07 10:15;-28;5.3125;-200;-200;3450;206;0;
15212;2024.10.07 10:30;-28;5.125;-200;-200;3449;206;0;
15213;2024.10.07 10:45;-28;5.25;-200;-200;3449;206;0;
15214;2024.10.07 11:00;-28;5;-200;-200;3449;206;0;
15215;2024.10.07 11:15;-28;5.25;-200;-200;3449;206;0;
15216;2024.10.07 11:30;-28;5.25;-200;-200;3449;206;0;
15217;2024.10.07 11:45;-28;5.125;-200;-200;3449;206;0;
15218;2024.10.07 12:00;-28;5.125;-200;-200;3449;206;0;
15219;2024.10.07 12:15;-28;5.125;-200;-200;3449;206;0;
15220;2024.10.07 12:30;-28;5.375;-200;-200;3449;206;0;
15221;2024.10.07 12:45;-28;5.375;-200;-200;3449;206;0;
15222;2024.10.07 13:00;-28;5.5625;-200;-200;3449;206;0;
15223;2024.10.07 13:15;-28;5.375;-200;-200;3449;206;0;
15224;2024.10.07 13:30;-28;5.375;-200;-200;3449;206;0;
15225;2024.10.07 13:45;-28;5.6875;-200;-200;3449;206;0;
15226;2024.10.07 14:00;-28;6.5625;-200;-200;3450;206;0;
15227;2024.10.07 14:15;-28;7.5625;-200;-200;3450;206;0;
15228;2024.10.07 14:30;-28;8.9375;-200;-200;3450;206;0;
15229;2024.10.07 14:45;-28;10.625;-200;-200;3450;206;0;
15230;2024.10.07 15:00;-28;12.75;-200;-200;3451;206;0;
15231;2024.10.07 15:15;-28;13.75;-200;-200;3451;206;0;
15232;2024.10.07 15:30;-28;14.125;-200;-200;3451;206;0;
15233;2024.10.07 15:45;-28;14.125;-200;-200;3451;206;0;
15234;2024.10.07 16:00;-28;14.5625;-200;-200;3451;206;0;
15235;2024.10.07 16:15;-28;14.75;-200;-200;3451;206;0;
15236;2024.10.07 16:30;-28;15.1875;-200;-200;3451;206;0;
15237;2024.10.07 16:45;-28;15.75;-200;-200;3451;206;0;
15238;2024.10.07 17:00;-28;16.25;-200;-200;3452;206;0;
15239;2024.10.07 17:15;-28;16.75;-200;-200;3452;206;0;
15240;2024.10.07 17:30;-28;17.375;-200;-200;3452;206;0;
15241;2024.10.07 17:45;-28;18.375;-200;-200;3452;206;0;
15242;2024.10.07 18:00;-28;19.25;-200;-200;3452;206;0;
15243;2024.10.07 18:15;-28;19.5625;-200;-200;3452;206;0;
15244;2024.10.07 18:30;-28;19.25;-200;-200;3452;206;0;
15245;2024.10.07 18:45;-28;20.25;-200;-200;3452;206;0;
15246;2024.10.07 19:00;-28;20.1875;-200;-200;3452;206;0;
15247;2024.10.07 19:15;-28;20.25;-200;-200;3451;206;0;
15248;2024.10.07 19:30;-28;20.9375;-200;-200;3452;206;0;
15249;2024.10.07 19:45;-28;20.625;-200;-200;3452;206;0;
15250;2024.10.07 20:00;-28;21.125;-200;-200;3450;206;0;
15251;2024.10.07 20:15;-28;22.75;-200;-200;3449;206;0;
15252;2024.10.07 20:30;-28;20.5;-200;-200;3448;206;0;
15253;2024.10.07 20:45;-28;22;-200;-200;3448;206;0;
15254;2024.10.07 21:00;-28;20.5625;-200;-200;3448;206;0;
15255;2024.10.07 21:15;-28;18.875;-200;-200;3447;206;0;
15256;2024.10.07 21:30;-28;18.25;-200;-200;3447;206;0;
15257;2024.10.07 21:45;-28;18.375;-200;-200;3447;206;0;
15258;2024.10.07 22:00;-28;18.0625;-200;-200;3446;206;0;
15259;2024.10.07 22:15;-28;17.5;-200;-200;3446;206;0;
15260;2024.10.07 22:30;-28;17;-200;-200;3446;206;0;
15261;2024.10.07 22:45;-28;16.5;-200;-200;3446;206;0;
15262;2024.10.07 23:00;-28;16.375;-200;-200;3446;206;0;
15263;2024.10.07 23:15;-28;16.625;-200;-200;3446;206;0;
15264;2024.10.07 23:30;-28;17.125;-200;-200;3446;206;0;
15265;2024.10.07 23:45;-28;17.5625;-200;-200;3445;206;0;
15266;2024.10.08 00:00;-28;17;-200;-200;3445;206;0;
15267;2024.10.08 00:15;-28;16.3125;-200;-200;3445;206;0;
15268;2024.10.08 00:30;-28;15.5;-200;-200;3445;206;0;
15269;2024.10.08 00:45;-28;14.375;-200;-200;3445;206;0;
15270;2024.10.08 01:00;-28;13.4375;-200;-200;3445;206;0;
15271;2024.10.08 01:15;-28;12.5;-200;-200;3444;206;0;
15272;2024.10.08 01:30;-28;11.8125;-200;-200;3444;206;0;
15273;2024.10.08 01:45;-28;11.25;-200;-200;3444;206;0;
15274;2024.10.08 02:00;-28;11.0625;-200;-200;3443;206;0;
15275;2024.10.08 02:15;-28;11.25;-200;-200;3443;206;0;
15276;2024.10.08 02:30;-28;11.5;-200;-200;3444;206;0;
15277;2024.10.08 02:45;-28;11.25;-200;-200;3444;206;0;
15278;2024.10.08 03:00;-28;10.625;-200;-200;3444;206;0;
15279;2024.10.08 03:15;-28;9.6875;-200;-200;3444;206;0;
15280;2024.10.08 03:30;-28;9.5;-200;-200;3444;206;0;
15281;2024.10.08 03:45;-28;9.375;-200;-200;3444;206;0;
15282;2024.10.08 04:00;-28;8.625;-200;-200;3443;206;0;
15283;2024.10.08 04:15;-28;8.4375;-200;-200;3443;206;0;
15284;2024.10.08 04:30;-28;8.25;-200;-200;3444;206;0;
15285;2024.10.08 04:45;-28;7.875;-200;-200;3444;206;0;
15286;2024.10.08 05:00;-28;7.5;-200;-200;3444;206;0;
15287;2024.10.08 05:15;-28;7.5;-200;-200;3444;206;0;
15288;2024.10.08 05:30;-28;7.125;-200;-200;3443;206;0;
15289;2024.10.08 05:45;-28;7;-200;-200;3443;206;0;
15290;2024.10.08 06:00;-28;7;-200;-200;3443;206;0;
15291;2024.10.08 06:15;-28;7;-200;-200;3443;206;0;
15292;2024.10.08 06:30;-28;7.375;-200;-200;3443;206;0;
15293;2024.10.08 06:45;-28;7.625;-200;-200;3443;206;0;
15294;2024.10.08 07:00;-28;7.875;-200;-200;3443;206;0;
15295;2024.10.08 07:15;-28;7.75;-200;-200;3443;206;0;
15296;2024.10.08 07:30;-28;7.8125;-200;-200;3443;206;0;
15297;2024.10.08 07:45;-28;7.9375;-200;-200;3442;206;0;
15298;2024.10.08 08:00;-28;7.625;-200;-200;3442;206;0;
15299;2024.10.08 08:15;-28;7.125;-200;-200;3442;206;0;
15300;2024.10.08 08:30;-28;6.75;-200;-200;3442;206;0;
15301;2024.10.08 08:45;-28;6.5;-200;-200;3442;206;0;
15302;2024.10.08 09:00;-28;6.375;-200;-200;3442;206;0;
15303;2024.10.08 09:15;-28;6.1875;-200;-200;3442;206;0;
15304;2024.10.08 09:30;-28;6.125;-200;-200;3442;206;0;
15305;2024.10.08 09:45;-28;6;-200;-200;3442;206;0;
15306;2024.10.08 10:00;-28;6;-200;-200;3442;206;0;
15307;2024.10.08 10:15;-28;6;-200;-200;3442;206;0;
15308;2024.10.08 10:30;-28;6.375;-200;-200;3442;206;0;
15309;2024.10.08 10:45;-28;6.4375;-200;-200;3442;206;0;
15310;2024.10.08 11:00;-28;6.125;-200;-200;3442;206;0;
15311;2024.10.08 11:15;-28;5.875;-200;-200;3442;206;0;
15312;2024.10.08 11:30;-28;5.5625;-200;-200;3442;206;0;
15313;2024.10.08 11:45;-28;5.5;-200;-200;3442;206;0;
15314;2024.10.08 12:00;-28;5.125;-200;-200;3442;206;0;
15315;2024.10.08 12:15;-28;4.75;-200;-200;3442;206;0;
15316;2024.10.08 12:30;-28;4.625;-200;-200;3442;206;0;
15317;2024.10.08 12:45;-28;4.75;-200;-200;3442;206;0;
15318;2024.10.08 13:00;-28;4.75;-200;-200;3442;206;0;
15319;2024.10.08 13:15;-28;4.625;-200;-200;3442;206;0;
15320;2024.10.08 13:30;-28;4.625;-200;-200;3442;206;0;
15321;2024.10.08 13:45;-28;5;-200;-200;3442;206;0;
15322;2024.10.08 14:00;-28;5.375;-200;-200;3442;206;0;
15323;2024.10.08 14:15;-28;7;-200;-200;3442;206;0;
15324;2024.10.08 14:30;-28;8.125;-200;-200;3442;206;0;
15325;2024.10.08 14:45;-28;9.4375;-200;-200;3442;206;0;
15326;2024.10.08 15:00;-28;11;-200;-200;3442;206;0;
15327;2024.10.08 15:15;-28;12.75;-200;-200;3443;206;0;
15328;2024.10.08 15:30;-28;13.8125;-200;-200;3444;206;0;
15329;2024.10.08 15:45;-28;14.5;-200;-200;3443;206;0;
15330;2024.10.08 16:00;-28;14.875;-200;-200;3443;206;0;
15331;2024.10.08 16:15;-28;15.5;-200;-200;3443;206;0;
15332;2024.10.08 16:30;-28;15.9375;-200;-200;3443;206;0;
15333;2024.10.08 16:45;-28;16.125;-200;-200;3443;206;0;
15334;2024.10.08 17:00;-28;16.75;-200;-200;3443;206;0;
15335;2024.10.08 17:15;-28;17.125;-200;-200;3443;206;0;
15336;2024.10.08 17:30;-28;17.875;-200;-200;3442;206;0;
15337;2024.10.08 17:45;-28;18.125;-200;-200;3443;206;0;
15338;2024.10.08 18:00;-28;18.375;-200;-200;3442;206;0;
15339;2024.10.08 18:15;-28;18.875;-200;-200;3443;206;0;
15340;2024.10.08 18:30;-28;18.6875;-200;-200;3442;206;0;
15341;2024.10.08 18:45;-28;19.125;-200;-200;3443;206;0;
15342;2024.10.08 19:00;-28;19;-200;-200;3443;206;0;
15343;2024.10.08 19:15;-28;19;-200;-200;3443;206;0;
15344;2024.10.08 19:30;-28;19.875;-200;-200;3442;206;0;
15345;2024.10.08 19:45;-28;21.4375;-200;-200;3441;206;0;
15346;2024.10.08 20:00;-28;22.875;-200;-200;3441;206;0;
15347;2024.10.08 20:15;-28;23.5;-200;-200;3440;206;0;
15348;2024.10.08 20:30;-28;21.125;-200;-200;3440;206;0;
15349;2024.10.08 20:45;-28;21;-200;-200;3440;206;0;
15350;2024.10.08 21:00;-28;20.375;-200;-200;3440;206;0;
15351;2024.10.08 21:15;-28;21;-200;-200;3440;206;0;
15352;2024.10.08 21:30;-28;19.875;-200;-200;3439;206;0;
15353;2024.10.08 21:45;-28;22.3125;-200;-200;3439;206;0;
15354;2024.10.08 22:00;-28;21.375;-200;-200;3439;206;0;
15355;2024.10.08 22:15;-28;20.375;-200;-200;3439;206;0;
15356;2024.10.08 22:30;-28;19.125;-200;-200;3439;206;0;
15357;2024.10.08 22:45;-28;19.1875;-200;-200;3439;206;0;
15358;2024.10.08 23:00;-28;20.25;-200;-200;3439;206;0;
15359;2024.10.08 23:15;-28;18.5;-200;-200;3439;206;0;
15360;2024.10.08 23:30;-28;17.9375;-200;-200;3438;206;0;
15361;2024.10.08 23:45;-28;17.5;-200;-200;3438;206;0;
15362;2024.10.09 00:00;-28;16.875;-200;-200;3438;206;0;
15363;2024.10.09 00:15;-28;16;-200;-200;3438;206;0;
15364;2024.10.09 00:30;-28;15.125;-200;-200;3437;206;0;
15365;2024.10.09 00:45;-28;14.125;-200;-200;3437;206;0;
15366;2024.10.09 01:00;-28;13.375;-200;-200;3437;206;0;
15367;2024.10.09 01:15;-28;12.5;-200;-200;3437;206;0;
15368;2024.10.09 01:30;-28;12.125;-200;-200;3437;206;0;
15369;2024.10.09 01:45;-28;11.625;-200;-200;3437;206;0;
15370;2024.10.09 02:00;-28;11.1875;-200;-200;3437;206;0;
15371;2024.10.09 02:15;-28;10.8125;-200;-200;3436;206;0;
15372;2024.10.09 02:30;-28;10.625;-200;-200;3436;206;0;
15373;2024.10.09 02:45;-28;10.875;-200;-200;3437;206;0;
15374;2024.10.09 03:00;-28;10.875;-200;-200;3437;206;0;
15375;2024.10.09 03:15;-28;10.375;-200;-200;3437;206;0;
15376;2024.10.09 03:30;-28;10.1875;-200;-200;3437;206;0;
15377;2024.10.09 03:45;-28;10.375;-200;-200;3437;206;0;
15378;2024.10.09 04:00;-28;10.125;-200;-200;3437;206;0;
15379;2024.10.09 04:15;-28;9.875;-200;-200;3437;206;0;
15380;2024.10.09 04:30;-28;9.875;-200;-200;3437;206;0;
15381;2024.10.09 04:45;-28;10.25;-200;-200;3437;206;0;
15382;2024.10.09 05:00;-28;10.5;-200;-200;3437;206;0;
15383;2024.10.09 05:15;-28;10.3125;-200;-200;3437;206;0;
15384;2024.10.09 05:30;-28;9.625;-200;-200;3437;206;0;
15385;2024.10.09 05:45;-28;9;-200;-200;3437;206;0;
15386;2024.10.09 06:00;-28;9.375;-200;-200;3437;206;0;
15387;2024.10.09 06:15;-28;10;-200;-200;3437;206;0;
15388;2024.10.09 06:30;-28;9.625;-200;-200;3437;206;0;
15389;2024.10.09 06:45;-28;9.25;-200;-200;3437;206;0;
15390;2024.10.09 07:00;-28;9;-200;-200;3437;206;0;
15391;2024.10.09 07:15;-28;8.75;-200;-200;3437;206;0;
15392;2024.10.09 07:30;-28;8.25;-200;-200;3437;206;0;
15393;2024.10.09 07:45;-28;8;-200;-200;3437;206;0;
15394;2024.10.09 08:00;-28;7.75;-200;-200;3436;206;0;
15395;2024.10.09 08:15;-28;7.75;-200;-200;3437;206;0;
15396;2024.10.09 08:30;-28;7.75;-200;-200;3436;206;0;
15397;2024.10.09 08:45;-28;7.375;-200;-200;3436;206;0;
15398;2024.10.09 09:00;-28;7.25;-200;-200;3436;206;0;
15399;2024.10.09 09:15;-28;7.0625;-200;-200;3436;206;0;
15400;2024.10.09 09:30;-28;7.125;-200;-200;3436;206;0;
15401;2024.10.09 09:45;-28;7.25;-200;-200;3436;206;0;
15402;2024.10.09 10:00;-28;7.375;-200;-200;3436;206;0;
15403;2024.10.09 10:15;-28;7.25;-200;-200;3436;206;0;
15404;2024.10.09 10:30;-28;6.9375;-200;-200;3436;206;0;
15405;2024.10.09 10:45;-28;6.875;-200;-200;3436;206;0;
15406;2024.10.09 11:00;-28;6.6875;-200;-200;3436;206;0;
15407;2024.10.09 11:15;-28;6.6875;-200;-200;3436;206;0;
15408;2024.10.09 11:30;-28;7;-200;-200;3436;206;0;
15409;2024.10.09 11:45;-28;7.375;-200;-200;3436;206;0;
15410;2024.10.09 12:00;-28;7.375;-200;-200;3436;206;0;
15411;2024.10.09 12:15;-28;8.0625;-200;-200;3436;206;0;
15412;2024.10.09 12:30;-28;7.875;-200;-200;3436;206;0;
15413;2024.10.09 12:45;-28;8.125;-200;-200;3436;206;0;
15414;2024.10.09 13:00;-28;6.875;-200;-200;3436;206;0;
15415;2024.10.09 13:15;-28;6.0625;-200;-200;3436;206;0;
15416;2024.10.09 13:30;-28;6.0625;-200;-200;3436;206;0;
15417;2024.10.09 13:45;-28;6.25;-200;-200;3436;206;0;
15418;2024.10.09 14:00;-28;6.8125;-200;-200;3436;206;0;
15419;2024.10.09 14:15;-28;7.6875;-200;-200;3436;206;0;
15420;2024.10.09 14:30;-28;8.875;-200;-200;3436;206;0;
15421;2024.10.09 14:45;-28;10.5;-200;-200;3437;206;0;
15422;2024.10.09 15:00;-28;12.875;-200;-200;3437;206;0;
15423;2024.10.09 15:15;-28;14.1875;-200;-200;3437;206;0;
15424;2024.10.09 15:30;-28;14.8125;-200;-200;3437;206;0;
15425;2024.10.09 15:45;-28;15.1875;-200;-200;3437;206;0;
15426;2024.10.09 16:00;-28;15.5;-200;-200;3437;206;0;
15427;2024.10.09 16:15;-28;15.875;-200;-200;3437;206;0;
15428;2024.10.09 16:30;-28;16.125;-200;-200;3437;206;0;
15429;2024.10.09 16:45;-28;16.625;-200;-200;3437;206;0;
15430;2024.10.09 17:00;-28;17.375;-200;-200;3437;206;0;
15431;2024.10.09 17:15;-28;17.625;-200;-200;3437;206;0;
15432;2024.10.09 17:30;-28;16.5;-200;-200;3437;206;0;
15433;2024.10.09 17:45;-28;16.5625;-200;-200;3437;206;0;
15434;2024.10.09 18:00;-28;15.875;-200;-200;3437;206;0;
15435;2024.10.09 18:15;-28;15.875;-200;-200;3437;206;0;
15436;2024.10.09 18:30;-28;19;-200;-200;3437;206;0;
15437;2024.10.09 18:45;-28;17.1875;-200;-200;3437;206;0;
15438;2024.10.09 19:00;-28;16.625;-200;-200;3437;206;0;
15439;2024.10.09 19:15;-28;17.375;-200;-200;3437;206;0;
15440;2024.10.09 19:30;-28;19.5;-200;-200;3437;206;0;
15441;2024.10.09 19:45;-28;18.1875;-200;-200;3437;206;0;
15442;2024.10.09 20:00;-28;17.5;-200;-200;3437;206;0;
15443;2024.10.09 20:15;-28;16.8125;-200;-200;3437;206;0;
15444;2024.10.09 20:30;-28;15.9375;-200;-200;3437;206;0;
15445;2024.10.09 20:45;-28;15;-200;-200;3437;206;0;
15446;2024.10.09 21:00;-28;14.75;-200;-200;3436;206;0;
15447;2024.10.09 21:15;-28;14.6875;-200;-200;3437;206;0;
15448;2024.10.09 21:30;-28;14.875;-200;-200;3436;206;0;
15449;2024.10.09 21:45;-28;21.125;-200;-200;3436;206;0;
15450;2024.10.09 22:00;-28;20.3125;-200;-200;3436;206;0;
15451;2024.10.09 22:15;-28;18.125;-200;-200;3434;206;0;
15452;2024.10.09 22:30;-28;16.25;-200;-200;3434;206;0;
15453;2024.10.09 22:45;-28;16;-200;-200;3434;206;0;
15454;2024.10.09 23:00;-28;16.5625;-200;-200;3434;206;0;
15455;2024.10.09 23:15;-28;16.875;-200;-200;3434;206;0;
15456;2024.10.09 23:30;-28;16.375;-200;-200;3434;206;0;
15457;2024.10.09 23:45;-28;15.6875;-200;-200;3434;206;0;
15458;2024.10.10 00:00;-28;15.75;-200;-200;3434;206;0;
15459;2024.10.10 00:15;-28;14.6875;-200;-200;3434;206;0;
15460;2024.10.10 00:30;-28;13.625;-200;-200;3433;206;0;
15461;2024.10.10 00:45;-28;13.5;-200;-200;3433;206;0;
15462;2024.10.10 01:00;-28;12.9375;-200;-200;3433;206;0;
15463;2024.10.10 01:15;-28;11.875;-200;-200;3433;206;0;
15464;2024.10.10 01:30;-28;11.375;-200;-200;3433;206;0;
15465;2024.10.10 01:45;-28;11.1875;-200;-200;3432;206;0;
15466;2024.10.10 02:00;-28;10.875;-200;-200;3432;206;0;
15467;2024.10.10 02:15;-28;10.625;-200;-200;3432;206;0;
15468;2024.10.10 02:30;-28;10.625;-200;-200;3432;206;0;
15469;2024.10.10 02:45;-28;10.125;-200;-200;3432;206;0;
15470;2024.10.10 03:00;-28;9.9375;-200;-200;3432;206;0;
15471;2024.10.10 03:15;-28;9.75;-200;-200;3432;206;0;
15472;2024.10.10 03:30;-28;9.625;-200;-200;3432;206;0;
15473;2024.10.10 03:45;-28;9.5;-200;-200;3432;206;0;
15474;2024.10.10 04:00;-28;9.6875;-200;-200;3432;206;0;
15475;2024.10.10 04:15;-28;9.375;-200;-200;3432;206;0;
15476;2024.10.10 04:30;-28;9;-200;-200;3432;206;0;
15477;2024.10.10 04:45;-28;8.25;-200;-200;3432;206;0;
15478;2024.10.10 05:00;-28;7.75;-200;-200;3432;206;0;
15479;2024.10.10 05:15;-28;7.125;-200;-200;3432;206;0;
15480;2024.10.10 05:30;-28;6.875;-200;-200;3432;206;0;
15481;2024.10.10 05:45;-28;6.9375;-200;-200;3432;206;0;
15482;2024.10.10 06:00;-28;7.1875;-200;-200;3432;206;0;
15483;2024.10.10 06:15;-28;7.25;-200;-200;3432;206;0;
15484;2024.10.10 06:30;-28;7;-200;-200;3432;206;0;
15485;2024.10.10 06:45;-28;7.125;-200;-200;3432;206;0;
15486;2024.10.10 07:00;-28;6.875;-200;-200;3432;206;0;
15487;2024.10.10 07:15;-28;6.625;-200;-200;3432;206;0;
15488;2024.10.10 07:30;-28;7.125;-200;-200;3432;206;0;
15489;2024.10.10 07:45;-28;7.125;-200;-200;3432;206;0;
15490;2024.10.10 08:00;-28;7.1875;-200;-200;3432;206;0;
15491;2024.10.10 08:15;-28;7;-200;-200;3432;206;0;
15492;2024.10.10 08:30;-28;6.625;-200;-200;3432;206;0;
15493;2024.10.10 08:45;-28;6.25;-200;-200;3432;206;0;
15494;2024.10.10 09:00;-28;5.9375;-200;-200;3432;206;0;
15495;2024.10.10 09:15;-28;5.625;-200;-200;3432;206;0;
15496;2024.10.10 09:30;-28;5.875;-200;-200;3432;206;0;
15497;2024.10.10 09:45;-28;5.5625;-200;-200;3432;206;0;
15498;2024.10.10 10:00;-28;5.5625;-200;-200;3432;206;0;
15499;2024.10.10 10:15;-28;5.875;-200;-200;3432;206;0;
15500;2024.10.10 10:30;-28;5.875;-200;-200;3432;206;0;
15501;2024.10.10 10:45;-28;6.125;-200;-200;3432;206;0;
15502;2024.10.10 11:00;-28;5.9375;-200;-200;3432;206;0;
15503;2024.10.10 11:15;-28;5.875;-200;-200;3432;206;0;
15504;2024.10.10 11:30;-28;6.1875;-200;-200;3432;206;0;
15505;2024.10.10 11:45;-28;6.375;-200;-200;3432;206;0;
15506;2024.10.10 12:00;-28;6.375;-200;-200;3432;206;0;
15507;2024.10.10 12:15;-28;6.3125;-200;-200;3432;206;0;
15508;2024.10.10 12:30;-28;6.625;-200;-200;3432;206;0;
15509;2024.10.10 12:45;-28;7.3125;-200;-200;3432;206;0;
15510;2024.10.10 13:00;-28;8.4375;-200;-200;3432;206;0;
15511;2024.10.10 13:15;-28;9.5;-200;-200;3432;206;0;
15512;2024.10.10 13:30;-28;9.5;-200;-200;3432;206;0;
15513;2024.10.10 13:45;-28;9.6875;-200;-200;3432;206;0;
15514;2024.10.10 14:00;-28;10.25;-200;-200;3432;206;0;
15515;2024.10.10 14:15;-28;10.5;-200;-200;3432;206;0;
15516;2024.10.10 14:30;-28;11.125;-200;-200;3432;206;0;
15517;2024.10.10 14:45;-28;12.1875;-200;-200;3433;206;0;
15518;2024.10.10 15:00;-28;13.875;-200;-200;3433;206;0;
15519;2024.10.10 15:15;-28;14.5;-200;-200;3433;206;0;
15520;2024.10.10 15:30;-28;14.875;-200;-200;3433;206;0;
15521;2024.10.10 15:45;-28;14.875;-200;-200;3433;206;0;
15522;2024.10.10 16:00;-28;15.4375;-200;-200;3433;206;0;
15523;2024.10.10 16:15;-28;15.75;-200;-200;3433;206;0;
15524;2024.10.10 16:30;-28;16.125;-200;-200;3434;206;0;
15525;2024.10.10 16:45;-28;16.6875;-200;-200;3434;206;0;
15526;2024.10.10 17:00;-28;17.125;-200;-200;3434;206;0;
15527;2024.10.10 17:15;-28;17.1875;-200;-200;3434;206;0;
15528;2024.10.10 17:30;-28;18.25;-200;-200;3433;206;0;
15529;2024.10.10 17:45;-28;17.625;-200;-200;3434;206;0;
15530;2024.10.10 18:00;-28;18.625;-200;-200;3434;206;0;
15531;2024.10.10 18:15;-28;19.25;-200;-200;3433;206;0;
15532;2024.10.10 18:30;-28;18.6875;-200;-200;3433;206;0;
15533;2024.10.10 18:45;-28;18.375;-200;-200;3433;206;0;
15534;2024.10.10 19:00;-28;18.9375;-200;-200;3434;206;0;
15535;2024.10.10 19:15;-28;19.625;-200;-200;3433;206;0;
15536;2024.10.10 19:30;-28;17.625;-200;-200;3433;206;0;
15537;2024.10.10 19:45;-28;19.875;-200;-200;3434;206;0;
15538;2024.10.10 20:00;-28;21.5;-200;-200;3432;206;0;
15539;2024.10.10 20:15;-28;22;-200;-200;3432;206;0;
15540;2024.10.10 20:30;-28;20.375;-200;-200;3432;206;0;
15541;2024.10.10 20:45;-28;20;-200;-200;3432;206;0;
15542;2024.10.10 21:00;-28;20.125;-200;-200;3432;206;0;
15543;2024.10.10 21:15;-28;20.75;-200;-200;3432;206;0;
15544;2024.10.10 21:30;-28;20.375;-200;-200;3432;206;0;
15545;2024.10.10 21:45;-28;22.125;-200;-200;3432;206;0;
15546;2024.10.10 22:00;-28;18.9375;-200;-200;3431;206;0;
15547;2024.10.10 22:15;-28;17.6875;-200;-200;3431;206;0;
15548;2024.10.10 22:30;-28;17;-200;-200;3431;206;0;
15549;2024.10.10 22:45;-28;17.375;-200;-200;3431;206;0;
15550;2024.10.10 23:00;-28;17.8125;-200;-200;3431;206;0;
15551;2024.10.10 23:15;-28;20.5;-200;-200;3431;206;0;
15552;2024.10.10 23:30;-28;18.75;-200;-200;3431;206;0;
15553;2024.10.10 23:45;-28;18.0625;-200;-200;3431;206;0;
15554;2024.10.11 00:00;-28;17.125;-200;-200;3431;206;0;
15555;2024.10.11 00:15;-28;16.1875;-200;-200;3431;206;0;
15556;2024.10.11 00:30;-28;15.375;-200;-200;3430;206;0;
15557;2024.10.11 00:45;-28;14.0625;-200;-200;3430;206;0;
15558;2024.10.11 01:00;-28;13.25;-200;-200;3430;206;0;
15559;2024.10.11 01:15;-28;12.8125;-200;-200;3430;206;0;
15560;2024.10.11 01:30;-28;12.4375;-200;-200;3430;206;0;
15561;2024.10.11 01:45;-28;11.875;-200;-200;3430;206;0;
15562;2024.10.11 02:00;-28;11.75;-200;-200;3430;206;0;
15563;2024.10.11 02:15;-28;11.625;-200;-200;3430;206;0;
15564;2024.10.11 02:30;-28;11.0625;-200;-200;3430;206;0;
15565;2024.10.11 02:45;-28;10.3125;-200;-200;3430;206;0;
15566;2024.10.11 03:00;-28;10.4375;-200;-200;3430;206;0;
15567;2024.10.11 03:15;-28;10.625;-200;-200;3430;206;0;
15568;2024.10.11 03:30;-28;11.125;-200;-200;3430;206;0;
15569;2024.10.11 03:45;-28;10.5;-200;-200;3430;206;0;
15570;2024.10.11 04:00;-28;10.25;-200;-200;3430;206;0;
15571;2024.10.11 04:15;-28;9.75;-200;-200;3430;206;0;
15572;2024.10.11 04:30;-28;9.4375;-200;-200;3430;206;0;
15573;2024.10.11 04:45;-28;9.125;-200;-200;3430;206;0;
15574;2024.10.11 05:00;-28;8.375;-200;-200;3430;206;0;
15575;2024.10.11 05:15;-28;8.5;-200;-200;3430;206;0;
15576;2024.10.11 05:30;-28;8;-200;-200;3430;206;0;
15577;2024.10.11 05:45;-28;8.25;-200;-200;3430;206;0;
15578;2024.10.11 06:00;-28;8.1875;-200;-200;3430;206;0;
15579;2024.10.11 06:15;-28;7.625;-200;-200;3430;206;0;
15580;2024.10.11 06:30;-28;7.1875;-200;-200;3430;206;0;
15581;2024.10.11 06:45;-28;7;-200;-200;3430;206;0;
15582;2024.10.11 07:00;-28;7;-200;-200;3430;206;0;
15583;2024.10.11 07:15;-28;6.875;-200;-200;3430;206;0;
15584;2024.10.11 07:30;-28;7.125;-200;-200;3430;206;0;
15585;2024.10.11 07:45;-28;7.625;-200;-200;3430;206;0;
15586;2024.10.11 08:00;-28;7.25;-200;-200;3430;206;0;
15587;2024.10.11 08:15;-28;6.6875;-200;-200;3430;206;0;
15588;2024.10.11 08:30;-28;6.875;-200;-200;3430;206;0;
15589;2024.10.11 08:45;-28;6.5;-200;-200;3430;206;0;
15590;2024.10.11 09:00;-28;6.3125;-200;-200;3430;206;0;
15591;2024.10.11 09:15;-28;6.375;-200;-200;3430;206;0;
15592;2024.10.11 09:30;-28;7;-200;-200;3430;206;0;
15593;2024.10.11 09:45;-28;7.125;-200;-200;3430;206;0;
15594;2024.10.11 10:00;-28;7.5;-200;-200;3430;206;0;
15595;2024.10.11 10:15;-28;7.625;-200;-200;3430;206;0;
15596;2024.10.11 10:30;-28;7.5;-200;-200;3430;206;0;
15597;2024.10.11 10:45;-28;7;-200;-200;3430;206;0;
15598;2024.10.11 11:00;-28;7;-200;-200;3430;206;0;
15599;2024.10.11 11:15;-28;6.75;-200;-200;3430;206;0;
15600;2024.10.11 11:30;-28;6.375;-200;-200;3430;206;0;
15601;2024.10.11 11:45;-28;6.5;-200;-200;3430;206;0;
15602;2024.10.11 12:00;-28;6.5;-200;-200;3430;206;0;
15603;2024.10.11 12:15;-28;6.875;-200;-200;3430;206;0;
15604;2024.10.11 12:30;-28;6.5625;-200;-200;3430;206;0;
15605;2024.10.11 12:45;-28;6.875;-200;-200;3430;206;0;
15606;2024.10.11 13:00;-28;6.875;-200;-200;3430;206;0;
15607;2024.10.11 13:15;-28;6.9375;-200;-200;3430;206;0;
15608;2024.10.11 13:30;-28;6.75;-200;-200;3430;206;0;
15609;2024.10.11 13:45;-28;7;-200;-200;3430;206;0;
15610;2024.10.11 14:00;-28;7.5625;-200;-200;3430;206;0;
15611;2024.10.11 14:15;-28;8.375;-200;-200;3430;206;0;
15612;2024.10.11 14:30;-28;9.75;-200;-200;3430;206;0;
15613;2024.10.11 14:45;-28;11.875;-200;-200;3430;206;0;
15614;2024.10.11 15:00;-28;13.4375;-200;-200;3430;206;0;
15615;2024.10.11 15:15;-28;15.125;-200;-200;3430;206;0;
15616;2024.10.11 15:30;-28;16;-200;-200;3430;206;0;
15617;2024.10.11 15:45;-28;16.125;-200;-200;3430;206;0;
15618;2024.10.11 16:00;-28;16.5;-200;-200;3430;206;0;
15619;2024.10.11 16:15;-28;16.75;-200;-200;3430;206;0;
15620;2024.10.11 16:30;-28;16.8125;-200;-200;3430;206;0;
15621;2024.10.11 16:45;-28;17.25;-200;-200;3430;206;0;
15622;2024.10.11 17:00;-28;17.875;-200;-200;3430;206;0;
15623;2024.10.11 17:15;-28;18.125;-200;-200;3430;206;0;
15624;2024.10.11 17:30;-28;18.375;-200;-200;3430;206;0;
15625;2024.10.11 17:45;-28;19.75;-200;-200;3430;206;0;
15626;2024.10.11 18:00;-28;20;-200;-200;3430;206;0;
15627;2024.10.11 18:15;-28;19.375;-200;-200;3430;206;0;
15628;2024.10.11 18:30;-28;19;-200;-200;3430;206;0;
15629;2024.10.11 18:45;-28;18.9375;-200;-200;3430;206;0;
15630;2024.10.11 19:00;-28;18.5;-200;-200;3430;206;0;
15631;2024.10.11 19:15;-28;19;-200;-200;3430;206;0;
15632;2024.10.11 19:30;-28;18.875;-200;-200;3430;206;0;
15633;2024.10.11 19:45;-28;22.3125;-200;-200;3430;206;0;
15634;2024.10.11 20:00;-28;23.5;-200;-200;3429;206;0;
15635;2024.10.11 20:15;-28;19.875;-200;-200;3428;206;0;
15636;2024.10.11 20:30;-28;21.0625;-200;-200;3428;206;0;
15637;2024.10.11 20:45;-28;20.375;-200;-200;3428;206;0;
15638;2024.10.11 21:00;-28;19.75;-200;-200;3428;206;0;
15639;2024.10.11 21:15;-28;20.875;-200;-200;3428;206;0;
15640;2024.10.11 21:30;-28;20.9375;-200;-200;3427;206;0;
15641;2024.10.11 21:45;-28;19.625;-200;-200;3427;206;0;
15642;2024.10.11 22:00;-28;18.875;-200;-200;3427;206;0;
15643;2024.10.11 22:15;-28;20;-200;-200;3427;206;0;
15644;2024.10.11 22:30;-28;19.375;-200;-200;3427;206;0;
15645;2024.10.11 22:45;-28;18.5;-200;-200;3427;206;0;
15646;2024.10.11 23:00;-28;17.8125;-200;-200;3426;206;0;
15647;2024.10.11 23:15;-28;21;-200;-200;3427;206;0;
15648;2024.10.11 23:30;-28;18.625;-200;-200;3427;206;0;
15649;2024.10.11 23:45;-28;17.625;-200;-200;3426;206;0;
15650;2024.10.12 00:00;-28;16.875;-200;-200;3426;206;0;
15651;2024.10.12 00:15;-28;15.625;-200;-200;3426;206;0;
15652;2024.10.12 00:30;-28;14.625;-200;-200;3425;206;0;
15653;2024.10.12 00:45;-28;13.375;-200;-200;3425;206;0;
15654;2024.10.12 01:00;-28;12.1875;-200;-200;3425;206;0;
15655;2024.10.12 01:15;-28;11.6875;-200;-200;3425;206;0;
15656;2024.10.12 01:30;-28;11.375;-200;-200;3424;206;0;
15657;2024.10.12 01:45;-28;10.8125;-200;-200;3424;206;0;
15658;2024.10.12 02:00;-28;10.5;-200;-200;3424;206;0;
15659;2024.10.12 02:15;-28;10.375;-200;-200;3424;206;0;
15660;2024.10.12 02:30;-28;10.1875;-200;-200;3424;206;0;
15661;2024.10.12 02:45;-28;10.25;-200;-200;3424;206;0;
15662;2024.10.12 03:00;-28;10.25;-200;-200;3424;206;0;
15663;2024.10.12 03:15;-28;10.375;-200;-200;3424;206;0;
15664;2024.10.12 03:30;-28;10.1875;-200;-200;3424;206;0;
15665;2024.10.12 03:45;-28;10.75;-200;-200;3424;206;0;
15666;2024.10.12 04:00;-28;10.75;-200;-200;3424;206;0;
15667;2024.10.12 04:15;-28;10.625;-200;-200;3424;206;0;
15668;2024.10.12 04:30;-28;10.25;-200;-200;3424;206;0;
15669;2024.10.12 04:45;-28;10.25;-200;-200;3424;206;0;
15670;2024.10.12 05:00;-28;9.6875;-200;-200;3424;206;0;
15671;2024.10.12 05:15;-28;8.875;-200;-200;3424;206;0;
15672;2024.10.12 05:30;-28;8.75;-200;-200;3424;206;0;
15673;2024.10.12 05:45;-28;8.3125;-200;-200;3424;206;0;
15674;2024.10.12 06:00;-28;7.9375;-200;-200;3424;206;0;
15675;2024.10.12 06:15;-28;7.75;-200;-200;3424;206;0;
15676;2024.10.12 06:30;-28;7.75;-200;-200;3424;206;0;
15677;2024.10.12 06:45;-28;7.5;-200;-200;3424;206;0;
15678;2024.10.12 07:00;-28;7.4375;-200;-200;3424;206;0;
15679;2024.10.12 07:15;-28;7.3125;-200;-200;3424;206;0;
15680;2024.10.12 07:30;-28;7.125;-200;-200;3424;206;0;
15681;2024.10.12 07:45;-28;7;-200;-200;3424;206;0;
15682;2024.10.12 08:00;-28;7.125;-200;-200;3424;206;0;
15683;2024.10.12 08:15;-28;7.25;-200;-200;3424;206;0;
15684;2024.10.12 08:30;-28;6.875;-200;-200;3424;206;0;
15685;2024.10.12 08:45;-28;6.5625;-200;-200;3424;206;0;
15686;2024.10.12 09:00;-28;6.375;-200;-200;3424;206;0;
15687;2024.10.12 09:15;-28;6.375;-200;-200;3424;206;0;
15688;2024.10.12 09:30;-28;6.5;-200;-200;3424;206;0;
15689;2024.10.12 09:45;-28;6.5;-200;-200;3424;206;0;
15690;2024.10.12 10:00;-28;6.4375;-200;-200;3424;206;0;
15691;2024.10.12 10:15;-28;6.375;-200;-200;3424;206;0;
15692;2024.10.12 10:30;-28;6.25;-200;-200;3424;206;0;
15693;2024.10.12 10:45;-28;6.3125;-200;-200;3424;206;0;
15694;2024.10.12 11:00;-28;6.25;-200;-200;3424;206;0;
15695;2024.10.12 11:15;-28;6.1875;-200;-200;3424;206;0;
15696;2024.10.12 11:30;-28;6.125;-200;-200;3424;206;0;
15697;2024.10.12 11:45;-28;6;-200;-200;3424;206;0;
15698;2024.10.12 12:00;-28;5.875;-200;-200;3424;206;0;
15699;2024.10.12 12:15;-28;5.9375;-200;-200;3424;206;0;
15700;2024.10.12 12:30;-28;5.875;-200;-200;3424;206;0;
15701;2024.10.12 12:45;-28;5.8125;-200;-200;3424;206;0;
15702;2024.10.12 13:00;-28;5.75;-200;-200;3424;206;0;
15703;2024.10.12 13:15;-28;6;-200;-200;3424;206;0;
15704;2024.10.12 13:30;-28;6;-200;-200;3424;206;0;
15705;2024.10.12 13:45;-28;6.125;-200;-200;3424;206;0;
15706;2024.10.12 14:00;-28;6.6875;-200;-200;3424;206;0;
15707;2024.10.12 14:15;-28;8;-200;-200;3424;206;0;
15708;2024.10.12 14:30;-28;9.25;-200;-200;3424;206;0;
15709;2024.10.12 14:45;-28;10.8125;-200;-200;3424;206;0;
15710;2024.10.12 15:00;-28;12.6875;-200;-200;3424;206;0;
15711;2024.10.12 15:15;-28;14.25;-200;-200;3425;206;0;
15712;2024.10.12 15:30;-28;15.125;-200;-200;3425;206;0;
15713;2024.10.12 15:45;-28;15.625;-200;-200;3425;206;0;
15714;2024.10.12 16:00;-28;16.3125;-200;-200;3425;206;0;
15715;2024.10.12 16:15;-28;16.625;-200;-200;3425;206;0;
15716;2024.10.12 16:30;-28;17.125;-200;-200;3425;206;0;
15717;2024.10.12 16:45;-28;17.625;-200;-200;3425;206;0;
15718;2024.10.12 17:00;-28;18.125;-200;-200;3425;206;0;
15719;2024.10.12 17:15;-28;18.25;-200;-200;3425;206;0;
15720;2024.10.12 17:30;-28;17.625;-200;-200;3425;206;0;
15721;2024.10.12 17:45;-28;17.125;-200;-200;3425;206;0;
15722;2024.10.12 18:00;-28;19.625;-200;-200;3425;206;0;
15723;2024.10.12 18:15;-28;18.6875;-200;-200;3425;206;0;
15724;2024.10.12 18:30;-28;19.8125;-200;-200;3425;206;0;
15725;2024.10.12 18:45;-28;20.1875;-200;-200;3425;206;0;
15726;2024.10.12 19:00;-28;19.9375;-200;-200;3425;206;0;
15727;2024.10.12 19:15;-28;20.25;-200;-200;3425;206;0;
15728;2024.10.12 19:30;-28;19.375;-200;-200;3425;206;0;
15729;2024.10.12 19:45;-28;18.75;-200;-200;3425;206;0;
15730;2024.10.12 20:00;-28;19.875;-200;-200;3425;206;0;
15731;2024.10.12 20:15;-28;20.875;-200;-200;3425;206;0;
15732;2024.10.12 20:30;-28;19.625;-200;-200;3425;206;0;
15733;2024.10.12 20:45;-28;18.25;-200;-200;3425;206;0;
15734;2024.10.12 21:00;-28;18;-200;-200;3425;206;0;
15735;2024.10.12 21:15;-28;17.75;-200;-200;3425;206;0;
15736;2024.10.12 21:30;-28;17.375;-200;-200;3424;206;0;
15737;2024.10.12 21:45;-28;22.5625;-200;-200;3423;206;0;
15738;2024.10.12 22:00;-28;20.75;-200;-200;3423;206;0;
15739;2024.10.12 22:15;-28;19.5625;-200;-200;3422;206;0;
15740;2024.10.12 22:30;-28;19.625;-200;-200;3422;206;0;
15741;2024.10.12 22:45;-28;19.375;-200;-200;3422;206;0;
15742;2024.10.12 23:00;-28;19.1875;-200;-200;3422;206;0;
15743;2024.10.12 23:15;-28;21.25;-200;-200;3422;206;0;
15744;2024.10.12 23:30;-28;19.5625;-200;-200;3422;206;0;
15745;2024.10.12 23:45;-28;17.9375;-200;-200;3422;206;0;
15746;2024.10.13 00:00;-28;17.125;-200;-200;3422;206;0;
15747;2024.10.13 00:15;-28;16.25;-200;-200;3422;206;0;
15748;2024.10.13 00:30;-28;15.5;-200;-200;3422;206;0;
15749;2024.10.13 00:45;-28;14;-200;-200;3421;206;0;
15750;2024.10.13 01:00;-28;13.25;-200;-200;3421;206;0;
15751;2024.10.13 01:15;-28;12.125;-200;-200;3421;206;0;
15752;2024.10.13 01:30;-28;11.375;-200;-200;3420;206;0;
15753;2024.10.13 01:45;-28;10.9375;-200;-200;3420;206;0;
15754;2024.10.13 02:00;-28;10.625;-200;-200;3420;206;0;
15755;2024.10.13 02:15;-28;10.4375;-200;-200;3420;206;0;
15756;2024.10.13 02:30;-28;10.5;-200;-200;3420;206;0;
15757;2024.10.13 02:45;-28;11.1875;-200;-200;3420;206;0;
15758;2024.10.13 03:00;-28;11.625;-200;-200;3420;206;0;
15759;2024.10.13 03:15;-28;11.75;-200;-200;3420;206;0;
15760;2024.10.13 03:30;-28;11.625;-200;-200;3420;206;0;
15761;2024.10.13 03:45;-28;11.375;-200;-200;3420;206;0;
15762;2024.10.13 04:00;-28;10.875;-200;-200;3420;206;0;
15763;2024.10.13 04:15;-28;10.375;-200;-200;3420;206;0;
15764;2024.10.13 04:30;-28;10.125;-200;-200;3420;206;0;
15765;2024.10.13 04:45;-28;10;-200;-200;3420;206;0;
15766;2024.10.13 05:00;-28;9.6875;-200;-200;3420;206;0;
15767;2024.10.13 05:15;-28;9.4375;-200;-200;3420;206;0;
15768;2024.10.13 05:30;-28;9.25;-200;-200;3420;206;0;
15769;2024.10.13 05:45;-28;9.1875;-200;-200;3420;206;0;
15770;2024.10.13 06:00;-28;9.0625;-200;-200;3420;206;0;
15771;2024.10.13 06:15;-28;9;-200;-200;3420;206;0;
15772;2024.10.13 06:30;-28;9.375;-200;-200;3420;206;0;
15773;2024.10.13 06:45;-28;9.625;-200;-200;3420;206;0;
15774;2024.10.13 07:00;-28;9.125;-200;-200;3420;206;0;
15775;2024.10.13 07:15;-28;8.75;-200;-200;3420;206;0;
15776;2024.10.13 07:30;-28;8.3125;-200;-200;3420;206;0;
15777;2024.10.13 07:45;-28;7.75;-200;-200;3420;206;0;
15778;2024.10.13 08:00;-28;7.5;-200;-200;3420;206;0;
15779;2024.10.13 08:15;-28;7.4375;-200;-200;3420;206;0;
15780;2024.10.13 08:30;-28;7;-200;-200;3420;206;0;
15781;2024.10.13 08:45;-28;7.25;-200;-200;3420;206;0;
15782;2024.10.13 09:00;-28;6.8125;-200;-200;3420;206;0;
15783;2024.10.13 09:15;-28;6.75;-200;-200;3420;206;0;
15784;2024.10.13 09:30;-28;6.875;-200;-200;3420;206;0;
15785;2024.10.13 09:45;-28;6.875;-200;-200;3420;206;0;
15786;2024.10.13 10:00;-28;6.75;-200;-200;3420;206;0;
15787;2024.10.13 10:15;-28;6.6875;-200;-200;3420;206;0;
15788;2024.10.13 10:30;-28;6.75;-200;-200;3420;206;0;
15789;2024.10.13 10:45;-28;6.5;-200;-200;3420;206;0;
15790;2024.10.13 11:00;-28;6.5;-200;-200;3420;206;0;
15791;2024.10.13 11:15;-28;6.5;-200;-200;3420;206;0;
15792;2024.10.13 11:30;-28;6.375;-200;-200;3420;206;0;
15793;2024.10.13 11:45;-28;6.25;-200;-200;3420;206;0;
15794;2024.10.13 12:00;-28;6.0625;-200;-200;3420;206;0;
15795;2024.10.13 12:15;-28;6;-200;-200;3420;206;0;
15796;2024.10.13 12:30;-28;5.9375;-200;-200;3420;206;0;
15797;2024.10.13 12:45;-28;5.75;-200;-200;3420;206;0;
15798;2024.10.13 13:00;-28;5.75;-200;-200;3420;206;0;
15799;2024.10.13 13:15;-28;5.6875;-200;-200;3420;206;0;
15800;2024.10.13 13:30;-28;5.6875;-200;-200;3420;206;0;
15801;2024.10.13 13:45;-28;5.875;-200;-200;3420;206;0;
15802;2024.10.13 14:00;-28;6.4375;-200;-200;3420;206;0;
15803;2024.10.13 14:15;-28;7.8125;-200;-200;3420;206;0;
15804;2024.10.13 14:30;-28;9.375;-200;-200;3420;206;0;
15805;2024.10.13 14:45;-28;11.3125;-200;-200;3420;206;0;
15806;2024.10.13 15:00;-28;13.125;-200;-200;3420;206;0;
15807;2024.10.13 15:15;-28;14.375;-200;-200;3421;206;0;
15808;2024.10.13 15:30;-28;15.125;-200;-200;3421;206;0;
15809;2024.10.13 15:45;-28;15.375;-200;-200;3421;206;0;
15810;2024.10.13 16:00;-28;15.625;-200;-200;3421;206;0;
15811;2024.10.13 16:15;-28;15.75;-200;-200;3421;206;0;
15812;2024.10.13 16:30;-28;16.25;-200;-200;3421;206;0;
15813;2024.10.13 16:45;-28;16.5625;-200;-200;3421;206;0;
15814;2024.10.13 17:00;-28;17.1875;-200;-200;3421;206;0;
15815;2024.10.13 17:15;-28;17.75;-200;-200;3421;206;0;
15816;2024.10.13 17:30;-28;18.8125;-200;-200;3421;206;0;
15817;2024.10.13 17:45;-28;18.375;-200;-200;3421;206;0;
15818;2024.10.13 18:00;-28;18.3125;-200;-200;3421;206;0;
15819;2024.10.13 18:15;-28;17.9375;-200;-200;3421;206;0;
15820;2024.10.13 18:30;-28;19.75;-200;-200;3421;206;0;
15821;2024.10.13 18:45;-28;19.375;-200;-200;3421;206;0;
15822;2024.10.13 19:00;-28;19.5625;-200;-200;3421;206;0;
15823;2024.10.13 19:15;-28;19.0625;-200;-200;3421;206;0;
15824;2024.10.13 19:30;-28;18.9375;-200;-200;3421;206;0;
15825;2024.10.13 19:45;-28;20.8125;-200;-200;3421;206;0;
15826;2024.10.13 20:00;-28;18.75;-200;-200;3421;206;0;
15827;2024.10.13 20:15;-28;18.375;-200;-200;3421;206;0;
15828;2024.10.13 20:30;-28;20.25;-200;-200;3421;206;0;
15829;2024.10.13 20:45;-28;20.3125;-200;-200;3421;206;0;
15830;2024.10.13 21:00;-28;22;-200;-200;3420;206;0;
15831;2024.10.13 21:15;-28;22;-200;-200;3420;206;0;
15832;2024.10.13 21:30;-28;19.625;-200;-200;3419;206;0;
15833;2024.10.13 21:45;-28;20.0625;-200;-200;3419;206;0;
15834;2024.10.13 22:00;-28;21;-200;-200;3419;206;0;
15835;2024.10.13 22:15;-28;19.625;-200;-200;3419;206;0;
15836;2024.10.13 22:30;-28;18.75;-200;-200;3418;206;0;
15837;2024.10.13 22:45;-28;18.25;-200;-200;3418;206;0;
15838;2024.10.13 23:00;-28;18.125;-200;-200;3418;206;0;
15839;2024.10.13 23:15;-28;18.125;-200;-200;3418;206;0;
15840;2024.10.13 23:30;-28;17.875;-200;-200;3418;206;0;
15841;2024.10.13 23:45;-28;16.625;-200;-200;3418;206;0;
15842;2024.10.14 00:00;-28;16.25;-200;-200;3418;206;0;
15843;2024.10.14 00:15;-28;15.625;-200;-200;3418;206;0;
15844;2024.10.14 00:30;-28;15.1875;-200;-200;3418;206;0;
15845;2024.10.14 00:45;-28;14.8125;-200;-200;3418;206;0;
15846;2024.10.14 01:00;-28;13.625;-200;-200;3418;206;0;
15847;2024.10.14 01:15;-28;12.5;-200;-200;3418;206;0;
15848;2024.10.14 01:30;-28;12;-200;-200;3418;206;0;
15849;2024.10.14 01:45;-28;11.25;-200;-200;3418;206;0;
15850;2024.10.14 02:00;-28;11;-200;-200;3418;206;0;
15851;2024.10.14 02:15;-28;11.125;-200;-200;3418;206;0;
15852;2024.10.14 02:30;-28;11.875;-200;-200;3418;206;0;
15853;2024.10.14 02:45;-28;11.875;-200;-200;3418;206;0;
15854;2024.10.14 03:00;-28;12.375;-200;-200;3418;206;0;
15855;2024.10.14 03:15;-28;12.375;-200;-200;3418;206;0;
15856;2024.10.14 03:30;-28;11.875;-200;-200;3418;206;0;
15857;2024.10.14 03:45;-28;11.5;-200;-200;3418;206;0;
15858;2024.10.14 04:00;-28;11.25;-200;-200;3418;206;0;
15859;2024.10.14 04:15;-28;11.3125;-200;-200;3418;206;0;
15860;2024.10.14 04:30;-28;11.125;-200;-200;3418;206;0;
15861;2024.10.14 04:45;-28;10.75;-200;-200;3418;206;0;
15862;2024.10.14 05:00;-28;9.875;-200;-200;3418;206;0;
15863;2024.10.14 05:15;-28;9.25;-200;-200;3418;206;0;
15864;2024.10.14 05:30;-28;8.875;-200;-200;3418;206;0;
15865;2024.10.14 05:45;-28;8.625;-200;-200;3418;206;0;
15866;2024.10.14 06:00;-28;8.5625;-200;-200;3418;206;0;
15867;2024.10.14 06:15;-28;7.875;-200;-200;3418;206;0;
15868;2024.10.14 06:30;-28;7.75;-200;-200;3418;206;0;
15869;2024.10.14 06:45;-28;7.625;-200;-200;3418;206;0;
15870;2024.10.14 07:00;-28;8;-200;-200;3418;206;0;
15871;2024.10.14 07:15;-28;8;-200;-200;3418;206;0;
15872;2024.10.14 07:30;-28;9.25;-200;-200;3418;206;0;
15873;2024.10.14 07:45;-28;10.1875;-200;-200;3418;206;0;
15874;2024.10.14 08:00;-28;10.5625;-200;-200;3418;206;0;
15875;2024.10.14 08:15;-28;10.75;-200;-200;3418;206;0;
15876;2024.10.14 08:30;-28;10.6875;-200;-200;3418;206;0;
15877;2024.10.14 08:45;-28;10.625;-200;-200;3418;206;0;
15878;2024.10.14 09:00;-28;10.375;-200;-200;3418;206;0;
15879;2024.10.14 09:15;-28;10.25;-200;-200;3418;206;0;
15880;2024.10.14 09:30;-28;10.25;-200;-200;3418;206;0;
15881;2024.10.14 09:45;-28;10.1875;-200;-200;3418;206;0;
15882;2024.10.14 10:00;-28;9.8125;-200;-200;3418;206;0;
15883;2024.10.14 10:15;-28;9.5;-200;-200;3418;206;0;
15884;2024.10.14 10:30;-28;9.5;-200;-200;3418;206;0;
15885;2024.10.14 10:45;-28;9.5;-200;-200;3418;206;0;
15886;2024.10.14 11:00;-28;9.0625;-200;-200;3418;206;0;
15887;2024.10.14 11:15;-28;8.75;-200;-200;3418;206;0;
15888;2024.10.14 11:30;-28;8.5;-200;-200;3418;206;0;
15889;2024.10.14 11:45;-28;8.0625;-200;-200;3418;206;0;
15890;2024.10.14 12:00;-28;8.0625;-200;-200;3417;206;0;
15891;2024.10.14 12:15;-28;8;-200;-200;3418;206;0;
15892;2024.10.14 12:30;-28;7.875;-200;-200;3417;206;0;
15893;2024.10.14 12:45;-28;8.25;-200;-200;3418;206;0;
15894;2024.10.14 13:00;-28;8.75;-200;-200;3418;206;0;
15895;2024.10.14 13:15;-28;8.625;-200;-200;3418;206;0;
15896;2024.10.14 13:30;-28;8.625;-200;-200;3418;206;0;
15897;2024.10.14 13:45;-28;8.375;-200;-200;3417;206;0;
15898;2024.10.14 14:00;-28;9.375;-200;-200;3418;206;0;
15899;2024.10.14 14:15;-28;10;-200;-200;3418;206;0;
15900;2024.10.14 14:30;-28;10.625;-200;-200;3418;206;0;
15901;2024.10.14 14:45;-28;11.375;-200;-200;3418;206;0;
15902;2024.10.14 15:00;-28;12;-200;-200;3418;206;0;
15903;2024.10.14 15:15;-28;12.625;-200;-200;3418;206;0;
15904;2024.10.14 15:30;-28;13.375;-200;-200;3418;206;0;
15905;2024.10.14 15:45;-28;13.5625;-200;-200;3418;206;0;
15906;2024.10.14 16:00;-28;13.875;-200;-200;3418;206;0;
15907;2024.10.14 16:15;-28;14.375;-200;-200;3418;206;0;
15908;2024.10.14 16:30;-28;15;-200;-200;3418;206;0;
15909;2024.10.14 16:45;-28;15.625;-200;-200;3418;206;0;
15910;2024.10.14 17:00;-28;16.25;-200;-200;3418;206;0;
15911;2024.10.14 17:15;-28;16.5625;-200;-200;3418;206;0;
15912;2024.10.14 17:30;-28;17.5;-200;-200;3418;206;0;
15913;2024.10.14 17:45;-28;17.0625;-200;-200;3418;206;0;
15914;2024.10.14 18:00;-28;18.1875;-200;-200;3418;206;0;
15915;2024.10.14 18:15;-28;18.5625;-200;-200;3418;206;0;
15916;2024.10.14 18:30;-28;18.0625;-200;-200;3418;206;0;
15917;2024.10.14 18:45;-28;18.125;-200;-200;3418;206;0;
15918;2024.10.14 19:00;-28;18.125;-200;-200;3418;206;0;
15919;2024.10.14 19:15;-28;18.625;-200;-200;3418;206;0;
15920;2024.10.14 19:30;-28;18.75;-200;-200;3418;206;0;
15921;2024.10.14 19:45;-28;20.125;-200;-200;3418;206;0;
15922;2024.10.14 20:00;-28;21.9375;-200;-200;3418;206;0;
15923;2024.10.14 20:15;-28;20.75;-200;-200;3417;206;0;
15924;2024.10.14 20:30;-28;18.625;-200;-200;3417;206;0;
15925;2024.10.14 20:45;-28;18.5;-200;-200;3417;206;0;
15926;2024.10.14 21:00;-28;18.75;-200;-200;3417;206;0;
15927;2024.10.14 21:15;-28;18.625;-200;-200;3417;206;0;
15928;2024.10.14 21:30;-28;18;-200;-200;3417;206;0;
15929;2024.10.14 21:45;-28;19.875;-200;-200;3417;206;0;
15930;2024.10.14 22:00;-28;18.625;-200;-200;3417;206;0;
15931;2024.10.14 22:15;-28;17.5;-200;-200;3417;206;0;
15932;2024.10.14 22:30;-28;16.875;-200;-200;3416;206;0;
15933;2024.10.14 22:45;-28;16.875;-200;-200;3416;206;0;
15934;2024.10.14 23:00;-28;16.5;-200;-200;3417;206;0;
15935;2024.10.14 23:15;-28;17.625;-200;-200;3417;206;0;
15936;2024.10.14 23:30;-28;18.125;-200;-200;3417;206;0;
15937;2024.10.14 23:45;-28;15.75;-200;-200;3416;206;0;
15938;2024.10.15 00:00;-28;15.1875;-200;-200;3416;206;0;
15939;2024.10.15 00:15;-28;14.25;-200;-200;3416;206;0;
15940;2024.10.15 00:30;-28;13.5;-200;-200;3416;206;0;
15941;2024.10.15 00:45;-28;12.625;-200;-200;3416;206;0;
15942;2024.10.15 01:00;-28;11.625;-200;-200;3416;206;0;
15943;2024.10.15 01:15;-28;10.9375;-200;-200;3415;206;0;
15944;2024.10.15 01:30;-28;10.125;-200;-200;3416;206;0;
15945;2024.10.15 01:45;-28;9.5;-200;-200;3415;206;0;
15946;2024.10.15 02:00;-28;9.125;-200;-200;3415;206;0;
15947;2024.10.15 02:15;-28;9.25;-200;-200;3415;206;0;
15948;2024.10.15 02:30;-28;9.3125;-200;-200;3415;206;0;
15949;2024.10.15 02:45;-28;9.625;-200;-200;3415;206;0;
15950;2024.10.15 03:00;-28;9.25;-200;-200;3415;206;0;
15951;2024.10.15 03:15;-28;9;-200;-200;3415;206;0;
15952;2024.10.15 03:30;-28;9.125;-200;-200;3415;206;0;
15953;2024.10.15 03:45;-28;9.75;-200;-200;3416;206;0;
15954;2024.10.15 04:00;-28;10;-200;-200;3416;206;0;
15955;2024.10.15 04:15;-28;9;-200;-200;3415;206;0;
15956;2024.10.15 04:30;-28;8.75;-200;-200;3415;206;0;
15957;2024.10.15 04:45;-28;8.8125;-200;-200;3415;206;0;
15958;2024.10.15 05:00;-28;9.125;-200;-200;3415;206;0;
15959;2024.10.15 05:15;-28;9.3125;-200;-200;3415;206;0;
15960;2024.10.15 05:30;-28;9.1875;-200;-200;3416;206;0;
15961;2024.10.15 05:45;-28;8.8125;-200;-200;3415;206;0;
15962;2024.10.15 06:00;-28;8.1875;-200;-200;3416;206;0;
15963;2024.10.15 06:15;-28;7.75;-200;-200;3415;206;0;
15964;2024.10.15 06:30;-28;8;-200;-200;3415;206;0;
15965;2024.10.15 06:45;-28;8.375;-200;-200;3416;206;0;
15966;2024.10.15 07:00;-28;8.5;-200;-200;3415;206;0;
15967;2024.10.15 07:15;-28;8.75;-200;-200;3415;206;0;
15968;2024.10.15 07:30;-28;9;-200;-200;3415;206;0;
15969;2024.10.15 07:45;-28;8.5;-200;-200;3415;206;0;
15970;2024.10.15 08:00;-28;7.875;-200;-200;3415;206;0;
15971;2024.10.15 08:15;-28;7.5;-200;-200;3415;206;0;
15972;2024.10.15 08:30;-28;7.375;-200;-200;3415;206;0;
15973;2024.10.15 08:45;-28;6.875;-200;-200;3415;206;0;
15974;2024.10.15 09:00;-28;7.25;-200;-200;3415;206;0;
15975;2024.10.15 09:15;-28;6.8125;-200;-200;3415;206;0;
15976;2024.10.15 09:30;-28;6.875;-200;-200;3416;206;0;
15977;2024.10.15 09:45;-28;6.125;-200;-200;3416;206;0;
15978;2024.10.15 10:00;-28;5.5;-200;-200;3415;206;0;
15979;2024.10.15 10:15;-28;5.25;-200;-200;3416;206;0;
15980;2024.10.15 10:30;-28;5;-200;-200;3415;206;0;
15981;2024.10.15 10:45;-28;4.9375;-200;-200;3415;206;0;
15982;2024.10.15 11:00;-28;4.5625;-200;-200;3415;206;0;
15983;2024.10.15 11:15;-28;4.375;-200;-200;3415;206;0;
15984;2024.10.15 11:30;-28;4.4375;-200;-200;3415;206;0;
15985;2024.10.15 11:45;-28;4.4375;-200;-200;3415;206;0;
15986;2024.10.15 12:00;-28;4.1875;-200;-200;3415;206;0;
15987;2024.10.15 12:15;-28;4.125;-200;-200;3416;206;0;
15988;2024.10.15 12:30;-28;4.5;-200;-200;3415;206;0;
15989;2024.10.15 12:45;-28;5.3125;-200;-200;3415;206;0;
15990;2024.10.15 13:00;-28;6.375;-200;-200;3415;206;0;
15991;2024.10.15 13:15;-28;7;-200;-200;3415;206;0;
15992;2024.10.15 13:30;-28;7.25;-200;-200;3415;206;0;
15993;2024.10.15 13:45;-28;7.375;-200;-200;3415;206;0;
15994;2024.10.15 14:00;-28;7.5;-200;-200;3415;206;0;
15995;2024.10.15 14:15;-28;8.1875;-200;-200;3415;206;0;
15996;2024.10.15 14:30;-28;9.75;-200;-200;3415;206;0;
15997;2024.10.15 14:45;-28;11.25;-200;-200;3415;206;0;
15998;2024.10.15 15:00;-28;12.5;-200;-200;3416;206;0;
15999;2024.10.15 15:15;-28;13.375;-200;-200;3416;206;0;
16000;2024.10.15 15:30;-28;13.875;-200;-200;3416;206;0;
16001;2024.10.15 15:45;-28;14.4375;-200;-200;3416;206;0;
16002;2024.10.15 16:00;-28;14.75;-200;-200;3416;206;0;
16003;2024.10.15 16:15;-28;15;-200;-200;3416;206;0;
16004;2024.10.15 16:30;-28;15.625;-200;-200;3416;206;0;
16005;2024.10.15 16:45;-28;16.125;-200;-200;3416;206;0;
16006;2024.10.15 17:00;-28;16.6875;-200;-200;3416;206;0;
16007;2024.10.15 17:15;-28;17.375;-200;-200;3416;206;0;
16008;2024.10.15 17:30;-28;17.25;-200;-200;3416;206;0;
16009;2024.10.15 17:45;-28;16.375;-200;-200;3416;206;0;
16010;2024.10.15 18:00;-28;15.125;-200;-200;3416;206;0;
16011;2024.10.15 18:15;-28;15.1875;-200;-200;3416;206;0;
16012;2024.10.15 18:30;-28;15.125;-200;-200;3416;206;0;
16013;2024.10.15 18:45;-28;15.25;-200;-200;3416;206;0;
16014;2024.10.15 19:00;-28;15.5;-200;-200;3416;206;0;
16015;2024.10.15 19:15;-28;15.5;-200;-200;3416;206;0;
16016;2024.10.15 19:30;-28;15.5;-200;-200;3416;206;0;
16017;2024.10.15 19:45;-28;15.5;-200;-200;3416;206;0;
16018;2024.10.15 20:00;-28;13.75;-200;-200;3416;206;0;
16019;2024.10.15 20:15;-28;13.625;-200;-200;3416;206;0;
16020;2024.10.15 20:30;-28;13.9375;-200;-200;3416;206;0;
16021;2024.10.15 20:45;-28;14.125;-200;-200;3416;206;0;
16022;2024.10.15 21:00;-28;14.5;-200;-200;3416;206;0;
16023;2024.10.15 21:15;-28;14.375;-200;-200;3416;206;0;
16024;2024.10.15 21:30;-28;15.125;-200;-200;3416;206;0;
16025;2024.10.15 21:45;-28;14.875;-200;-200;3416;206;0;
16026;2024.10.15 22:00;-28;14.4375;-200;-200;3416;206;0;
16027;2024.10.15 22:15;-28;14.375;-200;-200;3416;206;0;
16028;2024.10.15 22:30;-28;14.75;-200;-200;3416;206;0;
16029;2024.10.15 22:45;-28;14.375;-200;-200;3416;206;0;
16030;2024.10.15 23:00;-28;13.875;-200;-200;3416;206;0;
16031;2024.10.15 23:15;-28;13.625;-200;-200;3416;206;0;
16032;2024.10.15 23:30;-28;13.375;-200;-200;3416;206;0;
16033;2024.10.15 23:45;-28;13;-200;-200;3416;206;0;
16034;2024.10.16 00:00;-28;12.25;-200;-200;3416;206;0;
16035;2024.10.16 00:15;-28;11.375;-200;-200;3416;206;0;
16036;2024.10.16 00:30;-28;10.5;-200;-200;3416;206;0;
16037;2024.10.16 00:45;-28;10.3125;-200;-200;3416;206;0;
16038;2024.10.16 01:00;-28;9.75;-200;-200;3416;206;0;
16039;2024.10.16 01:15;-28;9.5;-200;-200;3415;206;0;
16040;2024.10.16 01:30;-28;10.125;-200;-200;3415;206;0;
16041;2024.10.16 01:45;-28;9.625;-200;-200;3415;206;0;
16042;2024.10.16 02:00;-28;9.375;-200;-200;3415;206;0;
16043;2024.10.16 02:15;-28;8.875;-200;-200;3415;206;0;
16044;2024.10.16 02:30;-28;8.5;-200;-200;3415;206;0;
16045;2024.10.16 02:45;-28;8.25;-200;-200;3415;206;0;
16046;2024.10.16 03:00;-28;7.375;-200;-200;3415;206;0;
16047;2024.10.16 03:15;-28;7.125;-200;-200;3415;206;0;
16048;2024.10.16 03:30;-28;6.8125;-200;-200;3415;206;0;
16049;2024.10.16 03:45;-28;6.5;-200;-200;3415;206;0;
16050;2024.10.16 04:00;-28;6.375;-200;-200;3415;206;0;
16051;2024.10.16 04:15;-28;6.6875;-200;-200;3415;206;0;
16052;2024.10.16 04:30;-28;5.75;-200;-200;3415;206;0;
16053;2024.10.16 04:45;-28;5.1875;-200;-200;3415;206;0;
16054;2024.10.16 05:00;-28;5.125;-200;-200;3415;206;0;
16055;2024.10.16 05:15;-28;5;-200;-200;3415;206;0;
16056;2024.10.16 05:30;-28;5;-200;-200;3415;206;0;
16057;2024.10.16 05:45;-28;4.5625;-200;-200;3415;206;0;
16058;2024.10.16 06:00;-28;4.1875;-200;-200;3415;206;0;
16059;2024.10.16 06:15;-28;4.25;-200;-200;3416;206;0;
16060;2024.10.16 06:30;-28;4.5625;-200;-200;3415;206;0;
16061;2024.10.16 06:45;-28;4.3125;-200;-200;3415;206;0;
16062;2024.10.16 07:00;-28;4.125;-200;-200;3415;206;0;
16063;2024.10.16 07:15;-28;6.375;-200;-200;3415;206;0;
16064;2024.10.16 07:30;-28;7.25;-200;-200;3415;206;0;
16065;2024.10.16 07:45;-28;6.8125;-200;-200;3415;206;0;
16066;2024.10.16 08:00;-28;6.25;-200;-200;3415;206;0;
16067;2024.10.16 08:15;-28;5.75;-200;-200;3415;206;0;
16068;2024.10.16 08:30;-28;5.9375;-200;-200;3415;206;0;
16069;2024.10.16 08:45;-28;5.375;-200;-200;3415;206;0;
16070;2024.10.16 09:00;-28;5.25;-200;-200;3415;206;0;
16071;2024.10.16 09:15;-28;4.75;-200;-200;3415;206;0;
16072;2024.10.16 09:30;-28;4.3125;-200;-200;3415;206;0;
16073;2024.10.16 09:45;-28;3.8125;-200;-200;3415;206;0;
16074;2024.10.16 10:00;-28;3.5;-200;-200;3415;206;0;
16075;2024.10.16 10:15;-28;3.125;-200;-200;3415;206;0;
16076;2024.10.16 10:30;-28;3.375;-200;-200;3415;206;0;
16077;2024.10.16 10:45;-28;3.8125;-200;-200;3415;206;0;
16078;2024.10.16 11:00;-28;3.9375;-200;-200;3415;206;0;
16079;2024.10.16 11:15;-28;3.9375;-200;-200;3415;206;0;
16080;2024.10.16 11:30;-28;4.0625;-200;-200;3415;206;0;
16081;2024.10.16 11:45;-28;4.1875;-200;-200;3415;206;0;
16082;2024.10.16 12:00;-28;4;-200;-200;3415;206;0;
16083;2024.10.16 12:15;-28;3.9375;-200;-200;3415;206;0;
16084;2024.10.16 12:30;-28;4;-200;-200;3415;206;0;
16085;2024.10.16 12:45;-28;3.875;-200;-200;3415;206;0;
16086;2024.10.16 13:00;-28;3.6875;-200;-200;3415;206;0;
16087;2024.10.16 13:15;-28;3.5;-200;-200;3415;206;0;
16088;2024.10.16 13:30;-28;3.375;-200;-200;3415;206;0;
16089;2024.10.16 13:45;-28;3.5;-200;-200;3415;206;0;
16090;2024.10.16 14:00;-28;3.5625;-200;-200;3415;206;0;
16091;2024.10.16 14:15;-28;3.9375;-200;-200;3415;206;0;
16092;2024.10.16 14:30;-28;4.6875;-200;-200;3415;206;0;
16093;2024.10.16 14:45;-28;5.5;-200;-200;3415;206;0;
16094;2024.10.16 15:00;-28;6.5;-200;-200;3415;206;0;
16095;2024.10.16 15:15;-28;7.125;-200;-200;3415;206;0;
16096;2024.10.16 15:30;-28;8;-200;-200;3415;206;0;
16097;2024.10.16 15:45;-28;8.5;-200;-200;3415;206;0;
16098;2024.10.16 16:00;-28;8.875;-200;-200;3415;206;0;
16099;2024.10.16 16:15;-28;9.5625;-200;-200;3415;206;0;
16100;2024.10.16 16:30;-28;9.75;-200;-200;3415;206;0;
16101;2024.10.16 16:45;-28;10.5;-200;-200;3415;206;0;
16102;2024.10.16 17:00;-28;11.5;-200;-200;3416;206;0;
16103;2024.10.16 17:15;-28;12.5;-200;-200;3415;206;0;
16104;2024.10.16 17:30;-28;13.1875;-200;-200;3416;206;0;
16105;2024.10.16 17:45;-28;12.875;-200;-200;3416;206;0;
16106;2024.10.16 18:00;-28;12.625;-200;-200;3416;206;0;
16107;2024.10.16 18:15;-28;12.625;-200;-200;3416;206;0;
16108;2024.10.16 18:30;-28;13.4375;-200;-200;3416;206;0;
16109;2024.10.16 18:45;-28;13.375;-200;-200;3416;206;0;
16110;2024.10.16 19:00;-28;13.25;-200;-200;3416;206;0;
16111;2024.10.16 19:15;-28;11.625;-200;-200;3416;206;0;
16112;2024.10.16 19:30;-28;11.75;-200;-200;3415;206;0;
16113;2024.10.16 19:45;-28;12.625;-200;-200;3415;206;0;
16114;2024.10.16 20:00;-28;12.125;-200;-200;3415;206;0;
16115;2024.10.16 20:15;-28;11.4375;-200;-200;3415;206;0;
16116;2024.10.16 20:30;-28;11.125;-200;-200;3415;206;0;
16117;2024.10.16 20:45;-28;11.125;-200;-200;3415;206;0;
16118;2024.10.16 21:00;-28;10.875;-200;-200;3415;206;0;
16119;2024.10.16 21:15;-28;10.625;-200;-200;3415;206;0;
16120;2024.10.16 21:30;-28;10.375;-200;-200;3415;206;0;
16121;2024.10.16 21:45;-28;10.5;-200;-200;3415;206;0;
16122;2024.10.16 22:00;-28;10.125;-200;-200;3415;206;0;
16123;2024.10.16 22:15;-28;6.875;-200;-200;3415;206;0;
16124;2024.10.16 22:30;-28;6.375;-200;-200;3415;206;0;
16125;2024.10.16 22:45;-28;6.75;-200;-200;3415;206;0;
16126;2024.10.16 23:00;-28;7.125;-200;-200;3415;206;0;
16127;2024.10.16 23:15;-28;7.375;-200;-200;3415;206;0;
16128;2024.10.16 23:30;-28;7.5625;-200;-200;3415;206;0;
16129;2024.10.16 23:45;-28;7.75;-200;-200;3415;206;0;
16130;2024.10.17 00:00;-28;7.75;-200;-200;3415;206;0;
16131;2024.10.17 00:15;-28;7.1875;-200;-200;3415;206;0;
16132;2024.10.17 00:30;-28;6.625;-200;-200;3415;206;0;
16133;2024.10.17 00:45;-28;6.75;-200;-200;3415;206;0;
16134;2024.10.17 01:00;-28;5.5625;-200;-200;3415;206;0;
16135;2024.10.17 01:15;-28;4.875;-200;-200;3415;206;0;
16136;2024.10.17 01:30;-28;5;-200;-200;3415;206;0;
16137;2024.10.17 01:45;-28;5.625;-200;-200;3415;206;0;
16138;2024.10.17 02:00;-28;5.5625;-200;-200;3415;206;0;
16139;2024.10.17 02:15;-28;5.6875;-200;-200;3415;206;0;
16140;2024.10.17 02:30;-28;5.625;-200;-200;3415;206;0;
16141;2024.10.17 02:45;-28;5.5;-200;-200;3415;206;0;
16142;2024.10.17 03:00;-28;5.5;-200;-200;3415;206;0;
16143;2024.10.17 03:15;-28;5.5625;-200;-200;3415;206;0;
16144;2024.10.17 03:30;-28;5.6875;-200;-200;3416;206;0;
16145;2024.10.17 03:45;-28;5.75;-200;-200;3415;206;0;
16146;2024.10.17 04:00;-28;4.9375;-200;-200;3415;206;0;
16147;2024.10.17 04:15;-28;4.3125;-200;-200;3415;206;0;
16148;2024.10.17 04:30;-28;4.8125;-200;-200;3415;206;0;
16149;2024.10.17 04:45;-28;5.5;-200;-200;3415;206;0;
16150;2024.10.17 05:00;-28;6;-200;-200;3415;206;0;
16151;2024.10.17 05:15;-28;5.875;-200;-200;3415;206;0;
16152;2024.10.17 05:30;-28;5.875;-200;-200;3415;206;0;
16153;2024.10.17 05:45;-28;6;-200;-200;3415;206;0;
16154;2024.10.17 06:00;-28;6.25;-200;-200;3415;206;0;
16155;2024.10.17 06:15;-28;6.375;-200;-200;3415;206;0;
16156;2024.10.17 06:30;-28;6.25;-200;-200;3415;206;0;
16157;2024.10.17 06:45;-28;6.25;-200;-200;3415;206;0;
16158;2024.10.17 07:00;-28;6.125;-200;-200;3415;206;0;
16159;2024.10.17 07:15;-28;5.75;-200;-200;3415;206;0;
16160;2024.10.17 07:30;-28;5.625;-200;-200;3415;206;0;
16161;2024.10.17 07:45;-28;5.625;-200;-200;3415;206;0;
16162;2024.10.17 08:00;-28;5.5;-200;-200;3415;206;0;
16163;2024.10.17 08:15;-28;5.375;-200;-200;3415;206;0;
16164;2024.10.17 08:30;-28;5.3125;-200;-200;3415;206;0;
16165;2024.10.17 08:45;-28;5.125;-200;-200;3415;206;0;
16166;2024.10.17 09:00;-28;4.875;-200;-200;3415;206;0;
16167;2024.10.17 09:15;-28;4.75;-200;-200;3415;206;0;
16168;2024.10.17 09:30;-28;4.625;-200;-200;3415;206;0;
16169;2024.10.17 09:45;-28;4.1875;-200;-200;3415;206;0;
16170;2024.10.17 10:00;-28;4.125;-200;-200;3415;206;0;
16171;2024.10.17 10:15;-28;4.125;-200;-200;3415;206;0;
16172;2024.10.17 10:30;-28;4.5;-200;-200;3415;206;0;
16173;2024.10.17 10:45;-28;4.625;-200;-200;3415;206;0;
16174;2024.10.17 11:00;-28;4.375;-200;-200;3415;206;0;
16175;2024.10.17 11:15;-28;4.125;-200;-200;3415;206;0;
16176;2024.10.17 11:30;-28;3.875;-200;-200;3415;206;0;
16177;2024.10.17 11:45;-28;3.875;-200;-200;3415;206;0;
16178;2024.10.17 12:00;-28;4.0625;-200;-200;3415;206;0;
16179;2024.10.17 12:15;-28;4.125;-200;-200;3416;206;0;
16180;2024.10.17 12:30;-28;4;-200;-200;3416;206;0;
16181;2024.10.17 12:45;-28;3.875;-200;-200;3416;206;0;
16182;2024.10.17 13:00;-28;3.6875;-200;-200;3415;206;0;
16183;2024.10.17 13:15;-28;3.75;-200;-200;3416;206;0;
16184;2024.10.17 13:30;-28;4;-200;-200;3416;206;0;
16185;2024.10.17 13:45;-28;4.5;-200;-200;3416;206;0;
16186;2024.10.17 14:00;-28;5;-200;-200;3416;206;0;
16187;2024.10.17 14:15;-28;5.625;-200;-200;3416;206;0;
16188;2024.10.17 14:30;-28;6.75;-200;-200;3416;206;0;
16189;2024.10.17 14:45;-28;6.25;-200;-200;3416;206;0;
16190;2024.10.17 15:00;-28;6.8125;-200;-200;3416;206;0;
16191;2024.10.17 15:15;-28;7.5;-200;-200;3416;206;0;
16192;2024.10.17 15:30;-28;7.75;-200;-200;3416;206;0;
16193;2024.10.17 15:45;-28;8.25;-200;-200;3416;206;0;
16194;2024.10.17 16:00;-28;7.875;-200;-200;3416;206;0;
16195;2024.10.17 16:15;-28;7.75;-200;-200;3416;206;0;
16196;2024.10.17 16:30;-28;7.875;-200;-200;3416;206;0;
16197;2024.10.17 16:45;-28;7.125;-200;-200;3417;206;0;
16198;2024.10.17 17:00;-28;7.625;-200;-200;3417;206;0;
16199;2024.10.17 17:15;-28;7;-200;-200;3417;206;0;
16200;2024.10.17 17:30;-28;5.5625;-200;-200;3417;206;0;
16201;2024.10.17 17:45;-28;6.375;-200;-200;3416;206;0;
16202;2024.10.17 18:00;-28;8.125;-200;-200;3417;206;0;
16203;2024.10.17 18:15;-28;8.6875;-200;-200;3417;206;0;
16204;2024.10.17 18:30;-28;9.125;-200;-200;3417;206;0;
16205;2024.10.17 18:45;-28;9.375;-200;-200;3417;206;0;
16206;2024.10.17 19:00;-28;10;-200;-200;3417;206;0;
16207;2024.10.17 19:15;-28;11.25;-200;-200;3417;206;0;
16208;2024.10.17 19:30;-28;10.875;-200;-200;3417;206;0;
16209;2024.10.17 19:45;-28;12.8125;-200;-200;3417;206;0;
16210;2024.10.17 20:00;-28;13.875;-200;-200;3417;206;0;
16211;2024.10.17 20:15;-28;11.125;-200;-200;3417;206;0;
16212;2024.10.17 20:30;-28;10.0625;-200;-200;3417;206;0;
16213;2024.10.17 20:45;-28;10.875;-200;-200;3417;206;0;
16214;2024.10.17 21:00;-28;10.5625;-200;-200;3417;206;0;
16215;2024.10.17 21:15;-28;11.3125;-200;-200;3417;206;0;
16216;2024.10.17 21:30;-28;10.625;-200;-200;3417;206;0;
16217;2024.10.17 21:45;-28;9.875;-200;-200;3417;206;0;
16218;2024.10.17 22:00;-28;11.375;-200;-200;3417;206;0;
16219;2024.10.17 22:15;-28;10.75;-200;-200;3417;206;0;
16220;2024.10.17 22:30;-28;10.125;-200;-200;3417;206;0;
16221;2024.10.17 22:45;-28;9.6875;-200;-200;3417;206;0;
16222;2024.10.17 23:00;-28;9.5625;-200;-200;3417;206;0;
16223;2024.10.17 23:15;-28;10.875;-200;-200;3417;206;0;
16224;2024.10.17 23:30;-28;9.375;-200;-200;3417;206;0;
16225;2024.10.17 23:45;-28;7.75;-200;-200;3417;206;0;
16226;2024.10.18 00:00;-28;6.875;-200;-200;3417;206;0;
16227;2024.10.18 00:15;-28;6.25;-200;-200;3416;206;0;
16228;2024.10.18 00:30;-28;6.0625;-200;-200;3417;206;0;
16229;2024.10.18 00:45;-28;6.125;-200;-200;3416;206;0;
16230;2024.10.18 01:00;-28;5.8125;-200;-200;3416;206;0;
16231;2024.10.18 01:15;-28;5.75;-200;-200;3416;206;0;
16232;2024.10.18 01:30;-28;6;-200;-200;3416;206;0;
16233;2024.10.18 01:45;-28;6.25;-200;-200;3416;206;0;
16234;2024.10.18 02:00;-28;6.5625;-200;-200;3416;206;0;
16235;2024.10.18 02:15;-28;6.625;-200;-200;3416;206;0;
16236;2024.10.18 02:30;-28;6.75;-200;-200;3416;206;0;
16237;2024.10.18 02:45;-28;6.625;-200;-200;3416;206;0;
16238;2024.10.18 03:00;-28;6.75;-200;-200;3416;206;0;
16239;2024.10.18 03:15;-28;6.75;-200;-200;3416;206;0;
16240;2024.10.18 03:30;-28;6.625;-200;-200;3416;206;0;
16241;2024.10.18 03:45;-28;6.625;-200;-200;3416;206;0;
16242;2024.10.18 04:00;-28;6.5;-200;-200;3416;206;0;
16243;2024.10.18 04:15;-28;6.375;-200;-200;3416;206;0;
16244;2024.10.18 04:30;-28;6.25;-200;-200;3416;206;0;
16245;2024.10.18 04:45;-28;6.0625;-200;-200;3416;206;0;
16246;2024.10.18 05:00;-28;5.9375;-200;-200;3416;206;0;
16247;2024.10.18 05:15;-28;5.875;-200;-200;3416;206;0;
16248;2024.10.18 05:30;-28;6;-200;-200;3416;206;0;
16249;2024.10.18 05:45;-28;5.8125;-200;-200;3416;206;0;
16250;2024.10.18 06:00;-28;5.8125;-200;-200;3416;206;0;
16251;2024.10.18 06:15;-28;5.6875;-200;-200;3416;206;0;
16252;2024.10.18 06:30;-28;5.6875;-200;-200;3416;206;0;
16253;2024.10.18 06:45;-28;5.625;-200;-200;3417;206;0;
16254;2024.10.18 07:00;-28;5.6875;-200;-200;3417;206;0;
16255;2024.10.18 07:15;-28;5.75;-200;-200;3417;206;0;
16256;2024.10.18 07:30;-28;5.875;-200;-200;3417;206;0;
16257;2024.10.18 07:45;-28;5.75;-200;-200;3417;206;0;
16258;2024.10.18 08:00;-28;5.625;-200;-200;3416;206;0;
16259;2024.10.18 08:15;-28;5.5;-200;-200;3417;206;0;
16260;2024.10.18 08:30;-28;5.375;-200;-200;3417;206;0;
16261;2024.10.18 08:45;-28;5.375;-200;-200;3417;206;0;
16262;2024.10.18 09:00;-28;5.3125;-200;-200;3417;206;0;
16263;2024.10.18 09:15;-28;5.25;-200;-200;3417;206;0;
16264;2024.10.18 09:30;-28;5.25;-200;-200;3417;206;0;
16265;2024.10.18 09:45;-28;5.3125;-200;-200;3417;206;0;
16266;2024.10.18 10:00;-28;5.25;-200;-200;3418;206;0;
16267;2024.10.18 10:15;-28;5.25;-200;-200;3417;206;0;
16268;2024.10.18 10:30;-28;5.25;-200;-200;3418;206;0;
16269;2024.10.18 10:45;-28;5.1875;-200;-200;3417;206;0;
16270;2024.10.18 11:00;-28;5.25;-200;-200;3417;206;0;
16271;2024.10.18 11:15;-28;5.1875;-200;-200;3418;206;0;
16272;2024.10.18 11:30;-28;5.25;-200;-200;3418;206;0;
16273;2024.10.18 11:45;-28;5.25;-200;-200;3418;206;0;
16274;2024.10.18 12:00;-28;5.25;-200;-200;3418;206;0;
16275;2024.10.18 12:15;-28;5.25;-200;-200;3418;206;0;
16276;2024.10.18 12:30;-28;5.25;-200;-200;3418;206;0;
16277;2024.10.18 12:45;-28;5.125;-200;-200;3418;206;0;
16278;2024.10.18 13:00;-28;5;-200;-200;3418;206;0;
16279;2024.10.18 13:15;-28;5;-200;-200;3418;206;0;
16280;2024.10.18 13:30;-28;5;-200;-200;3418;206;0;
16281;2024.10.18 13:45;-28;5;-200;-200;3418;206;0;
16282;2024.10.18 14:00;-28;5.125;-200;-200;3419;206;0;
16283;2024.10.18 14:15;-28;5.125;-200;-200;3419;206;0;
16284;2024.10.18 14:30;-28;5.25;-200;-200;3419;206;0;
16285;2024.10.18 14:45;-28;5.5;-200;-200;3419;206;0;
16286;2024.10.18 15:00;-28;5.625;-200;-200;3419;206;0;
16287;2024.10.18 15:15;-28;5.625;-200;-200;3419;206;0;
16288;2024.10.18 15:30;-28;5.5;-200;-200;3419;206;0;
16289;2024.10.18 15:45;-28;5.9375;-200;-200;3419;206;0;
16290;2024.10.18 16:00;-28;6.125;-200;-200;3420;206;0;
16291;2024.10.18 16:15;-28;6.8125;-200;-200;3420;206;0;
16292;2024.10.18 16:30;-28;6.8125;-200;-200;3420;206;0;
16293;2024.10.18 16:45;-28;8.0625;-200;-200;3420;206;0;
16294;2024.10.18 17:00;-28;7.25;-200;-200;3420;206;0;
16295;2024.10.18 17:15;-28;9.1875;-200;-200;3420;206;0;
16296;2024.10.18 17:30;-28;8.5;-200;-200;3421;206;0;
16297;2024.10.18 17:45;-28;10.5;-200;-200;3420;206;0;
16298;2024.10.18 18:00;-28;11;-200;-200;3421;206;0;
16299;2024.10.18 18:15;-28;11.25;-200;-200;3421;206;0;
16300;2024.10.18 18:30;-28;12;-200;-200;3421;206;0;
16301;2024.10.18 18:45;-28;11.625;-200;-200;3421;206;0;
16302;2024.10.18 19:00;-28;11.125;-200;-200;3421;206;0;
16303;2024.10.18 19:15;-28;11.125;-200;-200;3421;206;0;
16304;2024.10.18 19:30;-28;11.625;-200;-200;3421;206;0;
16305;2024.10.18 19:45;-28;12.5;-200;-200;3422;206;0;
16306;2024.10.18 20:00;-28;10.75;-200;-200;3421;206;0;
16307;2024.10.18 20:15;-28;11.75;-200;-200;3421;206;0;
16308;2024.10.18 20:30;-28;11.75;-200;-200;3421;206;0;
16309;2024.10.18 20:45;-28;10.9375;-200;-200;3421;206;0;
16310;2024.10.18 21:00;-28;10.875;-200;-200;3421;206;0;
16311;2024.10.18 21:15;-28;10.4375;-200;-200;3421;206;0;
16312;2024.10.18 21:30;-28;10.75;-200;-200;3421;206;0;
16313;2024.10.18 21:45;-28;11.0625;-200;-200;3421;206;0;
16314;2024.10.18 22:00;-28;10.375;-200;-200;3421;206;0;
16315;2024.10.18 22:15;-28;10.125;-200;-200;3421;206;0;
16316;2024.10.18 22:30;-28;10.0625;-200;-200;3421;206;0;
16317;2024.10.18 22:45;-28;10;-200;-200;3421;206;0;
16318;2024.10.18 23:00;-28;9.875;-200;-200;3421;206;0;
16319;2024.10.18 23:15;-28;9.8125;-200;-200;3421;206;0;
16320;2024.10.18 23:30;-28;9.75;-200;-200;3421;206;0;
16321;2024.10.18 23:45;-28;9.75;-200;-200;3421;206;0;
16322;2024.10.19 00:00;-28;9.75;-200;-200;3421;206;0;
16323;2024.10.19 00:15;-28;9.5;-200;-200;3421;206;0;
16324;2024.10.19 00:30;-28;8.375;-200;-200;3421;206;0;
16325;2024.10.19 00:45;-28;8.125;-200;-200;3421;206;0;
16326;2024.10.19 01:00;-28;8.1875;-200;-200;3421;206;0;
16327;2024.10.19 01:15;-28;6.875;-200;-200;3420;206;0;
16328;2024.10.19 01:30;-28;7.375;-200;-200;3420;206;0;
16329;2024.10.19 01:45;-28;7.4375;-200;-200;3420;206;0;
16330;2024.10.19 02:00;-28;7.375;-200;-200;3420;206;0;
16331;2024.10.19 02:15;-28;7.75;-200;-200;3421;206;0;
16332;2024.10.19 02:30;-28;7;-200;-200;3420;206;0;
16333;2024.10.19 02:45;-28;5.875;-200;-200;3420;206;0;
16334;2024.10.19 03:00;-28;5.375;-200;-200;3420;206;0;
16335;2024.10.19 03:15;-28;6.4375;-200;-200;3420;206;0;
16336;2024.10.19 03:30;-28;7.3125;-200;-200;3420;206;0;
16337;2024.10.19 03:45;-28;7.5;-200;-200;3420;206;0;
16338;2024.10.19 04:00;-28;5.5;-200;-200;3420;206;0;
16339;2024.10.19 04:15;-28;5;-200;-200;3421;206;0;
16340;2024.10.19 04:30;-28;5;-200;-200;3421;206;0;
16341;2024.10.19 04:45;-28;5.5;-200;-200;3421;206;0;
16342;2024.10.19 05:00;-28;5.5;-200;-200;3421;206;0;
16343;2024.10.19 05:15;-28;4.4375;-200;-200;3420;206;0;
16344;2024.10.19 05:30;-28;3.8125;-200;-200;3420;206;0;
16345;2024.10.19 05:45;-28;3.75;-200;-200;3420;206;0;
16346;2024.10.19 06:00;-28;4;-200;-200;3420;206;0;
16347;2024.10.19 06:15;-28;4.3125;-200;-200;3420;206;0;
16348;2024.10.19 06:30;-28;4.375;-200;-200;3420;206;0;
16349;2024.10.19 06:45;-28;4.25;-200;-200;3421;206;0;
16350;2024.10.19 07:00;-28;4.25;-200;-200;3421;206;0;
16351;2024.10.19 07:15;-28;4.125;-200;-200;3421;206;0;
16352;2024.10.19 07:30;-28;4.0625;-200;-200;3421;206;0;
16353;2024.10.19 07:45;-28;4;-200;-200;3421;206;0;
16354;2024.10.19 08:00;-28;4;-200;-200;3422;206;0;
16355;2024.10.19 08:15;-28;3.625;-200;-200;3422;206;0;
16356;2024.10.19 08:30;-28;0.25;-200;-200;3423;206;0;
16357;2024.10.19 08:45;-28;-0.0625;-200;-200;3423;206;0;
16358;2024.10.19 09:00;-28;-0.0625;-200;-200;3424;206;0;
16359;2024.10.19 09:15;-28;-0.0625;-200;-200;3423;206;0;
16360;2024.10.19 09:30;-28;0;-200;-200;3423;206;0;
16361;2024.10.19 09:45;-28;0;-200;-200;3423;206;0;
16362;2024.10.19 10:00;-28;0;-200;-200;3424;206;0;
16363;2024.10.19 10:15;-28;0;-200;-200;3425;206;0;
16364;2024.10.19 10:30;-28;0;-200;-200;3425;206;0;
16365;2024.10.19 10:45;-28;0;-200;-200;3425;206;0;
16366;2024.10.19 11:00;-28;0.0625;-200;-200;3425;206;0;
16367;2024.10.19 11:15;-28;0;-200;-200;3425;206;0;
16368;2024.10.19 11:30;-28;0.125;-200;-200;3427;206;0;
16369;2024.10.19 11:45;-28;0.1875;-200;-200;3427;206;0;
16370;2024.10.19 12:00;-28;0.1875;-200;-200;3427;206;0;
16371;2024.10.19 12:15;-28;0.25;-200;-200;3428;206;0;
16372;2024.10.19 12:30;-28;0.25;-200;-200;3428;206;0;
16373;2024.10.19 12:45;-28;0.125;-200;-200;3428;206;0;
16374;2024.10.19 13:00;-28;0.125;-200;-200;3428;206;0;
16375;2024.10.19 13:15;-28;0.1875;-200;-200;3429;206;0;
16376;2024.10.19 13:30;-28;0.125;-200;-200;3429;206;0;
16377;2024.10.19 13:45;-28;0.125;-200;-200;3430;206;0;
16378;2024.10.19 14:00;-28;0.1875;-200;-200;3430;206;0;
16379;2024.10.19 14:15;-28;0.3125;-200;-200;3430;206;0;
16380;2024.10.19 14:30;-28;0.375;-200;-200;3430;206;0;
16381;2024.10.19 14:45;-28;0.25;-200;-200;3430;206;0;
16382;2024.10.19 15:00;-28;0.375;-200;-200;3431;206;0;
16383;2024.10.19 15:15;-28;0.5;-200;-200;3430;206;0;
16384;2024.10.19 15:30;-28;0.875;-200;-200;3431;206;0;
16385;2024.10.19 15:45;-28;0.6875;-200;-200;3431;206;0;
16386;2024.10.19 16:00;-28;0.5625;-200;-200;3431;206;0;
16387;2024.10.19 16:15;-28;0.5625;-200;-200;3431;206;0;
16388;2024.10.19 16:30;-28;0.5625;-200;-200;3431;206;0;
16389;2024.10.19 16:45;-28;0.625;-200;-200;3431;206;0;
16390;2024.10.19 17:00;-28;0.75;-200;-200;3431;206;0;
16391;2024.10.19 17:15;-28;1.5;-200;-200;3431;206;0;
16392;2024.10.19 17:30;-28;2.3125;-200;-200;3433;206;0;
16393;2024.10.19 17:45;-28;2.25;-200;-200;3433;206;0;
16394;2024.10.19 18:00;-28;2.375;-200;-200;3432;206;0;
16395;2024.10.19 18:15;-28;2.375;-200;-200;3433;206;0;
16396;2024.10.19 18:30;-28;2.75;-200;-200;3432;206;0;
16397;2024.10.19 18:45;-28;4.0625;-200;-200;3433;206;0;
16398;2024.10.19 19:00;-28;5.375;-200;-200;3433;206;0;
16399;2024.10.19 19:15;-28;5.625;-200;-200;3434;206;0;
16400;2024.10.19 19:30;-28;5.9375;-200;-200;3434;206;0;
16401;2024.10.19 19:45;-28;6.625;-200;-200;3434;206;0;
16402;2024.10.19 20:00;-28;8;-200;-200;3434;206;0;
16403;2024.10.19 20:15;-28;7.9375;-200;-200;3434;206;0;
16404;2024.10.19 20:30;-28;7.375;-200;-200;3434;206;0;
16405;2024.10.19 20:45;-28;7.6875;-200;-200;3434;206;0;
16406;2024.10.19 21:00;-28;7.5;-200;-200;3434;206;0;
16407;2024.10.19 21:15;-28;7.0625;-200;-200;3434;206;0;
16408;2024.10.19 21:30;-28;7.1875;-200;-200;3434;206;0;
16409;2024.10.19 21:45;-28;6.625;-200;-200;3435;206;0;
16410;2024.10.19 22:00;-28;6.5;-200;-200;3435;206;0;
16411;2024.10.19 22:15;-28;5.875;-200;-200;3436;206;0;
16412;2024.10.19 22:30;-28;5.625;-200;-200;3435;206;0;
16413;2024.10.19 22:45;-28;5.375;-200;-200;3435;206;0;
16414;2024.10.19 23:00;-28;5.25;-200;-200;3435;206;0;
16415;2024.10.19 23:15;-28;5.75;-200;-200;3435;206;0;
16416;2024.10.19 23:30;-28;6.5;-200;-200;3435;206;0;
16417;2024.10.19 23:45;-28;6;-200;-200;3435;206;0;
16418;2024.10.20 00:00;-28;5.5;-200;-200;3435;206;0;
16419;2024.10.20 00:15;-28;5.125;-200;-200;3435;206;0;
16420;2024.10.20 00:30;-28;5;-200;-200;3435;206;0;
16421;2024.10.20 00:45;-28;4.75;-200;-200;3435;206;0;
16422;2024.10.20 01:00;-28;4.5;-200;-200;3436;206;0;
16423;2024.10.20 01:15;-28;4.25;-200;-200;3435;206;0;
16424;2024.10.20 01:30;-28;4.875;-200;-200;3435;206;0;
16425;2024.10.20 01:45;-28;5.3125;-200;-200;3435;206;0;
16426;2024.10.20 02:00;-28;5.375;-200;-200;3435;206;0;
16427;2024.10.20 02:15;-28;5.375;-200;-200;3435;206;0;
16428;2024.10.20 02:30;-28;5.5;-200;-200;3435;206;0;
16429;2024.10.20 02:45;-28;5.5;-200;-200;3435;206;0;
16430;2024.10.20 03:00;-28;5.5;-200;-200;3435;206;0;
16431;2024.10.20 03:15;-28;5.25;-200;-200;3435;206;0;
16432;2024.10.20 03:30;-28;5;-200;-200;3435;206;0;
16433;2024.10.20 03:45;-28;5;-200;-200;3435;206;0;
16434;2024.10.20 04:00;-28;5.1875;-200;-200;3435;206;0;
16435;2024.10.20 04:15;-28;5.375;-200;-200;3435;206;0;
16436;2024.10.20 04:30;-28;5.25;-200;-200;3435;206;0;
16437;2024.10.20 04:45;-28;5.25;-200;-200;3435;206;0;
16438;2024.10.20 05:00;-28;5.375;-200;-200;3435;206;0;
16439;2024.10.20 05:15;-28;5.375;-200;-200;3435;206;0;
16440;2024.10.20 05:30;-28;5.375;-200;-200;3435;206;0;
16441;2024.10.20 05:45;-28;5.5;-200;-200;3435;206;0;
16442;2024.10.20 06:00;-28;5.375;-200;-200;3435;206;0;
16443;2024.10.20 06:15;-28;5.125;-200;-200;3435;206;0;
16444;2024.10.20 06:30;-28;5.125;-200;-200;3435;206;0;
16445;2024.10.20 06:45;-28;5.375;-200;-200;3435;206;0;
16446;2024.10.20 07:00;-28;4.875;-200;-200;3435;206;0;
16447;2024.10.20 07:15;-28;4.6875;-200;-200;3435;206;0;
16448;2024.10.20 07:30;-28;4.625;-200;-200;3435;206;0;
16449;2024.10.20 07:45;-28;5;-200;-200;3434;206;0;
16450;2024.10.20 08:00;-28;5.125;-200;-200;3435;206;0;
16451;2024.10.20 08:15;-28;5;-200;-200;3435;206;0;
16452;2024.10.20 08:30;-28;4.875;-200;-200;3435;206;0;
16453;2024.10.20 08:45;-28;4.875;-200;-200;3435;206;0;
16454;2024.10.20 09:00;-28;4.9375;-200;-200;3435;206;0;
16455;2024.10.20 09:15;-28;4.9375;-200;-200;3435;206;0;
16456;2024.10.20 09:30;-28;5;-200;-200;3435;206;0;
16457;2024.10.20 09:45;-28;5.125;-200;-200;3435;206;0;
16458;2024.10.20 10:00;-28;5.25;-200;-200;3435;206;0;
16459;2024.10.20 10:15;-28;5;-200;-200;3435;206;0;
16460;2024.10.20 10:30;-28;5.0625;-200;-200;3435;206;0;
16461;2024.10.20 10:45;-28;5;-200;-200;3435;206;0;
16462;2024.10.20 11:00;-28;4.75;-200;-200;3435;206;0;
16463;2024.10.20 11:15;-28;4.875;-200;-200;3435;206;0;
16464;2024.10.20 11:30;-28;4.625;-200;-200;3435;206;0;
16465;2024.10.20 11:45;-28;4.3125;-200;-200;3435;206;0;
16466;2024.10.20 12:00;-28;4.25;-200;-200;3435;206;0;
16467;2024.10.20 12:15;-28;4.25;-200;-200;3435;206;0;
16468;2024.10.20 12:30;-28;4.5;-200;-200;3435;206;0;
16469;2024.10.20 12:45;-28;4.375;-200;-200;3435;206;0;
16470;2024.10.20 13:00;-28;4.25;-200;-200;3435;206;0;
16471;2024.10.20 13:15;-28;4.0625;-200;-200;3435;206;0;
16472;2024.10.20 13:30;-28;3.875;-200;-200;3435;206;0;
16473;2024.10.20 13:45;-28;3.6875;-200;-200;3436;206;0;
16474;2024.10.20 14:00;-28;3.75;-200;-200;3435;206;0;
16475;2024.10.20 14:15;-28;4.1875;-200;-200;3435;206;0;
16476;2024.10.20 14:30;-28;4.75;-200;-200;3435;206;0;
16477;2024.10.20 14:45;-28;5.3125;-200;-200;3435;206;0;
16478;2024.10.20 15:00;-28;5.75;-200;-200;3436;206;0;
16479;2024.10.20 15:15;-28;6.5625;-200;-200;3436;206;0;
16480;2024.10.20 15:30;-28;7.125;-200;-200;3436;206;0;
16481;2024.10.20 15:45;-28;7.5;-200;-200;3436;206;0;
16482;2024.10.20 16:00;-28;7.75;-200;-200;3436;206;0;
16483;2024.10.20 16:15;-28;8.5;-200;-200;3436;206;0;
16484;2024.10.20 16:30;-28;8.5;-200;-200;3436;206;0;
16485;2024.10.20 16:45;-28;9.5;-200;-200;3436;206;0;
16486;2024.10.20 17:00;-28;9.3125;-200;-200;3436;206;0;
16487;2024.10.20 17:15;-28;8.75;-200;-200;3436;206;0;
16488;2024.10.20 17:30;-28;9.9375;-200;-200;3436;206;0;
16489;2024.10.20 17:45;-28;10.625;-200;-200;3437;206;0;
16490;2024.10.20 18:00;-28;9.125;-200;-200;3436;206;0;
16491;2024.10.20 18:15;-28;7.75;-200;-200;3436;206;0;
16492;2024.10.20 18:30;-28;6.75;-200;-200;3436;206;0;
16493;2024.10.20 18:45;-28;3.9375;-200;-200;3436;206;0;
16494;2024.10.20 19:00;-28;3.4375;-200;-200;3436;206;0;
16495;2024.10.20 19:15;-28;3.5;-200;-200;3436;206;0;
16496;2024.10.20 19:30;-28;3.5625;-200;-200;3436;206;0;
16497;2024.10.20 19:45;-28;4;-200;-200;3436;206;0;
16498;2024.10.20 20:00;-28;5;-200;-200;3436;206;0;
16499;2024.10.20 20:15;-28;5.5;-200;-200;3436;206;0;
16500;2024.10.20 20:30;-28;6.4375;-200;-200;3436;206;0;
16501;2024.10.20 20:45;-28;7.0625;-200;-200;3436;206;0;
16502;2024.10.20 21:00;-28;7.125;-200;-200;3436;206;0;
16503;2024.10.20 21:15;-28;7.125;-200;-200;3436;206;0;
16504;2024.10.20 21:30;-28;6.6875;-200;-200;3437;206;0;
16505;2024.10.20 21:45;-28;7;-200;-200;3437;206;0;
16506;2024.10.20 22:00;-28;7.125;-200;-200;3437;206;0;
16507;2024.10.20 22:15;-28;7.3125;-200;-200;3436;206;0;
16508;2024.10.20 22:30;-28;8.375;-200;-200;3437;206;0;
16509;2024.10.20 22:45;-28;6.625;-200;-200;3436;206;0;
16510;2024.10.20 23:00;-28;7;-200;-200;3436;206;0;
16511;2024.10.20 23:15;-28;7.1875;-200;-200;3437;206;0;
16512;2024.10.20 23:30;-28;3.875;-200;-200;3442;206;0;
16513;2024.10.20 23:45;-28;3.75;-200;-200;3442;206;0;
16514;2024.10.21 00:00;-28;3.375;-200;-200;3442;206;0;
16515;2024.10.21 00:15;-28;2.75;-200;-200;3442;206;0;
16516;2024.10.21 00:30;-28;2.4375;-200;-200;3441;206;0;
16517;2024.10.21 00:45;-28;2.1875;-200;-200;3442;206;0;
16518;2024.10.21 01:00;-28;1.875;-200;-200;3442;206;0;
16519;2024.10.21 01:15;-28;1.4375;-200;-200;3442;206;0;
16520;2024.10.21 01:30;-28;1.1875;-200;-200;3442;206;0;
16521;2024.10.21 01:45;-28;0.875;-200;-200;3442;206;0;
16522;2024.10.21 02:00;-28;0.5;-200;-200;3442;206;0;
16523;2024.10.21 02:15;-28;0.375;-200;-200;3442;206;0;
16524;2024.10.21 02:30;-28;0.1875;-200;-200;3442;206;0;
16525;2024.10.21 02:45;-28;0.125;-200;-200;3443;206;0;
16526;2024.10.21 03:00;-28;0.125;-200;-200;3443;206;0;
16527;2024.10.21 03:15;-28;0;-200;-200;3443;206;0;
16528;2024.10.21 03:30;-28;-0.25;-200;-200;3443;206;0;
16529;2024.10.21 03:45;-28;-0.375;-200;-200;3442;206;0;
16530;2024.10.21 04:00;-28;-0.625;-200;-200;3442;206;0;
16531;2024.10.21 04:15;-28;-0.75;-200;-200;3442;206;0;
16532;2024.10.21 04:30;-28;-0.9375;-200;-200;3442;206;0;
16533;2024.10.21 04:45;-28;-1;-200;-200;3443;206;0;
16534;2024.10.21 05:00;-28;-1;-200;-200;3443;206;0;
16535;2024.10.21 05:15;-28;-1.0625;-200;-200;3443;206;0;
16536;2024.10.21 05:30;-28;-1.125;-200;-200;3443;206;0;
16537;2024.10.21 05:45;-28;-1.25;-200;-200;3443;206;0;
16538;2024.10.21 06:00;-28;-1.3125;-200;-200;3443;206;0;
16539;2024.10.21 06:15;-28;-1.125;-200;-200;3443;206;0;
16540;2024.10.21 06:30;-28;-1.125;-200;-200;3443;206;0;
16541;2024.10.21 06:45;-28;-0.875;-200;-200;3443;206;0;
16542;2024.10.21 07:00;-28;-0.75;-200;-200;3443;206;0;
16543;2024.10.21 07:15;-28;-0.8125;-200;-200;3443;206;0;
16544;2024.10.21 07:30;-28;-1;-200;-200;3443;206;0;
16545;2024.10.21 07:45;-28;-1.125;-200;-200;3443;206;0;
16546;2024.10.21 08:00;-28;-0.875;-200;-200;3443;206;0;
16547;2024.10.21 08:15;-28;-0.9375;-200;-200;3443;206;0;
16548;2024.10.21 08:30;-28;-1.25;-200;-200;3443;206;0;
16549;2024.10.21 08:45;-28;-1.5;-200;-200;3443;206;0;
16550;2024.10.21 09:00;-28;-1.8125;-200;-200;3443;206;0;
16551;2024.10.21 09:15;-28;-2.1875;-200;-200;3443;206;0;
16552;2024.10.21 09:30;-28;-2.375;-200;-200;3443;206;0;
16553;2024.10.21 09:45;-28;-2.5625;-200;-200;3443;206;0;
16554;2024.10.21 10:00;-28;-2.5625;-200;-200;3443;206;0;
16555;2024.10.21 10:15;-28;-2.625;-200;-200;3443;206;0;
16556;2024.10.21 10:30;-28;-2.625;-200;-200;3443;206;0;
16557;2024.10.21 10:45;-28;-2.8125;-200;-200;3443;206;0;
16558;2024.10.21 11:00;-28;-2.8125;-200;-200;3444;206;0;
16559;2024.10.21 11:15;-28;-2.875;-200;-200;3444;206;0;
16560;2024.10.21 11:30;-28;-2.875;-200;-200;3443;206;0;
16561;2024.10.21 11:45;-28;-2.875;-200;-200;3443;206;0;
16562;2024.10.21 12:00;-28;-3;-200;-200;3443;206;0;
16563;2024.10.21 12:15;-28;-2.9375;-200;-200;3443;206;0;
16564;2024.10.21 12:30;-28;-3.1875;-200;-200;3443;206;0;
16565;2024.10.21 12:45;-28;-3.125;-200;-200;3444;206;0;
16566;2024.10.21 13:00;-28;-3;-200;-200;3443;206;0;
16567;2024.10.21 13:15;-28;-2.8125;-200;-200;3443;206;0;
16568;2024.10.21 13:30;-28;-2.6875;-200;-200;3443;206;0;
16569;2024.10.21 13:45;-28;-2.5625;-200;-200;3443;206;0;
16570;2024.10.21 14:00;-28;-2.0625;-200;-200;3443;206;0;
16571;2024.10.21 14:15;-28;-1.625;-200;-200;3444;206;0;
16572;2024.10.21 14:30;-28;-1.3125;-200;-200;3444;206;0;
16573;2024.10.21 14:45;-28;-0.75;-200;-200;3444;206;0;
16574;2024.10.21 15:00;-28;-0.125;-200;-200;3444;206;0;
16575;2024.10.21 15:15;-28;0.25;-200;-200;3445;206;0;
16576;2024.10.21 15:30;-28;0.75;-200;-200;3445;206;0;
16577;2024.10.21 15:45;-28;1.1875;-200;-200;3445;206;0;
16578;2024.10.21 16:00;-28;1.5;-200;-200;3445;206;0;
16579;2024.10.21 16:15;-28;2;-200;-200;3444;206;0;
16580;2024.10.21 16:30;-28;2.4375;-200;-200;3445;206;0;
16581;2024.10.21 16:45;-28;2.6875;-200;-200;3445;206;0;
16582;2024.10.21 17:00;-28;3.125;-200;-200;3445;206;0;
16583;2024.10.21 17:15;-28;3.625;-200;-200;3445;206;0;
16584;2024.10.21 17:30;-28;4.375;-200;-200;3445;206;0;
16585;2024.10.21 17:45;-28;4.625;-200;-200;3445;206;0;
16586;2024.10.21 18:00;-28;5.4375;-200;-200;3445;206;0;
16587;2024.10.21 18:15;-28;5.75;-200;-200;3445;206;0;
16588;2024.10.21 18:30;-28;6.25;-200;-200;3445;206;0;
16589;2024.10.21 18:45;-28;6.375;-200;-200;3445;206;0;
16590;2024.10.21 19:00;-28;6.9375;-200;-200;3445;206;0;
16591;2024.10.21 19:15;-28;8;-200;-200;3446;206;0;
16592;2024.10.21 19:30;-28;8.625;-200;-200;3446;206;0;
16593;2024.10.21 19:45;-28;10.9375;-200;-200;3447;206;0;
16594;2024.10.21 20:00;-28;12.125;-200;-200;3448;206;0;
16595;2024.10.21 20:15;-28;11.5;-200;-200;3448;206;0;
16596;2024.10.21 20:30;-28;10.25;-200;-200;3447;206;0;
16597;2024.10.21 20:45;-28;9.875;-200;-200;3447;206;0;
16598;2024.10.21 21:00;-28;10;-200;-200;3447;206;0;
16599;2024.10.21 21:15;-28;11.125;-200;-200;3447;206;0;
16600;2024.10.21 21:30;-28;10.875;-200;-200;3447;206;0;
16601;2024.10.21 21:45;-28;10.375;-200;-200;3447;206;0;
16602;2024.10.21 22:00;-28;10;-200;-200;3446;206;0;
16603;2024.10.21 22:15;-28;9.75;-200;-200;3446;206;0;
16604;2024.10.21 22:30;-28;9.5;-200;-200;3446;206;0;
16605;2024.10.21 22:45;-28;9;-200;-200;3446;206;0;
16606;2024.10.21 23:00;-28;8.625;-200;-200;3446;206;0;
16607;2024.10.21 23:15;-28;8.75;-200;-200;3446;206;0;
16608;2024.10.21 23:30;-28;9.9375;-200;-200;3446;206;0;
16609;2024.10.21 23:45;-28;7.75;-200;-200;3446;206;0;
16610;2024.10.22 00:00;-28;6.625;-200;-200;3445;206;0;
16611;2024.10.22 00:15;-28;5.625;-200;-200;3445;206;0;
16612;2024.10.22 00:30;-28;4.625;-200;-200;3445;206;0;
16613;2024.10.22 00:45;-28;3.6875;-200;-200;3444;206;0;
16614;2024.10.22 01:00;-28;3.125;-200;-200;3444;206;0;
16615;2024.10.22 01:15;-28;2.5;-200;-200;3444;206;0;
16616;2024.10.22 01:30;-28;1.75;-200;-200;3444;206;0;
16617;2024.10.22 01:45;-28;1.25;-200;-200;3444;206;0;
16618;2024.10.22 02:00;-28;1.125;-200;-200;3444;206;0;
16619;2024.10.22 02:15;-28;0.5625;-200;-200;3444;206;0;
16620;2024.10.22 02:30;-28;0.5;-200;-200;3444;206;0;
16621;2024.10.22 02:45;-28;0.25;-200;-200;3444;206;0;
16622;2024.10.22 03:00;-28;0.375;-200;-200;3444;206;0;
16623;2024.10.22 03:15;-28;0.5;-200;-200;3444;206;0;
16624;2024.10.22 03:30;-28;0.625;-200;-200;3444;206;0;
16625;2024.10.22 03:45;-28;0.875;-200;-200;3444;206;0;
16626;2024.10.22 04:00;-28;0.9375;-200;-200;3444;206;0;
16627;2024.10.22 04:15;-28;0.8125;-200;-200;3444;206;0;
16628;2024.10.22 04:30;-28;1.0625;-200;-200;3444;206;0;
16629;2024.10.22 04:45;-28;1.5625;-200;-200;3444;206;0;
16630;2024.10.22 05:00;-28;1.5;-200;-200;3444;206;0;
16631;2024.10.22 05:15;-28;1.3125;-200;-200;3444;206;0;
16632;2024.10.22 05:30;-28;0.9375;-200;-200;3444;206;0;
16633;2024.10.22 05:45;-28;1.25;-200;-200;3444;206;0;
16634;2024.10.22 06:00;-28;1.25;-200;-200;3444;206;0;
16635;2024.10.22 06:15;-28;1.25;-200;-200;3444;206;0;
16636;2024.10.22 06:30;-28;1.5;-200;-200;3444;206;0;
16637;2024.10.22 06:45;-28;1.75;-200;-200;3444;206;0;
16638;2024.10.22 07:00;-28;1.875;-200;-200;3444;206;0;
16639;2024.10.22 07:15;-28;1.875;-200;-200;3444;206;0;
16640;2024.10.22 07:30;-28;1.75;-200;-200;3444;206;0;
16641;2024.10.22 07:45;-28;1.375;-200;-200;3444;206;0;
16642;2024.10.22 08:00;-28;1.9375;-200;-200;3444;206;0;
16643;2024.10.22 08:15;-28;1.5;-200;-200;3444;206;0;
16644;2024.10.22 08:30;-28;0.9375;-200;-200;3444;206;0;
16645;2024.10.22 08:45;-28;0.75;-200;-200;3444;206;0;
16646;2024.10.22 09:00;-28;0.5;-200;-200;3444;206;0;
16647;2024.10.22 09:15;-28;0.75;-200;-200;3444;206;0;
16648;2024.10.22 09:30;-28;1.375;-200;-200;3444;206;0;
16649;2024.10.22 09:45;-28;1.75;-200;-200;3444;206;0;
16650;2024.10.22 10:00;-28;1.75;-200;-200;3444;206;0;
16651;2024.10.22 10:15;-28;1.375;-200;-200;3444;206;0;
16652;2024.10.22 10:30;-28;0.625;-200;-200;3444;206;0;
16653;2024.10.22 10:45;-28;0.5625;-200;-200;3444;206;0;
16654;2024.10.22 11:00;-28;2;-200;-200;3444;206;0;
16655;2024.10.22 11:15;-28;1.8125;-200;-200;3444;206;0;
16656;2024.10.22 11:30;-28;1.75;-200;-200;3444;206;0;
16657;2024.10.22 11:45;-28;1.75;-200;-200;3444;206;0;
16658;2024.10.22 12:00;-28;1.875;-200;-200;3444;206;0;
16659;2024.10.22 12:15;-28;2;-200;-200;3444;206;0;
16660;2024.10.22 12:30;-28;2;-200;-200;3444;206;0;
16661;2024.10.22 12:45;-28;2.125;-200;-200;3444;206;0;
16662;2024.10.22 13:00;-28;2;-200;-200;3444;206;0;
16663;2024.10.22 13:15;-28;1.625;-200;-200;3444;206;0;
16664;2024.10.22 13:30;-28;0.875;-200;-200;3444;206;0;
16665;2024.10.22 13:45;-28;1.375;-200;-200;3444;206;0;
16666;2024.10.22 14:00;-28;2.1875;-200;-200;3444;206;0;
16667;2024.10.22 14:15;-28;3.25;-200;-200;3444;206;0;
16668;2024.10.22 14:30;-28;4.3125;-200;-200;3444;206;0;
16669;2024.10.22 14:45;-28;4.75;-200;-200;3444;206;0;
16670;2024.10.22 15:00;-28;5.3125;-200;-200;3444;206;0;
16671;2024.10.22 15:15;-28;6.5;-200;-200;3444;206;0;
16672;2024.10.22 15:30;-28;7.6875;-200;-200;3444;206;0;
16673;2024.10.22 15:45;-28;8.5;-200;-200;3444;206;0;
16674;2024.10.22 16:00;-28;9.375;-200;-200;3444;206;0;
16675;2024.10.22 16:15;-28;10;-200;-200;3444;206;0;
16676;2024.10.22 16:30;-28;10.875;-200;-200;3445;206;0;
16677;2024.10.22 16:45;-28;11.75;-200;-200;3445;206;0;
16678;2024.10.22 17:00;-28;12.25;-200;-200;3445;206;0;
16679;2024.10.22 17:15;-28;12.625;-200;-200;3445;206;0;
16680;2024.10.22 17:30;-28;13.0625;-200;-200;3444;206;0;
16681;2024.10.22 17:45;-28;13.6875;-200;-200;3444;206;0;
16682;2024.10.22 18:00;-28;14.1875;-200;-200;3445;206;0;
16683;2024.10.22 18:15;-28;14.5;-200;-200;3444;206;0;
16684;2024.10.22 18:30;-28;14.625;-200;-200;3444;206;0;
16685;2024.10.22 18:45;-28;14.5;-200;-200;3444;206;0;
16686;2024.10.22 19:00;-28;14.8125;-200;-200;3444;206;0;
16687;2024.10.22 19:15;-28;14.8125;-200;-200;3444;206;0;
16688;2024.10.22 19:30;-28;15.375;-200;-200;3444;206;0;
16689;2024.10.22 19:45;-28;17;-200;-200;3443;206;0;
16690;2024.10.22 20:00;-28;18.875;-200;-200;3443;206;0;
16691;2024.10.22 20:15;-28;17.25;-200;-200;3442;206;0;
16692;2024.10.22 20:30;-28;16.125;-200;-200;3441;206;0;
16693;2024.10.22 20:45;-28;15.625;-200;-200;3441;206;0;
16694;2024.10.22 21:00;-28;15.3125;-200;-200;3441;206;0;
16695;2024.10.22 21:15;-28;16.125;-200;-200;3441;206;0;
16696;2024.10.22 21:30;-28;15.875;-200;-200;3441;206;0;
16697;2024.10.22 21:45;-28;15.125;-200;-200;3441;206;0;
16698;2024.10.22 22:00;-28;15.125;-200;-200;3441;206;0;
16699;2024.10.22 22:15;-28;14.75;-200;-200;3441;206;0;
16700;2024.10.22 22:30;-28;14.5;-200;-200;3440;206;0;
16701;2024.10.22 22:45;-28;14.25;-200;-200;3440;206;0;
16702;2024.10.22 23:00;-28;13.75;-200;-200;3440;206;0;
16703;2024.10.22 23:15;-28;13.5;-200;-200;3440;206;0;
16704;2024.10.22 23:30;-28;14.5;-200;-200;3440;206;0;
16705;2024.10.22 23:45;-28;12.875;-200;-200;3440;206;0;
16706;2024.10.23 00:00;-28;11.6875;-200;-200;3440;206;0;
16707;2024.10.23 00:15;-28;10.375;-200;-200;3439;206;0;
16708;2024.10.23 00:30;-28;9.25;-200;-200;3439;206;0;
16709;2024.10.23 00:45;-28;8.25;-200;-200;3439;206;0;
16710;2024.10.23 01:00;-28;7.75;-200;-200;3439;206;0;
16711;2024.10.23 01:15;-28;7;-200;-200;3439;206;0;
16712;2024.10.23 01:30;-28;6.5;-200;-200;3438;206;0;
16713;2024.10.23 01:45;-28;6.1875;-200;-200;3438;206;0;
16714;2024.10.23 02:00;-28;6.375;-200;-200;3439;206;0;
16715;2024.10.23 02:15;-28;6.25;-200;-200;3438;206;0;
16716;2024.10.23 02:30;-28;5.75;-200;-200;3438;206;0;
16717;2024.10.23 02:45;-28;4.875;-200;-200;3438;206;0;
16718;2024.10.23 03:00;-28;4.125;-200;-200;3438;206;0;
16719;2024.10.23 03:15;-28;3.75;-200;-200;3438;206;0;
16720;2024.10.23 03:30;-28;3.625;-200;-200;3438;206;0;
16721;2024.10.23 03:45;-28;3.375;-200;-200;3438;206;0;
16722;2024.10.23 04:00;-28;3.0625;-200;-200;3438;206;0;
16723;2024.10.23 04:15;-28;3.25;-200;-200;3438;206;0;
16724;2024.10.23 04:30;-28;2.625;-200;-200;3438;206;0;
16725;2024.10.23 04:45;-28;3.375;-200;-200;3438;206;0;
16726;2024.10.23 05:00;-28;4.625;-200;-200;3438;206;0;
16727;2024.10.23 05:15;-28;4.375;-200;-200;3438;206;0;
16728;2024.10.23 05:30;-28;4.625;-200;-200;3437;206;0;
16729;2024.10.23 05:45;-28;5.25;-200;-200;3437;206;0;
16730;2024.10.23 06:00;-28;5.5;-200;-200;3438;206;0;
16731;2024.10.23 06:15;-28;5.625;-200;-200;3438;206;0;
16732;2024.10.23 06:30;-28;5.5625;-200;-200;3438;206;0;
16733;2024.10.23 06:45;-28;4.8125;-200;-200;3438;206;0;
16734;2024.10.23 07:00;-28;3.9375;-200;-200;3438;206;0;
16735;2024.10.23 07:15;-28;3.75;-200;-200;3438;206;0;
16736;2024.10.23 07:30;-28;3.8125;-200;-200;3438;206;0;
16737;2024.10.23 07:45;-28;3.5;-200;-200;3438;206;0;
16738;2024.10.23 08:00;-28;3.25;-200;-200;3438;206;0;
16739;2024.10.23 08:15;-28;2.375;-200;-200;3438;206;0;
16740;2024.10.23 08:30;-28;2.0625;-200;-200;3438;206;0;
16741;2024.10.23 08:45;-28;1.75;-200;-200;3438;206;0;
16742;2024.10.23 09:00;-28;2;-200;-200;3438;206;0;
16743;2024.10.23 09:15;-28;2;-200;-200;3438;206;0;
16744;2024.10.23 09:30;-28;2.25;-200;-200;3438;206;0;
16745;2024.10.23 09:45;-28;2.125;-200;-200;3438;206;0;
16746;2024.10.23 10:00;-28;2.3125;-200;-200;3438;206;0;
16747;2024.10.23 10:15;-28;2.375;-200;-200;3438;206;0;
16748;2024.10.23 10:30;-28;2.625;-200;-200;3438;206;0;
16749;2024.10.23 10:45;-28;2.5;-200;-200;3438;206;0;
16750;2024.10.23 11:00;-28;2.5;-200;-200;3438;206;0;
16751;2024.10.23 11:15;-28;2.75;-200;-200;3438;206;0;
16752;2024.10.23 11:30;-28;2.5;-200;-200;3438;206;0;
16753;2024.10.23 11:45;-28;2.75;-200;-200;3438;206;0;
16754;2024.10.23 12:00;-28;2.25;-200;-200;3438;206;0;
16755;2024.10.23 12:15;-28;2.3125;-200;-200;3438;206;0;
16756;2024.10.23 12:30;-28;2.5;-200;-200;3438;206;0;
16757;2024.10.23 12:45;-28;2.375;-200;-200;3438;206;0;
16758;2024.10.23 13:00;-28;2.75;-200;-200;3438;206;0;
16759;2024.10.23 13:15;-28;2.75;-200;-200;3438;206;0;
16760;2024.10.23 13:30;-28;2.0625;-200;-200;3438;206;0;
16761;2024.10.23 13:45;-28;1.6875;-200;-200;3438;206;0;
16762;2024.10.23 14:00;-28;2.25;-200;-200;3438;206;0;
16763;2024.10.23 14:15;-28;3.125;-200;-200;3438;206;0;
16764;2024.10.23 14:30;-28;4.1875;-200;-200;3438;206;0;
16765;2024.10.23 14:45;-28;5.6875;-200;-200;3438;206;0;
16766;2024.10.23 15:00;-28;6.875;-200;-200;3438;206;0;
16767;2024.10.23 15:15;-28;8.625;-200;-200;3438;206;0;
16768;2024.10.23 15:30;-28;9.875;-200;-200;3439;206;0;
16769;2024.10.23 15:45;-28;10.5;-200;-200;3439;206;0;
16770;2024.10.23 16:00;-28;11.375;-200;-200;3439;206;0;
16771;2024.10.23 16:15;-28;12.125;-200;-200;3439;206;0;
16772;2024.10.23 16:30;-28;12.4375;-200;-200;3438;206;0;
16773;2024.10.23 16:45;-28;12.8125;-200;-200;3439;206;0;
16774;2024.10.23 17:00;-28;13.5;-200;-200;3439;206;0;
16775;2024.10.23 17:15;-28;14.4375;-200;-200;3439;206;0;
16776;2024.10.23 17:30;-28;14.875;-200;-200;3439;206;0;
16777;2024.10.23 17:45;-28;15.125;-200;-200;3439;206;0;
16778;2024.10.23 18:00;-28;15.625;-200;-200;3439;206;0;
16779;2024.10.23 18:15;-28;16.125;-200;-200;3439;206;0;
16780;2024.10.23 18:30;-28;16;-200;-200;3439;206;0;
16781;2024.10.23 18:45;-28;16.25;-200;-200;3439;206;0;
16782;2024.10.23 19:00;-28;16.1875;-200;-200;3439;206;0;
16783;2024.10.23 19:15;-28;16.1875;-200;-200;3439;206;0;
16784;2024.10.23 19:30;-28;17;-200;-200;3439;206;0;
16785;2024.10.23 19:45;-28;19.3125;-200;-200;3438;206;0;
16786;2024.10.23 20:00;-28;21.5625;-200;-200;3438;206;0;
16787;2024.10.23 20:15;-28;19;-200;-200;3437;206;0;
16788;2024.10.23 20:30;-28;17.125;-200;-200;3437;206;0;
16789;2024.10.23 20:45;-28;17;-200;-200;3437;206;0;
16790;2024.10.23 21:00;-28;16.8125;-200;-200;3437;206;0;
16791;2024.10.23 21:15;-28;16.75;-200;-200;3437;206;0;
16792;2024.10.23 21:30;-28;17.5;-200;-200;3437;206;0;
16793;2024.10.23 21:45;-28;16.75;-200;-200;3437;206;0;
16794;2024.10.23 22:00;-28;16.5;-200;-200;3437;206;0;
16795;2024.10.23 22:15;-28;16.25;-200;-200;3437;206;0;
16796;2024.10.23 22:30;-28;15.75;-200;-200;3437;206;0;
16797;2024.10.23 22:45;-28;15.4375;-200;-200;3437;206;0;
16798;2024.10.23 23:00;-28;15;-200;-200;3437;206;0;
16799;2024.10.23 23:15;-28;14.5625;-200;-200;3437;206;0;
16800;2024.10.23 23:30;-28;14.875;-200;-200;3437;206;0;
16801;2024.10.23 23:45;-28;14;-200;-200;3436;206;0;
16802;2024.10.24 00:00;-28;12.75;-200;-200;3436;206;0;
16803;2024.10.24 00:15;-28;11.125;-200;-200;3436;206;0;
16804;2024.10.24 00:30;-28;9.625;-200;-200;3436;206;0;
16805;2024.10.24 00:45;-28;8.25;-200;-200;3436;206;0;
16806;2024.10.24 01:00;-28;7.1875;-200;-200;3435;206;0;
16807;2024.10.24 01:15;-28;6.375;-200;-200;3435;206;0;
16808;2024.10.24 01:30;-28;5.6875;-200;-200;3435;206;0;
16809;2024.10.24 01:45;-28;5.1875;-200;-200;3435;206;0;
16810;2024.10.24 02:00;-28;4.875;-200;-200;3435;206;0;
16811;2024.10.24 02:15;-28;4.625;-200;-200;3435;206;0;
16812;2024.10.24 02:30;-28;4.375;-200;-200;3435;206;0;
16813;2024.10.24 02:45;-28;4.625;-200;-200;3435;206;0;
16814;2024.10.24 03:00;-28;4.25;-200;-200;3435;206;0;
16815;2024.10.24 03:15;-28;4;-200;-200;3435;206;0;
16816;2024.10.24 03:30;-28;3.875;-200;-200;3435;206;0;
16817;2024.10.24 03:45;-28;3.625;-200;-200;3435;206;0;
16818;2024.10.24 04:00;-28;3.5625;-200;-200;3435;206;0;
16819;2024.10.24 04:15;-28;3.375;-200;-200;3435;206;0;
16820;2024.10.24 04:30;-28;3.1875;-200;-200;3435;206;0;
16821;2024.10.24 04:45;-28;3.6875;-200;-200;3435;206;0;
16822;2024.10.24 05:00;-28;3.5;-200;-200;3435;206;0;
16823;2024.10.24 05:15;-28;3.5;-200;-200;3435;206;0;
16824;2024.10.24 05:30;-28;3.625;-200;-200;3435;206;0;
16825;2024.10.24 05:45;-28;4.25;-200;-200;3435;206;0;
16826;2024.10.24 06:00;-28;4.375;-200;-200;3435;206;0;
16827;2024.10.24 06:15;-28;4.3125;-200;-200;3435;206;0;
16828;2024.10.24 06:30;-28;3.875;-200;-200;3435;206;0;
16829;2024.10.24 06:45;-28;4.1875;-200;-200;3435;206;0;
16830;2024.10.24 07:00;-28;4.125;-200;-200;3435;206;0;
16831;2024.10.24 07:15;-28;3.75;-200;-200;3435;206;0;
16832;2024.10.24 07:30;-28;3.375;-200;-200;3435;206;0;
16833;2024.10.24 07:45;-28;3.75;-200;-200;3435;206;0;
16834;2024.10.24 08:00;-28;3.6875;-200;-200;3435;206;0;
16835;2024.10.24 08:15;-28;3.375;-200;-200;3435;206;0;
16836;2024.10.24 08:30;-28;3.25;-200;-200;3435;206;0;
16837;2024.10.24 08:45;-28;3.375;-200;-200;3435;206;0;
16838;2024.10.24 09:00;-28;3.5625;-200;-200;3435;206;0;
16839;2024.10.24 09:15;-28;3.875;-200;-200;3435;206;0;
16840;2024.10.24 09:30;-28;4.1875;-200;-200;3435;206;0;
16841;2024.10.24 09:45;-28;3.6875;-200;-200;3435;206;0;
16842;2024.10.24 10:00;-28;3.125;-200;-200;3435;206;0;
16843;2024.10.24 10:15;-28;3;-200;-200;3435;206;0;
16844;2024.10.24 10:30;-28;3.875;-200;-200;3435;206;0;
16845;2024.10.24 10:45;-28;3.9375;-200;-200;3435;206;0;
16846;2024.10.24 11:00;-28;3.625;-200;-200;3435;206;0;
16847;2024.10.24 11:15;-28;3.4375;-200;-200;3435;206;0;
16848;2024.10.24 11:30;-28;3;-200;-200;3435;206;0;
16849;2024.10.24 11:45;-28;2.875;-200;-200;3435;206;0;
16850;2024.10.24 12:00;-28;3.125;-200;-200;3435;206;0;
16851;2024.10.24 12:15;-28;2.75;-200;-200;3435;206;0;
16852;2024.10.24 12:30;-28;3;-200;-200;3435;206;0;
16853;2024.10.24 12:45;-28;2.625;-200;-200;3435;206;0;
16854;2024.10.24 13:00;-28;2.625;-200;-200;3435;206;0;
16855;2024.10.24 13:15;-28;2.75;-200;-200;3435;206;0;
16856;2024.10.24 13:30;-28;2.4375;-200;-200;3435;206;0;
16857;2024.10.24 13:45;-28;2.5;-200;-200;3435;206;0;
16858;2024.10.24 14:00;-28;3.75;-200;-200;3435;206;0;
16859;2024.10.24 14:15;-28;5.0625;-200;-200;3435;206;0;
16860;2024.10.24 14:30;-28;6.5;-200;-200;3435;206;0;
16861;2024.10.24 14:45;-28;7.8125;-200;-200;3435;206;0;
16862;2024.10.24 15:00;-28;8;-200;-200;3435;206;0;
16863;2024.10.24 15:15;-28;9.375;-200;-200;3435;206;0;
16864;2024.10.24 15:30;-28;10;-200;-200;3435;206;0;
16865;2024.10.24 15:45;-28;10.375;-200;-200;3435;206;0;
16866;2024.10.24 16:00;-28;10.875;-200;-200;3435;206;0;
16867;2024.10.24 16:15;-28;11.375;-200;-200;3435;206;0;
16868;2024.10.24 16:30;-28;11.625;-200;-200;3435;206;0;
16869;2024.10.24 16:45;-28;11.875;-200;-200;3435;206;0;
16870;2024.10.24 17:00;-28;12.25;-200;-200;3435;206;0;
16871;2024.10.24 17:15;-28;12.875;-200;-200;3435;206;0;
16872;2024.10.24 17:30;-28;13;-200;-200;3435;206;0;
16873;2024.10.24 17:45;-28;13.4375;-200;-200;3436;206;0;
16874;2024.10.24 18:00;-28;14.25;-200;-200;3436;206;0;
16875;2024.10.24 18:15;-28;15;-200;-200;3436;206;0;
16876;2024.10.24 18:30;-28;14.25;-200;-200;3435;206;0;
16877;2024.10.24 18:45;-28;14.375;-200;-200;3435;206;0;
16878;2024.10.24 19:00;-28;15;-200;-200;3435;206;0;
16879;2024.10.24 19:15;-28;15;-200;-200;3436;206;0;
16880;2024.10.24 19:30;-28;15.375;-200;-200;3436;206;0;
16881;2024.10.24 19:45;-28;18.125;-200;-200;3436;206;0;
16882;2024.10.24 20:00;-28;19.5;-200;-200;3436;206;0;
16883;2024.10.24 20:15;-28;17.3125;-200;-200;3436;206;0;
16884;2024.10.24 20:30;-28;16.4375;-200;-200;3435;206;0;
16885;2024.10.24 20:45;-28;15.75;-200;-200;3435;206;0;
16886;2024.10.24 21:00;-28;15.5625;-200;-200;3435;206;0;
16887;2024.10.24 21:15;-28;15.1875;-200;-200;3435;206;0;
16888;2024.10.24 21:30;-28;16.125;-200;-200;3435;206;0;
16889;2024.10.24 21:45;-28;15.3125;-200;-200;3435;206;0;
16890;2024.10.24 22:00;-28;15.5;-200;-200;3435;206;0;
16891;2024.10.24 22:15;-28;15;-200;-200;3435;206;0;
16892;2024.10.24 22:30;-28;14.75;-200;-200;3435;206;0;
16893;2024.10.24 22:45;-28;14.25;-200;-200;3435;206;0;
16894;2024.10.24 23:00;-28;13.875;-200;-200;3435;206;0;
16895;2024.10.24 23:15;-28;13.25;-200;-200;3435;206;0;
16896;2024.10.24 23:30;-28;13.3125;-200;-200;3435;206;0;
16897;2024.10.24 23:45;-28;13;-200;-200;3435;206;0;
16898;2024.10.25 00:00;-28;12.0625;-200;-200;3435;206;0;
16899;2024.10.25 00:15;-28;10.5;-200;-200;3434;206;0;
16900;2024.10.25 00:30;-28;9.5;-200;-200;3434;206;0;
16901;2024.10.25 00:45;-28;8.375;-200;-200;3434;206;0;
16902;2024.10.25 01:00;-28;7.6875;-200;-200;3434;206;0;
16903;2024.10.25 01:15;-28;6.5625;-200;-200;3434;206;0;
16904;2024.10.25 01:30;-28;6.375;-200;-200;3434;206;0;
16905;2024.10.25 01:45;-28;6.25;-200;-200;3434;206;0;
16906;2024.10.25 02:00;-28;6.3125;-200;-200;3434;206;0;
16907;2024.10.25 02:15;-28;6.5;-200;-200;3434;206;0;
16908;2024.10.25 02:30;-28;7.1875;-200;-200;3434;206;0;
16909;2024.10.25 02:45;-28;7.625;-200;-200;3434;206;0;
16910;2024.10.25 03:00;-28;7.4375;-200;-200;3434;206;0;
16911;2024.10.25 03:15;-28;7.3125;-200;-200;3434;206;0;
16912;2024.10.25 03:30;-28;7;-200;-200;3434;206;0;
16913;2024.10.25 03:45;-28;6.5;-200;-200;3434;206;0;
16914;2024.10.25 04:00;-28;6.25;-200;-200;3434;206;0;
16915;2024.10.25 04:15;-28;4.875;-200;-200;3434;206;0;
16916;2024.10.25 04:30;-28;4.5;-200;-200;3434;206;0;
16917;2024.10.25 04:45;-28;4.1875;-200;-200;3434;206;0;
16918;2024.10.25 05:00;-28;3.875;-200;-200;3434;206;0;
16919;2024.10.25 05:15;-28;4.3125;-200;-200;3434;206;0;
16920;2024.10.25 05:30;-28;3.75;-200;-200;3433;206;0;
16921;2024.10.25 05:45;-28;3.375;-200;-200;3433;206;0;
16922;2024.10.25 06:00;-28;3.5625;-200;-200;3433;206;0;
16923;2024.10.25 06:15;-28;3.125;-200;-200;3433;206;0;
16924;2024.10.25 06:30;-28;2.8125;-200;-200;3433;206;0;
16925;2024.10.25 06:45;-28;2.5;-200;-200;3433;206;0;
16926;2024.10.25 07:00;-28;2.625;-200;-200;3433;206;0;
16927;2024.10.25 07:15;-28;2.625;-200;-200;3433;206;0;
16928;2024.10.25 07:30;-28;2.75;-200;-200;3433;206;0;
16929;2024.10.25 07:45;-28;2.75;-200;-200;3433;206;0;
16930;2024.10.25 08:00;-28;2.625;-200;-200;3433;206;0;
16931;2024.10.25 08:15;-28;2.5;-200;-200;3433;206;0;
16932;2024.10.25 08:30;-28;2.625;-200;-200;3433;206;0;
16933;2024.10.25 08:45;-28;2.625;-200;-200;3433;206;0;
16934;2024.10.25 09:00;-28;2.6875;-200;-200;3433;206;0;
16935;2024.10.25 09:15;-28;2.3125;-200;-200;3433;206;0;
16936;2024.10.25 09:30;-28;2.25;-200;-200;3433;206;0;
16937;2024.10.25 09:45;-28;2.5;-200;-200;3433;206;0;
16938;2024.10.25 10:00;-28;2.5625;-200;-200;3433;206;0;
16939;2024.10.25 10:15;-28;2;-200;-200;3433;206;0;
16940;2024.10.25 10:30;-28;2.375;-200;-200;3433;206;0;
16941;2024.10.25 10:45;-28;2.5;-200;-200;3433;206;0;
16942;2024.10.25 11:00;-28;3;-200;-200;3433;206;0;
16943;2024.10.25 11:15;-28;2.25;-200;-200;3433;206;0;
16944;2024.10.25 11:30;-28;2;-200;-200;3433;206;0;
16945;2024.10.25 11:45;-28;2;-200;-200;3433;206;0;
16946;2024.10.25 12:00;-28;1.75;-200;-200;3433;206;0;
16947;2024.10.25 12:15;-28;1.6875;-200;-200;3433;206;0;
16948;2024.10.25 12:30;-28;1.9375;-200;-200;3433;206;0;
16949;2024.10.25 12:45;-28;1.9375;-200;-200;3433;206;0;
16950;2024.10.25 13:00;-28;1.8125;-200;-200;3433;206;0;
16951;2024.10.25 13:15;-28;1.4375;-200;-200;3433;206;0;
16952;2024.10.25 13:30;-28;1.125;-200;-200;3433;206;0;
16953;2024.10.25 13:45;-28;1.125;-200;-200;3433;206;0;
16954;2024.10.25 14:00;-28;2.25;-200;-200;3433;206;0;
16955;2024.10.25 14:15;-28;2.5625;-200;-200;3433;206;0;
16956;2024.10.25 14:30;-28;3.625;-200;-200;3433;206;0;
16957;2024.10.25 14:45;-28;4.5;-200;-200;3433;206;0;
16958;2024.10.25 15:00;-28;5.0625;-200;-200;3433;206;0;
16959;2024.10.25 15:15;-28;6.25;-200;-200;3433;206;0;
16960;2024.10.25 15:30;-28;7.375;-200;-200;3433;206;0;
16961;2024.10.25 15:45;-28;7.9375;-200;-200;3434;206;0;
16962;2024.10.25 16:00;-28;8.25;-200;-200;3434;206;0;
16963;2024.10.25 16:15;-28;8.75;-200;-200;3434;206;0;
16964;2024.10.25 16:30;-28;9;-200;-200;3434;206;0;
16965;2024.10.25 16:45;-28;9.5;-200;-200;3434;206;0;
16966;2024.10.25 17:00;-28;10.4375;-200;-200;3434;206;0;
16967;2024.10.25 17:15;-28;11;-200;-200;3434;206;0;
16968;2024.10.25 17:30;-28;11.5;-200;-200;3434;206;0;
16969;2024.10.25 17:45;-28;12;-200;-200;3434;206;0;
16970;2024.10.25 18:00;-28;12.625;-200;-200;3434;206;0;
16971;2024.10.25 18:15;-28;12.875;-200;-200;3434;206;0;
16972;2024.10.25 18:30;-28;13.375;-200;-200;3435;206;0;
16973;2024.10.25 18:45;-28;13.5625;-200;-200;3435;206;0;
16974;2024.10.25 19:00;-28;13.375;-200;-200;3434;206;0;
16975;2024.10.25 19:15;-28;13.0625;-200;-200;3435;206;0;
16976;2024.10.25 19:30;-28;13.4375;-200;-200;3435;206;0;
16977;2024.10.25 19:45;-28;16.1875;-200;-200;3435;206;0;
16978;2024.10.25 20:00;-28;18.375;-200;-200;3434;206;0;
16979;2024.10.25 20:15;-28;17.0625;-200;-200;3434;206;0;
16980;2024.10.25 20:30;-28;15;-200;-200;3434;206;0;
16981;2024.10.25 20:45;-28;14.375;-200;-200;3434;206;0;
16982;2024.10.25 21:00;-28;14;-200;-200;3433;206;0;
16983;2024.10.25 21:15;-28;14.4375;-200;-200;3433;206;0;
16984;2024.10.25 21:30;-28;16.25;-200;-200;3434;206;0;
16985;2024.10.25 21:45;-28;14.875;-200;-200;3434;206;0;
16986;2024.10.25 22:00;-28;14.25;-200;-200;3433;206;0;
16987;2024.10.25 22:15;-28;14.5;-200;-200;3434;206;0;
16988;2024.10.25 22:30;-28;14;-200;-200;3433;206;0;
16989;2024.10.25 22:45;-28;13.625;-200;-200;3433;206;0;
16990;2024.10.25 23:00;-28;12.875;-200;-200;3433;206;0;
16991;2024.10.25 23:15;-28;12.3125;-200;-200;3433;206;0;
16992;2024.10.25 23:30;-28;11.875;-200;-200;3433;206;0;
16993;2024.10.25 23:45;-28;11.625;-200;-200;3433;206;0;
16994;2024.10.26 00:00;-28;10.125;-200;-200;3433;206;0;
16995;2024.10.26 00:15;-28;8.625;-200;-200;3433;206;0;
16996;2024.10.26 00:30;-28;7.6875;-200;-200;3433;206;0;
16997;2024.10.26 00:45;-28;6.875;-200;-200;3433;206;0;
16998;2024.10.26 01:00;-28;5.9375;-200;-200;3432;206;0;
16999;2024.10.26 01:15;-28;5.375;-200;-200;3432;206;0;
17000;2024.10.26 01:30;-28;5;-200;-200;3432;206;0;
17001;2024.10.26 01:45;-28;4.875;-200;-200;3432;206;0;
17002;2024.10.26 02:00;-28;4.5;-200;-200;3432;206;0;
17003;2024.10.26 02:15;-28;4.375;-200;-200;3432;206;0;
17004;2024.10.26 02:30;-28;4.1875;-200;-200;3432;206;0;
17005;2024.10.26 02:45;-28;4;-200;-200;3432;206;0;
17006;2024.10.26 03:00;-28;3.9375;-200;-200;3432;206;0;
17007;2024.10.26 03:15;-28;4;-200;-200;3432;206;0;
17008;2024.10.26 03:30;-28;4.125;-200;-200;3432;206;0;
17009;2024.10.26 03:45;-28;4.125;-200;-200;3432;206;0;
17010;2024.10.26 04:00;-28;3.75;-200;-200;3432;206;0;
17011;2024.10.26 04:15;-28;3.75;-200;-200;3432;206;0;
17012;2024.10.26 04:30;-28;4.125;-200;-200;3432;206;0;
17013;2024.10.26 04:45;-28;3.6875;-200;-200;3432;206;0;
17014;2024.10.26 05:00;-28;3.5;-200;-200;3432;206;0;
17015;2024.10.26 05:15;-28;3.875;-200;-200;3432;206;0;
17016;2024.10.26 05:30;-28;3.8125;-200;-200;3432;206;0;
17017;2024.10.26 05:45;-28;3.3125;-200;-200;3432;206;0;
17018;2024.10.26 06:00;-28;3.5;-200;-200;3432;206;0;
17019;2024.10.26 06:15;-28;3.75;-200;-200;3432;206;0;
17020;2024.10.26 06:30;-28;3.5;-200;-200;3432;206;0;
17021;2024.10.26 06:45;-28;3.25;-200;-200;3432;206;0;
17022;2024.10.26 07:00;-28;3.625;-200;-200;3432;206;0;
17023;2024.10.26 07:15;-28;3.5;-200;-200;3432;206;0;
17024;2024.10.26 07:30;-28;3.375;-200;-200;3432;206;0;
17025;2024.10.26 07:45;-28;3.5;-200;-200;3432;206;0;
17026;2024.10.26 08:00;-28;3.75;-200;-200;3432;206;0;
17027;2024.10.26 08:15;-28;3.625;-200;-200;3432;206;0;
17028;2024.10.26 08:30;-28;3.375;-200;-200;3432;206;0;
17029;2024.10.26 08:45;-28;3.0625;-200;-200;3432;206;0;
17030;2024.10.26 09:00;-28;2.875;-200;-200;3432;206;0;
17031;2024.10.26 09:15;-28;2.9375;-200;-200;3432;206;0;
17032;2024.10.26 09:30;-28;3;-200;-200;3432;206;0;
17033;2024.10.26 09:45;-28;3;-200;-200;3432;206;0;
17034;2024.10.26 10:00;-28;3.125;-200;-200;3432;206;0;
17035;2024.10.26 10:15;-28;3.1875;-200;-200;3432;206;0;
17036;2024.10.26 10:30;-28;3.0625;-200;-200;3432;206;0;
17037;2024.10.26 10:45;-28;3.1875;-200;-200;3432;206;0;
17038;2024.10.26 11:00;-28;2.9375;-200;-200;3432;206;0;
17039;2024.10.26 11:15;-28;2.9375;-200;-200;3432;206;0;
17040;2024.10.26 11:30;-28;2.5;-200;-200;3432;206;0;
17041;2024.10.26 11:45;-28;2.1875;-200;-200;3432;206;0;
17042;2024.10.26 12:00;-28;2.0625;-200;-200;3432;206;0;
17043;2024.10.26 12:15;-28;1.875;-200;-200;3432;206;0;
17044;2024.10.26 12:30;-28;1.875;-200;-200;3432;206;0;
17045;2024.10.26 12:45;-28;1.75;-200;-200;3432;206;0;
17046;2024.10.26 13:00;-28;1.75;-200;-200;3432;206;0;
17047;2024.10.26 13:15;-28;1.6875;-200;-200;3432;206;0;
17048;2024.10.26 13:30;-28;1.75;-200;-200;3432;206;0;
17049;2024.10.26 13:45;-28;1.75;-200;-200;3432;206;0;
17050;2024.10.26 14:00;-28;1.875;-200;-200;3432;206;0;
17051;2024.10.26 14:15;-28;2.875;-200;-200;3432;206;0;
17052;2024.10.26 14:30;-28;4.4375;-200;-200;3432;206;0;
17053;2024.10.26 14:45;-28;5.75;-200;-200;3432;206;0;
17054;2024.10.26 15:00;-28;7.25;-200;-200;3432;206;0;
17055;2024.10.26 15:15;-28;8.375;-200;-200;3432;206;0;
17056;2024.10.26 15:30;-28;9.25;-200;-200;3432;206;0;
17057;2024.10.26 15:45;-28;10.0625;-200;-200;3432;206;0;
17058;2024.10.26 16:00;-28;10.9375;-200;-200;3432;206;0;
17059;2024.10.26 16:15;-28;11.625;-200;-200;3433;206;0;
17060;2024.10.26 16:30;-28;12.3125;-200;-200;3433;206;0;
17061;2024.10.26 16:45;-28;13;-200;-200;3433;206;0;
17062;2024.10.26 17:00;-28;13.4375;-200;-200;3433;206;0;
17063;2024.10.26 17:15;-28;14.25;-200;-200;3433;206;0;
17064;2024.10.26 17:30;-28;14.5;-200;-200;3433;206;0;
17065;2024.10.26 17:45;-28;15.25;-200;-200;3433;206;0;
17066;2024.10.26 18:00;-28;15.875;-200;-200;3433;206;0;
17067;2024.10.26 18:15;-28;16.5;-200;-200;3433;206;0;
17068;2024.10.26 18:30;-28;16.75;-200;-200;3433;206;0;
17069;2024.10.26 18:45;-28;16.0625;-200;-200;3433;206;0;
17070;2024.10.26 19:00;-28;16.375;-200;-200;3433;206;0;
17071;2024.10.26 19:15;-28;16;-200;-200;3433;206;0;
17072;2024.10.26 19:30;-28;16.625;-200;-200;3433;206;0;
17073;2024.10.26 19:45;-28;18.625;-200;-200;3434;206;0;
17074;2024.10.26 20:00;-28;20.875;-200;-200;3434;206;0;
17075;2024.10.26 20:15;-28;19.125;-200;-200;3434;206;0;
17076;2024.10.26 20:30;-28;17.5;-200;-200;3433;206;0;
17077;2024.10.26 20:45;-28;16.625;-200;-200;3433;206;0;
17078;2024.10.26 21:00;-28;16.75;-200;-200;3433;206;0;
17079;2024.10.26 21:15;-28;16.5;-200;-200;3433;206;0;
17080;2024.10.26 21:30;-28;18.75;-200;-200;3433;206;0;
17081;2024.10.26 21:45;-28;16.875;-200;-200;3433;206;0;
17082;2024.10.26 22:00;-28;16.125;-200;-200;3433;206;0;
17083;2024.10.26 22:15;-28;16.75;-200;-200;3433;206;0;
17084;2024.10.26 22:30;-28;15.875;-200;-200;3433;206;0;
17085;2024.10.26 22:45;-28;15.625;-200;-200;3433;206;0;
17086;2024.10.26 23:00;-28;15.125;-200;-200;3433;206;0;
17087;2024.10.26 23:15;-28;14.75;-200;-200;3433;206;0;
17088;2024.10.26 23:30;-28;14.5;-200;-200;3433;206;0;
17089;2024.10.26 23:45;-28;14.125;-200;-200;3433;206;0;
17090;2024.10.27 00:00;-28;12.75;-200;-200;3433;206;0;
17091;2024.10.27 00:15;-28;11.0625;-200;-200;3433;206;0;
17092;2024.10.27 00:30;-28;9.8125;-200;-200;3432;206;0;
17093;2024.10.27 00:45;-28;8.5;-200;-200;3432;206;0;
17094;2024.10.27 01:00;-28;7.875;-200;-200;3432;206;0;
17095;2024.10.27 01:15;-28;7.4375;-200;-200;3432;206;0;
17096;2024.10.27 01:30;-28;7.3125;-200;-200;3432;206;0;
17097;2024.10.27 01:45;-28;6.8125;-200;-200;3432;206;0;
17098;2024.10.27 02:00;-28;6.375;-200;-200;3432;206;0;
17099;2024.10.27 02:15;-28;6.1875;-200;-200;3432;206;0;
17100;2024.10.27 02:30;-28;6.0625;-200;-200;3432;206;0;
17101;2024.10.27 02:45;-28;5.9375;-200;-200;3432;206;0;
17102;2024.10.27 03:00;-28;6;-200;-200;3431;206;0;
17103;2024.10.27 03:15;-28;5.75;-200;-200;3431;206;0;
17104;2024.10.27 03:30;-28;5.5625;-200;-200;3432;206;0;
17105;2024.10.27 03:45;-28;5.4375;-200;-200;3432;206;0;
17106;2024.10.27 04:00;-28;5.375;-200;-200;3432;206;0;
17107;2024.10.27 04:15;-28;5.375;-200;-200;3431;206;0;
17108;2024.10.27 04:30;-28;5.5;-200;-200;3432;206;0;
17109;2024.10.27 04:45;-28;5.4375;-200;-200;3431;206;0;
17110;2024.10.27 05:00;-28;5.5;-200;-200;3432;206;0;
17111;2024.10.27 05:15;-28;5.25;-200;-200;3432;206;0;
17112;2024.10.27 05:30;-28;5.125;-200;-200;3432;206;0;
17113;2024.10.27 05:45;-28;4.875;-200;-200;3432;206;0;
17114;2024.10.27 06:00;-28;4.875;-200;-200;3432;206;0;
17115;2024.10.27 06:15;-28;4.75;-200;-200;3431;206;0;
17116;2024.10.27 06:30;-28;4.625;-200;-200;3431;206;0;
17117;2024.10.27 06:45;-28;4.625;-200;-200;3432;206;0;
17118;2024.10.27 07:00;-28;4.5;-200;-200;3432;206;0;
17119;2024.10.27 07:15;-28;4.375;-200;-200;3431;206;0;
17120;2024.10.27 07:30;-28;4.25;-200;-200;3432;206;0;
17121;2024.10.27 07:45;-28;4.125;-200;-200;3431;206;0;
17122;2024.10.27 08:00;-28;4.125;-200;-200;3431;206;0;
17123;2024.10.27 08:15;-28;4;-200;-200;3432;206;0;
17124;2024.10.27 08:30;-28;3.875;-200;-200;3431;206;0;
17125;2024.10.27 08:45;-28;3.875;-200;-200;3431;206;0;
17126;2024.10.27 09:00;-28;3.875;-200;-200;3431;206;0;
17127;2024.10.27 09:15;-28;4;-200;-200;3431;206;0;
17128;2024.10.27 09:30;-28;3.9375;-200;-200;3431;206;0;
17129;2024.10.27 09:45;-28;3.8125;-200;-200;3431;206;0;
17130;2024.10.27 10:00;-28;3.75;-200;-200;3431;206;0;
17131;2024.10.27 10:15;-28;3.5;-200;-200;3431;206;0;
17132;2024.10.27 10:30;-28;3.375;-200;-200;3431;206;0;
17133;2024.10.27 10:45;-28;3.25;-200;-200;3431;206;0;
17134;2024.10.27 11:00;-28;3.3125;-200;-200;3431;206;0;
17135;2024.10.27 11:15;-28;3.375;-200;-200;3431;206;0;
17136;2024.10.27 11:30;-28;3.25;-200;-200;3431;206;0;
17137;2024.10.27 11:45;-28;3.25;-200;-200;3431;206;0;
17138;2024.10.27 12:00;-28;3.125;-200;-200;3431;206;0;
17139;2024.10.27 12:15;-28;3.125;-200;-200;3431;206;0;
17140;2024.10.27 12:30;-28;3;-200;-200;3431;206;0;
17141;2024.10.27 12:45;-28;2.875;-200;-200;3431;206;0;
17142;2024.10.27 13:00;-28;3;-200;-200;3431;206;0;
17143;2024.10.27 13:15;-28;3;-200;-200;3431;206;0;
17144;2024.10.27 13:30;-28;3;-200;-200;3431;206;0;
17145;2024.10.27 13:45;-28;3.375;-200;-200;3431;206;0;
17146;2024.10.27 14:00;-28;3.625;-200;-200;3431;206;0;
17147;2024.10.27 14:15;-28;4.875;-200;-200;3431;206;0;
17148;2024.10.27 14:30;-28;6;-200;-200;3431;206;0;
17149;2024.10.27 14:45;-28;7.1875;-200;-200;3432;206;0;
17150;2024.10.27 15:00;-28;8.1875;-200;-200;3431;206;0;
17151;2024.10.27 15:15;-28;10.4375;-200;-200;3432;206;0;
17152;2024.10.27 15:30;-28;11.875;-200;-200;3432;206;0;
17153;2024.10.27 15:45;-28;12.9375;-200;-200;3433;206;0;
17154;2024.10.27 16:00;-28;13.875;-200;-200;3433;206;0;
17155;2024.10.27 16:15;-28;14.25;-200;-200;3433;206;0;
17156;2024.10.27 16:30;-28;14.8125;-200;-200;3433;206;0;
17157;2024.10.27 16:45;-28;15.1875;-200;-200;3433;206;0;
17158;2024.10.27 17:00;-28;15.625;-200;-200;3433;206;0;
17159;2024.10.27 17:15;-28;15.875;-200;-200;3433;206;0;
17160;2024.10.27 17:30;-28;15.875;-200;-200;3433;206;0;
17161;2024.10.27 17:45;-28;16.375;-200;-200;3433;206;0;
17162;2024.10.27 18:00;-28;16.375;-200;-200;3433;206;0;
17163;2024.10.27 18:15;-28;16.5625;-200;-200;3433;206;0;
17164;2024.10.27 18:30;-28;16.5;-200;-200;3433;206;0;
17165;2024.10.27 18:45;-28;16.5;-200;-200;3433;206;0;
17166;2024.10.27 19:00;-28;16.4375;-200;-200;3433;206;0;
17167;2024.10.27 19:15;-28;16.625;-200;-200;3433;206;0;
17168;2024.10.27 19:30;-28;17.25;-200;-200;3433;206;0;
17169;2024.10.27 19:45;-28;18.75;-200;-200;3433;206;0;
17170;2024.10.27 20:00;-28;19.375;-200;-200;3433;206;0;
17171;2024.10.27 20:15;-28;18.25;-200;-200;3432;206;0;
17172;2024.10.27 20:30;-28;17.375;-200;-200;3432;206;0;
17173;2024.10.27 20:45;-28;16.6875;-200;-200;3432;206;0;
17174;2024.10.27 21:00;-28;16.875;-200;-200;3432;206;0;
17175;2024.10.27 21:15;-28;17.5;-200;-200;3432;206;0;
17176;2024.10.27 21:30;-28;17.3125;-200;-200;3432;206;0;
17177;2024.10.27 21:45;-28;17.0625;-200;-200;3432;206;0;
17178;2024.10.27 22:00;-28;16.625;-200;-200;3432;206;0;
17179;2024.10.27 22:15;-28;16.75;-200;-200;3432;206;0;
17180;2024.10.27 22:30;-28;16.375;-200;-200;3432;206;0;
17181;2024.10.27 22:45;-28;16.375;-200;-200;3432;206;0;
17182;2024.10.27 23:00;-28;16;-200;-200;3432;206;0;
17183;2024.10.27 23:15;-28;15.5625;-200;-200;3432;206;0;
17184;2024.10.27 23:30;-28;15.5;-200;-200;3432;206;0;
17185;2024.10.27 23:45;-28;15.125;-200;-200;3432;206;0;
17186;2024.10.28 00:00;-28;14.25;-200;-200;3432;206;0;
17187;2024.10.28 00:15;-28;12.875;-200;-200;3432;206;0;
17188;2024.10.28 00:30;-28;11.125;-200;-200;3431;206;0;
17189;2024.10.28 00:45;-28;10.25;-200;-200;3431;206;0;
17190;2024.10.28 01:00;-28;9.375;-200;-200;3431;206;0;
17191;2024.10.28 01:15;-28;10.5625;-200;-200;3431;206;0;
17192;2024.10.28 01:30;-28;10.8125;-200;-200;3431;206;0;
17193;2024.10.28 01:45;-28;9.5;-200;-200;3431;206;0;
17194;2024.10.28 02:00;-28;8.5;-200;-200;3431;206;0;
17195;2024.10.28 02:15;-28;8.375;-200;-200;3431;206;0;
17196;2024.10.28 02:30;-28;9;-200;-200;3431;206;0;
17197;2024.10.28 02:45;-28;9.125;-200;-200;3431;206;0;
17198;2024.10.28 03:00;-28;8.4375;-200;-200;3431;206;0;
17199;2024.10.28 03:15;-28;8.125;-200;-200;3431;206;0;
17200;2024.10.28 03:30;-28;7.625;-200;-200;3431;206;0;
17201;2024.10.28 03:45;-28;7.5625;-200;-200;3431;206;0;
17202;2024.10.28 04:00;-28;7.5;-200;-200;3431;206;0;
17203;2024.10.28 04:15;-28;8.875;-200;-200;3431;206;0;
17204;2024.10.28 04:30;-28;9;-200;-200;3431;206;0;
17205;2024.10.28 04:45;-28;9;-200;-200;3431;206;0;
17206;2024.10.28 05:00;-28;9.125;-200;-200;3431;206;0;
17207;2024.10.28 05:15;-28;9.125;-200;-200;3431;206;0;
17208;2024.10.28 05:30;-28;9.25;-200;-200;3431;206;0;
17209;2024.10.28 05:45;-28;10.125;-200;-200;3431;206;0;
17210;2024.10.28 06:00;-28;10.5625;-200;-200;3431;206;0;
17211;2024.10.28 06:15;-28;10.75;-200;-200;3431;206;0;
17212;2024.10.28 06:30;-28;10.625;-200;-200;3431;206;0;
17213;2024.10.28 06:45;-28;9.875;-200;-200;3431;206;0;
17214;2024.10.28 07:00;-28;9.5;-200;-200;3431;206;0;
17215;2024.10.28 07:15;-28;8.375;-200;-200;3431;206;0;
17216;2024.10.28 07:30;-28;7.875;-200;-200;3431;206;0;
17217;2024.10.28 07:45;-28;6.875;-200;-200;3431;206;0;
17218;2024.10.28 08:00;-28;6.8125;-200;-200;3431;206;0;
17219;2024.10.28 08:15;-28;6.625;-200;-200;3431;206;0;
17220;2024.10.28 08:30;-28;6.25;-200;-200;3431;206;0;
17221;2024.10.28 08:45;-28;5.875;-200;-200;3431;206;0;
17222;2024.10.28 09:00;-28;5.25;-200;-200;3431;206;0;
17223;2024.10.28 09:15;-28;5;-200;-200;3431;206;0;
17224;2024.10.28 09:30;-28;4.5;-200;-200;3431;206;0;
17225;2024.10.28 09:45;-28;4.4375;-200;-200;3431;206;0;
17226;2024.10.28 10:00;-28;4;-200;-200;3431;206;0;
17227;2024.10.28 10:15;-28;3.625;-200;-200;3431;206;0;
17228;2024.10.28 10:30;-28;3.6875;-200;-200;3431;206;0;
17229;2024.10.28 10:45;-28;3.9375;-200;-200;3431;206;0;
17230;2024.10.28 11:00;-28;4.0625;-200;-200;3431;206;0;
17231;2024.10.28 11:15;-28;4.25;-200;-200;3431;206;0;
17232;2024.10.28 11:30;-28;4.1875;-200;-200;3431;206;0;
17233;2024.10.28 11:45;-28;4.375;-200;-200;3431;206;0;
17234;2024.10.28 12:00;-28;4.25;-200;-200;3431;206;0;
17235;2024.10.28 12:15;-28;4.625;-200;-200;3431;206;0;
17236;2024.10.28 12:30;-28;4.4375;-200;-200;3431;206;0;
17237;2024.10.28 12:45;-28;4;-200;-200;3431;206;0;
17238;2024.10.28 13:00;-28;4.5;-200;-200;3431;206;0;
17239;2024.10.28 13:15;-28;5;-200;-200;3431;206;0;
17240;2024.10.28 13:30;-28;5.125;-200;-200;3431;206;0;
17241;2024.10.28 13:45;-28;4.875;-200;-200;3431;206;0;
17242;2024.10.28 14:00;-28;5.3125;-200;-200;3431;206;0;
17243;2024.10.28 14:15;-28;6;-200;-200;3431;206;0;
17244;2024.10.28 14:30;-28;6.375;-200;-200;3431;206;0;
17245;2024.10.28 14:45;-28;7.125;-200;-200;3431;206;0;
17246;2024.10.28 15:00;-28;9.25;-200;-200;3431;206;0;
17247;2024.10.28 15:15;-28;10.375;-200;-200;3431;206;0;
17248;2024.10.28 15:30;-28;11;-200;-200;3431;206;0;
17249;2024.10.28 15:45;-28;11.625;-200;-200;3431;206;0;
17250;2024.10.28 16:00;-28;11.875;-200;-200;3431;206;0;
17251;2024.10.28 16:15;-28;12.25;-200;-200;3431;206;0;
17252;2024.10.28 16:30;-28;12.875;-200;-200;3431;206;0;
17253;2024.10.28 16:45;-28;13.5;-200;-200;3431;206;0;
17254;2024.10.28 17:00;-28;13.5;-200;-200;3431;206;0;
17255;2024.10.28 17:15;-28;14;-200;-200;3431;206;0;
17256;2024.10.28 17:30;-28;14.4375;-200;-200;3431;206;0;
17257;2024.10.28 17:45;-28;14.125;-200;-200;3431;206;0;
17258;2024.10.28 18:00;-28;14.5625;-200;-200;3432;206;0;
17259;2024.10.28 18:15;-28;15.0625;-200;-200;3431;206;0;
17260;2024.10.28 18:30;-28;15.5;-200;-200;3432;206;0;
17261;2024.10.28 18:45;-28;15.5;-200;-200;3432;206;0;
17262;2024.10.28 19:00;-28;15.5625;-200;-200;3432;206;0;
17263;2024.10.28 19:15;-28;15.6875;-200;-200;3432;206;0;
17264;2024.10.28 19:30;-28;16.125;-200;-200;3432;206;0;
17265;2024.10.28 19:45;-28;16.75;-200;-200;3433;206;0;
17266;2024.10.28 20:00;-28;15.5625;-200;-200;3432;206;0;
17267;2024.10.28 20:15;-28;15.375;-200;-200;3432;206;0;
17268;2024.10.28 20:30;-28;14.375;-200;-200;3432;206;0;
17269;2024.10.28 20:45;-28;14.6875;-200;-200;3432;206;0;
17270;2024.10.28 21:00;-28;15;-200;-200;3432;206;0;
17271;2024.10.28 21:15;-28;15.625;-200;-200;3432;206;0;
17272;2024.10.28 21:30;-28;17.875;-200;-200;3432;206;0;
17273;2024.10.28 21:45;-28;15.75;-200;-200;3432;206;0;
17274;2024.10.28 22:00;-28;15.375;-200;-200;3432;206;0;
17275;2024.10.28 22:15;-28;15.5;-200;-200;3432;206;0;
17276;2024.10.28 22:30;-28;15.4375;-200;-200;3432;206;0;
17277;2024.10.28 22:45;-28;15.3125;-200;-200;3432;206;0;
17278;2024.10.28 23:00;-28;14.75;-200;-200;3432;206;0;
17279;2024.10.28 23:15;-28;14.5;-200;-200;3432;206;0;
17280;2024.10.28 23:30;-28;14.25;-200;-200;3432;206;0;
17281;2024.10.28 23:45;-28;14.125;-200;-200;3432;206;0;
17282;2024.10.29 00:00;-28;13.3125;-200;-200;3432;206;0;
17283;2024.10.29 00:15;-28;12.625;-200;-200;3431;206;0;
17284;2024.10.29 00:30;-28;12;-200;-200;3432;206;0;
17285;2024.10.29 00:45;-28;11.375;-200;-200;3431;206;0;
17286;2024.10.29 01:00;-28;11.375;-200;-200;3431;206;0;
17287;2024.10.29 01:15;-28;11.5;-200;-200;3431;206;0;
17288;2024.10.29 01:30;-28;11.4375;-200;-200;3431;206;0;
17289;2024.10.29 01:45;-28;11.5;-200;-200;3431;206;0;
17290;2024.10.29 02:00;-28;11.375;-200;-200;3432;206;0;
17291;2024.10.29 02:15;-28;11.25;-200;-200;3431;206;0;
17292;2024.10.29 02:30;-28;10.875;-200;-200;3432;206;0;
17293;2024.10.29 02:45;-28;10.75;-200;-200;3431;206;0;
17294;2024.10.29 03:00;-28;10.25;-200;-200;3431;206;0;
17295;2024.10.29 03:15;-28;10.0625;-200;-200;3431;206;0;
17296;2024.10.29 03:30;-28;9.625;-200;-200;3431;206;0;
17297;2024.10.29 03:45;-28;8.8125;-200;-200;3431;206;0;
17298;2024.10.29 04:00;-28;10;-200;-200;3431;206;0;
17299;2024.10.29 04:15;-28;10.25;-200;-200;3431;206;0;
17300;2024.10.29 04:30;-28;10.375;-200;-200;3431;206;0;
17301;2024.10.29 04:45;-28;10.25;-200;-200;3431;206;0;
17302;2024.10.29 05:00;-28;10;-200;-200;3431;206;0;
17303;2024.10.29 05:15;-28;9.875;-200;-200;3431;206;0;
17304;2024.10.29 05:30;-28;9.875;-200;-200;3431;206;0;
17305;2024.10.29 05:45;-28;9.875;-200;-200;3431;206;0;
17306;2024.10.29 06:00;-28;9.875;-200;-200;3431;206;0;
17307;2024.10.29 06:15;-28;9.75;-200;-200;3431;206;0;
17308;2024.10.29 06:30;-28;9.75;-200;-200;3431;206;0;
17309;2024.10.29 06:45;-28;9.5;-200;-200;3431;206;0;
17310;2024.10.29 07:00;-28;9.375;-200;-200;3431;206;0;
17311;2024.10.29 07:15;-28;9.125;-200;-200;3431;206;0;
17312;2024.10.29 07:30;-28;8.625;-200;-200;3431;206;0;
17313;2024.10.29 07:45;-28;8.5625;-200;-200;3431;206;0;
17314;2024.10.29 08:00;-28;8.5;-200;-200;3431;206;0;
17315;2024.10.29 08:15;-28;8.3125;-200;-200;3431;206;0;
17316;2024.10.29 08:30;-28;8.4375;-200;-200;3431;206;0;
17317;2024.10.29 08:45;-28;8.1875;-200;-200;3431;206;0;
17318;2024.10.29 09:00;-28;8.0625;-200;-200;3431;206;0;
17319;2024.10.29 09:15;-28;8.1875;-200;-200;3431;206;0;
17320;2024.10.29 09:30;-28;8.3125;-200;-200;3431;206;0;
17321;2024.10.29 09:45;-28;8.25;-200;-200;3431;206;0;
17322;2024.10.29 10:00;-28;8.5;-200;-200;3431;206;0;
17323;2024.10.29 10:15;-28;8.5;-200;-200;3431;206;0;
17324;2024.10.29 10:30;-28;8.375;-200;-200;3431;206;0;
17325;2024.10.29 10:45;-28;8.25;-200;-200;3431;206;0;
17326;2024.10.29 11:00;-28;8;-200;-200;3431;206;0;
17327;2024.10.29 11:15;-28;7.5;-200;-200;3431;206;0;
17328;2024.10.29 11:30;-28;7.125;-200;-200;3431;206;0;
17329;2024.10.29 11:45;-28;7;-200;-200;3431;206;0;
17330;2024.10.29 12:00;-28;6.75;-200;-200;3431;206;0;
17331;2024.10.29 12:15;-28;6.4375;-200;-200;3431;206;0;
17332;2024.10.29 12:30;-28;6.375;-200;-200;3431;206;0;
17333;2024.10.29 12:45;-28;6.125;-200;-200;3431;206;0;
17334;2024.10.29 13:00;-28;6.0625;-200;-200;3431;206;0;
17335;2024.10.29 13:15;-28;6.25;-200;-200;3431;206;0;
17336;2024.10.29 13:30;-28;6.625;-200;-200;3431;206;0;
17337;2024.10.29 13:45;-28;6.625;-200;-200;3431;206;0;
17338;2024.10.29 14:00;-28;7;-200;-200;3431;206;0;
17339;2024.10.29 14:15;-28;7.5;-200;-200;3431;206;0;
17340;2024.10.29 14:30;-28;7.875;-200;-200;3431;206;0;
17341;2024.10.29 14:45;-28;8.4375;-200;-200;3431;206;0;
17342;2024.10.29 15:00;-28;8.8125;-200;-200;3431;206;0;
17343;2024.10.29 15:15;-28;9;-200;-200;3431;206;0;
17344;2024.10.29 15:30;-28;8.625;-200;-200;3431;206;0;
17345;2024.10.29 15:45;-28;8.8125;-200;-200;3431;206;0;
17346;2024.10.29 16:00;-28;8.75;-200;-200;3431;206;0;
17347;2024.10.29 16:15;-28;8.3125;-200;-200;3431;206;0;
17348;2024.10.29 16:30;-28;8.25;-200;-200;3431;206;0;
17349;2024.10.29 16:45;-28;8.5;-200;-200;3431;206;0;
17350;2024.10.29 17:00;-28;9.3125;-200;-200;3431;206;0;
17351;2024.10.29 17:15;-28;10.5;-200;-200;3431;206;0;
17352;2024.10.29 17:30;-28;10.125;-200;-200;3431;206;0;
17353;2024.10.29 17:45;-28;10.375;-200;-200;3431;206;0;
17354;2024.10.29 18:00;-28;10.25;-200;-200;3431;206;0;
17355;2024.10.29 18:15;-28;10;-200;-200;3431;206;0;
17356;2024.10.29 18:30;-28;9.375;-200;-200;3431;206;0;
17357;2024.10.29 18:45;-28;6.9375;-200;-200;3431;206;0;
17358;2024.10.29 19:00;-28;6.75;-200;-200;3431;206;0;
17359;2024.10.29 19:15;-28;7.875;-200;-200;3431;206;0;
17360;2024.10.29 19:30;-28;9.0625;-200;-200;3431;206;0;
17361;2024.10.29 19:45;-28;9.125;-200;-200;3431;206;0;
17362;2024.10.29 20:00;-28;10.5;-200;-200;3431;206;0;
17363;2024.10.29 20:15;-28;9.4375;-200;-200;3431;206;0;
17364;2024.10.29 20:30;-28;8.25;-200;-200;3431;206;0;
17365;2024.10.29 20:45;-28;8;-200;-200;3431;206;0;
17366;2024.10.29 21:00;-28;7.75;-200;-200;3431;206;0;
17367;2024.10.29 21:15;-28;7.75;-200;-200;3431;206;0;
17368;2024.10.29 21:30;-28;7;-200;-200;3431;206;0;
17369;2024.10.29 21:45;-28;6.875;-200;-200;3431;206;0;
17370;2024.10.29 22:00;-28;6.75;-200;-200;3431;206;0;
17371;2024.10.29 22:15;-28;6.75;-200;-200;3431;206;0;
17372;2024.10.29 22:30;-28;6.75;-200;-200;3431;206;0;
17373;2024.10.29 22:45;-28;6.625;-200;-200;3431;206;0;
17374;2024.10.29 23:00;-28;6.5625;-200;-200;3431;206;0;
17375;2024.10.29 23:15;-28;6.1875;-200;-200;3431;206;0;
17376;2024.10.29 23:30;-28;6.0625;-200;-200;3430;206;0;
17377;2024.10.29 23:45;-28;6;-200;-200;3430;206;0;
17378;2024.10.30 00:00;-28;5.875;-200;-200;3430;206;0;
17379;2024.10.30 00:15;-28;5.75;-200;-200;3431;206;0;
17380;2024.10.30 00:30;-28;5.5;-200;-200;3430;206;0;
17381;2024.10.30 00:45;-28;5.25;-200;-200;3430;206;0;
17382;2024.10.30 01:00;-28;4.875;-200;-200;3430;206;0;
17383;2024.10.30 01:15;-28;4.5625;-200;-200;3430;206;0;
17384;2024.10.30 01:30;-28;4.375;-200;-200;3430;206;0;
17385;2024.10.30 01:45;-28;4;-200;-200;3430;206;0;
17386;2024.10.30 02:00;-28;3.375;-200;-200;3430;206;0;
17387;2024.10.30 02:15;-28;3.0625;-200;-200;3430;206;0;
17388;2024.10.30 02:30;-28;2.875;-200;-200;3430;206;0;
17389;2024.10.30 02:45;-28;2.6875;-200;-200;3430;206;0;
17390;2024.10.30 03:00;-28;2.625;-200;-200;3430;206;0;
17391;2024.10.30 03:15;-28;2.5;-200;-200;3430;206;0;
17392;2024.10.30 03:30;-28;2.25;-200;-200;3430;206;0;
17393;2024.10.30 03:45;-28;2;-200;-200;3430;206;0;
17394;2024.10.30 04:00;-28;1.75;-200;-200;3430;206;0;
17395;2024.10.30 04:15;-28;1.8125;-200;-200;3430;206;0;
17396;2024.10.30 04:30;-28;1.75;-200;-200;3430;206;0;
17397;2024.10.30 04:45;-28;1.625;-200;-200;3430;206;0;
17398;2024.10.30 05:00;-28;1.5;-200;-200;3430;206;0;
17399;2024.10.30 05:15;-28;1.25;-200;-200;3430;206;0;
17400;2024.10.30 05:30;-28;0.8125;-200;-200;3430;206;0;
17401;2024.10.30 05:45;-28;0.125;-200;-200;3430;206;0;
17402;2024.10.30 06:00;-28;-0.375;-200;-200;3430;206;0;
17403;2024.10.30 06:15;-28;-0.25;-200;-200;3430;206;0;
17404;2024.10.30 06:30;-28;-0.4375;-200;-200;3430;206;0;
17405;2024.10.30 06:45;-28;-0.9375;-200;-200;3430;206;0;
17406;2024.10.30 07:00;-28;-1.0625;-200;-200;3430;206;0;
17407;2024.10.30 07:15;-28;-1;-200;-200;3430;206;0;
17408;2024.10.30 07:30;-28;-0.625;-200;-200;3430;206;0;
17409;2024.10.30 07:45;-28;0;-200;-200;3430;206;0;
17410;2024.10.30 08:00;-28;0.1875;-200;-200;3430;206;0;
17411;2024.10.30 08:15;-28;0.25;-200;-200;3430;206;0;
17412;2024.10.30 08:30;-28;0.125;-200;-200;3430;206;0;
17413;2024.10.30 08:45;-28;-0.125;-200;-200;3430;206;0;
17414;2024.10.30 09:00;-28;-0.25;-200;-200;3430;206;0;
17415;2024.10.30 09:15;-28;-0.5;-200;-200;3430;206;0;
17416;2024.10.30 09:30;-28;-1.1875;-200;-200;3430;206;0;
17417;2024.10.30 09:45;-28;-1.75;-200;-200;3430;206;0;
17418;2024.10.30 10:00;-28;-2.3125;-200;-200;3430;206;0;
17419;2024.10.30 10:15;-28;-2.6875;-200;-200;3430;206;0;
17420;2024.10.30 10:30;-28;-2.875;-200;-200;3430;206;0;
17421;2024.10.30 10:45;-28;-3.125;-200;-200;3430;206;0;
17422;2024.10.30 11:00;-28;-3.375;-200;-200;3430;206;0;
17423;2024.10.30 11:15;-28;-3.5;-200;-200;3430;206;0;
17424;2024.10.30 11:30;-28;-3.75;-200;-200;3429;206;0;
17425;2024.10.30 11:45;-28;-3.875;-200;-200;3429;206;0;
17426;2024.10.30 12:00;-28;-4.125;-200;-200;3429;206;0;
17427;2024.10.30 12:15;-28;-4.4375;-200;-200;3430;206;0;
17428;2024.10.30 12:30;-28;-4.625;-200;-200;3429;206;0;
17429;2024.10.30 12:45;-28;-4.875;-200;-200;3429;206;0;
17430;2024.10.30 13:00;-28;-4.5;-200;-200;3430;206;0;
17431;2024.10.30 13:15;-28;-4;-200;-200;3430;206;0;
17432;2024.10.30 13:30;-28;-3.8125;-200;-200;3430;206;0;
17433;2024.10.30 13:45;-28;-3.625;-200;-200;3430;206;0;
17434;2024.10.30 14:00;-28;-3.625;-200;-200;3430;206;0;
17435;2024.10.30 14:15;-28;-3.375;-200;-200;3430;206;0;
17436;2024.10.30 14:30;-28;-3.1875;-200;-200;3430;206;0;
17437;2024.10.30 14:45;-28;-3.25;-200;-200;3430;206;0;
17438;2024.10.30 15:00;-28;-3.125;-200;-200;3430;206;0;
17439;2024.10.30 15:15;-28;-2.875;-200;-200;3430;206;0;
17440;2024.10.30 15:30;-28;-2.6875;-200;-200;3430;206;0;
17441;2024.10.30 15:45;-28;-2.25;-200;-200;3430;206;0;
17442;2024.10.30 16:00;-28;-2.0625;-200;-200;3430;206;0;
17443;2024.10.30 16:15;-28;-1.8125;-200;-200;3430;206;0;
17444;2024.10.30 16:30;-28;-1.375;-200;-200;3430;206;0;
17445;2024.10.30 16:45;-28;-1.375;-200;-200;3430;206;0;
17446;2024.10.30 17:00;-28;-1.125;-200;-200;3430;206;0;
17447;2024.10.30 17:15;-28;-1.375;-200;-200;3430;206;0;
17448;2024.10.30 17:30;-28;0.375;-200;-200;3430;206;0;
17449;2024.10.30 17:45;-28;0.25;-200;-200;3430;206;0;
17450;2024.10.30 18:00;-28;0.75;-200;-200;3430;206;0;
17451;2024.10.30 18:15;-28;-0.625;-200;-200;3430;206;0;
17452;2024.10.30 18:30;-28;0.5;-200;-200;3430;206;0;
17453;2024.10.30 18:45;-28;1.5;-200;-200;3430;206;0;
17454;2024.10.30 19:00;-28;0.875;-200;-200;3430;206;0;
17455;2024.10.30 19:15;-28;2;-200;-200;3430;206;0;
17456;2024.10.30 19:30;-28;2.3125;-200;-200;3430;206;0;
17457;2024.10.30 19:45;-28;2.9375;-200;-200;3430;206;0;
17458;2024.10.30 20:00;-28;1.375;-200;-200;3430;206;0;
17459;2024.10.30 20:15;-28;0.375;-200;-200;3430;206;0;
17460;2024.10.30 20:30;-28;1.25;-200;-200;3430;206;0;
17461;2024.10.30 20:45;-28;2.25;-200;-200;3430;206;0;
17462;2024.10.30 21:00;-28;1.375;-200;-200;3430;206;0;
17463;2024.10.30 21:15;-28;0.75;-200;-200;3430;206;0;
17464;2024.10.30 21:30;-28;0.1875;-200;-200;3430;206;0;
17465;2024.10.30 21:45;-28;1;-200;-200;3430;206;0;
17466;2024.10.30 22:00;-28;1;-200;-200;3430;206;0;
17467;2024.10.30 22:15;-28;1;-200;-200;3430;206;0;
17468;2024.10.30 22:30;-28;0.1875;-200;-200;3430;206;0;
17469;2024.10.30 22:45;-28;0.3125;-200;-200;3430;206;0;
17470;2024.10.30 23:00;-28;0;-200;-200;3430;206;0;
17471;2024.10.30 23:15;-28;-0.375;-200;-200;3430;206;0;
17472;2024.10.30 23:30;-28;-1.125;-200;-200;3430;206;0;
17473;2024.10.30 23:45;-28;-1.625;-200;-200;3430;206;0;
17474;2024.10.31 00:00;-28;-1.8125;-200;-200;3430;206;0;
17475;2024.10.31 00:15;-28;-2.25;-200;-200;3430;206;0;
17476;2024.10.31 00:30;-28;-2.5;-200;-200;3429;206;0;
17477;2024.10.31 00:45;-28;-2.6875;-200;-200;3429;206;0;
17478;2024.10.31 01:00;-28;-2.875;-200;-200;3429;206;0;
17479;2024.10.31 01:15;-28;-2.9375;-200;-200;3429;206;0;
17480;2024.10.31 01:30;-28;-2.875;-200;-200;3429;206;0;
17481;2024.10.31 01:45;-28;-3.0625;-200;-200;3429;206;0;
17482;2024.10.31 02:00;-28;-3.1875;-200;-200;3429;206;0;
17483;2024.10.31 02:15;-28;-3.75;-200;-200;3429;206;0;
17484;2024.10.31 02:30;-28;-4.125;-200;-200;3429;206;0;
17485;2024.10.31 02:45;-28;-4.4375;-200;-200;3429;206;0;
17486;2024.10.31 03:00;-28;-4.75;-200;-200;3429;206;0;
17487;2024.10.31 03:15;-28;-4.875;-200;-200;3429;206;0;
17488;2024.10.31 03:30;-28;-5.125;-200;-200;3429;206;0;
17489;2024.10.31 03:45;-28;-5.375;-200;-200;3429;206;0;
17490;2024.10.31 04:00;-28;-5.4375;-200;-200;3429;206;0;
17491;2024.10.31 04:15;-28;-5.625;-200;-200;3429;206;0;
17492;2024.10.31 04:30;-28;-6.125;-200;-200;3429;206;0;
17493;2024.10.31 04:45;-28;-6.1875;-200;-200;3429;206;0;
17494;2024.10.31 05:00;-28;-5.375;-200;-200;3429;206;0;
17495;2024.10.31 05:15;-28;-4.75;-200;-200;3429;206;0;
17496;2024.10.31 05:30;-28;-5;-200;-200;3429;206;0;
17497;2024.10.31 05:45;-28;-4.875;-200;-200;3429;206;0;
17498;2024.10.31 06:00;-28;-5;-200;-200;3429;206;0;
17499;2024.10.31 06:15;-28;-5.1875;-200;-200;3429;206;0;
17500;2024.10.31 06:30;-28;-5.5625;-200;-200;3429;206;0;
17501;2024.10.31 06:45;-28;-5.875;-200;-200;3429;206;0;
17502;2024.10.31 07:00;-28;-5.9375;-200;-200;3429;206;0;
17503;2024.10.31 07:15;-28;-6.125;-200;-200;3429;206;0;
17504;2024.10.31 07:30;-28;-6.375;-200;-200;3429;206;0;
17505;2024.10.31 07:45;-28;-6;-200;-200;3429;206;0;
17506;2024.10.31 08:00;-28;-5.6875;-200;-200;3429;206;0;
17507;2024.10.31 08:15;-28;-5.25;-200;-200;3429;206;0;
17508;2024.10.31 08:30;-28;-5;-200;-200;3429;206;0;
17509;2024.10.31 08:45;-28;-5.4375;-200;-200;3429;206;0;
17510;2024.10.31 09:00;-28;-5.8125;-200;-200;3429;206;0;
17511;2024.10.31 09:15;-28;-6.0625;-200;-200;3429;206;0;
17512;2024.10.31 09:30;-28;-6.3125;-200;-200;3429;206;0;
17513;2024.10.31 09:45;-28;-6.625;-200;-200;3429;206;0;
17514;2024.10.31 10:00;-28;-6.875;-200;-200;3429;206;0;
17515;2024.10.31 10:15;-28;-7.375;-200;-200;3429;206;0;
17516;2024.10.31 10:30;-28;-8;-200;-200;3429;206;0;
17517;2024.10.31 10:45;-28;-7.875;-200;-200;3429;206;0;
17518;2024.10.31 11:00;-28;-7.4375;-200;-200;3429;206;0;
17519;2024.10.31 11:15;-28;-7.8125;-200;-200;3429;206;0;
17520;2024.10.31 11:30;-28;-7.875;-200;-200;3429;206;0;
17521;2024.10.31 11:45;-28;-7.875;-200;-200;3429;206;0;
17522;2024.10.31 12:00;-28;-7.9375;-200;-200;3429;206;0;
17523;2024.10.31 12:15;-28;-7.3125;-200;-200;3429;206;0;
17524;2024.10.31 12:30;-28;-7.25;-200;-200;3429;206;0;
17525;2024.10.31 12:45;-28;-7.375;-200;-200;3429;206;0;
17526;2024.10.31 13:00;-28;-7.3125;-200;-200;3429;206;0;
17527;2024.10.31 13:15;-28;-7.25;-200;-200;3429;206;0;
17528;2024.10.31 13:30;-28;-7.125;-200;-200;3429;206;0;
17529;2024.10.31 13:45;-28;-6.625;-200;-200;3429;206;0;
17530;2024.10.31 14:00;-28;-6.375;-200;-200;3429;206;0;
17531;2024.10.31 14:15;-28;-5.25;-200;-200;3429;206;0;
17532;2024.10.31 14:30;-28;-4.5;-200;-200;3429;206;0;
17533;2024.10.31 14:45;-28;-3.875;-200;-200;3429;206;0;
17534;2024.10.31 15:00;-28;-3;-200;-200;3429;206;0;
17535;2024.10.31 15:15;-28;-1.9375;-200;-200;3429;206;0;
17536;2024.10.31 15:30;-28;-0.5;-200;-200;3429;206;0;
17537;2024.10.31 15:45;-28;0.75;-200;-200;3429;206;0;
17538;2024.10.31 16:00;-28;1.3125;-200;-200;3430;206;0;
17539;2024.10.31 16:15;-28;1.5;-200;-200;3430;206;0;
17540;2024.10.31 16:30;-28;2.0625;-200;-200;3430;206;0;
17541;2024.10.31 16:45;-28;2.6875;-200;-200;3430;206;0;
17542;2024.10.31 17:00;-28;3.125;-200;-200;3430;206;0;
17543;2024.10.31 17:15;-28;4;-200;-200;3430;206;0;
17544;2024.10.31 17:30;-28;4.5;-200;-200;3430;206;0;
17545;2024.10.31 17:45;-28;5.25;-200;-200;3430;206;0;
17546;2024.10.31 18:00;-28;6.5;-200;-200;3430;206;0;
17547;2024.10.31 18:15;-28;6.5;-200;-200;3430;206;0;
17548;2024.10.31 18:30;-28;6.625;-200;-200;3430;206;0;
17549;2024.10.31 18:45;-28;6.375;-200;-200;3430;206;0;
17550;2024.10.31 19:00;-28;6.5;-200;-200;3430;206;0;
17551;2024.10.31 19:15;-28;6.75;-200;-200;3430;206;0;
17552;2024.10.31 19:30;-28;7.5;-200;-200;3430;206;0;
17553;2024.10.31 19:45;-28;8.375;-200;-200;3431;206;0;
17554;2024.10.31 20:00;-28;11.625;-200;-200;3431;206;0;
17555;2024.10.31 20:15;-28;12.0625;-200;-200;3431;206;0;
17556;2024.10.31 20:30;-28;9.0625;-200;-200;3431;206;0;
17557;2024.10.31 20:45;-28;7.9375;-200;-200;3431;206;0;
17558;2024.10.31 21:00;-28;7.75;-200;-200;3431;206;0;
17559;2024.10.31 21:15;-28;8.125;-200;-200;3431;206;0;
17560;2024.10.31 21:30;-28;9.4375;-200;-200;3431;206;0;
17561;2024.10.31 21:45;-28;7.8125;-200;-200;3431;206;0;
17562;2024.10.31 22:00;-28;7.25;-200;-200;3431;206;0;
17563;2024.10.31 22:15;-28;7.375;-200;-200;3431;206;0;
17564;2024.10.31 22:30;-28;7;-200;-200;3431;206;0;
17565;2024.10.31 22:45;-28;7.25;-200;-200;3431;206;0;
17566;2024.10.31 23:00;-28;6.5;-200;-200;3431;206;0;
17567;2024.10.31 23:15;-28;6.25;-200;-200;3431;206;0;
17568;2024.10.31 23:30;-28;5.75;-200;-200;3431;206;0;
17569;2024.10.31 23:45;-28;5.25;-200;-200;3431;206;0;
17570;2024.11.01 00:00;-28;3.75;-200;-200;3431;206;0;
17571;2024.11.01 00:15;-28;1.875;-200;-200;3431;206;0;
17572;2024.11.01 00:30;-28;0.75;-200;-200;3431;206;0;
17573;2024.11.01 00:45;-28;-0.1875;-200;-200;3431;206;0;
17574;2024.11.01 01:00;-28;-1;-200;-200;3431;206;0;
17575;2024.11.01 01:15;-28;-1.5;-200;-200;3431;206;0;
17576;2024.11.01 01:30;-28;-1.875;-200;-200;3430;206;0;
17577;2024.11.01 01:45;-28;-2.125;-200;-200;3431;206;0;
17578;2024.11.01 02:00;-28;-2.25;-200;-200;3430;206;0;
17579;2024.11.01 02:15;-28;-2.375;-200;-200;3430;206;0;
17580;2024.11.01 02:30;-28;-2.375;-200;-200;3430;206;0;
17581;2024.11.01 02:45;-28;-2.5;-200;-200;3430;206;0;
17582;2024.11.01 03:00;-28;-2.5;-200;-200;3430;206;0;
17583;2024.11.01 03:15;-28;-2.5;-200;-200;3430;206;0;
17584;2024.11.01 03:30;-28;-2.5;-200;-200;3430;206;0;
17585;2024.11.01 03:45;-28;-2.25;-200;-200;3430;206;0;
17586;2024.11.01 04:00;-28;-1.75;-200;-200;3430;206;0;
17587;2024.11.01 04:15;-28;-2.25;-200;-200;3430;206;0;
17588;2024.11.01 04:30;-28;-2.5;-200;-200;3430;206;0;
17589;2024.11.01 04:45;-28;-2.25;-200;-200;3430;206;0;
17590;2024.11.01 05:00;-28;-2.0625;-200;-200;3430;206;0;
17591;2024.11.01 05:15;-28;-2.125;-200;-200;3430;206;0;
17592;2024.11.01 05:30;-28;-2.125;-200;-200;3430;206;0;
17593;2024.11.01 05:45;-28;-2.25;-200;-200;3430;206;0;
17594;2024.11.01 06:00;-28;-2.1875;-200;-200;3430;206;0;
17595;2024.11.01 06:15;-28;-2.3125;-200;-200;3430;206;0;
17596;2024.11.01 06:30;-28;-2.125;-200;-200;3430;206;0;
17597;2024.11.01 06:45;-28;-2.3125;-200;-200;3430;206;0;
17598;2024.11.01 07:00;-28;-2.375;-200;-200;3430;206;0;
17599;2024.11.01 07:15;-28;-2.25;-200;-200;3430;206;0;
17600;2024.11.01 07:30;-28;-2.375;-200;-200;3430;206;0;
17601;2024.11.01 07:45;-28;-2.75;-200;-200;3430;206;0;
17602;2024.11.01 08:00;-28;-2.75;-200;-200;3430;206;0;
17603;2024.11.01 08:15;-28;-2.6875;-200;-200;3430;206;0;
17604;2024.11.01 08:30;-28;-2.75;-200;-200;3430;206;0;
17605;2024.11.01 08:45;-28;-2.75;-200;-200;3430;206;0;
17606;2024.11.01 09:00;-28;-2.75;-200;-200;3430;206;0;
17607;2024.11.01 09:15;-28;-2.875;-200;-200;3430;206;0;
17608;2024.11.01 09:30;-28;-3.125;-200;-200;3430;206;0;
17609;2024.11.01 09:45;-28;-3.5;-200;-200;3430;206;0;
17610;2024.11.01 10:00;-28;-3.5;-200;-200;3430;206;0;
17611;2024.11.01 10:15;-28;-3.75;-200;-200;3430;206;0;
17612;2024.11.01 10:30;-28;-3.9375;-200;-200;3430;206;0;
17613;2024.11.01 10:45;-28;-4.125;-200;-200;3430;206;0;
17614;2024.11.01 11:00;-28;-4;-200;-200;3430;206;0;
17615;2024.11.01 11:15;-28;-4;-200;-200;3430;206;0;
17616;2024.11.01 11:30;-28;-4.25;-200;-200;3430;206;0;
17617;2024.11.01 11:45;-28;-4.3125;-200;-200;3430;206;0;
17618;2024.11.01 12:00;-28;-4.0625;-200;-200;3430;206;0;
17619;2024.11.01 12:15;-28;-4.375;-200;-200;3430;206;0;
17620;2024.11.01 12:30;-28;-4.375;-200;-200;3430;206;0;
17621;2024.11.01 12:45;-28;-4.625;-200;-200;3430;206;0;
17622;2024.11.01 13:00;-28;-4.5;-200;-200;3430;206;0;
17623;2024.11.01 13:15;-28;-4.25;-200;-200;3430;206;0;
17624;2024.11.01 13:30;-28;-4.25;-200;-200;3430;206;0;
17625;2024.11.01 13:45;-28;-4.625;-200;-200;3430;206;0;
17626;2024.11.01 14:00;-28;-4.25;-200;-200;3430;206;0;
17627;2024.11.01 14:15;-28;-3.8125;-200;-200;3430;206;0;
17628;2024.11.01 14:30;-28;-2.875;-200;-200;3430;206;0;
17629;2024.11.01 14:45;-28;-1.4375;-200;-200;3430;206;0;
17630;2024.11.01 15:00;-28;0.25;-200;-200;3430;206;0;
17631;2024.11.01 15:15;-28;2.125;-200;-200;3430;206;0;
17632;2024.11.01 15:30;-28;3.625;-200;-200;3431;206;0;
17633;2024.11.01 15:45;-28;4.375;-200;-200;3430;206;0;
17634;2024.11.01 16:00;-28;4.9375;-200;-200;3431;206;0;
17635;2024.11.01 16:15;-28;5.6875;-200;-200;3431;206;0;
17636;2024.11.01 16:30;-28;5.75;-200;-200;3431;206;0;
17637;2024.11.01 16:45;-28;6.125;-200;-200;3431;206;0;
17638;2024.11.01 17:00;-28;6.75;-200;-200;3431;206;0;
17639;2024.11.01 17:15;-28;7.5;-200;-200;3431;206;0;
17640;2024.11.01 17:30;-28;8.125;-200;-200;3431;206;0;
17641;2024.11.01 17:45;-28;7.5625;-200;-200;3431;206;0;
17642;2024.11.01 18:00;-28;9.5;-200;-200;3431;206;0;
17643;2024.11.01 18:15;-28;10.125;-200;-200;3431;206;0;
17644;2024.11.01 18:30;-28;10.375;-200;-200;3431;206;0;
17645;2024.11.01 18:45;-28;10;-200;-200;3431;206;0;
17646;2024.11.01 19:00;-28;9.75;-200;-200;3431;206;0;
17647;2024.11.01 19:15;-28;9.375;-200;-200;3431;206;0;
17648;2024.11.01 19:30;-28;10.0625;-200;-200;3431;206;0;
17649;2024.11.01 19:45;-28;9.75;-200;-200;3431;206;0;
17650;2024.11.01 20:00;-28;12.0625;-200;-200;3431;206;0;
17651;2024.11.01 20:15;-28;10.25;-200;-200;3431;206;0;
17652;2024.11.01 20:30;-28;9.5;-200;-200;3431;206;0;
17653;2024.11.01 20:45;-28;9.8125;-200;-200;3431;206;0;
17654;2024.11.01 21:00;-28;9.5625;-200;-200;3431;206;0;
17655;2024.11.01 21:15;-28;8.5625;-200;-200;3431;206;0;
17656;2024.11.01 21:30;-28;9.25;-200;-200;3431;206;0;
17657;2024.11.01 21:45;-28;8.375;-200;-200;3431;206;0;
17658;2024.11.01 22:00;-28;8.125;-200;-200;3431;206;0;
17659;2024.11.01 22:15;-28;7.875;-200;-200;3431;206;0;
17660;2024.11.01 22:30;-28;7.875;-200;-200;3431;206;0;
17661;2024.11.01 22:45;-28;7.5;-200;-200;3431;206;0;
17662;2024.11.01 23:00;-28;7.1875;-200;-200;3431;206;0;
17663;2024.11.01 23:15;-28;6.75;-200;-200;3431;206;0;
17664;2024.11.01 23:30;-28;6.375;-200;-200;3430;206;0;
17665;2024.11.01 23:45;-28;5.75;-200;-200;3430;206;0;
17666;2024.11.02 00:00;-28;4.875;-200;-200;3430;206;0;
17667;2024.11.02 00:15;-28;3.75;-200;-200;3430;206;0;
17668;2024.11.02 00:30;-28;2.9375;-200;-200;3430;206;0;
17669;2024.11.02 00:45;-28;2.3125;-200;-200;3430;206;0;
17670;2024.11.02 01:00;-28;1.6875;-200;-200;3430;206;0;
17671;2024.11.02 01:15;-28;1.25;-200;-200;3430;206;0;
17672;2024.11.02 01:30;-28;1.3125;-200;-200;3430;206;0;
17673;2024.11.02 01:45;-28;1.25;-200;-200;3430;206;0;
17674;2024.11.02 02:00;-28;1.5;-200;-200;3430;206;0;
17675;2024.11.02 02:15;-28;2.25;-200;-200;3430;206;0;
17676;2024.11.02 02:30;-28;2.9375;-200;-200;3430;206;0;
17677;2024.11.02 02:45;-28;3;-200;-200;3430;206;0;
17678;2024.11.02 03:00;-28;3.5;-200;-200;3430;206;0;
17679;2024.11.02 03:15;-28;3.75;-200;-200;3430;206;0;
17680;2024.11.02 03:30;-28;4.125;-200;-200;3430;206;0;
17681;2024.11.02 03:45;-28;4;-200;-200;3430;206;0;
17682;2024.11.02 04:00;-28;4.25;-200;-200;3430;206;0;
17683;2024.11.02 04:15;-28;4.625;-200;-200;3430;206;0;
17684;2024.11.02 04:30;-28;4.875;-200;-200;3430;206;0;
17685;2024.11.02 04:45;-28;4.5;-200;-200;3430;206;0;
17686;2024.11.02 05:00;-28;4.125;-200;-200;3430;206;0;
17687;2024.11.02 05:15;-28;4;-200;-200;3430;206;0;
17688;2024.11.02 05:30;-28;4;-200;-200;3430;206;0;
17689;2024.11.02 05:45;-28;3.9375;-200;-200;3430;206;0;
17690;2024.11.02 06:00;-28;3.625;-200;-200;3430;206;0;
17691;2024.11.02 06:15;-28;3.5625;-200;-200;3431;206;0;
17692;2024.11.02 06:30;-28;3.5;-200;-200;3430;206;0;
17693;2024.11.02 06:45;-28;3.3125;-200;-200;3430;206;0;
17694;2024.11.02 07:00;-28;3;-200;-200;3430;206;0;
17695;2024.11.02 07:15;-28;2.9375;-200;-200;3430;206;0;
17696;2024.11.02 07:30;-28;2.875;-200;-200;3430;206;0;
17697;2024.11.02 07:45;-28;3;-200;-200;3430;206;0;
17698;2024.11.02 08:00;-28;2.875;-200;-200;3430;206;0;
17699;2024.11.02 08:15;-28;3.125;-200;-200;3430;206;0;
17700;2024.11.02 08:30;-28;3.25;-200;-200;3430;206;0;
17701;2024.11.02 08:45;-28;2.75;-200;-200;3430;206;0;
17702;2024.11.02 09:00;-28;2.375;-200;-200;3430;206;0;
17703;2024.11.02 09:15;-28;2.375;-200;-200;3430;206;0;
17704;2024.11.02 09:30;-28;2;-200;-200;3430;206;0;
17705;2024.11.02 09:45;-28;2;-200;-200;3430;206;0;
17706;2024.11.02 10:00;-28;1.75;-200;-200;3430;206;0;
17707;2024.11.02 10:15;-28;0.875;-200;-200;3430;206;0;
17708;2024.11.02 10:30;-28;0.4375;-200;-200;3430;206;0;
17709;2024.11.02 10:45;-28;0;-200;-200;3430;206;0;
17710;2024.11.02 11:00;-28;-0.3125;-200;-200;3430;206;0;
17711;2024.11.02 11:15;-28;-0.75;-200;-200;3430;206;0;
17712;2024.11.02 11:30;-28;-0.9375;-200;-200;3430;206;0;
17713;2024.11.02 11:45;-28;-0.875;-200;-200;3430;206;0;
17714;2024.11.02 12:00;-28;-1.0625;-200;-200;3430;206;0;
17715;2024.11.02 12:15;-28;-1.25;-200;-200;3430;206;0;
17716;2024.11.02 12:30;-28;-1.25;-200;-200;3430;206;0;
17717;2024.11.02 12:45;-28;-1.25;-200;-200;3430;206;0;
17718;2024.11.02 13:00;-28;-1.1875;-200;-200;3430;206;0;
17719;2024.11.02 13:15;-28;-1.375;-200;-200;3430;206;0;
17720;2024.11.02 13:30;-28;-1.375;-200;-200;3430;206;0;
17721;2024.11.02 13:45;-28;-1.625;-200;-200;3430;206;0;
17722;2024.11.02 14:00;-28;-1.5;-200;-200;3430;206;0;
17723;2024.11.02 14:15;-28;-0.75;-200;-200;3430;206;0;
17724;2024.11.02 14:30;-28;0.5;-200;-200;3430;206;0;
17725;2024.11.02 14:45;-28;1.75;-200;-200;3430;206;0;
17726;2024.11.02 15:00;-28;3.75;-200;-200;3430;206;0;
17727;2024.11.02 15:15;-28;5.1875;-200;-200;3430;206;0;
17728;2024.11.02 15:30;-28;6.5;-200;-200;3430;206;0;
17729;2024.11.02 15:45;-28;7.0625;-200;-200;3430;206;0;
17730;2024.11.02 16:00;-28;7.25;-200;-200;3430;206;0;
17731;2024.11.02 16:15;-28;7.375;-200;-200;3430;206;0;
17732;2024.11.02 16:30;-28;7.5625;-200;-200;3430;206;0;
17733;2024.11.02 16:45;-28;8.125;-200;-200;3431;206;0;
17734;2024.11.02 17:00;-28;8.5625;-200;-200;3431;206;0;
17735;2024.11.02 17:15;-28;9.375;-200;-200;3430;206;0;
17736;2024.11.02 17:30;-28;9.5;-200;-200;3431;206;0;
17737;2024.11.02 17:45;-28;10.125;-200;-200;3430;206;0;
17738;2024.11.02 18:00;-28;10.625;-200;-200;3431;206;0;
17739;2024.11.02 18:15;-28;10.375;-200;-200;3431;206;0;
17740;2024.11.02 18:30;-28;11.125;-200;-200;3431;206;0;
17741;2024.11.02 18:45;-28;10.5;-200;-200;3431;206;0;
17742;2024.11.02 19:00;-28;10.4375;-200;-200;3431;206;0;
17743;2024.11.02 19:15;-28;10.5;-200;-200;3431;206;0;
17744;2024.11.02 19:30;-28;10.375;-200;-200;3431;206;0;
17745;2024.11.02 19:45;-28;11.8125;-200;-200;3431;206;0;
17746;2024.11.02 20:00;-28;15;-200;-200;3431;206;0;
17747;2024.11.02 20:15;-28;15.375;-200;-200;3431;206;0;
17748;2024.11.02 20:30;-28;12.25;-200;-200;3431;206;0;
17749;2024.11.02 20:45;-28;10.5;-200;-200;3430;206;0;
17750;2024.11.02 21:00;-28;10.125;-200;-200;3430;206;0;
17751;2024.11.02 21:15;-28;10.5;-200;-200;3430;206;0;
17752;2024.11.02 21:30;-28;11.1875;-200;-200;3430;206;0;
17753;2024.11.02 21:45;-28;10.1875;-200;-200;3430;206;0;
17754;2024.11.02 22:00;-28;9.125;-200;-200;3430;206;0;
17755;2024.11.02 22:15;-28;8.75;-200;-200;3430;206;0;
17756;2024.11.02 22:30;-28;9.6875;-200;-200;3430;206;0;
17757;2024.11.02 22:45;-28;9.6875;-200;-200;3430;206;0;
17758;2024.11.02 23:00;-28;8.8125;-200;-200;3430;206;0;
17759;2024.11.02 23:15;-28;8.375;-200;-200;3430;206;0;
17760;2024.11.02 23:30;-28;7.625;-200;-200;3430;206;0;
17761;2024.11.02 23:45;-28;7.125;-200;-200;3430;206;0;
17762;2024.11.03 00:00;-28;6.875;-200;-200;3429;206;0;
17763;2024.11.03 00:15;-28;6.625;-200;-200;3429;206;0;
17764;2024.11.03 00:30;-28;5.9375;-200;-200;3429;206;0;
17765;2024.11.03 00:45;-28;4.9375;-200;-200;3429;206;0;
17766;2024.11.03 01:00;-28;4.625;-200;-200;3429;206;0;
17767;2024.11.03 01:15;-28;4.125;-200;-200;3429;206;0;
17768;2024.11.03 01:30;-28;4.125;-200;-200;3429;206;0;
17769;2024.11.03 01:45;-28;4.25;-200;-200;3429;206;0;
17770;2024.11.03 02:00;-28;4.375;-200;-200;3429;206;0;
17771;2024.11.03 02:15;-28;3.5625;-200;-200;3429;206;0;
17772;2024.11.03 02:30;-28;3.25;-200;-200;3429;206;0;
17773;2024.11.03 02:45;-28;2.8125;-200;-200;3429;206;0;
17774;2024.11.03 03:00;-28;3;-200;-200;3429;206;0;
17775;2024.11.03 03:15;-28;2.75;-200;-200;3429;206;0;
17776;2024.11.03 03:30;-28;2.125;-200;-200;3429;206;0;
17777;2024.11.03 03:45;-28;2.125;-200;-200;3429;206;0;
17778;2024.11.03 04:00;-28;2.4375;-200;-200;3429;206;0;
17779;2024.11.03 04:15;-28;2.6875;-200;-200;3429;206;0;
17780;2024.11.03 04:30;-28;3;-200;-200;3429;206;0;
17781;2024.11.03 04:45;-28;3.3125;-200;-200;3429;206;0;
17782;2024.11.03 05:00;-28;3.25;-200;-200;3429;206;0;
17783;2024.11.03 05:15;-28;2.9375;-200;-200;3429;206;0;
17784;2024.11.03 05:30;-28;3.25;-200;-200;3429;206;0;
17785;2024.11.03 05:45;-28;3.375;-200;-200;3429;206;0;
17786;2024.11.03 06:00;-28;3.375;-200;-200;3429;206;0;
17787;2024.11.03 06:15;-28;3.375;-200;-200;3429;206;0;
17788;2024.11.03 06:30;-28;3.25;-200;-200;3429;206;0;
17789;2024.11.03 06:45;-28;2.9375;-200;-200;3429;206;0;
17790;2024.11.03 07:00;-28;2.9375;-200;-200;3429;206;0;
17791;2024.11.03 07:15;-28;2.8125;-200;-200;3429;206;0;
17792;2024.11.03 07:30;-28;2.625;-200;-200;3429;206;0;
17793;2024.11.03 07:45;-28;2.375;-200;-200;3429;206;0;
17794;2024.11.03 08:00;-28;2.25;-200;-200;3429;206;0;
17795;2024.11.03 08:15;-28;2.0625;-200;-200;3429;206;0;
17796;2024.11.03 08:30;-28;1.9375;-200;-200;3429;206;0;
17797;2024.11.03 08:45;-28;1.75;-200;-200;3429;206;0;
17798;2024.11.03 09:00;-28;1.75;-200;-200;3429;206;0;
17799;2024.11.03 09:15;-28;1.75;-200;-200;3429;206;0;
17800;2024.11.03 09:30;-28;1.625;-200;-200;3429;206;0;
17801;2024.11.03 09:45;-28;1.5;-200;-200;3429;206;0;
17802;2024.11.03 10:00;-28;1.5;-200;-200;3429;206;0;
17803;2024.11.03 10:15;-28;1.5;-200;-200;3429;206;0;
17804;2024.11.03 10:30;-28;1.5;-200;-200;3429;206;0;
17805;2024.11.03 10:45;-28;1.5;-200;-200;3429;206;0;
17806;2024.11.03 11:00;-28;1.25;-200;-200;3429;206;0;
17807;2024.11.03 11:15;-28;1.25;-200;-200;3429;206;0;
17808;2024.11.03 11:30;-28;1.125;-200;-200;3429;206;0;
17809;2024.11.03 11:45;-28;0.8125;-200;-200;3429;206;0;
17810;2024.11.03 12:00;-28;0.625;-200;-200;3429;206;0;
17811;2024.11.03 12:15;-28;0.25;-200;-200;3429;206;0;
17812;2024.11.03 12:30;-28;0.25;-200;-200;3429;206;0;
17813;2024.11.03 12:45;-28;0.125;-200;-200;3429;206;0;
17814;2024.11.03 13:00;-28;-0.125;-200;-200;3428;206;0;
17815;2024.11.03 13:15;-28;-0.75;-200;-200;3428;206;0;
17816;2024.11.03 13:30;-28;-1.625;-200;-200;3428;206;0;
17817;2024.11.03 13:45;-28;-2.125;-200;-200;3428;206;0;
17818;2024.11.03 14:00;-28;-2;-200;-200;3428;206;0;
17819;2024.11.03 14:15;-28;-1.75;-200;-200;3428;206;0;
17820;2024.11.03 14:30;-28;-1.75;-200;-200;3428;206;0;
17821;2024.11.03 14:45;-28;-1.9375;-200;-200;3428;206;0;
17822;2024.11.03 15:00;-28;-2;-200;-200;3428;206;0;
17823;2024.11.03 15:15;-28;-1.75;-200;-200;3428;206;0;
17824;2024.11.03 15:30;-28;-1.6875;-200;-200;3428;206;0;
17825;2024.11.03 15:45;-28;-1.625;-200;-200;3428;206;0;
17826;2024.11.03 16:00;-28;-1.5625;-200;-200;3428;206;0;
17827;2024.11.03 16:15;-28;-1.5;-200;-200;3428;206;0;
17828;2024.11.03 16:30;-28;-1.375;-200;-200;3428;206;0;
17829;2024.11.03 16:45;-28;-0.6875;-200;-200;3428;206;0;
17830;2024.11.03 17:00;-28;-0.25;-200;-200;3428;206;0;
17831;2024.11.03 17:15;-28;-0.375;-200;-200;3428;206;0;
17832;2024.11.03 17:30;-28;0.25;-200;-200;3428;206;0;
17833;2024.11.03 17:45;-28;0;-200;-200;3428;206;0;
17834;2024.11.03 18:00;-28;0.5;-200;-200;3428;206;0;
17835;2024.11.03 18:15;-28;0.875;-200;-200;3428;206;0;
17836;2024.11.03 18:30;-28;1;-200;-200;3428;206;0;
17837;2024.11.03 18:45;-28;0.1875;-200;-200;3428;206;0;
17838;2024.11.03 19:00;-28;0.375;-200;-200;3428;206;0;
17839;2024.11.03 19:15;-28;0.8125;-200;-200;3428;206;0;
17840;2024.11.03 19:30;-28;0.5625;-200;-200;3428;206;0;
17841;2024.11.03 19:45;-28;0.1875;-200;-200;3428;206;0;
17842;2024.11.03 20:00;-28;0.125;-200;-200;3428;206;0;
17843;2024.11.03 20:15;-28;-0.75;-200;-200;3428;206;0;
17844;2024.11.03 20:30;-28;0.75;-200;-200;3428;206;0;
17845;2024.11.03 20:45;-28;0.75;-200;-200;3428;206;0;
17846;2024.11.03 21:00;-28;1.625;-200;-200;3428;206;0;
17847;2024.11.03 21:15;-28;0.25;-200;-200;3428;206;0;
17848;2024.11.03 21:30;-28;0;-200;-200;3428;206;0;
17849;2024.11.03 21:45;-28;0.3125;-200;-200;3428;206;0;
17850;2024.11.03 22:00;-28;0.75;-200;-200;3428;206;0;
17851;2024.11.03 22:15;-28;0.625;-200;-200;3428;206;0;
17852;2024.11.03 22:30;-28;0.5;-200;-200;3428;206;0;
17853;2024.11.03 22:45;-28;0.375;-200;-200;3428;206;0;
17854;2024.11.03 23:00;-28;0;-200;-200;3428;206;0;
17855;2024.11.03 23:15;-28;-0.0625;-200;-200;3428;206;0;
17856;2024.11.03 23:30;-28;-0.25;-200;-200;3428;206;0;
17857;2024.11.03 23:45;-28;-0.5;-200;-200;3428;206;0;
17858;2024.11.04 00:00;-28;-0.5625;-200;-200;3428;206;0;
17859;2024.11.04 00:15;-28;-0.875;-200;-200;3428;206;0;
17860;2024.11.04 00:30;-28;-1.25;-200;-200;3428;206;0;
17861;2024.11.04 00:45;-28;-1.5;-200;-200;3427;206;0;
17862;2024.11.04 01:00;-28;-1.5;-200;-200;3427;206;0;
17863;2024.11.04 01:15;-28;-1.5;-200;-200;3427;206;0;
17864;2024.11.04 01:30;-28;-1.75;-200;-200;3428;206;0;
17865;2024.11.04 01:45;-28;-1.875;-200;-200;3427;206;0;
17866;2024.11.04 02:00;-28;-1.6875;-200;-200;3428;206;0;
17867;2024.11.04 02:15;-28;-1.5;-200;-200;3428;206;0;
17868;2024.11.04 02:30;-28;-1.375;-200;-200;3428;206;0;
17869;2024.11.04 02:45;-28;-1.5;-200;-200;3428;206;0;
17870;2024.11.04 03:00;-28;-1.625;-200;-200;3428;206;0;
17871;2024.11.04 03:15;-28;-1.625;-200;-200;3427;206;0;
17872;2024.11.04 03:30;-28;-1.5;-200;-200;3427;206;0;
17873;2024.11.04 03:45;-28;-1.5;-200;-200;3427;206;0;
17874;2024.11.04 04:00;-28;-1.4375;-200;-200;3427;206;0;
17875;2024.11.04 04:15;-28;-1.375;-200;-200;3427;206;0;
17876;2024.11.04 04:30;-28;-1.4375;-200;-200;3427;206;0;
17877;2024.11.04 04:45;-28;-1.5;-200;-200;3427;206;0;
17878;2024.11.04 05:00;-28;-1.625;-200;-200;3427;206;0;
17879;2024.11.04 05:15;-28;-1.5625;-200;-200;3427;206;0;
17880;2024.11.04 05:30;-28;-1.5625;-200;-200;3427;206;0;
17881;2024.11.04 05:45;-28;-1.5;-200;-200;3427;206;0;
17882;2024.11.04 06:00;-28;-1.5625;-200;-200;3427;206;0;
17883;2024.11.04 06:15;-28;-1.5625;-200;-200;3427;206;0;
17884;2024.11.04 06:30;-28;-1.5625;-200;-200;3427;206;0;
17885;2024.11.04 06:45;-28;-1.625;-200;-200;3427;206;0;
17886;2024.11.04 07:00;-28;-1.625;-200;-200;3427;206;0;
17887;2024.11.04 07:15;-28;-1.6875;-200;-200;3427;206;0;
17888;2024.11.04 07:30;-28;-1.6875;-200;-200;3427;206;0;
17889;2024.11.04 07:45;-28;-1.75;-200;-200;3427;206;0;
17890;2024.11.04 08:00;-28;-1.75;-200;-200;3427;206;0;
17891;2024.11.04 08:15;-28;-1.75;-200;-200;3427;206;0;
17892;2024.11.04 08:30;-28;-1.75;-200;-200;3427;206;0;
17893;2024.11.04 08:45;-28;-1.6875;-200;-200;3427;206;0;
17894;2024.11.04 09:00;-28;-1.625;-200;-200;3427;206;0;
17895;2024.11.04 09:15;-28;-1.625;-200;-200;3427;206;0;
17896;2024.11.04 09:30;-28;-1.625;-200;-200;3427;206;0;
17897;2024.11.04 09:45;-28;-1.625;-200;-200;3427;206;0;
17898;2024.11.04 10:00;-28;-1.625;-200;-200;3428;206;0;
17899;2024.11.04 10:15;-28;-1.625;-200;-200;3428;206;0;
17900;2024.11.04 10:30;-28;-1.625;-200;-200;3428;206;0;
17901;2024.11.04 10:45;-28;-1.625;-200;-200;3428;206;0;
17902;2024.11.04 11:00;-28;-1.625;-200;-200;3428;206;0;
17903;2024.11.04 11:15;-28;-1.6875;-200;-200;3428;206;0;
17904;2024.11.04 11:30;-28;-1.8125;-200;-200;3428;206;0;
17905;2024.11.04 11:45;-28;-1.875;-200;-200;3428;206;0;
17906;2024.11.04 12:00;-28;-1.9375;-200;-200;3428;206;0;
17907;2024.11.04 12:15;-28;-2;-200;-200;3428;206;0;
17908;2024.11.04 12:30;-28;-2;-200;-200;3428;206;0;
17909;2024.11.04 12:45;-28;-2.125;-200;-200;3428;206;0;
17910;2024.11.04 13:00;-28;-2.1875;-200;-200;3428;206;0;
17911;2024.11.04 13:15;-28;-2.25;-200;-200;3428;206;0;
17912;2024.11.04 13:30;-28;-2.1875;-200;-200;3428;206;0;
17913;2024.11.04 13:45;-28;-2.125;-200;-200;3428;206;0;
17914;2024.11.04 14:00;-28;-2.125;-200;-200;3428;206;0;
17915;2024.11.04 14:15;-28;-2.125;-200;-200;3428;206;0;
17916;2024.11.04 14:30;-28;-1.875;-200;-200;3428;206;0;
17917;2024.11.04 14:45;-28;-1.625;-200;-200;3428;206;0;
17918;2024.11.04 15:00;-28;-1.6875;-200;-200;3428;206;0;
17919;2024.11.04 15:15;-28;-1.625;-200;-200;3427;206;0;
17920;2024.11.04 15:30;-28;-1;-200;-200;3427;206;0;
17921;2024.11.04 15:45;-28;-0.625;-200;-200;3428;206;0;
17922;2024.11.04 16:00;-28;-0.8125;-200;-200;3428;206;0;
17923;2024.11.04 16:15;-28;-0.875;-200;-200;3428;206;0;
17924;2024.11.04 16:30;-28;-0.8125;-200;-200;3427;206;0;
17925;2024.11.04 16:45;-28;-0.875;-200;-200;3427;206;0;
17926;2024.11.04 17:00;-28;-1;-200;-200;3428;206;0;
17927;2024.11.04 17:15;-28;-0.8125;-200;-200;3428;206;0;
17928;2024.11.04 17:30;-28;-0.625;-200;-200;3428;206;0;
17929;2024.11.04 17:45;-28;0;-200;-200;3428;206;0;
17930;2024.11.04 18:00;-28;1.375;-200;-200;3428;206;0;
17931;2024.11.04 18:15;-28;0.125;-200;-200;3428;206;0;
17932;2024.11.04 18:30;-28;-1.125;-200;-200;3428;206;0;
17933;2024.11.04 18:45;-28;-1.625;-200;-200;3428;206;0;
17934;2024.11.04 19:00;-28;-1.25;-200;-200;3428;206;0;
17935;2024.11.04 19:15;-28;-1.125;-200;-200;3428;206;0;
17936;2024.11.04 19:30;-28;-1.5625;-200;-200;3429;206;0;
17937;2024.11.04 19:45;-28;-1.375;-200;-200;3429;206;0;
17938;2024.11.04 20:00;-28;-1.5;-200;-200;3428;206;0;
17939;2024.11.04 20:15;-28;-1.4375;-200;-200;3428;206;0;
17940;2024.11.04 20:30;-28;-1.3125;-200;-200;3428;206;0;
17941;2024.11.04 20:45;-28;-1.125;-200;-200;3428;206;0;
17942;2024.11.04 21:00;-28;-0.8125;-200;-200;3428;206;0;
17943;2024.11.04 21:15;-28;-1;-200;-200;3428;206;0;
17944;2024.11.04 21:30;-28;-1;-200;-200;3428;206;0;
17945;2024.11.04 21:45;-28;-0.5;-200;-200;3428;206;0;
17946;2024.11.04 22:00;-28;-0.3125;-200;-200;3428;206;0;
17947;2024.11.04 22:15;-28;-0.8125;-200;-200;3428;206;0;
17948;2024.11.04 22:30;-28;-1.125;-200;-200;3428;206;0;
17949;2024.11.04 22:45;-28;-1.375;-200;-200;3429;206;0;
17950;2024.11.04 23:00;-28;-1.375;-200;-200;3429;206;0;
17951;2024.11.04 23:15;-28;-1.6875;-200;-200;3429;206;0;
17952;2024.11.04 23:30;-28;-1.875;-200;-200;3428;206;0;
17953;2024.11.04 23:45;-28;-2.1875;-200;-200;3428;206;0;
17954;2024.11.05 00:00;-28;-2.3125;-200;-200;3428;206;0;
17955;2024.11.05 00:15;-28;-2.4375;-200;-200;3428;206;0;
17956;2024.11.05 00:30;-28;-2.5625;-200;-200;3428;206;0;
17957;2024.11.05 00:45;-28;-2.875;-200;-200;3428;206;0;
17958;2024.11.05 01:00;-28;-3.375;-200;-200;3429;206;0;
17959;2024.11.05 01:15;-28;-3.625;-200;-200;3429;206;0;
17960;2024.11.05 01:30;-28;-3.75;-200;-200;3429;206;0;
17961;2024.11.05 01:45;-28;-3.75;-200;-200;3429;206;0;
17962;2024.11.05 02:00;-28;-3.5;-200;-200;3429;206;0;
17963;2024.11.05 02:15;-28;-3.375;-200;-200;3429;206;0;
17964;2024.11.05 02:30;-28;-3.25;-200;-200;3429;206;0;
17965;2024.11.05 02:45;-28;-2.9375;-200;-200;3429;206;0;
17966;2024.11.05 03:00;-28;-2.875;-200;-200;3429;206;0;
17967;2024.11.05 03:15;-28;-2.75;-200;-200;3429;206;0;
17968;2024.11.05 03:30;-28;-2.6875;-200;-200;3429;206;0;
17969;2024.11.05 03:45;-28;-2.6875;-200;-200;3429;206;0;
17970;2024.11.05 04:00;-28;-2.75;-200;-200;3429;206;0;
17971;2024.11.05 04:15;-28;-2.8125;-200;-200;3429;206;0;
17972;2024.11.05 04:30;-28;-2.875;-200;-200;3429;206;0;
17973;2024.11.05 04:45;-28;-3.375;-200;-200;3429;206;0;
17974;2024.11.05 05:00;-28;-3.75;-200;-200;3428;206;0;
17975;2024.11.05 05:15;-28;-4;-200;-200;3428;206;0;
17976;2024.11.05 05:30;-28;-4.125;-200;-200;3428;206;0;
17977;2024.11.05 05:45;-28;-4.625;-200;-200;3428;206;0;
17978;2024.11.05 06:00;-28;-4.9375;-200;-200;3429;206;0;
17979;2024.11.05 06:15;-28;-4.6875;-200;-200;3429;206;0;
17980;2024.11.05 06:30;-28;-5;-200;-200;3429;206;0;
17981;2024.11.05 06:45;-28;-4.75;-200;-200;3429;206;0;
17982;2024.11.05 07:00;-28;-4.75;-200;-200;3429;206;0;
17983;2024.11.05 07:15;-28;-4.8125;-200;-200;3429;206;0;
17984;2024.11.05 07:30;-28;-4.9375;-200;-200;3429;206;0;
17985;2024.11.05 07:45;-28;-5.0625;-200;-200;3430;206;0;
17986;2024.11.05 08:00;-28;-5.25;-200;-200;3429;206;0;
17987;2024.11.05 08:15;-28;-5.5;-200;-200;3430;206;0;
17988;2024.11.05 08:30;-28;-5.4375;-200;-200;3430;206;0;
17989;2024.11.05 08:45;-28;-5.75;-200;-200;3430;206;0;
17990;2024.11.05 09:00;-28;-5.375;-200;-200;3430;206;0;
17991;2024.11.05 09:15;-28;-5.625;-200;-200;3430;206;0;
17992;2024.11.05 09:30;-28;-6;-200;-200;3430;206;0;
17993;2024.11.05 09:45;-28;-6.625;-200;-200;3429;206;0;
17994;2024.11.05 10:00;-28;-6.625;-200;-200;3429;206;0;
17995;2024.11.05 10:15;-28;-7.25;-200;-200;3429;206;0;
17996;2024.11.05 10:30;-28;-7.3125;-200;-200;3430;206;0;
17997;2024.11.05 10:45;-28;-7.1875;-200;-200;3430;206;0;
17998;2024.11.05 11:00;-28;-7.25;-200;-200;3430;206;0;
17999;2024.11.05 11:15;-28;-7.625;-200;-200;3430;206;0;
18000;2024.11.05 11:30;-28;-8.25;-200;-200;3429;206;0;
18001;2024.11.05 11:45;-28;-8.75;-200;-200;3430;206;0;
18002;2024.11.05 12:00;-28;-9.1875;-200;-200;3430;206;0;
18003;2024.11.05 12:15;-28;-9.1875;-200;-200;3430;206;0;
18004;2024.11.05 12:30;-28;-8.875;-200;-200;3430;206;0;
18005;2024.11.05 12:45;-28;-8.8125;-200;-200;3430;206;0;
18006;2024.11.05 13:00;-28;-8.1875;-200;-200;3430;206;0;
18007;2024.11.05 13:15;-28;-8.125;-200;-200;3430;206;0;
18008;2024.11.05 13:30;-28;-8.375;-200;-200;3430;206;0;
18009;2024.11.05 13:45;-28;-8.5;-200;-200;3430;206;0;
18010;2024.11.05 14:00;-28;-8.625;-200;-200;3430;206;0;
18011;2024.11.05 14:15;-28;-8.5;-200;-200;3430;206;0;
18012;2024.11.05 14:30;-28;-8.375;-200;-200;3430;206;0;
18013;2024.11.05 14:45;-28;-7.5;-200;-200;3430;206;0;
18014;2024.11.05 15:00;-28;-6.25;-200;-200;3430;206;0;
18015;2024.11.05 15:15;-28;-4.875;-200;-200;3430;206;0;
18016;2024.11.05 15:30;-28;-3.25;-200;-200;3431;206;0;
18017;2024.11.05 15:45;-28;-2.5;-200;-200;3431;206;0;
18018;2024.11.05 16:00;-28;-2.125;-200;-200;3431;206;0;
18019;2024.11.05 16:15;-28;-1.75;-200;-200;3431;206;0;
18020;2024.11.05 16:30;-28;-1.25;-200;-200;3431;206;0;
18021;2024.11.05 16:45;-28;-0.625;-200;-200;3431;206;0;
18022;2024.11.05 17:00;-28;-0.125;-200;-200;3431;206;0;
18023;2024.11.05 17:15;-28;0.6875;-200;-200;3431;206;0;
18024;2024.11.05 17:30;-28;1.1875;-200;-200;3431;206;0;
18025;2024.11.05 17:45;-28;2.3125;-200;-200;3431;206;0;
18026;2024.11.05 18:00;-28;3.375;-200;-200;3432;206;0;
18027;2024.11.05 18:15;-28;3.5;-200;-200;3432;206;0;
18028;2024.11.05 18:30;-28;3.125;-200;-200;3432;206;0;
18029;2024.11.05 18:45;-28;3;-200;-200;3432;206;0;
18030;2024.11.05 19:00;-28;2.5625;-200;-200;3432;206;0;
18031;2024.11.05 19:15;-28;2.5;-200;-200;3433;206;0;
18032;2024.11.05 19:30;-28;2.6875;-200;-200;3432;206;0;
18033;2024.11.05 19:45;-28;4.0625;-200;-200;3432;206;0;
18034;2024.11.05 20:00;-28;7.25;-200;-200;3433;206;0;
18035;2024.11.05 20:15;-28;6.4375;-200;-200;3433;206;0;
18036;2024.11.05 20:30;-28;4;-200;-200;3433;206;0;
18037;2024.11.05 20:45;-28;2.625;-200;-200;3432;206;0;
18038;2024.11.05 21:00;-28;2.25;-200;-200;3432;206;0;
18039;2024.11.05 21:15;-28;3.25;-200;-200;3432;206;0;
18040;2024.11.05 21:30;-28;3.625;-200;-200;3432;206;0;
18041;2024.11.05 21:45;-28;2.8125;-200;-200;3432;206;0;
18042;2024.11.05 22:00;-28;2.3125;-200;-200;3432;206;0;
18043;2024.11.05 22:15;-28;1.875;-200;-200;3432;206;0;
18044;2024.11.05 22:30;-28;1.5;-200;-200;3432;206;0;
18045;2024.11.05 22:45;-28;1;-200;-200;3432;206;0;
18046;2024.11.05 23:00;-28;0.5;-200;-200;3432;206;0;
18047;2024.11.05 23:15;-28;0.125;-200;-200;3432;206;0;
18048;2024.11.05 23:30;-28;-0.5;-200;-200;3431;206;0;
18049;2024.11.05 23:45;-28;-1;-200;-200;3432;206;0;
18050;2024.11.06 00:00;-28;-1.4375;-200;-200;3431;206;0;
18051;2024.11.06 00:15;-28;-1.75;-200;-200;3431;206;0;
18052;2024.11.06 00:30;-28;-1.875;-200;-200;3431;206;0;
18053;2024.11.06 00:45;-28;-1.875;-200;-200;3431;206;0;
18054;2024.11.06 01:00;-28;-2;-200;-200;3431;206;0;
18055;2024.11.06 01:15;-28;-2;-200;-200;3431;206;0;
18056;2024.11.06 01:30;-28;-2.0625;-200;-200;3431;206;0;
18057;2024.11.06 01:45;-28;-2.1875;-200;-200;3431;206;0;
18058;2024.11.06 02:00;-28;-2.375;-200;-200;3431;206;0;
18059;2024.11.06 02:15;-28;-2.4375;-200;-200;3431;206;0;
18060;2024.11.06 02:30;-28;-2.5;-200;-200;3431;206;0;
18061;2024.11.06 02:45;-28;-2.125;-200;-200;3431;206;0;
18062;2024.11.06 03:00;-28;-1.9375;-200;-200;3431;206;0;
18063;2024.11.06 03:15;-28;-1.625;-200;-200;3431;206;0;
18064;2024.11.06 03:30;-28;-1.5625;-200;-200;3431;206;0;
18065;2024.11.06 03:45;-28;-1.25;-200;-200;3431;206;0;
18066;2024.11.06 04:00;-28;-1.1875;-200;-200;3431;206;0;
18067;2024.11.06 04:15;-28;-1;-200;-200;3431;206;0;
18068;2024.11.06 04:30;-28;-1;-200;-200;3431;206;0;
18069;2024.11.06 04:45;-28;-1.375;-200;-200;3431;206;0;
18070;2024.11.06 05:00;-28;-2.375;-200;-200;3431;206;0;
18071;2024.11.06 05:15;-28;-2.625;-200;-200;3431;206;0;
18072;2024.11.06 05:30;-28;-2.625;-200;-200;3431;206;0;
18073;2024.11.06 05:45;-28;-2.625;-200;-200;3431;206;0;
18074;2024.11.06 06:00;-28;-2.625;-200;-200;3431;206;0;
18075;2024.11.06 06:15;-28;-2.625;-200;-200;3431;206;0;
18076;2024.11.06 06:30;-28;-2.625;-200;-200;3431;206;0;
18077;2024.11.06 06:45;-28;-2.625;-200;-200;3431;206;0;
18078;2024.11.06 07:00;-28;-2.5625;-200;-200;3431;206;0;
18079;2024.11.06 07:15;-28;-2.625;-200;-200;3431;206;0;
18080;2024.11.06 07:30;-28;-2.625;-200;-200;3431;206;0;
18081;2024.11.06 07:45;-28;-2.5;-200;-200;3431;206;0;
18082;2024.11.06 08:00;-28;-2.5;-200;-200;3431;206;0;
18083;2024.11.06 08:15;-28;-2.6875;-200;-200;3431;206;0;
18084;2024.11.06 08:30;-28;-2.75;-200;-200;3431;206;0;
18085;2024.11.06 08:45;-28;-2.75;-200;-200;3431;206;0;
18086;2024.11.06 09:00;-28;-2.75;-200;-200;3431;206;0;
18087;2024.11.06 09:15;-28;-2.875;-200;-200;3431;206;0;
18088;2024.11.06 09:30;-28;-3;-200;-200;3431;206;0;
18089;2024.11.06 09:45;-28;-3;-200;-200;3431;206;0;
18090;2024.11.06 10:00;-28;-3.0625;-200;-200;3431;206;0;
18091;2024.11.06 10:15;-28;-3.0625;-200;-200;3431;206;0;
18092;2024.11.06 10:30;-28;-3.0625;-200;-200;3431;206;0;
18093;2024.11.06 10:45;-28;-3;-200;-200;3431;206;0;
18094;2024.11.06 11:00;-28;-3.0625;-200;-200;3431;206;0;
18095;2024.11.06 11:15;-28;-3.125;-200;-200;3431;206;0;
18096;2024.11.06 11:30;-28;-3.125;-200;-200;3431;206;0;
18097;2024.11.06 11:45;-28;-3.125;-200;-200;3431;206;0;
18098;2024.11.06 12:00;-28;-3.25;-200;-200;3431;206;0;
18099;2024.11.06 12:15;-28;-3.5;-200;-200;3432;206;0;
18100;2024.11.06 12:30;-28;-3.5;-200;-200;3431;206;0;
18101;2024.11.06 12:45;-28;-3.5625;-200;-200;3431;206;0;
18102;2024.11.06 13:00;-28;-3.625;-200;-200;3431;206;0;
18103;2024.11.06 13:15;-28;-3.6875;-200;-200;3431;206;0;
18104;2024.11.06 13:30;-28;-3.625;-200;-200;3431;206;0;
18105;2024.11.06 13:45;-28;-3.6875;-200;-200;3431;206;0;
18106;2024.11.06 14:00;-28;-3.5625;-200;-200;3432;206;0;
18107;2024.11.06 14:15;-28;-3.5;-200;-200;3431;206;0;
18108;2024.11.06 14:30;-28;-3.4375;-200;-200;3432;206;0;
18109;2024.11.06 14:45;-28;-3.375;-200;-200;3432;206;0;
18110;2024.11.06 15:00;-28;-3.375;-200;-200;3432;206;0;
18111;2024.11.06 15:15;-28;-3.25;-200;-200;3432;206;0;
18112;2024.11.06 15:30;-28;-3.125;-200;-200;3432;206;0;
18113;2024.11.06 15:45;-28;-2.9375;-200;-200;3432;206;0;
18114;2024.11.06 16:00;-28;-3;-200;-200;3432;206;0;
18115;2024.11.06 16:15;-28;-2.9375;-200;-200;3432;206;0;
18116;2024.11.06 16:30;-28;-3;-200;-200;3432;206;0;
18117;2024.11.06 16:45;-28;-2.875;-200;-200;3432;206;0;
18118;2024.11.06 17:00;-28;-2.875;-200;-200;3432;206;0;
18119;2024.11.06 17:15;-28;-2.75;-200;-200;3432;206;0;
18120;2024.11.06 17:30;-28;-2.625;-200;-200;3432;206;0;
18121;2024.11.06 17:45;-28;-2.6875;-200;-200;3432;206;0;
18122;2024.11.06 18:00;-28;-3.0625;-200;-200;3432;206;0;
18123;2024.11.06 18:15;-28;-3.1875;-200;-200;3432;206;0;
18124;2024.11.06 18:30;-28;-3.0625;-200;-200;3432;206;0;
18125;2024.11.06 18:45;-28;-2.9375;-200;-200;3432;206;0;
18126;2024.11.06 19:00;-28;-3;-200;-200;3432;206;0;
18127;2024.11.06 19:15;-28;-3.25;-200;-200;3432;206;0;
18128;2024.11.06 19:30;-28;-3.125;-200;-200;3432;206;0;
18129;2024.11.06 19:45;-28;-3.25;-200;-200;3432;206;0;
18130;2024.11.06 20:00;-28;-3.375;-200;-200;3432;206;0;
18131;2024.11.06 20:15;-28;-3.6875;-200;-200;3432;206;0;
18132;2024.11.06 20:30;-28;-3.75;-200;-200;3433;206;0;
18133;2024.11.06 20:45;-28;-4;-200;-200;3432;206;0;
18134;2024.11.06 21:00;-28;-4;-200;-200;3432;206;0;
18135;2024.11.06 21:15;-28;-4.125;-200;-200;3433;206;0;
18136;2024.11.06 21:30;-28;-4.25;-200;-200;3433;206;0;
18137;2024.11.06 21:45;-28;-4.5;-200;-200;3432;206;0;
18138;2024.11.06 22:00;-28;-4.25;-200;-200;3433;206;0;
18139;2024.11.06 22:15;-28;-4.125;-200;-200;3433;206;0;
18140;2024.11.06 22:30;-28;-4.1875;-200;-200;3433;206;0;
18141;2024.11.06 22:45;-28;-4.1875;-200;-200;3433;206;0;
18142;2024.11.06 23:00;-28;-4.375;-200;-200;3432;206;0;
18143;2024.11.06 23:15;-28;-4.625;-200;-200;3432;206;0;
18144;2024.11.06 23:30;-28;-4.75;-200;-200;3433;206;0;
18145;2024.11.06 23:45;-28;-5;-200;-200;3433;206;0;
18146;2024.11.07 00:00;-28;-5.0625;-200;-200;3432;206;0;
18147;2024.11.07 00:15;-28;-5.125;-200;-200;3432;206;0;
18148;2024.11.07 00:30;-28;-5.25;-200;-200;3432;206;0;
18149;2024.11.07 00:45;-28;-5.3125;-200;-200;3432;206;0;
18150;2024.11.07 01:00;-28;-5.375;-200;-200;3432;206;0;
18151;2024.11.07 01:15;-28;-5.375;-200;-200;3431;206;0;
18152;2024.11.07 01:30;-28;-5.25;-200;-200;3432;206;0;
18153;2024.11.07 01:45;-28;-5.3125;-200;-200;3432;206;0;
18154;2024.11.07 02:00;-28;-5.25;-200;-200;3432;206;0;
18155;2024.11.07 02:15;-28;-5.25;-200;-200;3432;206;0;
18156;2024.11.07 02:30;-28;-5.25;-200;-200;3432;206;0;
18157;2024.11.07 02:45;-28;-5.25;-200;-200;3432;206;0;
18158;2024.11.07 03:00;-28;-5.25;-200;-200;3432;206;0;
18159;2024.11.07 03:15;-28;-5.25;-200;-200;3432;206;0;
18160;2024.11.07 03:30;-28;-5.25;-200;-200;3432;206;0;
18161;2024.11.07 03:45;-28;-5.25;-200;-200;3432;206;0;
18162;2024.11.07 04:00;-28;-5.1875;-200;-200;3432;206;0;
18163;2024.11.07 04:15;-28;-5.125;-200;-200;3432;206;0;
18164;2024.11.07 04:30;-28;-5.125;-200;-200;3432;206;0;
18165;2024.11.07 04:45;-28;-5.0625;-200;-200;3432;206;0;
18166;2024.11.07 05:00;-28;-5;-200;-200;3431;206;0;
18167;2024.11.07 05:15;-28;-4.9375;-200;-200;3431;206;0;
18168;2024.11.07 05:30;-28;-4.875;-200;-200;3432;206;0;
18169;2024.11.07 05:45;-28;-4.875;-200;-200;3432;206;0;
18170;2024.11.07 06:00;-28;-4.8125;-200;-200;3431;206;0;
18171;2024.11.07 06:15;-28;-4.8125;-200;-200;3432;206;0;
18172;2024.11.07 06:30;-28;-4.75;-200;-200;3432;206;0;
18173;2024.11.07 06:45;-28;-4.8125;-200;-200;3432;206;0;
18174;2024.11.07 07:00;-28;-4.9375;-200;-200;3432;206;0;
18175;2024.11.07 07:15;-28;-5;-200;-200;3432;206;0;
18176;2024.11.07 07:30;-28;-5.125;-200;-200;3431;206;0;
18177;2024.11.07 07:45;-28;-5.3125;-200;-200;3431;206;0;
18178;2024.11.07 08:00;-28;-5.5;-200;-200;3432;206;0;
18179;2024.11.07 08:15;-28;-5.5625;-200;-200;3432;206;0;
18180;2024.11.07 08:30;-28;-5.625;-200;-200;3432;206;0;
18181;2024.11.07 08:45;-28;-5.6875;-200;-200;3432;206;0;
18182;2024.11.07 09:00;-28;-5.625;-200;-200;3432;206;0;
18183;2024.11.07 09:15;-28;-5.1875;-200;-200;3433;206;0;
18184;2024.11.07 09:30;-28;-4.6875;-200;-200;3433;206;0;
18185;2024.11.07 09:45;-28;-4.625;-200;-200;3433;206;0;
18186;2024.11.07 10:00;-28;-4.375;-200;-200;3433;206;0;
18187;2024.11.07 10:15;-28;-4.375;-200;-200;3433;206;0;
18188;2024.11.07 10:30;-28;-4.375;-200;-200;3433;206;0;
18189;2024.11.07 10:45;-28;-4.375;-200;-200;3432;206;0;
18190;2024.11.07 11:00;-28;-4.3125;-200;-200;3432;206;0;
18191;2024.11.07 11:15;-28;-4.1875;-200;-200;3432;206;0;
18192;2024.11.07 11:30;-28;-3.875;-200;-200;3432;206;0;
18193;2024.11.07 11:45;-28;-3.9375;-200;-200;3432;206;0;
18194;2024.11.07 12:00;-28;-3.75;-200;-200;3433;206;0;
18195;2024.11.07 12:15;-28;-3.625;-200;-200;3433;206;0;
18196;2024.11.07 12:30;-28;-3.625;-200;-200;3433;206;0;
18197;2024.11.07 12:45;-28;-3.6875;-200;-200;3433;206;0;
18198;2024.11.07 13:00;-28;-3.75;-200;-200;3433;206;0;
18199;2024.11.07 13:15;-28;-3.6875;-200;-200;3433;206;0;
18200;2024.11.07 13:30;-28;-3.75;-200;-200;3433;206;0;
18201;2024.11.07 13:45;-28;-3.625;-200;-200;3433;206;0;
18202;2024.11.07 14:00;-28;-3.625;-200;-200;3433;206;0;
18203;2024.11.07 14:15;-28;-3.625;-200;-200;3433;206;0;
18204;2024.11.07 14:30;-28;-3.375;-200;-200;3433;206;0;
18205;2024.11.07 14:45;-28;-3.125;-200;-200;3433;206;0;
18206;2024.11.07 15:00;-28;-2.875;-200;-200;3433;206;0;
18207;2024.11.07 15:15;-28;-2.4375;-200;-200;3433;206;0;
18208;2024.11.07 15:30;-28;-2.5625;-200;-200;3434;206;0;
18209;2024.11.07 15:45;-28;-2.5;-200;-200;3433;206;0;
18210;2024.11.07 16:00;-28;-2.25;-200;-200;3433;206;0;
18211;2024.11.07 16:15;-28;-1.9375;-200;-200;3433;206;0;
18212;2024.11.07 16:30;-28;-1.8125;-200;-200;3433;206;0;
18213;2024.11.07 16:45;-28;-2.25;-200;-200;3434;206;0;
18214;2024.11.07 17:00;-28;-2.25;-200;-200;3434;206;0;
18215;2024.11.07 17:15;-28;-2;-200;-200;3434;206;0;
18216;2024.11.07 17:30;-28;-1.625;-200;-200;3434;206;0;
18217;2024.11.07 17:45;-28;-1.25;-200;-200;3434;206;0;
18218;2024.11.07 18:00;-28;-1.125;-200;-200;3434;206;0;
18219;2024.11.07 18:15;-28;-0.75;-200;-200;3434;206;0;
18220;2024.11.07 18:30;-28;-0.875;-200;-200;3434;206;0;
18221;2024.11.07 18:45;-28;-0.625;-200;-200;3434;206;0;
18222;2024.11.07 19:00;-28;-1.0625;-200;-200;3434;206;0;
18223;2024.11.07 19:15;-28;-1;-200;-200;3434;206;0;
18224;2024.11.07 19:30;-28;-0.875;-200;-200;3434;206;0;
18225;2024.11.07 19:45;-28;-1.125;-200;-200;3434;206;0;
18226;2024.11.07 20:00;-28;-1.6875;-200;-200;3434;206;0;
18227;2024.11.07 20:15;-28;-1.75;-200;-200;3434;206;0;
18228;2024.11.07 20:30;-28;-1.375;-200;-200;3434;206;0;
18229;2024.11.07 20:45;-28;-1.625;-200;-200;3434;206;0;
18230;2024.11.07 21:00;-28;-1.8125;-200;-200;3434;206;0;
18231;2024.11.07 21:15;-28;-2.125;-200;-200;3434;206;0;
18232;2024.11.07 21:30;-28;-2.125;-200;-200;3434;206;0;
18233;2024.11.07 21:45;-28;-2.3125;-200;-200;3434;206;0;
18234;2024.11.07 22:00;-28;-2.75;-200;-200;3435;206;0;
18235;2024.11.07 22:15;-28;-3.1875;-200;-200;3434;206;0;
18236;2024.11.07 22:30;-28;-3.8125;-200;-200;3435;206;0;
18237;2024.11.07 22:45;-28;-4;-200;-200;3434;206;0;
18238;2024.11.07 23:00;-28;-4.125;-200;-200;3434;206;0;
18239;2024.11.07 23:15;-28;-4.25;-200;-200;3434;206;0;
18240;2024.11.07 23:30;-28;-4.375;-200;-200;3435;206;0;
18241;2024.11.07 23:45;-28;-4.5625;-200;-200;3435;206;0;
18242;2024.11.08 00:00;-28;-4.8125;-200;-200;3435;206;0;
18243;2024.11.08 00:15;-28;-4.875;-200;-200;3435;206;0;
18244;2024.11.08 00:30;-28;-4.9375;-200;-200;3435;206;0;
18245;2024.11.08 00:45;-28;-4.875;-200;-200;3435;206;0;
18246;2024.11.08 01:00;-28;-4.875;-200;-200;3435;206;0;
18247;2024.11.08 01:15;-28;-4.9375;-200;-200;3435;206;0;
18248;2024.11.08 01:30;-28;-5.1875;-200;-200;3435;206;0;
18249;2024.11.08 01:45;-28;-5.25;-200;-200;3435;206;0;
18250;2024.11.08 02:00;-28;-5.1875;-200;-200;3435;206;0;
18251;2024.11.08 02:15;-28;-5.25;-200;-200;3435;206;0;
18252;2024.11.08 02:30;-28;-5.1875;-200;-200;3435;206;0;
18253;2024.11.08 02:45;-28;-5.25;-200;-200;3435;206;0;
18254;2024.11.08 03:00;-28;-5.25;-200;-200;3435;206;0;
18255;2024.11.08 03:15;-28;-5.3125;-200;-200;3435;206;0;
18256;2024.11.08 03:30;-28;-5.5;-200;-200;3435;206;0;
18257;2024.11.08 03:45;-28;-5.5;-200;-200;3435;206;0;
18258;2024.11.08 04:00;-28;-5.375;-200;-200;3435;206;0;
18259;2024.11.08 04:15;-28;-5.375;-200;-200;3435;206;0;
18260;2024.11.08 04:30;-28;-5.4375;-200;-200;3435;206;0;
18261;2024.11.08 04:45;-28;-5.5625;-200;-200;3435;206;0;
18262;2024.11.08 05:00;-28;-5.5;-200;-200;3435;206;0;
18263;2024.11.08 05:15;-28;-5.625;-200;-200;3435;206;0;
18264;2024.11.08 05:30;-28;-6.0625;-200;-200;3435;206;0;
18265;2024.11.08 05:45;-28;-6.875;-200;-200;3434;206;0;
18266;2024.11.08 06:00;-28;-7.375;-200;-200;3434;206;0;
18267;2024.11.08 06:15;-28;-7.1875;-200;-200;3434;206;0;
18268;2024.11.08 06:30;-28;-7.125;-200;-200;3435;206;0;
18269;2024.11.08 06:45;-28;-7.375;-200;-200;3434;206;0;
18270;2024.11.08 07:00;-28;-8.125;-200;-200;3435;206;0;
18271;2024.11.08 07:15;-28;-8.4375;-200;-200;3435;206;0;
18272;2024.11.08 07:30;-28;-8.5625;-200;-200;3435;206;0;
18273;2024.11.08 07:45;-28;-8.9375;-200;-200;3435;206;0;
18274;2024.11.08 08:00;-28;-9.375;-200;-200;3435;206;0;
18275;2024.11.08 08:15;-28;-9.625;-200;-200;3435;206;0;
18276;2024.11.08 08:30;-28;-10;-200;-200;3435;206;0;
18277;2024.11.08 08:45;-28;-10.125;-200;-200;3435;206;0;
18278;2024.11.08 09:00;-28;-10.5;-200;-200;3434;206;0;
18279;2024.11.08 09:15;-28;-10.4375;-200;-200;3435;206;0;
18280;2024.11.08 09:30;-28;-9.75;-200;-200;3435;206;0;
18281;2024.11.08 09:45;-28;-9.5625;-200;-200;3435;206;0;
18282;2024.11.08 10:00;-28;-9.5;-200;-200;3435;206;0;
18283;2024.11.08 10:15;-28;-9.5;-200;-200;3435;206;0;
18284;2024.11.08 10:30;-28;-9.25;-200;-200;3435;206;0;
18285;2024.11.08 10:45;-28;-9;-200;-200;3435;206;0;
18286;2024.11.08 11:00;-28;-9.375;-200;-200;3435;206;0;
18287;2024.11.08 11:15;-28;-9.625;-200;-200;3435;206;0;
18288;2024.11.08 11:30;-28;-10.125;-200;-200;3435;206;0;
18289;2024.11.08 11:45;-28;-10.75;-200;-200;3436;206;0;
18290;2024.11.08 12:00;-28;-10.875;-200;-200;3434;206;0;
18291;2024.11.08 12:15;-28;-11.125;-200;-200;3435;206;0;
18292;2024.11.08 12:30;-28;-11.1875;-200;-200;3436;206;0;
18293;2024.11.08 12:45;-28;-10.25;-200;-200;3436;206;0;
18294;2024.11.08 13:00;-28;-10.25;-200;-200;3436;206;0;
18295;2024.11.08 13:15;-28;-11;-200;-200;3436;206;0;
18296;2024.11.08 13:30;-28;-11.125;-200;-200;3435;206;0;
18297;2024.11.08 13:45;-28;-10.8125;-200;-200;3435;206;0;
18298;2024.11.08 14:00;-28;-10.75;-200;-200;3435;206;0;
18299;2024.11.08 14:15;-28;-10.3125;-200;-200;3435;206;0;
18300;2024.11.08 14:30;-28;-10.5;-200;-200;3435;206;0;
18301;2024.11.08 14:45;-28;-9.625;-200;-200;3435;206;0;
18302;2024.11.08 15:00;-28;-8.375;-200;-200;3436;206;0;
18303;2024.11.08 15:15;-28;-6.875;-200;-200;3436;206;0;
18304;2024.11.08 15:30;-28;-5.75;-200;-200;3436;206;0;
18305;2024.11.08 15:45;-28;-5;-200;-200;3436;206;0;
18306;2024.11.08 16:00;-28;-4.4375;-200;-200;3436;206;0;
18307;2024.11.08 16:15;-28;-4.125;-200;-200;3436;206;0;
18308;2024.11.08 16:30;-28;-4.125;-200;-200;3436;206;0;
18309;2024.11.08 16:45;-28;-3.875;-200;-200;3436;206;0;
18310;2024.11.08 17:00;-28;-3.375;-200;-200;3437;206;0;
18311;2024.11.08 17:15;-28;-2.75;-200;-200;3437;206;0;
18312;2024.11.08 17:30;-28;-1.75;-200;-200;3437;206;0;
18313;2024.11.08 17:45;-28;-1.875;-200;-200;3437;206;0;
18314;2024.11.08 18:00;-28;1;-200;-200;3437;206;0;
18315;2024.11.08 18:15;-28;-0.5;-200;-200;3438;206;0;
18316;2024.11.08 18:30;-28;-0.625;-200;-200;3438;206;0;
18317;2024.11.08 18:45;-28;-2.5;-200;-200;3438;206;0;
18318;2024.11.08 19:00;-28;-2.125;-200;-200;3437;206;0;
18319;2024.11.08 19:15;-28;-2;-200;-200;3437;206;0;
18320;2024.11.08 19:30;-28;-2.25;-200;-200;3437;206;0;
18321;2024.11.08 19:45;-28;-1.875;-200;-200;3437;206;0;
18322;2024.11.08 20:00;-28;-1.625;-200;-200;3437;206;0;
18323;2024.11.08 20:15;-28;-1.75;-200;-200;3437;206;0;
18324;2024.11.08 20:30;-28;-2.25;-200;-200;3437;206;0;
18325;2024.11.08 20:45;-28;-2.375;-200;-200;3437;206;0;
18326;2024.11.08 21:00;-28;-2.5;-200;-200;3437;206;0;
18327;2024.11.08 21:15;-28;-2.25;-200;-200;3437;206;0;
18328;2024.11.08 21:30;-28;-2.375;-200;-200;3437;206;0;
18329;2024.11.08 21:45;-28;-2.9375;-200;-200;3437;206;0;
18330;2024.11.08 22:00;-28;-3.4375;-200;-200;3437;206;0;
18331;2024.11.08 22:15;-28;-3.5;-200;-200;3437;206;0;
18332;2024.11.08 22:30;-28;-3.8125;-200;-200;3437;206;0;
18333;2024.11.08 22:45;-28;-3.125;-200;-200;3438;206;0;
18334;2024.11.08 23:00;-28;-3.625;-200;-200;3438;206;0;
18335;2024.11.08 23:15;-28;-4.375;-200;-200;3438;206;0;
18336;2024.11.08 23:30;-28;-4.625;-200;-200;3438;206;0;
18337;2024.11.08 23:45;-28;-4.8125;-200;-200;3438;206;0;
18338;2024.11.09 00:00;-28;-4.625;-200;-200;3437;206;0;
18339;2024.11.09 00:15;-28;-5;-200;-200;3437;206;0;
18340;2024.11.09 00:30;-28;-5.625;-200;-200;3437;206;0;
18341;2024.11.09 00:45;-28;-5.3125;-200;-200;3437;206;0;
18342;2024.11.09 01:00;-28;-5.25;-200;-200;3437;206;0;
18343;2024.11.09 01:15;-28;-5.5;-200;-200;3437;206;0;
18344;2024.11.09 01:30;-28;-6.125;-200;-200;3437;206;0;
18345;2024.11.09 01:45;-28;-6.75;-200;-200;3437;206;0;
18346;2024.11.09 02:00;-28;-7.5;-200;-200;3437;206;0;
18347;2024.11.09 02:15;-28;-7.875;-200;-200;3437;206;0;
18348;2024.11.09 02:30;-28;-8.0625;-200;-200;3437;206;0;
18349;2024.11.09 02:45;-28;-8.5;-200;-200;3438;206;0;
18350;2024.11.09 03:00;-28;-8.875;-200;-200;3437;206;0;
18351;2024.11.09 03:15;-28;-9;-200;-200;3437;206;0;
18352;2024.11.09 03:30;-28;-8.75;-200;-200;3438;206;0;
18353;2024.11.09 03:45;-28;-8.375;-200;-200;3437;206;0;
18354;2024.11.09 04:00;-28;-8;-200;-200;3437;206;0;
18355;2024.11.09 04:15;-28;-8.25;-200;-200;3437;206;0;
18356;2024.11.09 04:30;-28;-8.625;-200;-200;3437;206;0;
18357;2024.11.09 04:45;-28;-8.875;-200;-200;3437;206;0;
18358;2024.11.09 05:00;-28;-8.75;-200;-200;3437;206;0;
18359;2024.11.09 05:15;-28;-7.4375;-200;-200;3437;206;0;
18360;2024.11.09 05:30;-28;-6.375;-200;-200;3437;206;0;
18361;2024.11.09 05:45;-28;-6.25;-200;-200;3437;206;0;
18362;2024.11.09 06:00;-28;-6.3125;-200;-200;3437;206;0;
18363;2024.11.09 06:15;-28;-6.5625;-200;-200;3437;206;0;
18364;2024.11.09 06:30;-28;-6.25;-200;-200;3437;206;0;
18365;2024.11.09 06:45;-28;-6.625;-200;-200;3437;206;0;
18366;2024.11.09 07:00;-28;-7.25;-200;-200;3437;206;0;
18367;2024.11.09 07:15;-28;-7.5;-200;-200;3437;206;0;
18368;2024.11.09 07:30;-28;-7.75;-200;-200;3437;206;0;
18369;2024.11.09 07:45;-28;-7.8125;-200;-200;3437;206;0;
18370;2024.11.09 08:00;-28;-8;-200;-200;3437;206;0;
18371;2024.11.09 08:15;-28;-8.375;-200;-200;3438;206;0;
18372;2024.11.09 08:30;-28;-8.375;-200;-200;3437;206;0;
18373;2024.11.09 08:45;-28;-8.25;-200;-200;3437;206;0;
18374;2024.11.09 09:00;-28;-8.75;-200;-200;3437;206;0;
18375;2024.11.09 09:15;-28;-8.5625;-200;-200;3438;206;0;
18376;2024.11.09 09:30;-28;-8;-200;-200;3438;206;0;
18377;2024.11.09 09:45;-28;-7;-200;-200;3438;206;0;
18378;2024.11.09 10:00;-28;-6.5;-200;-200;3438;206;0;
18379;2024.11.09 10:15;-28;-5.8125;-200;-200;3438;206;0;
18380;2024.11.09 10:30;-28;-5.6875;-200;-200;3438;206;0;
18381;2024.11.09 10:45;-28;-5.5625;-200;-200;3438;206;0;
18382;2024.11.09 11:00;-28;-5.375;-200;-200;3438;206;0;
18383;2024.11.09 11:15;-28;-5.25;-200;-200;3438;206;0;
18384;2024.11.09 11:30;-28;-5.25;-200;-200;3438;206;0;
18385;2024.11.09 11:45;-28;-5.25;-200;-200;3438;206;0;
18386;2024.11.09 12:00;-28;-5.1875;-200;-200;3438;206;0;
18387;2024.11.09 12:15;-28;-5.125;-200;-200;3439;206;0;
18388;2024.11.09 12:30;-28;-5;-200;-200;3438;206;0;
18389;2024.11.09 12:45;-28;-4.9375;-200;-200;3439;206;0;
18390;2024.11.09 13:00;-28;-4.875;-200;-200;3439;206;0;
18391;2024.11.09 13:15;-28;-4.75;-200;-200;3439;206;0;
18392;2024.11.09 13:30;-28;-4.625;-200;-200;3439;206;0;
18393;2024.11.09 13:45;-28;-4.5;-200;-200;3439;206;0;
18394;2024.11.09 14:00;-28;-4.5625;-200;-200;3439;206;0;
18395;2024.11.09 14:15;-28;-4.375;-200;-200;3439;206;0;
18396;2024.11.09 14:30;-28;-4.375;-200;-200;3439;206;0;
18397;2024.11.09 14:45;-28;-3.8125;-200;-200;3439;206;0;
18398;2024.11.09 15:00;-28;-3.375;-200;-200;3439;206;0;
18399;2024.11.09 15:15;-28;-3;-200;-200;3439;206;0;
18400;2024.11.09 15:30;-28;-2.25;-200;-200;3439;206;0;
18401;2024.11.09 15:45;-28;-2.125;-200;-200;3439;206;0;
18402;2024.11.09 16:00;-28;-1.875;-200;-200;3439;206;0;
18403;2024.11.09 16:15;-28;-1.6875;-200;-200;3439;206;0;
18404;2024.11.09 16:30;-28;-1.375;-200;-200;3439;206;0;
18405;2024.11.09 16:45;-28;-1.0625;-200;-200;3439;206;0;
18406;2024.11.09 17:00;-28;-0.25;-200;-200;3439;206;0;
18407;2024.11.09 17:15;-28;0.125;-200;-200;3439;206;0;
18408;2024.11.09 17:30;-28;0.375;-200;-200;3439;206;0;
18409;2024.11.09 17:45;-28;1.25;-200;-200;3439;206;0;
18410;2024.11.09 18:00;-28;2.6875;-200;-200;3439;206;0;
18411;2024.11.09 18:15;-28;3.125;-200;-200;3440;206;0;
18412;2024.11.09 18:30;-28;2.375;-200;-200;3440;206;0;
18413;2024.11.09 18:45;-28;2.0625;-200;-200;3440;206;0;
18414;2024.11.09 19:00;-28;1.375;-200;-200;3440;206;0;
18415;2024.11.09 19:15;-28;1.4375;-200;-200;3440;206;0;
18416;2024.11.09 19:30;-28;2;-200;-200;3440;206;0;
18417;2024.11.09 19:45;-28;2.375;-200;-200;3440;206;0;
18418;2024.11.09 20:00;-28;4;-200;-200;3440;206;0;
18419;2024.11.09 20:15;-28;3.8125;-200;-200;3440;206;0;
18420;2024.11.09 20:30;-28;2.5;-200;-200;3440;206;0;
18421;2024.11.09 20:45;-28;2.375;-200;-200;3440;206;0;
18422;2024.11.09 21:00;-28;2.125;-200;-200;3440;206;0;
18423;2024.11.09 21:15;-28;1.5;-200;-200;3440;206;0;
18424;2024.11.09 21:30;-28;1.25;-200;-200;3440;206;0;
18425;2024.11.09 21:45;-28;0;-200;-200;3440;206;0;
18426;2024.11.09 22:00;-28;-0.0625;-200;-200;3439;206;0;
18427;2024.11.09 22:15;-28;0.5625;-200;-200;3440;206;0;
18428;2024.11.09 22:30;-28;0.125;-200;-200;3439;206;0;
18429;2024.11.09 22:45;-28;-0.25;-200;-200;3439;206;0;
18430;2024.11.09 23:00;-28;-0.6875;-200;-200;3439;206;0;
18431;2024.11.09 23:15;-28;-1.25;-200;-200;3439;206;0;
18432;2024.11.09 23:30;-28;-1.875;-200;-200;3439;206;0;
18433;2024.11.09 23:45;-28;-2.3125;-200;-200;3439;206;0;
18434;2024.11.10 00:00;-28;-2.625;-200;-200;3439;206;0;
18435;2024.11.10 00:15;-28;-3.125;-200;-200;3440;206;0;
18436;2024.11.10 00:30;-28;-3.25;-200;-200;3439;206;0;
18437;2024.11.10 00:45;-28;-3.1875;-200;-200;3440;206;0;
18438;2024.11.10 01:00;-28;-3.0625;-200;-200;3439;206;0;
18439;2024.11.10 01:15;-28;-2.75;-200;-200;3439;206;0;
18440;2024.11.10 01:30;-28;-2.5;-200;-200;3439;206;0;
18441;2024.11.10 01:45;-28;-2.3125;-200;-200;3439;206;0;
18442;2024.11.10 02:00;-28;-2.25;-200;-200;3439;206;0;
18443;2024.11.10 02:15;-28;-1.75;-200;-200;3439;206;0;
18444;2024.11.10 02:30;-28;-1.5;-200;-200;3439;206;0;
18445;2024.11.10 02:45;-28;-1.625;-200;-200;3439;206;0;
18446;2024.11.10 03:00;-28;-1.4375;-200;-200;3439;206;0;
18447;2024.11.10 03:15;-28;-1.75;-200;-200;3439;206;0;
18448;2024.11.10 03:30;-28;-1.8125;-200;-200;3439;206;0;
18449;2024.11.10 03:45;-28;-1.875;-200;-200;3439;206;0;
18450;2024.11.10 04:00;-28;-2;-200;-200;3439;206;0;
18451;2024.11.10 04:15;-28;-2.125;-200;-200;3439;206;0;
18452;2024.11.10 04:30;-28;-1.875;-200;-200;3439;206;0;
18453;2024.11.10 04:45;-28;-1.375;-200;-200;3439;206;0;
18454;2024.11.10 05:00;-28;-1.25;-200;-200;3439;206;0;
18455;2024.11.10 05:15;-28;-1.3125;-200;-200;3439;206;0;
18456;2024.11.10 05:30;-28;-1.375;-200;-200;3439;206;0;
18457;2024.11.10 05:45;-28;-1.5;-200;-200;3439;206;0;
18458;2024.11.10 06:00;-28;-1.5;-200;-200;3439;206;0;
18459;2024.11.10 06:15;-28;-1.375;-200;-200;3439;206;0;
18460;2024.11.10 06:30;-28;-1.5;-200;-200;3439;206;0;
18461;2024.11.10 06:45;-28;-1.25;-200;-200;3439;206;0;
18462;2024.11.10 07:00;-28;-1.875;-200;-200;3439;206;0;
18463;2024.11.10 07:15;-28;-2.75;-200;-200;3439;206;0;
18464;2024.11.10 07:30;-28;-3;-200;-200;3439;206;0;
18465;2024.11.10 07:45;-28;-3.125;-200;-200;3439;206;0;
18466;2024.11.10 08:00;-28;-3.625;-200;-200;3439;206;0;
18467;2024.11.10 08:15;-28;-4;-200;-200;3439;206;0;
18468;2024.11.10 08:30;-28;-4.25;-200;-200;3440;206;0;
18469;2024.11.10 08:45;-28;-4.375;-200;-200;3440;206;0;
18470;2024.11.10 09:00;-28;-4.5625;-200;-200;3439;206;0;
18471;2024.11.10 09:15;-28;-4.625;-200;-200;3440;206;0;
18472;2024.11.10 09:30;-28;-4.6875;-200;-200;3440;206;0;
18473;2024.11.10 09:45;-28;-5.125;-200;-200;3441;206;0;
18474;2024.11.10 10:00;-28;-5.25;-200;-200;3440;206;0;
18475;2024.11.10 10:15;-28;-5.3125;-200;-200;3440;206;0;
18476;2024.11.10 10:30;-28;-5.3125;-200;-200;3440;206;0;
18477;2024.11.10 10:45;-28;-5.125;-200;-200;3440;206;0;
18478;2024.11.10 11:00;-28;-5.25;-200;-200;3440;206;0;
18479;2024.11.10 11:15;-28;-4.6875;-200;-200;3440;206;0;
18480;2024.11.10 11:30;-28;-5.25;-200;-200;3440;206;0;
18481;2024.11.10 11:45;-28;-4.75;-200;-200;3440;206;0;
18482;2024.11.10 12:00;-28;-5;-200;-200;3440;206;0;
18483;2024.11.10 12:15;-28;-4.75;-200;-200;3440;206;0;
18484;2024.11.10 12:30;-28;-4.625;-200;-200;3440;206;0;
18485;2024.11.10 12:45;-28;-4.0625;-200;-200;3440;206;0;
18486;2024.11.10 13:00;-28;-3.625;-200;-200;3440;206;0;
18487;2024.11.10 13:15;-28;-4.625;-200;-200;3440;206;0;
18488;2024.11.10 13:30;-28;-3.5;-200;-200;3440;206;0;
18489;2024.11.10 13:45;-28;-4.375;-200;-200;3440;206;0;
18490;2024.11.10 14:00;-28;-4.4375;-200;-200;3440;206;0;
18491;2024.11.10 14:15;-28;-1.6875;-200;-200;3440;206;0;
18492;2024.11.10 14:30;-28;-3.125;-200;-200;3440;206;0;
18493;2024.11.10 14:45;-28;-3.0625;-200;-200;3440;206;0;
18494;2024.11.10 15:00;-28;-2.125;-200;-200;3440;206;0;
18495;2024.11.10 15:15;-28;-1.3125;-200;-200;3441;206;0;
18496;2024.11.10 15:30;-28;0.875;-200;-200;3441;206;0;
18497;2024.11.10 15:45;-28;2.375;-200;-200;3441;206;0;
18498;2024.11.10 16:00;-28;3.125;-200;-200;3441;206;0;
18499;2024.11.10 16:15;-28;3.8125;-200;-200;3442;206;0;
18500;2024.11.10 16:30;-28;3.75;-200;-200;3442;206;0;
18501;2024.11.10 16:45;-28;4.5;-200;-200;3442;206;0;
18502;2024.11.10 17:00;-28;5.25;-200;-200;3442;206;0;
18503;2024.11.10 17:15;-28;6.125;-200;-200;3442;206;0;
18504;2024.11.10 17:30;-28;6.5625;-200;-200;3442;206;0;
18505;2024.11.10 17:45;-28;7.3125;-200;-200;3442;206;0;
18506;2024.11.10 18:00;-28;8.875;-200;-200;3443;206;0;
18507;2024.11.10 18:15;-28;9.375;-200;-200;3443;206;0;
18508;2024.11.10 18:30;-28;9.375;-200;-200;3443;206;0;
18509;2024.11.10 18:45;-28;8.625;-200;-200;3443;206;0;
18510;2024.11.10 19:00;-28;7.75;-200;-200;3443;206;0;
18511;2024.11.10 19:15;-28;7.625;-200;-200;3443;206;0;
18512;2024.11.10 19:30;-28;7.9375;-200;-200;3443;206;0;
18513;2024.11.10 19:45;-28;10.4375;-200;-200;3443;206;0;
18514;2024.11.10 20:00;-28;13.8125;-200;-200;3447;206;0;
18515;2024.11.10 20:15;-28;14.5;-200;-200;3447;206;0;
18516;2024.11.10 20:30;-28;11;-200;-200;3446;206;0;
18517;2024.11.10 20:45;-28;8.625;-200;-200;3445;206;0;
18518;2024.11.10 21:00;-28;7.375;-200;-200;3446;206;0;
18519;2024.11.10 21:15;-28;8.125;-200;-200;3446;206;0;
18520;2024.11.10 21:30;-28;11.4375;-200;-200;3445;206;0;
18521;2024.11.10 21:45;-28;7.75;-200;-200;3445;206;0;
18522;2024.11.10 22:00;-28;6.625;-200;-200;3445;206;0;
18523;2024.11.10 22:15;-28;5.6875;-200;-200;3445;206;0;
18524;2024.11.10 22:30;-28;5.25;-200;-200;3444;206;0;
18525;2024.11.10 22:45;-28;5.3125;-200;-200;3444;206;0;
18526;2024.11.10 23:00;-28;7;-200;-200;3445;206;0;
18527;2024.11.10 23:15;-28;5.5;-200;-200;3444;206;0;
18528;2024.11.10 23:30;-28;3.125;-200;-200;3444;206;0;
18529;2024.11.10 23:45;-28;2.25;-200;-200;3444;206;0;
18530;2024.11.11 00:00;-28;1.375;-200;-200;3444;206;0;
18531;2024.11.11 00:15;-28;0.625;-200;-200;3443;206;0;
18532;2024.11.11 00:30;-28;0;-200;-200;3443;206;0;
18533;2024.11.11 00:45;-28;-0.375;-200;-200;3443;206;0;
18534;2024.11.11 01:00;-28;-0.625;-200;-200;3443;206;0;
18535;2024.11.11 01:15;-28;-0.875;-200;-200;3443;206;0;
18536;2024.11.11 01:30;-28;-1.25;-200;-200;3443;206;0;
18537;2024.11.11 01:45;-28;-1.4375;-200;-200;3443;206;0;
18538;2024.11.11 02:00;-28;-1.6875;-200;-200;3443;206;0;
18539;2024.11.11 02:15;-28;-1.875;-200;-200;3443;206;0;
18540;2024.11.11 02:30;-28;-2;-200;-200;3443;206;0;
18541;2024.11.11 02:45;-28;-2.1875;-200;-200;3443;206;0;
18542;2024.11.11 03:00;-28;-2;-200;-200;3443;206;0;
18543;2024.11.11 03:15;-28;-2.125;-200;-200;3443;206;0;
18544;2024.11.11 03:30;-28;-2;-200;-200;3443;206;0;
18545;2024.11.11 03:45;-28;-2.25;-200;-200;3442;206;0;
18546;2024.11.11 04:00;-28;-2.5;-200;-200;3442;206;0;
18547;2024.11.11 04:15;-28;-2.625;-200;-200;3442;206;0;
18548;2024.11.11 04:30;-28;-2.8125;-200;-200;3442;206;0;
18549;2024.11.11 04:45;-28;-3;-200;-200;3442;206;0;
18550;2024.11.11 05:00;-28;-3.125;-200;-200;3442;206;0;
18551;2024.11.11 05:15;-28;-3.1875;-200;-200;3441;206;0;
18552;2024.11.11 05:30;-28;-3.125;-200;-200;3442;206;0;
18553;2024.11.11 05:45;-28;-3.25;-200;-200;3441;206;0;
18554;2024.11.11 06:00;-28;-3.375;-200;-200;3441;206;0;
18555;2024.11.11 06:15;-28;-3.5;-200;-200;3441;206;0;
18556;2024.11.11 06:30;-28;-3.6875;-200;-200;3441;206;0;
18557;2024.11.11 06:45;-28;-3.8125;-200;-200;3441;206;0;
18558;2024.11.11 07:00;-28;-3.875;-200;-200;3441;206;0;
18559;2024.11.11 07:15;-28;-3.875;-200;-200;3441;206;0;
18560;2024.11.11 07:30;-28;-3.875;-200;-200;3441;206;0;
18561;2024.11.11 07:45;-28;-3.625;-200;-200;3441;206;0;
18562;2024.11.11 08:00;-28;-3.8125;-200;-200;3441;206;0;
18563;2024.11.11 08:15;-28;-4;-200;-200;3441;206;0;
18564;2024.11.11 08:30;-28;-3.6875;-200;-200;3441;206;0;
18565;2024.11.11 08:45;-28;-3.3125;-200;-200;3441;206;0;
18566;2024.11.11 09:00;-28;-3.5625;-200;-200;3441;206;0;
18567;2024.11.11 09:15;-28;-3.8125;-200;-200;3441;206;0;
18568;2024.11.11 09:30;-28;-4.125;-200;-200;3441;206;0;
18569;2024.11.11 09:45;-28;-4;-200;-200;3441;206;0;
18570;2024.11.11 10:00;-28;-3.875;-200;-200;3441;206;0;
18571;2024.11.11 10:15;-28;-3.875;-200;-200;3441;206;0;
18572;2024.11.11 10:30;-28;-4.125;-200;-200;3441;206;0;
18573;2024.11.11 10:45;-28;-4.25;-200;-200;3441;206;0;
18574;2024.11.11 11:00;-28;-4.25;-200;-200;3441;206;0;
18575;2024.11.11 11:15;-28;-4.125;-200;-200;3441;206;0;
18576;2024.11.11 11:30;-28;-3.875;-200;-200;3441;206;0;
18577;2024.11.11 11:45;-28;-3.4375;-200;-200;3441;206;0;
18578;2024.11.11 12:00;-28;-3.4375;-200;-200;3441;206;0;
18579;2024.11.11 12:15;-28;-3.4375;-200;-200;3441;206;0;
18580;2024.11.11 12:30;-28;-2.875;-200;-200;3441;206;0;
18581;2024.11.11 12:45;-28;-2.5625;-200;-200;3442;206;0;
18582;2024.11.11 13:00;-28;-2.875;-200;-200;3441;206;0;
18583;2024.11.11 13:15;-28;-3;-200;-200;3441;206;0;
18584;2024.11.11 13:30;-28;-3;-200;-200;3441;206;0;
18585;2024.11.11 13:45;-28;-2.8125;-200;-200;3441;206;0;
18586;2024.11.11 14:00;-28;-2.0625;-200;-200;3442;206;0;
18587;2024.11.11 14:15;-28;-1.4375;-200;-200;3442;206;0;
18588;2024.11.11 14:30;-28;-1.25;-200;-200;3442;206;0;
18589;2024.11.11 14:45;-28;-1.0625;-200;-200;3442;206;0;
18590;2024.11.11 15:00;-28;-0.375;-200;-200;3442;206;0;
18591;2024.11.11 15:15;-28;0.25;-200;-200;3442;206;0;
18592;2024.11.11 15:30;-28;2.5625;-200;-200;3442;206;0;
18593;2024.11.11 15:45;-28;4.25;-200;-200;3443;206;0;
18594;2024.11.11 16:00;-28;5.25;-200;-200;3443;206;0;
18595;2024.11.11 16:15;-28;5.375;-200;-200;3443;206;0;
18596;2024.11.11 16:30;-28;5.8125;-200;-200;3443;206;0;
18597;2024.11.11 16:45;-28;6.625;-200;-200;3443;206;0;
18598;2024.11.11 17:00;-28;6.9375;-200;-200;3443;206;0;
18599;2024.11.11 17:15;-28;7.4375;-200;-200;3443;206;0;
18600;2024.11.11 17:30;-28;7.25;-200;-200;3443;206;0;
18601;2024.11.11 17:45;-28;7.625;-200;-200;3443;206;0;
18602;2024.11.11 18:00;-28;8.1875;-200;-200;3444;206;0;
18603;2024.11.11 18:15;-28;8.875;-200;-200;3444;206;0;
18604;2024.11.11 18:30;-28;8.625;-200;-200;3444;206;0;
18605;2024.11.11 18:45;-28;8.625;-200;-200;3444;206;0;
18606;2024.11.11 19:00;-28;8.5625;-200;-200;3444;206;0;
18607;2024.11.11 19:15;-28;8.6875;-200;-200;3445;206;0;
18608;2024.11.11 19:30;-28;9;-200;-200;3444;206;0;
18609;2024.11.11 19:45;-28;9.4375;-200;-200;3445;206;0;
18610;2024.11.11 20:00;-28;9.625;-200;-200;3444;206;0;
18611;2024.11.11 20:15;-28;9.75;-200;-200;3444;206;0;
18612;2024.11.11 20:30;-28;10.125;-200;-200;3444;206;0;
18613;2024.11.11 20:45;-28;8.125;-200;-200;3444;206;0;
18614;2024.11.11 21:00;-28;7.75;-200;-200;3443;206;0;
18615;2024.11.11 21:15;-28;8.125;-200;-200;3444;206;0;
18616;2024.11.11 21:30;-28;10.75;-200;-200;3444;206;0;
18617;2024.11.11 21:45;-28;8.25;-200;-200;3443;206;0;
18618;2024.11.11 22:00;-28;6.9375;-200;-200;3443;206;0;
18619;2024.11.11 22:15;-28;6.25;-200;-200;3442;206;0;
18620;2024.11.11 22:30;-28;5.875;-200;-200;3442;206;0;
18621;2024.11.11 22:45;-28;5.875;-200;-200;3442;206;0;
18622;2024.11.11 23:00;-28;6.125;-200;-200;3442;206;0;
18623;2024.11.11 23:15;-28;5.75;-200;-200;3442;206;0;
18624;2024.11.11 23:30;-28;4.1875;-200;-200;3442;206;0;
18625;2024.11.11 23:45;-28;2.8125;-200;-200;3442;206;0;
18626;2024.11.12 00:00;-28;1.5;-200;-200;3441;206;0;
18627;2024.11.12 00:15;-28;0.5625;-200;-200;3441;206;0;
18628;2024.11.12 00:30;-28;-0.125;-200;-200;3441;206;0;
18629;2024.11.12 00:45;-28;-0.625;-200;-200;3441;206;0;
18630;2024.11.12 01:00;-28;-1.125;-200;-200;3441;206;0;
18631;2024.11.12 01:15;-28;-1.5625;-200;-200;3440;206;0;
18632;2024.11.12 01:30;-28;-1.875;-200;-200;3440;206;0;
18633;2024.11.12 01:45;-28;-2.25;-200;-200;3440;206;0;
18634;2024.11.12 02:00;-28;-2.375;-200;-200;3440;206;0;
18635;2024.11.12 02:15;-28;-2.625;-200;-200;3440;206;0;
18636;2024.11.12 02:30;-28;-2.75;-200;-200;3440;206;0;
18637;2024.11.12 02:45;-28;-2.8125;-200;-200;3440;206;0;
18638;2024.11.12 03:00;-28;-2.875;-200;-200;3440;206;0;
18639;2024.11.12 03:15;-28;-2.875;-200;-200;3440;206;0;
18640;2024.11.12 03:30;-28;-2.9375;-200;-200;3440;206;0;
18641;2024.11.12 03:45;-28;-3;-200;-200;3440;206;0;
18642;2024.11.12 04:00;-28;-2.9375;-200;-200;3440;206;0;
18643;2024.11.12 04:15;-28;-2.75;-200;-200;3440;206;0;
18644;2024.11.12 04:30;-28;-2.8125;-200;-200;3440;206;0;
18645;2024.11.12 04:45;-28;-2.875;-200;-200;3440;206;0;
18646;2024.11.12 05:00;-28;-3;-200;-200;3440;206;0;
18647;2024.11.12 05:15;-28;-2.125;-200;-200;3440;206;0;
18648;2024.11.12 05:30;-28;-1.875;-200;-200;3440;206;0;
18649;2024.11.12 05:45;-28;-1.5625;-200;-200;3440;206;0;
18650;2024.11.12 06:00;-28;-1.875;-200;-200;3440;206;0;
18651;2024.11.12 06:15;-28;-1.75;-200;-200;3440;206;0;
18652;2024.11.12 06:30;-28;-2;-200;-200;3440;206;0;
18653;2024.11.12 06:45;-28;-1.625;-200;-200;3440;206;0;
18654;2024.11.12 07:00;-28;-1.5;-200;-200;3440;206;0;
18655;2024.11.12 07:15;-28;-1.375;-200;-200;3440;206;0;
18656;2024.11.12 07:30;-28;-1.4375;-200;-200;3440;206;0;
18657;2024.11.12 07:45;-28;-1.5;-200;-200;3440;206;0;
18658;2024.11.12 08:00;-28;-1.5;-200;-200;3440;206;0;
18659;2024.11.12 08:15;-28;-1.25;-200;-200;3440;206;0;
18660;2024.11.12 08:30;-28;-1.625;-200;-200;3440;206;0;
18661;2024.11.12 08:45;-28;-0.75;-200;-200;3440;206;0;
18662;2024.11.12 09:00;-28;-0.875;-200;-200;3440;206;0;
18663;2024.11.12 09:15;-28;-1.125;-200;-200;3440;206;0;
18664;2024.11.12 09:30;-28;-0.4375;-200;-200;3440;206;0;
18665;2024.11.12 09:45;-28;0.4375;-200;-200;3440;206;0;
18666;2024.11.12 10:00;-28;0.625;-200;-200;3441;206;0;
18667;2024.11.12 10:15;-28;0.625;-200;-200;3440;206;0;
18668;2024.11.12 10:30;-28;0.6875;-200;-200;3441;206;0;
18669;2024.11.12 10:45;-28;0.1875;-200;-200;3440;206;0;
18670;2024.11.12 11:00;-28;0.0625;-200;-200;3441;206;0;
18671;2024.11.12 11:15;-28;0.125;-200;-200;3440;206;0;
18672;2024.11.12 11:30;-28;-0.25;-200;-200;3441;206;0;
18673;2024.11.12 11:45;-28;0;-200;-200;3441;206;0;
18674;2024.11.12 12:00;-28;-0.3125;-200;-200;3441;206;0;
18675;2024.11.12 12:15;-28;-0.5;-200;-200;3440;206;0;
18676;2024.11.12 12:30;-28;-1.1875;-200;-200;3440;206;0;
18677;2024.11.12 12:45;-28;-1.625;-200;-200;3440;206;0;
18678;2024.11.12 13:00;-28;-1.75;-200;-200;3440;206;0;
18679;2024.11.12 13:15;-28;-1.75;-200;-200;3440;206;0;
18680;2024.11.12 13:30;-28;-2.25;-200;-200;3440;206;0;
18681;2024.11.12 13:45;-28;-2.25;-200;-200;3440;206;0;
18682;2024.11.12 14:00;-28;-2.125;-200;-200;3440;206;0;
18683;2024.11.12 14:15;-28;-2;-200;-200;3440;206;0;
18684;2024.11.12 14:30;-28;-1.625;-200;-200;3440;206;0;
18685;2024.11.12 14:45;-28;-0.625;-200;-200;3440;206;0;
18686;2024.11.12 15:00;-28;0.625;-200;-200;3441;206;0;
18687;2024.11.12 15:15;-28;1.75;-200;-200;3441;206;0;
18688;2024.11.12 15:30;-28;2.9375;-200;-200;3441;206;0;
18689;2024.11.12 15:45;-28;3.25;-200;-200;3441;206;0;
18690;2024.11.12 16:00;-28;3.8125;-200;-200;3441;206;0;
18691;2024.11.12 16:15;-28;3.75;-200;-200;3441;206;0;
18692;2024.11.12 16:30;-28;3.625;-200;-200;3441;206;0;
18693;2024.11.12 16:45;-28;4;-200;-200;3441;206;0;
18694;2024.11.12 17:00;-28;4.875;-200;-200;3441;206;0;
18695;2024.11.12 17:15;-28;5.25;-200;-200;3441;206;0;
18696;2024.11.12 17:30;-28;5.125;-200;-200;3441;206;0;
18697;2024.11.12 17:45;-28;5.875;-200;-200;3441;206;0;
18698;2024.11.12 18:00;-28;6.1875;-200;-200;3441;206;0;
18699;2024.11.12 18:15;-28;6.375;-200;-200;3441;206;0;
18700;2024.11.12 18:30;-28;6.25;-200;-200;3441;206;0;
18701;2024.11.12 18:45;-28;5.625;-200;-200;3441;206;0;
18702;2024.11.12 19:00;-28;5.125;-200;-200;3441;206;0;
18703;2024.11.12 19:15;-28;5.1875;-200;-200;3441;206;0;
18704;2024.11.12 19:30;-28;5.8125;-200;-200;3442;206;0;
18705;2024.11.12 19:45;-28;6.875;-200;-200;3442;206;0;
18706;2024.11.12 20:00;-28;8.875;-200;-200;3444;206;0;
18707;2024.11.12 20:15;-28;8.0625;-200;-200;3443;206;0;
18708;2024.11.12 20:30;-28;6.5;-200;-200;3442;206;0;
18709;2024.11.12 20:45;-28;5.0625;-200;-200;3442;206;0;
18710;2024.11.12 21:00;-28;5;-200;-200;3442;206;0;
18711;2024.11.12 21:15;-28;4.625;-200;-200;3442;206;0;
18712;2024.11.12 21:30;-28;4.25;-200;-200;3441;206;0;
18713;2024.11.12 21:45;-28;4.0625;-200;-200;3441;206;0;
18714;2024.11.12 22:00;-28;3.5;-200;-200;3441;206;0;
18715;2024.11.12 22:15;-28;3.25;-200;-200;3441;206;0;
18716;2024.11.12 22:30;-28;2.9375;-200;-200;3441;206;0;
18717;2024.11.12 22:45;-28;3;-200;-200;3441;206;0;
18718;2024.11.12 23:00;-28;3.4375;-200;-200;3441;206;0;
18719;2024.11.12 23:15;-28;2.875;-200;-200;3441;206;0;
18720;2024.11.12 23:30;-28;1.875;-200;-200;3440;206;0;
18721;2024.11.12 23:45;-28;1;-200;-200;3440;206;0;
18722;2024.11.13 00:00;-28;0.375;-200;-200;3440;206;0;
18723;2024.11.13 00:15;-28;-0.3125;-200;-200;3440;206;0;
18724;2024.11.13 00:30;-28;-1;-200;-200;3440;206;0;
18725;2024.11.13 00:45;-28;-1.25;-200;-200;3440;206;0;
18726;2024.11.13 01:00;-28;-1.625;-200;-200;3440;206;0;
18727;2024.11.13 01:15;-28;-1.8125;-200;-200;3440;206;0;
18728;2024.11.13 01:30;-28;-2;-200;-200;3440;206;0;
18729;2024.11.13 01:45;-28;-2.75;-200;-200;3440;206;0;
18730;2024.11.13 02:00;-28;-2.75;-200;-200;3440;206;0;
18731;2024.11.13 02:15;-28;-3.1875;-200;-200;3440;206;0;
18732;2024.11.13 02:30;-28;-3.8125;-200;-200;3440;206;0;
18733;2024.11.13 02:45;-28;-4.125;-200;-200;3439;206;0;
18734;2024.11.13 03:00;-28;-4.125;-200;-200;3439;206;0;
18735;2024.11.13 03:15;-28;-4;-200;-200;3439;206;0;
18736;2024.11.13 03:30;-28;-3.875;-200;-200;3439;206;0;
18737;2024.11.13 03:45;-28;-3.625;-200;-200;3439;206;0;
18738;2024.11.13 04:00;-28;-3.375;-200;-200;3439;206;0;
18739;2024.11.13 04:15;-28;-3.3125;-200;-200;3439;206;0;
18740;2024.11.13 04:30;-28;-3.5;-200;-200;3439;206;0;
18741;2024.11.13 04:45;-28;-3.8125;-200;-200;3439;206;0;
18742;2024.11.13 05:00;-28;-3.875;-200;-200;3439;206;0;
18743;2024.11.13 05:15;-28;-4;-200;-200;3439;206;0;
18744;2024.11.13 05:30;-28;-4;-200;-200;3439;206;0;
18745;2024.11.13 05:45;-28;-3.75;-200;-200;3439;206;0;
18746;2024.11.13 06:00;-28;-3.625;-200;-200;3439;206;0;
18747;2024.11.13 06:15;-28;-3.625;-200;-200;3439;206;0;
18748;2024.11.13 06:30;-28;-3.75;-200;-200;3439;206;0;
18749;2024.11.13 06:45;-28;-3.6875;-200;-200;3439;206;0;
18750;2024.11.13 07:00;-28;-3.625;-200;-200;3439;206;0;
18751;2024.11.13 07:15;-28;-3.5625;-200;-200;3439;206;0;
18752;2024.11.13 07:30;-28;-3.875;-200;-200;3439;206;0;
18753;2024.11.13 07:45;-28;-3.6875;-200;-200;3439;206;0;
18754;2024.11.13 08:00;-28;-3.9375;-200;-200;3439;206;0;
18755;2024.11.13 08:15;-28;-4.125;-200;-200;3439;206;0;
18756;2024.11.13 08:30;-28;-4.375;-200;-200;3439;206;0;
18757;2024.11.13 08:45;-28;-4.75;-200;-200;3439;206;0;
18758;2024.11.13 09:00;-28;-4.625;-200;-200;3439;206;0;
18759;2024.11.13 09:15;-28;-5.0625;-200;-200;3439;206;0;
18760;2024.11.13 09:30;-28;-5.1875;-200;-200;3439;206;0;
18761;2024.11.13 09:45;-28;-5.5;-200;-200;3439;206;0;
18762;2024.11.13 10:00;-28;-5.75;-200;-200;3439;206;0;
18763;2024.11.13 10:15;-28;-5.75;-200;-200;3439;206;0;
18764;2024.11.13 10:30;-28;-6;-200;-200;3439;206;0;
18765;2024.11.13 10:45;-28;-5.5;-200;-200;3439;206;0;
18766;2024.11.13 11:00;-28;-5.125;-200;-200;3439;206;0;
18767;2024.11.13 11:15;-28;-5;-200;-200;3439;206;0;
18768;2024.11.13 11:30;-28;-4.875;-200;-200;3439;206;0;
18769;2024.11.13 11:45;-28;-5.375;-200;-200;3439;206;0;
18770;2024.11.13 12:00;-28;-6;-200;-200;3439;206;0;
18771;2024.11.13 12:15;-28;-6;-200;-200;3439;206;0;
18772;2024.11.13 12:30;-28;-5.75;-200;-200;3439;206;0;
18773;2024.11.13 12:45;-28;-6.125;-200;-200;3439;206;0;
18774;2024.11.13 13:00;-28;-5.5;-200;-200;3439;206;0;
18775;2024.11.13 13:15;-28;-5.5;-200;-200;3439;206;0;
18776;2024.11.13 13:30;-28;-5.875;-200;-200;3439;206;0;
18777;2024.11.13 13:45;-28;-5.8125;-200;-200;3439;206;0;
18778;2024.11.13 14:00;-28;-5.8125;-200;-200;3439;206;0;
18779;2024.11.13 14:15;-28;-5.875;-200;-200;3439;206;0;
18780;2024.11.13 14:30;-28;-5.3125;-200;-200;3439;206;0;
18781;2024.11.13 14:45;-28;-4.625;-200;-200;3439;206;0;
18782;2024.11.13 15:00;-28;-3.5;-200;-200;3439;206;0;
18783;2024.11.13 15:15;-28;-2.375;-200;-200;3439;206;0;
18784;2024.11.13 15:30;-28;-1.125;-200;-200;3439;206;0;
18785;2024.11.13 15:45;-28;-0.1875;-200;-200;3439;206;0;
18786;2024.11.13 16:00;-28;0.25;-200;-200;3439;206;0;
18787;2024.11.13 16:15;-28;0.75;-200;-200;3440;206;0;
18788;2024.11.13 16:30;-28;1.25;-200;-200;3440;206;0;
18789;2024.11.13 16:45;-28;2.125;-200;-200;3440;206;0;
18790;2024.11.13 17:00;-28;3.25;-200;-200;3440;206;0;
18791;2024.11.13 17:15;-28;3.625;-200;-200;3440;206;0;
18792;2024.11.13 17:30;-28;4;-200;-200;3441;206;0;
18793;2024.11.13 17:45;-28;5;-200;-200;3442;206;0;
18794;2024.11.13 18:00;-28;6.3125;-200;-200;3442;206;0;
18795;2024.11.13 18:15;-28;6;-200;-200;3442;206;0;
18796;2024.11.13 18:30;-28;6.25;-200;-200;3442;206;0;
18797;2024.11.13 18:45;-28;5.875;-200;-200;3442;206;0;
18798;2024.11.13 19:00;-28;6;-200;-200;3442;206;0;
18799;2024.11.13 19:15;-28;6.0625;-200;-200;3442;206;0;
18800;2024.11.13 19:30;-28;6.25;-200;-200;3442;206;0;
18801;2024.11.13 19:45;-28;7;-200;-200;3442;206;0;
18802;2024.11.13 20:00;-28;9.375;-200;-200;3443;206;0;
18803;2024.11.13 20:15;-28;11.5;-200;-200;3446;206;0;
18804;2024.11.13 20:30;-28;9.625;-200;-200;3444;206;0;
18805;2024.11.13 20:45;-28;6.6875;-200;-200;3442;206;0;
18806;2024.11.13 21:00;-28;5.875;-200;-200;3442;206;0;
18807;2024.11.13 21:15;-28;6.125;-200;-200;3442;206;0;
18808;2024.11.13 21:30;-28;7.0625;-200;-200;3442;206;0;
18809;2024.11.13 21:45;-28;6.125;-200;-200;3442;206;0;
18810;2024.11.13 22:00;-28;5.0625;-200;-200;3442;206;0;
18811;2024.11.13 22:15;-28;4.625;-200;-200;3441;206;0;
18812;2024.11.13 22:30;-28;4.375;-200;-200;3441;206;0;
18813;2024.11.13 22:45;-28;4.625;-200;-200;3441;206;0;
18814;2024.11.13 23:00;-28;5.25;-200;-200;3441;206;0;
18815;2024.11.13 23:15;-28;3.9375;-200;-200;3441;206;0;
18816;2024.11.13 23:30;-28;2.75;-200;-200;3441;206;0;
18817;2024.11.13 23:45;-28;1.75;-200;-200;3441;206;0;
18818;2024.11.14 00:00;-28;0.8125;-200;-200;3441;206;0;
18819;2024.11.14 00:15;-28;0;-200;-200;3440;206;0;
18820;2024.11.14 00:30;-28;-0.6875;-200;-200;3440;206;0;
18821;2024.11.14 00:45;-28;-1.125;-200;-200;3440;206;0;
18822;2024.11.14 01:00;-28;-1.25;-200;-200;3440;206;0;
18823;2024.11.14 01:15;-28;-2;-200;-200;3440;206;0;
18824;2024.11.14 01:30;-28;-2.4375;-200;-200;3440;206;0;
18825;2024.11.14 01:45;-28;-2.375;-200;-200;3440;206;0;
18826;2024.11.14 02:00;-28;-2.6875;-200;-200;3440;206;0;
18827;2024.11.14 02:15;-28;-3;-200;-200;3440;206;0;
18828;2024.11.14 02:30;-28;-3.1875;-200;-200;3440;206;0;
18829;2024.11.14 02:45;-28;-3.375;-200;-200;3440;206;0;
18830;2024.11.14 03:00;-28;-3.5;-200;-200;3440;206;0;
18831;2024.11.14 03:15;-28;-3.625;-200;-200;3440;206;0;
18832;2024.11.14 03:30;-28;-3.375;-200;-200;3440;206;0;
18833;2024.11.14 03:45;-28;-3.125;-200;-200;3440;206;0;
18834;2024.11.14 04:00;-28;-2.875;-200;-200;3440;206;0;
18835;2024.11.14 04:15;-28;-2.875;-200;-200;3440;206;0;
18836;2024.11.14 04:30;-28;-2.9375;-200;-200;3440;206;0;
18837;2024.11.14 04:45;-28;-2.625;-200;-200;3440;206;0;
18838;2024.11.14 05:00;-28;-2.125;-200;-200;3440;206;0;
18839;2024.11.14 05:15;-28;-1.4375;-200;-200;3440;206;0;
18840;2024.11.14 05:30;-28;-1.25;-200;-200;3440;206;0;
18841;2024.11.14 05:45;-28;-1.6875;-200;-200;3440;206;0;
18842;2024.11.14 06:00;-28;-1.875;-200;-200;3440;206;0;
18843;2024.11.14 06:15;-28;-2.3125;-200;-200;3440;206;0;
18844;2024.11.14 06:30;-28;-2.875;-200;-200;3440;206;0;
18845;2024.11.14 06:45;-28;-3.375;-200;-200;3440;206;0;
18846;2024.11.14 07:00;-28;-3.4375;-200;-200;3440;206;0;
18847;2024.11.14 07:15;-28;-3.875;-200;-200;3440;206;0;
18848;2024.11.14 07:30;-28;-3.8125;-200;-200;3440;206;0;
18849;2024.11.14 07:45;-28;-3.6875;-200;-200;3440;206;0;
18850;2024.11.14 08:00;-28;-4;-200;-200;3440;206;0;
18851;2024.11.14 08:15;-28;-4;-200;-200;3440;206;0;
18852;2024.11.14 08:30;-28;-4.125;-200;-200;3440;206;0;
18853;2024.11.14 08:45;-28;-4.125;-200;-200;3440;206;0;
18854;2024.11.14 09:00;-28;-4.125;-200;-200;3440;206;0;
18855;2024.11.14 09:15;-28;-3.875;-200;-200;3440;206;0;
18856;2024.11.14 09:30;-28;-3.9375;-200;-200;3440;206;0;
18857;2024.11.14 09:45;-28;-4.25;-200;-200;3440;206;0;
18858;2024.11.14 10:00;-28;-4;-200;-200;3440;206;0;
18859;2024.11.14 10:15;-28;-4.375;-200;-200;3440;206;0;
18860;2024.11.14 10:30;-28;-4.25;-200;-200;3440;206;0;
18861;2024.11.14 10:45;-28;-4.25;-200;-200;3440;206;0;
18862;2024.11.14 11:00;-28;-4.3125;-200;-200;3440;206;0;
18863;2024.11.14 11:15;-28;-4.375;-200;-200;3440;206;0;
18864;2024.11.14 11:30;-28;-4.5;-200;-200;3440;206;0;
18865;2024.11.14 11:45;-28;-4.625;-200;-200;3440;206;0;
18866;2024.11.14 12:00;-28;-4.5;-200;-200;3440;206;0;
18867;2024.11.14 12:15;-28;-3.9375;-200;-200;3440;206;0;
18868;2024.11.14 12:30;-28;-4.25;-200;-200;3440;206;0;
18869;2024.11.14 12:45;-28;-4.25;-200;-200;3440;206;0;
18870;2024.11.14 13:00;-28;-4.125;-200;-200;3440;206;0;
18871;2024.11.14 13:15;-28;-4;-200;-200;3440;206;0;
18872;2024.11.14 13:30;-28;-4.1875;-200;-200;3440;206;0;
18873;2024.11.14 13:45;-28;-4.375;-200;-200;3440;206;0;
18874;2024.11.14 14:00;-28;-4.3125;-200;-200;3440;206;0;
18875;2024.11.14 14:15;-28;-3.625;-200;-200;3440;206;0;
18876;2024.11.14 14:30;-28;-2.875;-200;-200;3440;206;0;
18877;2024.11.14 14:45;-28;-2.125;-200;-200;3440;206;0;
18878;2024.11.14 15:00;-28;-0.625;-200;-200;3440;206;0;
18879;2024.11.14 15:15;-28;1.4375;-200;-200;3440;206;0;
18880;2024.11.14 15:30;-28;3.3125;-200;-200;3440;206;0;
18881;2024.11.14 15:45;-28;5.5;-200;-200;3440;206;0;
18882;2024.11.14 16:00;-28;6;-200;-200;3440;206;0;
18883;2024.11.14 16:15;-28;7.125;-200;-200;3440;206;0;
18884;2024.11.14 16:30;-28;7.125;-200;-200;3440;206;0;
18885;2024.11.14 16:45;-28;7.0625;-200;-200;3440;206;0;
18886;2024.11.14 17:00;-28;8;-200;-200;3440;206;0;
18887;2024.11.14 17:15;-28;7.9375;-200;-200;3440;206;0;
18888;2024.11.14 17:30;-28;8.3125;-200;-200;3440;206;0;
18889;2024.11.14 17:45;-28;9.375;-200;-200;3441;206;0;
18890;2024.11.14 18:00;-28;10.5;-200;-200;3442;206;0;
18891;2024.11.14 18:15;-28;10.625;-200;-200;3442;206;0;
18892;2024.11.14 18:30;-28;10.75;-200;-200;3442;206;0;
18893;2024.11.14 18:45;-28;10.25;-200;-200;3442;206;0;
18894;2024.11.14 19:00;-28;9.75;-200;-200;3442;206;0;
18895;2024.11.14 19:15;-28;10.125;-200;-200;3442;206;0;
18896;2024.11.14 19:30;-28;10.875;-200;-200;3442;206;0;
18897;2024.11.14 19:45;-28;12.375;-200;-200;3442;206;0;
18898;2024.11.14 20:00;-28;15.4375;-200;-200;3443;206;0;
18899;2024.11.14 20:15;-28;16.375;-200;-200;3443;206;0;
18900;2024.11.14 20:30;-28;13.5;-200;-200;3442;206;0;
18901;2024.11.14 20:45;-28;10.25;-200;-200;3440;206;0;
18902;2024.11.14 21:00;-28;9.3125;-200;-200;3440;206;0;
18903;2024.11.14 21:15;-28;9.375;-200;-200;3440;206;0;
18904;2024.11.14 21:30;-28;10.375;-200;-200;3440;206;0;
18905;2024.11.14 21:45;-28;9.625;-200;-200;3440;206;0;
18906;2024.11.14 22:00;-28;9.375;-200;-200;3440;206;0;
18907;2024.11.14 22:15;-28;8.125;-200;-200;3439;206;0;
18908;2024.11.14 22:30;-28;7.5625;-200;-200;3439;206;0;
18909;2024.11.14 22:45;-28;7.625;-200;-200;3439;206;0;
18910;2024.11.14 23:00;-28;7.875;-200;-200;3439;206;0;
18911;2024.11.14 23:15;-28;6.5;-200;-200;3439;206;0;
18912;2024.11.14 23:30;-28;4.625;-200;-200;3439;206;0;
18913;2024.11.14 23:45;-28;3.375;-200;-200;3438;206;0;
18914;2024.11.15 00:00;-28;2.25;-200;-200;3438;206;0;
18915;2024.11.15 00:15;-28;1.625;-200;-200;3438;206;0;
18916;2024.11.15 00:30;-28;0.75;-200;-200;3438;206;0;
18917;2024.11.15 00:45;-28;0.1875;-200;-200;3438;206;0;
18918;2024.11.15 01:00;-28;-0.25;-200;-200;3438;206;0;
18919;2024.11.15 01:15;-28;-0.375;-200;-200;3438;206;0;
18920;2024.11.15 01:30;-28;-0.6875;-200;-200;3438;206;0;
18921;2024.11.15 01:45;-28;-1;-200;-200;3438;206;0;
18922;2024.11.15 02:00;-28;-1.125;-200;-200;3438;206;0;
18923;2024.11.15 02:15;-28;-1.3125;-200;-200;3438;206;0;
18924;2024.11.15 02:30;-28;-1.4375;-200;-200;3438;206;0;
18925;2024.11.15 02:45;-28;-1.375;-200;-200;3438;206;0;
18926;2024.11.15 03:00;-28;-1.5;-200;-200;3438;206;0;
18927;2024.11.15 03:15;-28;-1.4375;-200;-200;3438;206;0;
18928;2024.11.15 03:30;-28;-1.625;-200;-200;3438;206;0;
18929;2024.11.15 03:45;-28;-1.5;-200;-200;3438;206;0;
18930;2024.11.15 04:00;-28;-1.5;-200;-200;3438;206;0;
18931;2024.11.15 04:15;-28;-1.125;-200;-200;3438;206;0;
18932;2024.11.15 04:30;-28;-1.5625;-200;-200;3438;206;0;
18933;2024.11.15 04:45;-28;-1.75;-200;-200;3438;206;0;
18934;2024.11.15 05:00;-28;-1.0625;-200;-200;3438;206;0;
18935;2024.11.15 05:15;-28;-1.4375;-200;-200;3438;206;0;
18936;2024.11.15 05:30;-28;-1.75;-200;-200;3438;206;0;
18937;2024.11.15 05:45;-28;-1.6875;-200;-200;3438;206;0;
18938;2024.11.15 06:00;-28;-1;-200;-200;3438;206;0;
18939;2024.11.15 06:15;-28;-0.75;-200;-200;3438;206;0;
18940;2024.11.15 06:30;-28;-0.125;-200;-200;3438;206;0;
18941;2024.11.15 06:45;-28;0.1875;-200;-200;3438;206;0;
18942;2024.11.15 07:00;-28;0.1875;-200;-200;3438;206;0;
18943;2024.11.15 07:15;-28;1.125;-200;-200;3438;206;0;
18944;2024.11.15 07:30;-28;1.1875;-200;-200;3438;206;0;
18945;2024.11.15 07:45;-28;1.25;-200;-200;3438;206;0;
18946;2024.11.15 08:00;-28;1.1875;-200;-200;3438;206;0;
18947;2024.11.15 08:15;-28;1;-200;-200;3438;206;0;
18948;2024.11.15 08:30;-28;0.9375;-200;-200;3438;206;0;
18949;2024.11.15 08:45;-28;1.3125;-200;-200;3438;206;0;
18950;2024.11.15 09:00;-28;0.8125;-200;-200;3438;206;0;
18951;2024.11.15 09:15;-28;1;-200;-200;3438;206;0;
18952;2024.11.15 09:30;-28;0.75;-200;-200;3438;206;0;
18953;2024.11.15 09:45;-28;1.125;-200;-200;3438;206;0;
18954;2024.11.15 10:00;-28;0.875;-200;-200;3438;206;0;
18955;2024.11.15 10:15;-28;0.0625;-200;-200;3438;206;0;
18956;2024.11.15 10:30;-28;-1.5;-200;-200;3438;206;0;
18957;2024.11.15 10:45;-28;-2.0625;-200;-200;3438;206;0;
18958;2024.11.15 11:00;-28;-2.375;-200;-200;3437;206;0;
18959;2024.11.15 11:15;-28;-2.5;-200;-200;3438;206;0;
18960;2024.11.15 11:30;-28;-2.3125;-200;-200;3438;206;0;
18961;2024.11.15 11:45;-28;-1.625;-200;-200;3438;206;0;
18962;2024.11.15 12:00;-28;-2.125;-200;-200;3438;206;0;
18963;2024.11.15 12:15;-28;-2.375;-200;-200;3438;206;0;
18964;2024.11.15 12:30;-28;-2.6875;-200;-200;3437;206;0;
18965;2024.11.15 12:45;-28;-2.75;-200;-200;3438;206;0;
18966;2024.11.15 13:00;-28;-2.6875;-200;-200;3438;206;0;
18967;2024.11.15 13:15;-28;-2.75;-200;-200;3437;206;0;
18968;2024.11.15 13:30;-28;-2.75;-200;-200;3438;206;0;
18969;2024.11.15 13:45;-28;-2.75;-200;-200;3437;206;0;
18970;2024.11.15 14:00;-28;-2.125;-200;-200;3437;206;0;
18971;2024.11.15 14:15;-28;-1.875;-200;-200;3438;206;0;
18972;2024.11.15 14:30;-28;-0.375;-200;-200;3438;206;0;
18973;2024.11.15 14:45;-28;1;-200;-200;3438;206;0;
18974;2024.11.15 15:00;-28;2.375;-200;-200;3438;206;0;
18975;2024.11.15 15:15;-28;3.3125;-200;-200;3439;206;0;
18976;2024.11.15 15:30;-28;4.625;-200;-200;3439;206;0;
18977;2024.11.15 15:45;-28;5.5;-200;-200;3439;206;0;
18978;2024.11.15 16:00;-28;5.625;-200;-200;3439;206;0;
18979;2024.11.15 16:15;-28;5.5625;-200;-200;3439;206;0;
18980;2024.11.15 16:30;-28;5.75;-200;-200;3439;206;0;
18981;2024.11.15 16:45;-28;6.1875;-200;-200;3439;206;0;
18982;2024.11.15 17:00;-28;6.8125;-200;-200;3439;206;0;
18983;2024.11.15 17:15;-28;6.875;-200;-200;3439;206;0;
18984;2024.11.15 17:30;-28;6.625;-200;-200;3439;206;0;
18985;2024.11.15 17:45;-28;6.875;-200;-200;3439;206;0;
18986;2024.11.15 18:00;-28;7.5;-200;-200;3439;206;0;
18987;2024.11.15 18:15;-28;8.0625;-200;-200;3439;206;0;
18988;2024.11.15 18:30;-28;8.5;-200;-200;3439;206;0;
18989;2024.11.15 18:45;-28;7.5;-200;-200;3439;206;0;
18990;2024.11.15 19:00;-28;8.125;-200;-200;3439;206;0;
18991;2024.11.15 19:15;-28;7.75;-200;-200;3439;206;0;
18992;2024.11.15 19:30;-28;8.5;-200;-200;3440;206;0;
18993;2024.11.15 19:45;-28;9.5;-200;-200;3332;206;0;
18994;2024.11.15 20:00;-28;11.9375;-200;-200;3333;206;0;
18995;2024.11.15 20:15;-28;13.625;-200;-200;3333;206;0;
18996;2024.11.15 20:30;-28;10.375;-200;-200;3333;206;0;
18997;2024.11.15 20:45;-28;8;-200;-200;3332;206;0;
18998;2024.11.15 21:00;-28;7.25;-200;-200;3331;206;0;
18999;2024.11.15 21:15;-28;7.375;-200;-200;3331;206;0;
19000;2024.11.15 21:30;-28;8.0625;-200;-200;3331;206;0;
19001;2024.11.15 21:45;-28;7.4375;-200;-200;3331;206;0;
19002;2024.11.15 22:00;-28;6.8125;-200;-200;3331;206;0;
19003;2024.11.15 22:15;-28;6.6875;-200;-200;3331;206;0;
19004;2024.11.15 22:30;-28;6.375;-200;-200;3331;206;0;
19005;2024.11.15 22:45;-28;5.75;-200;-200;3331;206;0;
19006;2024.11.15 23:00;-28;5.25;-200;-200;3331;206;0;
19007;2024.11.15 23:15;-28;5.625;-200;-200;3330;206;0;
19008;2024.11.15 23:30;-28;4.9375;-200;-200;3330;206;0;
19009;2024.11.15 23:45;-28;4.4375;-200;-200;3330;206;0;
19010;2024.11.16 00:00;-28;3.875;-200;-200;3330;206;0;
19011;2024.11.16 00:15;-28;4;-200;-200;3330;206;0;
19012;2024.11.16 00:30;-28;3.5;-200;-200;3330;206;0;
19013;2024.11.16 00:45;-28;3.75;-200;-200;3330;206;0;
19014;2024.11.16 01:00;-28;3.9375;-200;-200;3330;206;0;
19015;2024.11.16 01:15;-28;3.625;-200;-200;3330;206;0;
19016;2024.11.16 01:30;-28;3.6875;-200;-200;3330;206;0;
19017;2024.11.16 01:45;-28;3.5;-200;-200;3330;206;0;
19018;2024.11.16 02:00;-28;3.1875;-200;-200;3330;206;0;
19019;2024.11.16 02:15;-28;2.625;-200;-200;3330;206;0;
19020;2024.11.16 02:30;-28;2.4375;-200;-200;3330;206;0;
19021;2024.11.16 02:45;-28;2.625;-200;-200;3330;206;0;
19022;2024.11.16 03:00;-28;2.5;-200;-200;3330;206;0;
19023;2024.11.16 03:15;-28;3.125;-200;-200;3330;206;0;
19024;2024.11.16 03:30;-28;2.5;-200;-200;3330;206;0;
19025;2024.11.16 03:45;-28;1.875;-200;-200;3330;206;0;
19026;2024.11.16 04:00;-28;2.25;-200;-200;3330;206;0;
19027;2024.11.16 04:15;-28;2.4375;-200;-200;3330;206;0;
19028;2024.11.16 04:30;-28;1.9375;-200;-200;3330;206;0;
19029;2024.11.16 04:45;-28;1.625;-200;-200;3330;206;0;
19030;2024.11.16 05:00;-28;2.0625;-200;-200;3330;206;0;
19031;2024.11.16 05:15;-28;2.25;-200;-200;3330;206;0;
19032;2024.11.16 05:30;-28;2.375;-200;-200;3330;206;0;
19033;2024.11.16 05:45;-28;2.375;-200;-200;3330;206;0;
19034;2024.11.16 06:00;-28;2.125;-200;-200;3330;206;0;
19035;2024.11.16 06:15;-28;2.25;-200;-200;3330;206;0;
19036;2024.11.16 06:30;-28;2.25;-200;-200;3330;206;0;
19037;2024.11.16 06:45;-28;2.125;-200;-200;3330;206;0;
19038;2024.11.16 07:00;-28;2.125;-200;-200;3330;206;0;
19039;2024.11.16 07:15;-28;2.125;-200;-200;3330;206;0;
19040;2024.11.16 07:30;-28;2.125;-200;-200;3330;206;0;
19041;2024.11.16 07:45;-28;1.5625;-200;-200;3330;206;0;
19042;2024.11.16 08:00;-28;1.875;-200;-200;3330;206;0;
19043;2024.11.16 08:15;-28;1.375;-200;-200;3330;206;0;
19044;2024.11.16 08:30;-28;1.125;-200;-200;3330;206;0;
19045;2024.11.16 08:45;-28;1;-200;-200;3330;206;0;
19046;2024.11.16 09:00;-28;0.375;-200;-200;3330;206;0;
19047;2024.11.16 09:15;-28;-0.8125;-200;-200;3330;206;0;
19048;2024.11.16 09:30;-28;-1.625;-200;-200;3330;206;0;
19049;2024.11.16 09:45;-28;-2.375;-200;-200;3330;206;0;
19050;2024.11.16 10:00;-28;-2.0625;-200;-200;3329;206;0;
19051;2024.11.16 10:15;-28;-2;-200;-200;3330;206;0;
19052;2024.11.16 10:30;-28;-2.0625;-200;-200;3329;206;0;
19053;2024.11.16 10:45;-28;-2.25;-200;-200;3329;206;0;
19054;2024.11.16 11:00;-28;-3;-200;-200;3329;206;0;
19055;2024.11.16 11:15;-28;-3.3125;-200;-200;3329;206;0;
19056;2024.11.16 11:30;-28;-3.8125;-200;-200;3329;206;0;
19057;2024.11.16 11:45;-28;-4.125;-200;-200;3329;206;0;
19058;2024.11.16 12:00;-28;-4.3125;-200;-200;3329;206;0;
19059;2024.11.16 12:15;-28;-4.5;-200;-200;3329;206;0;
19060;2024.11.16 12:30;-28;-4.4375;-200;-200;3329;206;0;
19061;2024.11.16 12:45;-28;-4.75;-200;-200;3329;206;0;
19062;2024.11.16 13:00;-28;-4.875;-200;-200;3329;206;0;
19063;2024.11.16 13:15;-28;-5.1875;-200;-200;3329;206;0;
19064;2024.11.16 13:30;-28;-5.375;-200;-200;3329;206;0;
19065;2024.11.16 13:45;-28;-5.1875;-200;-200;3329;206;0;
19066;2024.11.16 14:00;-28;-5;-200;-200;3329;206;0;
19067;2024.11.16 14:15;-28;-4.9375;-200;-200;3329;206;0;
19068;2024.11.16 14:30;-28;-4.5;-200;-200;3329;206;0;
19069;2024.11.16 14:45;-28;-3.875;-200;-200;3329;206;0;
19070;2024.11.16 15:00;-28;-3.4375;-200;-200;3329;206;0;
19071;2024.11.16 15:15;-28;-2.6875;-200;-200;3329;206;0;
19072;2024.11.16 15:30;-28;-1.875;-200;-200;3329;206;0;
19073;2024.11.16 15:45;-28;-1.25;-200;-200;3329;206;0;
19074;2024.11.16 16:00;-28;-0.875;-200;-200;3329;206;0;
19075;2024.11.16 16:15;-28;-0.5;-200;-200;3329;206;0;
19076;2024.11.16 16:30;-28;-0.0625;-200;-200;3329;206;0;
19077;2024.11.16 16:45;-28;0.5625;-200;-200;3329;206;0;
19078;2024.11.16 17:00;-28;1.375;-200;-200;3329;206;0;
19079;2024.11.16 17:15;-28;1.75;-200;-200;3329;206;0;
19080;2024.11.16 17:30;-28;2.5;-200;-200;3329;206;0;
19081;2024.11.16 17:45;-28;3.125;-200;-200;3330;206;0;
19082;2024.11.16 18:00;-28;3.75;-200;-200;3330;206;0;
19083;2024.11.16 18:15;-28;4.4375;-200;-200;3330;206;0;
19084;2024.11.16 18:30;-28;4.3125;-200;-200;3330;206;0;
19085;2024.11.16 18:45;-28;3.875;-200;-200;3330;206;0;
19086;2024.11.16 19:00;-28;3.5;-200;-200;3330;206;0;
19087;2024.11.16 19:15;-28;3.4375;-200;-200;3330;206;0;
19088;2024.11.16 19:30;-28;3.875;-200;-200;3330;206;0;
19089;2024.11.16 19:45;-28;5.75;-200;-200;3330;206;0;
19090;2024.11.16 20:00;-28;8.125;-200;-200;3331;206;0;
19091;2024.11.16 20:15;-28;9.0625;-200;-200;3331;206;0;
19092;2024.11.16 20:30;-28;6.375;-200;-200;3331;206;0;
19093;2024.11.16 20:45;-28;3.9375;-200;-200;3330;206;0;
19094;2024.11.16 21:00;-28;3.3125;-200;-200;3330;206;0;
19095;2024.11.16 21:15;-28;3.125;-200;-200;3330;206;0;
19096;2024.11.16 21:30;-28;4.125;-200;-200;3330;206;0;
19097;2024.11.16 21:45;-28;3.25;-200;-200;3330;206;0;
19098;2024.11.16 22:00;-28;2.875;-200;-200;3330;206;0;
19099;2024.11.16 22:15;-28;2.875;-200;-200;3330;206;0;
19100;2024.11.16 22:30;-28;2.75;-200;-200;3330;206;0;
19101;2024.11.16 22:45;-28;2.625;-200;-200;3330;206;0;
19102;2024.11.16 23:00;-28;2.6875;-200;-200;3330;206;0;
19103;2024.11.16 23:15;-28;2.875;-200;-200;3330;206;0;
19104;2024.11.16 23:30;-28;2.4375;-200;-200;3330;206;0;
19105;2024.11.16 23:45;-28;1.5;-200;-200;3330;206;0;
19106;2024.11.17 00:00;-28;0.75;-200;-200;3329;206;0;
19107;2024.11.17 00:15;-28;-0.375;-200;-200;3329;206;0;
19108;2024.11.17 00:30;-28;-1.5;-200;-200;3329;206;0;
19109;2024.11.17 00:45;-28;-2.25;-200;-200;3329;206;0;
19110;2024.11.17 01:00;-28;-2.6875;-200;-200;3329;206;0;
19111;2024.11.17 01:15;-28;-3;-200;-200;3329;206;0;
19112;2024.11.17 01:30;-28;-3.125;-200;-200;3329;206;0;
19113;2024.11.17 01:45;-28;-3.375;-200;-200;3329;206;0;
19114;2024.11.17 02:00;-28;-3.5;-200;-200;3329;206;0;
19115;2024.11.17 02:15;-28;-3.5;-200;-200;3329;206;0;
19116;2024.11.17 02:30;-28;-3.75;-200;-200;3329;206;0;
19117;2024.11.17 02:45;-28;-3.875;-200;-200;3329;206;0;
19118;2024.11.17 03:00;-28;-4.125;-200;-200;3329;206;0;
19119;2024.11.17 03:15;-28;-3.8125;-200;-200;3329;206;0;
19120;2024.11.17 03:30;-28;-3.625;-200;-200;3329;206;0;
19121;2024.11.17 03:45;-28;-4.125;-200;-200;3329;206;0;
19122;2024.11.17 04:00;-28;-4.3125;-200;-200;3329;206;0;
19123;2024.11.17 04:15;-28;-4.5;-200;-200;3329;206;0;
19124;2024.11.17 04:30;-28;-4.75;-200;-200;3329;206;0;
19125;2024.11.17 04:45;-28;-4.8125;-200;-200;3329;206;0;
19126;2024.11.17 05:00;-28;-4.875;-200;-200;3329;206;0;
19127;2024.11.17 05:15;-28;-4.75;-200;-200;3329;206;0;
19128;2024.11.17 05:30;-28;-4.25;-200;-200;3329;206;0;
19129;2024.11.17 05:45;-28;-4;-200;-200;3329;206;0;
19130;2024.11.17 06:00;-28;-3.625;-200;-200;3329;206;0;
19131;2024.11.17 06:15;-28;-3.75;-200;-200;3329;206;0;
19132;2024.11.17 06:30;-28;-3.875;-200;-200;3329;206;0;
19133;2024.11.17 06:45;-28;-3.875;-200;-200;3329;206;0;
19134;2024.11.17 07:00;-28;-3.9375;-200;-200;3329;206;0;
19135;2024.11.17 07:15;-28;-4.5;-200;-200;3329;206;0;
19136;2024.11.17 07:30;-28;-4.5;-200;-200;3328;206;0;
19137;2024.11.17 07:45;-28;-4.625;-200;-200;3329;206;0;
19138;2024.11.17 08:00;-28;-4.5625;-200;-200;3329;206;0;
19139;2024.11.17 08:15;-28;-4.9375;-200;-200;3329;206;0;
19140;2024.11.17 08:30;-28;-5.125;-200;-200;3329;206;0;
19141;2024.11.17 08:45;-28;-5.3125;-200;-200;3329;206;0;
19142;2024.11.17 09:00;-28;-5.375;-200;-200;3328;206;0;
19143;2024.11.17 09:15;-28;-5.5;-200;-200;3328;206;0;
19144;2024.11.17 09:30;-28;-5.5;-200;-200;3329;206;0;
19145;2024.11.17 09:45;-28;-5.75;-200;-200;3328;206;0;
19146;2024.11.17 10:00;-28;-6;-200;-200;3328;206;0;
19147;2024.11.17 10:15;-28;-6.0625;-200;-200;3328;206;0;
19148;2024.11.17 10:30;-28;-6.25;-200;-200;3328;206;0;
19149;2024.11.17 10:45;-28;-6.25;-200;-200;3328;206;0;
19150;2024.11.17 11:00;-28;-6.4375;-200;-200;3328;206;0;
19151;2024.11.17 11:15;-28;-6.375;-200;-200;3328;206;0;
19152;2024.11.17 11:30;-28;-6.0625;-200;-200;3328;206;0;
19153;2024.11.17 11:45;-28;-6.375;-200;-200;3328;206;0;
19154;2024.11.17 12:00;-28;-6.25;-200;-200;3328;206;0;
19155;2024.11.17 12:15;-28;-6.5625;-200;-200;3328;206;0;
19156;2024.11.17 12:30;-28;-6.625;-200;-200;3328;206;0;
19157;2024.11.17 12:45;-28;-6.6875;-200;-200;3328;206;0;
19158;2024.11.17 13:00;-28;-6;-200;-200;3328;206;0;
19159;2024.11.17 13:15;-28;-6.6875;-200;-200;3328;206;0;
19160;2024.11.17 13:30;-28;-6.5;-200;-200;3328;206;0;
19161;2024.11.17 13:45;-28;-6.375;-200;-200;3328;206;0;
19162;2024.11.17 14:00;-28;-5.75;-200;-200;3328;206;0;
19163;2024.11.17 14:15;-28;-5;-200;-200;3328;206;0;
19164;2024.11.17 14:30;-28;-4.5625;-200;-200;3328;206;0;
19165;2024.11.17 14:45;-28;-3.5;-200;-200;3328;206;0;
19166;2024.11.17 15:00;-28;-2.4375;-200;-200;3329;206;0;
19167;2024.11.17 15:15;-28;-1.0625;-200;-200;3329;206;0;
19168;2024.11.17 15:30;-28;0;-200;-200;3329;206;0;
19169;2024.11.17 15:45;-28;0.625;-200;-200;3329;206;0;
19170;2024.11.17 16:00;-28;1.25;-200;-200;3329;206;0;
19171;2024.11.17 16:15;-28;1.75;-200;-200;3329;206;0;
19172;2024.11.17 16:30;-28;2;-200;-200;3329;206;0;
19173;2024.11.17 16:45;-28;2.625;-200;-200;3329;206;0;
19174;2024.11.17 17:00;-28;3.4375;-200;-200;3329;206;0;
19175;2024.11.17 17:15;-28;3.5;-200;-200;3329;206;0;
19176;2024.11.17 17:30;-28;3.625;-200;-200;3329;206;0;
19177;2024.11.17 17:45;-28;4.25;-200;-200;3329;206;0;
19178;2024.11.17 18:00;-28;5.0625;-200;-200;3329;206;0;
19179;2024.11.17 18:15;-28;5.125;-200;-200;3329;206;0;
19180;2024.11.17 18:30;-28;5.25;-200;-200;3329;206;0;
19181;2024.11.17 18:45;-28;4.625;-200;-200;3329;206;0;
19182;2024.11.17 19:00;-28;4.5;-200;-200;3329;206;0;
19183;2024.11.17 19:15;-28;4.625;-200;-200;3329;206;0;
19184;2024.11.17 19:30;-28;5.5;-200;-200;3329;206;0;
19185;2024.11.17 19:45;-28;7.125;-200;-200;3329;206;0;
19186;2024.11.17 20:00;-28;10.375;-200;-200;3331;206;0;
19187;2024.11.17 20:15;-28;11.1875;-200;-200;3332;206;0;
19188;2024.11.17 20:30;-28;8.1875;-200;-200;3331;206;0;
19189;2024.11.17 20:45;-28;5.125;-200;-200;3330;206;0;
19190;2024.11.17 21:00;-28;4.625;-200;-200;3330;206;0;
19191;2024.11.17 21:15;-28;4.4375;-200;-200;3330;206;0;
19192;2024.11.17 21:30;-28;5;-200;-200;3330;206;0;
19193;2024.11.17 21:45;-28;4.125;-200;-200;3330;206;0;
19194;2024.11.17 22:00;-28;3.9375;-200;-200;3330;206;0;
19195;2024.11.17 22:15;-28;3.625;-200;-200;3330;206;0;
19196;2024.11.17 22:30;-28;3.25;-200;-200;3330;206;0;
19197;2024.11.17 22:45;-28;3.6875;-200;-200;3330;206;0;
19198;2024.11.17 23:00;-28;4.3125;-200;-200;3330;206;0;
19199;2024.11.17 23:15;-28;4.25;-200;-200;3330;206;0;
19200;2024.11.17 23:30;-28;4.3125;-200;-200;3330;206;0;
19201;2024.11.17 23:45;-28;2.875;-200;-200;3330;206;0;
19202;2024.11.18 00:00;-28;1.6875;-200;-200;3329;206;0;
19203;2024.11.18 00:15;-28;0.5;-200;-200;3329;206;0;
19204;2024.11.18 00:30;-28;-0.5;-200;-200;3329;206;0;
19205;2024.11.18 00:45;-28;-1.25;-200;-200;3329;206;0;
19206;2024.11.18 01:00;-28;-1.75;-200;-200;3329;206;0;
19207;2024.11.18 01:15;-28;-2.25;-200;-200;3329;206;0;
19208;2024.11.18 01:30;-28;-2.375;-200;-200;3329;206;0;
19209;2024.11.18 01:45;-28;-2.625;-200;-200;3329;206;0;
19210;2024.11.18 02:00;-28;-2.4375;-200;-200;3329;206;0;
19211;2024.11.18 02:15;-28;-2.375;-200;-200;3328;206;0;
19212;2024.11.18 02:30;-28;-2.3125;-200;-200;3328;206;0;
19213;2024.11.18 02:45;-28;-2.625;-200;-200;3328;206;0;
19214;2024.11.18 03:00;-28;-2.4375;-200;-200;3328;206;0;
19215;2024.11.18 03:15;-28;-1.75;-200;-200;3328;206;0;
19216;2024.11.18 03:30;-28;-1.875;-200;-200;3329;206;0;
19217;2024.11.18 03:45;-28;-1.9375;-200;-200;3329;206;0;
19218;2024.11.18 04:00;-28;-2.3125;-200;-200;3329;206;0;
19219;2024.11.18 04:15;-28;-3;-200;-200;3328;206;0;
19220;2024.11.18 04:30;-28;-3.1875;-200;-200;3328;206;0;
19221;2024.11.18 04:45;-28;-3.4375;-200;-200;3328;206;0;
19222;2024.11.18 05:00;-28;-3.375;-200;-200;3328;206;0;
19223;2024.11.18 05:15;-28;-2.875;-200;-200;3328;206;0;
19224;2024.11.18 05:30;-28;-2.625;-200;-200;3328;206;0;
19225;2024.11.18 05:45;-28;-2.375;-200;-200;3328;206;0;
19226;2024.11.18 06:00;-28;-2.375;-200;-200;3328;206;0;
19227;2024.11.18 06:15;-28;-2.5;-200;-200;3328;206;0;
19228;2024.11.18 06:30;-28;-2.75;-200;-200;3328;206;0;
19229;2024.11.18 06:45;-28;-2.625;-200;-200;3328;206;0;
19230;2024.11.18 07:00;-28;-2.875;-200;-200;3328;206;0;
19231;2024.11.18 07:15;-28;-2.5625;-200;-200;3328;206;0;
19232;2024.11.18 07:30;-28;-2.125;-200;-200;3328;206;0;
19233;2024.11.18 07:45;-28;-1.625;-200;-200;3328;206;0;
19234;2024.11.18 08:00;-28;-1.6875;-200;-200;3328;206;0;
19235;2024.11.18 08:15;-28;-1.3125;-200;-200;3328;206;0;
19236;2024.11.18 08:30;-28;-1.625;-200;-200;3328;206;0;
19237;2024.11.18 08:45;-28;-1.75;-200;-200;3328;206;0;
19238;2024.11.18 09:00;-28;-1.9375;-200;-200;3328;206;0;
19239;2024.11.18 09:15;-28;-2;-200;-200;3328;206;0;
19240;2024.11.18 09:30;-28;-1.875;-200;-200;3328;206;0;
19241;2024.11.18 09:45;-28;-1.625;-200;-200;3328;206;0;
19242;2024.11.18 10:00;-28;-1.875;-200;-200;3328;206;0;
19243;2024.11.18 10:15;-28;-1.875;-200;-200;3328;206;0;
19244;2024.11.18 10:30;-28;-1.875;-200;-200;3328;206;0;
19245;2024.11.18 10:45;-28;-2;-200;-200;3328;206;0;
19246;2024.11.18 11:00;-28;-2.4375;-200;-200;3328;206;0;
19247;2024.11.18 11:15;-28;-2.6875;-200;-200;3328;206;0;
19248;2024.11.18 11:30;-28;-2.9375;-200;-200;3328;206;0;
19249;2024.11.18 11:45;-28;-3.125;-200;-200;3329;206;0;
19250;2024.11.18 12:00;-28;-3.25;-200;-200;3328;206;0;
19251;2024.11.18 12:15;-28;-3.5;-200;-200;3329;206;0;
19252;2024.11.18 12:30;-28;-3.625;-200;-200;3328;206;0;
19253;2024.11.18 12:45;-28;-3.625;-200;-200;3328;206;0;
19254;2024.11.18 13:00;-28;-3.6875;-200;-200;3328;206;0;
19255;2024.11.18 13:15;-28;-3.6875;-200;-200;3328;206;0;
19256;2024.11.18 13:30;-28;-3.875;-200;-200;3328;206;0;
19257;2024.11.18 13:45;-28;-3.75;-200;-200;3328;206;0;
19258;2024.11.18 14:00;-28;-4.125;-200;-200;3328;206;0;
19259;2024.11.18 14:15;-28;-4;-200;-200;3329;206;0;
19260;2024.11.18 14:30;-28;-4;-200;-200;3328;206;0;
19261;2024.11.18 14:45;-28;-3.75;-200;-200;3328;206;0;
19262;2024.11.18 15:00;-28;-3.5;-200;-200;3329;206;0;
19263;2024.11.18 15:15;-28;-2.625;-200;-200;3329;206;0;
19264;2024.11.18 15:30;-28;-2.0625;-200;-200;3329;206;0;
19265;2024.11.18 15:45;-28;-1.6875;-200;-200;3329;206;0;
19266;2024.11.18 16:00;-28;-1.3125;-200;-200;3328;206;0;
19267;2024.11.18 16:15;-28;-1;-200;-200;3329;206;0;
19268;2024.11.18 16:30;-28;-0.9375;-200;-200;3329;206;0;
19269;2024.11.18 16:45;-28;-0.625;-200;-200;3329;206;0;
19270;2024.11.18 17:00;-28;-0.0625;-200;-200;3329;206;0;
19271;2024.11.18 17:15;-28;0.25;-200;-200;3329;206;0;
19272;2024.11.18 17:30;-28;0.125;-200;-200;3329;206;0;
19273;2024.11.18 17:45;-28;0.8125;-200;-200;3329;206;0;
19274;2024.11.18 18:00;-28;1.1875;-200;-200;3329;206;0;
19275;2024.11.18 18:15;-28;1.5;-200;-200;3329;206;0;
19276;2024.11.18 18:30;-28;2;-200;-200;3329;206;0;
19277;2024.11.18 18:45;-28;1.5;-200;-200;3329;206;0;
19278;2024.11.18 19:00;-28;0.875;-200;-200;3329;206;0;
19279;2024.11.18 19:15;-28;1.3125;-200;-200;3329;206;0;
19280;2024.11.18 19:30;-28;1.875;-200;-200;3329;206;0;
19281;2024.11.18 19:45;-28;4;-200;-200;3329;206;0;
19282;2024.11.18 20:00;-28;7;-200;-200;3330;206;0;
19283;2024.11.18 20:15;-28;7.5;-200;-200;3330;206;0;
19284;2024.11.18 20:30;-28;5.75;-200;-200;3330;206;0;
19285;2024.11.18 20:45;-28;2.5;-200;-200;3329;206;0;
19286;2024.11.18 21:00;-28;2.3125;-200;-200;3329;206;0;
19287;2024.11.18 21:15;-28;1.9375;-200;-200;3329;206;0;
19288;2024.11.18 21:30;-28;1.5;-200;-200;3329;206;0;
19289;2024.11.18 21:45;-28;1.375;-200;-200;3329;206;0;
19290;2024.11.18 22:00;-28;1.25;-200;-200;3329;206;0;
19291;2024.11.18 22:15;-28;1.1875;-200;-200;3329;206;0;
19292;2024.11.18 22:30;-28;1.125;-200;-200;3329;206;0;
19293;2024.11.18 22:45;-28;0.875;-200;-200;3329;206;0;
19294;2024.11.18 23:00;-28;1.125;-200;-200;3329;206;0;
19295;2024.11.18 23:15;-28;1.1875;-200;-200;3329;206;0;
19296;2024.11.18 23:30;-28;0.875;-200;-200;3329;206;0;
19297;2024.11.18 23:45;-28;-0.875;-200;-200;3329;206;0;
19298;2024.11.19 00:00;-28;-1.5625;-200;-200;3329;206;0;
19299;2024.11.19 00:15;-28;-2.25;-200;-200;3329;206;0;
19300;2024.11.19 00:30;-28;-2.5;-200;-200;3328;206;0;
19301;2024.11.19 00:45;-28;-2.375;-200;-200;3329;206;0;
19302;2024.11.19 01:00;-28;-2.875;-200;-200;3328;206;0;
19303;2024.11.19 01:15;-28;-3;-200;-200;3328;206;0;
19304;2024.11.19 01:30;-28;-3.375;-200;-200;3328;206;0;
19305;2024.11.19 01:45;-28;-3.625;-200;-200;3328;206;0;
19306;2024.11.19 02:00;-28;-3.625;-200;-200;3328;206;0;
19307;2024.11.19 02:15;-28;-3.625;-200;-200;3328;206;0;
19308;2024.11.19 02:30;-28;-3.625;-200;-200;3328;206;0;
19309;2024.11.19 02:45;-28;-4.125;-200;-200;3328;206;0;
19310;2024.11.19 03:00;-28;-4.3125;-200;-200;3328;206;0;
19311;2024.11.19 03:15;-28;-4.375;-200;-200;3328;206;0;
19312;2024.11.19 03:30;-28;-4.875;-200;-200;3328;206;0;
19313;2024.11.19 03:45;-28;-5.5;-200;-200;3328;206;0;
19314;2024.11.19 04:00;-28;-5.625;-200;-200;3328;206;0;
19315;2024.11.19 04:15;-28;-5.625;-200;-200;3328;206;0;
19316;2024.11.19 04:30;-28;-6;-200;-200;3328;206;0;
19317;2024.11.19 04:45;-28;-6;-200;-200;3328;206;0;
19318;2024.11.19 05:00;-28;-5.5;-200;-200;3328;206;0;
19319;2024.11.19 05:15;-28;-5.25;-200;-200;3328;206;0;
19320;2024.11.19 05:30;-28;-3.6875;-200;-200;3328;206;0;
19321;2024.11.19 05:45;-28;-2.5625;-200;-200;3328;206;0;
19322;2024.11.19 06:00;-28;-2.3125;-200;-200;3328;206;0;
19323;2024.11.19 06:15;-28;-2.6875;-200;-200;3328;206;0;
19324;2024.11.19 06:30;-28;-3.125;-200;-200;3328;206;0;
19325;2024.11.19 06:45;-28;-3.25;-200;-200;3328;206;0;
19326;2024.11.19 07:00;-28;-3.4375;-200;-200;3328;206;0;
19327;2024.11.19 07:15;-28;-3.375;-200;-200;3328;206;0;
19328;2024.11.19 07:30;-28;-4.125;-200;-200;3328;206;0;
19329;2024.11.19 07:45;-28;-4.25;-200;-200;3328;206;0;
19330;2024.11.19 08:00;-28;-4.375;-200;-200;3328;206;0;
19331;2024.11.19 08:15;-28;-4.5625;-200;-200;3328;206;0;
19332;2024.11.19 08:30;-28;-4.625;-200;-200;3328;206;0;
19333;2024.11.19 08:45;-28;-5;-200;-200;3328;206;0;
19334;2024.11.19 09:00;-28;-5.625;-200;-200;3328;206;0;
19335;2024.11.19 09:15;-28;-6;-200;-200;3328;206;0;
19336;2024.11.19 09:30;-28;-6.4375;-200;-200;3328;206;0;
19337;2024.11.19 09:45;-28;-6.5625;-200;-200;3328;206;0;
19338;2024.11.19 10:00;-28;-6.8125;-200;-200;3328;206;0;
19339;2024.11.19 10:15;-28;-6.75;-200;-200;3328;206;0;
19340;2024.11.19 10:30;-28;-6;-200;-200;3328;206;0;
19341;2024.11.19 10:45;-28;-6;-200;-200;3328;206;0;
19342;2024.11.19 11:00;-28;-6;-200;-200;3328;206;0;
19343;2024.11.19 11:15;-28;-6;-200;-200;3328;206;0;
19344;2024.11.19 11:30;-28;-6.125;-200;-200;3328;206;0;
19345;2024.11.19 11:45;-28;-6.25;-200;-200;3328;206;0;
19346;2024.11.19 12:00;-28;-6.375;-200;-200;3328;206;0;
19347;2024.11.19 12:15;-28;-6.5625;-200;-200;3328;206;0;
19348;2024.11.19 12:30;-28;-6.8125;-200;-200;3328;206;0;
19349;2024.11.19 12:45;-28;-7.125;-200;-200;3328;206;0;
19350;2024.11.19 13:00;-28;-6.875;-200;-200;3328;206;0;
19351;2024.11.19 13:15;-28;-6.6875;-200;-200;3328;206;0;
19352;2024.11.19 13:30;-28;-6.625;-200;-200;3328;206;0;
19353;2024.11.19 13:45;-28;-6.8125;-200;-200;3328;206;0;
19354;2024.11.19 14:00;-28;-7;-200;-200;3328;206;0;
19355;2024.11.19 14:15;-28;-6.875;-200;-200;3328;206;0;
19356;2024.11.19 14:30;-28;-6.625;-200;-200;3328;206;0;
19357;2024.11.19 14:45;-28;-6.25;-200;-200;3328;206;0;
19358;2024.11.19 15:00;-28;-5.875;-200;-200;3328;206;0;
19359;2024.11.19 15:15;-28;-5.25;-200;-200;3328;206;0;
19360;2024.11.19 15:30;-28;-4.75;-200;-200;3328;206;0;
19361;2024.11.19 15:45;-28;-4.5;-200;-200;3328;206;0;
19362;2024.11.19 16:00;-28;-4.125;-200;-200;3328;206;0;
19363;2024.11.19 16:15;-28;-3.875;-200;-200;3328;206;0;
19364;2024.11.19 16:30;-28;-3.625;-200;-200;3328;206;0;
19365;2024.11.19 16:45;-28;-3.125;-200;-200;3328;206;0;
19366;2024.11.19 17:00;-28;-2.75;-200;-200;3328;206;0;
19367;2024.11.19 17:15;-28;-2.625;-200;-200;3328;206;0;
19368;2024.11.19 17:30;-28;-2.375;-200;-200;3328;206;0;
19369;2024.11.19 17:45;-28;-1.625;-200;-200;3328;206;0;
19370;2024.11.19 18:00;-28;-0.875;-200;-200;3328;206;0;
19371;2024.11.19 18:15;-28;-0.875;-200;-200;3328;206;0;
19372;2024.11.19 18:30;-28;-0.875;-200;-200;3328;206;0;
19373;2024.11.19 18:45;-28;-1.5;-200;-200;3328;206;0;
19374;2024.11.19 19:00;-28;-1.75;-200;-200;3328;206;0;
19375;2024.11.19 19:15;-28;-1.75;-200;-200;3328;206;0;
19376;2024.11.19 19:30;-28;-1;-200;-200;3328;206;0;
19377;2024.11.19 19:45;-28;0.3125;-200;-200;3329;206;0;
19378;2024.11.19 20:00;-28;1.9375;-200;-200;3329;206;0;
19379;2024.11.19 20:15;-28;2.375;-200;-200;3329;206;0;
19380;2024.11.19 20:30;-28;0.5;-200;-200;3329;206;0;
19381;2024.11.19 20:45;-28;-1.875;-200;-200;3329;206;0;
19382;2024.11.19 21:00;-28;-2.25;-200;-200;3328;206;0;
19383;2024.11.19 21:15;-28;-2.125;-200;-200;3328;206;0;
19384;2024.11.19 21:30;-28;-1.25;-200;-200;3329;206;0;
19385;2024.11.19 21:45;-28;-2.4375;-200;-200;3328;206;0;
19386;2024.11.19 22:00;-28;-2.75;-200;-200;3328;206;0;
19387;2024.11.19 22:15;-28;-3;-200;-200;3328;206;0;
19388;2024.11.19 22:30;-28;-3.125;-200;-200;3328;206;0;
19389;2024.11.19 22:45;-28;-3.375;-200;-200;3328;206;0;
19390;2024.11.19 23:00;-28;-3.375;-200;-200;3328;206;0;
19391;2024.11.19 23:15;-28;-2.8125;-200;-200;3328;206;0;
19392;2024.11.19 23:30;-28;-3.25;-200;-200;3328;206;0;
19393;2024.11.19 23:45;-28;-4.25;-200;-200;3328;206;0;
19394;2024.11.20 00:00;-28;-5.25;-200;-200;3328;206;0;
19395;2024.11.20 00:15;-28;-5.125;-200;-200;3328;206;0;
19396;2024.11.20 00:30;-28;-5.125;-200;-200;3328;206;0;
19397;2024.11.20 00:45;-28;-5.6875;-200;-200;3328;206;0;
19398;2024.11.20 01:00;-28;-6.4375;-200;-200;3328;206;0;
19399;2024.11.20 01:15;-28;-6.875;-200;-200;3328;206;0;
19400;2024.11.20 01:30;-28;-7.0625;-200;-200;3328;206;0;
19401;2024.11.20 01:45;-28;-7.375;-200;-200;3328;206;0;
19402;2024.11.20 02:00;-28;-7.0625;-200;-200;3328;206;0;
19403;2024.11.20 02:15;-28;-7.5625;-200;-200;3328;206;0;
19404;2024.11.20 02:30;-28;-7.75;-200;-200;3328;206;0;
19405;2024.11.20 02:45;-28;-8.0625;-200;-200;3328;206;0;
19406;2024.11.20 03:00;-28;-8.75;-200;-200;3328;206;0;
19407;2024.11.20 03:15;-28;-8.875;-200;-200;3328;206;0;
19408;2024.11.20 03:30;-28;-9.3125;-200;-200;3328;206;0;
19409;2024.11.20 03:45;-28;-9.3125;-200;-200;3328;206;0;
19410;2024.11.20 04:00;-28;-9.125;-200;-200;3328;206;0;
19411;2024.11.20 04:15;-28;-9.125;-200;-200;3328;206;0;
19412;2024.11.20 04:30;-28;-9.25;-200;-200;3328;206;0;
19413;2024.11.20 04:45;-28;-8.875;-200;-200;3328;206;0;
19414;2024.11.20 05:00;-28;-8.6875;-200;-200;3328;206;0;
19415;2024.11.20 05:15;-28;-8.3125;-200;-200;3328;206;0;
19416;2024.11.20 05:30;-28;-8.3125;-200;-200;3328;206;0;
19417;2024.11.20 05:45;-28;-8.625;-200;-200;3328;206;0;
19418;2024.11.20 06:00;-28;-9;-200;-200;3328;206;0;
19419;2024.11.20 06:15;-28;-9;-200;-200;3328;206;0;
19420;2024.11.20 06:30;-28;-9.25;-200;-200;3328;206;0;
19421;2024.11.20 06:45;-28;-9.125;-200;-200;3328;206;0;
19422;2024.11.20 07:00;-28;-8.75;-200;-200;3328;206;0;
19423;2024.11.20 07:15;-28;-9.125;-200;-200;3328;206;0;
19424;2024.11.20 07:30;-28;-9.8125;-200;-200;3328;206;0;
19425;2024.11.20 07:45;-28;-9.9375;-200;-200;3328;206;0;
19426;2024.11.20 08:00;-28;-10.625;-200;-200;3328;206;0;
19427;2024.11.20 08:15;-28;-10.625;-200;-200;3328;206;0;
19428;2024.11.20 08:30;-28;-10.25;-200;-200;3328;206;0;
19429;2024.11.20 08:45;-28;-10.1875;-200;-200;3328;206;0;
19430;2024.11.20 09:00;-28;-9.625;-200;-200;3328;206;0;
19431;2024.11.20 09:15;-28;-9.9375;-200;-200;3328;206;0;
19432;2024.11.20 09:30;-28;-10.125;-200;-200;3328;206;0;
19433;2024.11.20 09:45;-28;-10.25;-200;-200;3328;206;0;
19434;2024.11.20 10:00;-28;-10.5;-200;-200;3328;206;0;
19435;2024.11.20 10:15;-28;-10.5;-200;-200;3328;206;0;
19436;2024.11.20 10:30;-28;-10.5625;-200;-200;3328;206;0;
19437;2024.11.20 10:45;-28;-10.3125;-200;-200;3328;206;0;
19438;2024.11.20 11:00;-28;-10.375;-200;-200;3328;206;0;
19439;2024.11.20 11:15;-28;-9.75;-200;-200;3328;206;0;
19440;2024.11.20 11:30;-28;-8.875;-200;-200;3328;206;0;
19441;2024.11.20 11:45;-28;-7.875;-200;-200;3328;206;0;
19442;2024.11.20 12:00;-28;-6.9375;-200;-200;3328;206;0;
19443;2024.11.20 12:15;-28;-7.1875;-200;-200;3328;206;0;
19444;2024.11.20 12:30;-28;-7.75;-200;-200;3328;206;0;
19445;2024.11.20 12:45;-28;-7.25;-200;-200;3328;206;0;
19446;2024.11.20 13:00;-28;-7.125;-200;-200;3328;206;0;
19447;2024.11.20 13:15;-28;-6.375;-200;-200;3328;206;0;
19448;2024.11.20 13:30;-28;-6.4375;-200;-200;3328;206;0;
19449;2024.11.20 13:45;-28;-6.5;-200;-200;3328;206;0;
19450;2024.11.20 14:00;-28;-6.25;-200;-200;3328;206;0;
19451;2024.11.20 14:15;-28;-6.125;-200;-200;3328;206;0;
19452;2024.11.20 14:30;-28;-5.4375;-200;-200;3328;206;0;
19453;2024.11.20 14:45;-28;-4.875;-200;-200;3328;206;0;
19454;2024.11.20 15:00;-28;-3.875;-200;-200;3328;206;0;
19455;2024.11.20 15:15;-28;-2.5;-200;-200;3328;206;0;
19456;2024.11.20 15:30;-28;-1.1875;-200;-200;3329;206;0;
19457;2024.11.20 15:45;-28;0.125;-200;-200;3328;206;0;
19458;2024.11.20 16:00;-28;0.5;-200;-200;3329;206;0;
19459;2024.11.20 16:15;-28;0.5625;-200;-200;3329;206;0;
19460;2024.11.20 16:30;-28;0.875;-200;-200;3329;206;0;
19461;2024.11.20 16:45;-28;1.5;-200;-200;3329;206;0;
19462;2024.11.20 17:00;-28;2.125;-200;-200;3329;206;0;
19463;2024.11.20 17:15;-28;2.6875;-200;-200;3329;206;0;
19464;2024.11.20 17:30;-28;3.0625;-200;-200;3329;206;0;
19465;2024.11.20 17:45;-28;3.6875;-200;-200;3329;206;0;
19466;2024.11.20 18:00;-28;4.5625;-200;-200;3329;206;0;
19467;2024.11.20 18:15;-28;5;-200;-200;3329;206;0;
19468;2024.11.20 18:30;-28;5;-200;-200;3329;206;0;
19469;2024.11.20 18:45;-28;4.625;-200;-200;3329;206;0;
19470;2024.11.20 19:00;-28;4.4375;-200;-200;3329;206;0;
19471;2024.11.20 19:15;-28;4.5;-200;-200;3329;206;0;
19472;2024.11.20 19:30;-28;5.1875;-200;-200;3329;206;0;
19473;2024.11.20 19:45;-28;7.1875;-200;-200;3330;206;0;
19474;2024.11.20 20:00;-28;10.3125;-200;-200;3331;206;0;
19475;2024.11.20 20:15;-28;10.25;-200;-200;3331;206;0;
19476;2024.11.20 20:30;-28;7.625;-200;-200;3330;206;0;
19477;2024.11.20 20:45;-28;5.125;-200;-200;3330;206;0;
19478;2024.11.20 21:00;-28;4.875;-200;-200;3330;206;0;
19479;2024.11.20 21:15;-28;4.875;-200;-200;3330;206;0;
19480;2024.11.20 21:30;-28;5.5;-200;-200;3330;206;0;
19481;2024.11.20 21:45;-28;4.375;-200;-200;3330;206;0;
19482;2024.11.20 22:00;-28;4.125;-200;-200;3330;206;0;
19483;2024.11.20 22:15;-28;3.9375;-200;-200;3330;206;0;
19484;2024.11.20 22:30;-28;3.75;-200;-200;3330;206;0;
19485;2024.11.20 22:45;-28;3.625;-200;-200;3329;206;0;
19486;2024.11.20 23:00;-28;3.625;-200;-200;3329;206;0;
19487;2024.11.20 23:15;-28;3.625;-200;-200;3329;206;0;
19488;2024.11.20 23:30;-28;2.75;-200;-200;3329;206;0;
19489;2024.11.20 23:45;-28;1.25;-200;-200;3329;206;0;
19490;2024.11.21 00:00;-28;0.125;-200;-200;3329;206;0;
19491;2024.11.21 00:15;-28;-0.75;-200;-200;3328;206;0;
19492;2024.11.21 00:30;-28;-1.875;-200;-200;3328;206;0;
19493;2024.11.21 00:45;-28;-2.4375;-200;-200;3328;206;0;
19494;2024.11.21 01:00;-28;-2.875;-200;-200;3328;206;0;
19495;2024.11.21 01:15;-28;-2.875;-200;-200;3328;206;0;
19496;2024.11.21 01:30;-28;-3.375;-200;-200;3328;206;0;
19497;2024.11.21 01:45;-28;-3;-200;-200;3328;206;0;
19498;2024.11.21 02:00;-28;-3;-200;-200;3328;206;0;
19499;2024.11.21 02:15;-28;-3.25;-200;-200;3328;206;0;
19500;2024.11.21 02:30;-28;-2.9375;-200;-200;3328;206;0;
19501;2024.11.21 02:45;-28;-2.875;-200;-200;3328;206;0;
19502;2024.11.21 03:00;-28;-3;-200;-200;3328;206;0;
19503;2024.11.21 03:15;-28;-2.75;-200;-200;3328;206;0;
19504;2024.11.21 03:30;-28;-2.875;-200;-200;3328;206;0;
19505;2024.11.21 03:45;-28;-2.875;-200;-200;3328;206;0;
19506;2024.11.21 04:00;-28;-3.125;-200;-200;3328;206;0;
19507;2024.11.21 04:15;-28;-3.1875;-200;-200;3328;206;0;
19508;2024.11.21 04:30;-28;-3;-200;-200;3328;206;0;
19509;2024.11.21 04:45;-28;-3.125;-200;-200;3328;206;0;
19510;2024.11.21 05:00;-28;-3.125;-200;-200;3328;206;0;
19511;2024.11.21 05:15;-28;-3;-200;-200;3328;206;0;
19512;2024.11.21 05:30;-28;-2.9375;-200;-200;3328;206;0;
19513;2024.11.21 05:45;-28;-2.9375;-200;-200;3328;206;0;
19514;2024.11.21 06:00;-28;-3.4375;-200;-200;3328;206;0;
19515;2024.11.21 06:15;-28;-3.625;-200;-200;3328;206;0;
19516;2024.11.21 06:30;-28;-3.8125;-200;-200;3328;206;0;
19517;2024.11.21 06:45;-28;-4.3125;-200;-200;3328;206;0;
19518;2024.11.21 07:00;-28;-4.25;-200;-200;3328;206;0;
19519;2024.11.21 07:15;-28;-4;-200;-200;3328;206;0;
19520;2024.11.21 07:30;-28;-3.5;-200;-200;3328;206;0;
19521;2024.11.21 07:45;-28;-2.25;-200;-200;3328;206;0;
19522;2024.11.21 08:00;-28;-2.0625;-200;-200;3328;206;0;
19523;2024.11.21 08:15;-28;-2.25;-200;-200;3328;206;0;
19524;2024.11.21 08:30;-28;-2.125;-200;-200;3328;206;0;
19525;2024.11.21 08:45;-28;-2.125;-200;-200;3328;206;0;
19526;2024.11.21 09:00;-28;-2.0625;-200;-200;3328;206;0;
19527;2024.11.21 09:15;-28;-2.4375;-200;-200;3328;206;0;
19528;2024.11.21 09:30;-28;-2.9375;-200;-200;3328;206;0;
19529;2024.11.21 09:45;-28;-2.75;-200;-200;3328;206;0;
19530;2024.11.21 10:00;-28;-2.6875;-200;-200;3328;206;0;
19531;2024.11.21 10:15;-28;-3;-200;-200;3328;206;0;
19532;2024.11.21 10:30;-28;-2.875;-200;-200;3328;206;0;
19533;2024.11.21 10:45;-28;-3.375;-200;-200;3328;206;0;
19534;2024.11.21 11:00;-28;-2.6875;-200;-200;3328;206;0;
19535;2024.11.21 11:15;-28;-2.125;-200;-200;3328;206;0;
19536;2024.11.21 11:30;-28;-2.25;-200;-200;3328;206;0;
19537;2024.11.21 11:45;-28;-1.875;-200;-200;3328;206;0;
19538;2024.11.21 12:00;-28;-2.125;-200;-200;3328;206;0;
19539;2024.11.21 12:15;-28;-2.375;-200;-200;3328;206;0;
19540;2024.11.21 12:30;-28;-2.25;-200;-200;3328;206;0;
19541;2024.11.21 12:45;-28;-2.4375;-200;-200;3328;206;0;
19542;2024.11.21 13:00;-28;-2.75;-200;-200;3328;206;0;
19543;2024.11.21 13:15;-28;-2.875;-200;-200;3328;206;0;
19544;2024.11.21 13:30;-28;-2.375;-200;-200;3328;206;0;
19545;2024.11.21 13:45;-28;-3;-200;-200;3328;206;0;
19546;2024.11.21 14:00;-28;-3.25;-200;-200;3328;206;0;
19547;2024.11.21 14:15;-28;-3.375;-200;-200;3328;206;0;
19548;2024.11.21 14:30;-28;-2.75;-200;-200;3328;206;0;
19549;2024.11.21 14:45;-28;-1.75;-200;-200;3328;206;0;
19550;2024.11.21 15:00;-28;-0.5;-200;-200;3328;206;0;
19551;2024.11.21 15:15;-28;0.5;-200;-200;3328;206;0;
19552;2024.11.21 15:30;-28;1.625;-200;-200;3328;206;0;
19553;2024.11.21 15:45;-28;3.0625;-200;-200;3328;206;0;
19554;2024.11.21 16:00;-28;4.25;-200;-200;3329;206;0;
19555;2024.11.21 16:15;-28;5.5;-200;-200;3329;206;0;
19556;2024.11.21 16:30;-28;6.25;-200;-200;3329;206;0;
19557;2024.11.21 16:45;-28;7.4375;-200;-200;3329;206;0;
19558;2024.11.21 17:00;-28;7.75;-200;-200;3329;206;0;
19559;2024.11.21 17:15;-28;8.5;-200;-200;3329;206;0;
19560;2024.11.21 17:30;-28;8.6875;-200;-200;3330;206;0;
19561;2024.11.21 17:45;-28;9.375;-200;-200;3330;206;0;
19562;2024.11.21 18:00;-28;10.125;-200;-200;3330;206;0;
19563;2024.11.21 18:15;-28;10.375;-200;-200;3330;206;0;
19564;2024.11.21 18:30;-28;10.75;-200;-200;3330;206;0;
19565;2024.11.21 18:45;-28;10.6875;-200;-200;3330;206;0;
19566;2024.11.21 19:00;-28;10.1875;-200;-200;3330;206;0;
19567;2024.11.21 19:15;-28;10;-200;-200;3330;206;0;
19568;2024.11.21 19:30;-28;10.3125;-200;-200;3330;206;0;
19569;2024.11.21 19:45;-28;11.75;-200;-200;3331;206;0;
19570;2024.11.21 20:00;-28;14.4375;-200;-200;3331;206;0;
19571;2024.11.21 20:15;-28;12.5;-200;-200;3331;206;0;
19572;2024.11.21 20:30;-28;11.125;-200;-200;3331;206;0;
19573;2024.11.21 20:45;-28;8.625;-200;-200;3330;206;0;
19574;2024.11.21 21:00;-28;8.875;-200;-200;3330;206;0;
19575;2024.11.21 21:15;-28;9.1875;-200;-200;3330;206;0;
19576;2024.11.21 21:30;-28;9.875;-200;-200;3330;206;0;
19577;2024.11.21 21:45;-28;9.4375;-200;-200;3330;206;0;
19578;2024.11.21 22:00;-28;8.75;-200;-200;3330;206;0;
19579;2024.11.21 22:15;-28;8.375;-200;-200;3330;206;0;
19580;2024.11.21 22:30;-28;8.125;-200;-200;3330;206;0;
19581;2024.11.21 22:45;-28;8.0625;-200;-200;3330;206;0;
19582;2024.11.21 23:00;-28;7.5;-200;-200;3330;206;0;
19583;2024.11.21 23:15;-28;7.625;-200;-200;3330;206;0;
19584;2024.11.21 23:30;-28;6.5625;-200;-200;3329;206;0;
19585;2024.11.21 23:45;-28;5.25;-200;-200;3329;206;0;
19586;2024.11.22 00:00;-28;3.625;-200;-200;3329;206;0;
19587;2024.11.22 00:15;-28;2.375;-200;-200;3328;206;0;
19588;2024.11.22 00:30;-28;1;-200;-200;3328;206;0;
19589;2024.11.22 00:45;-28;0.1875;-200;-200;3328;206;0;
19590;2024.11.22 01:00;-28;-0.625;-200;-200;3328;206;0;
19591;2024.11.22 01:15;-28;-0.625;-200;-200;3328;206;0;
19592;2024.11.22 01:30;-28;-1;-200;-200;3328;206;0;
19593;2024.11.22 01:45;-28;-1.125;-200;-200;3327;206;0;
19594;2024.11.22 02:00;-28;-0.5;-200;-200;3327;206;0;
19595;2024.11.22 02:15;-28;0.5;-200;-200;3327;206;0;
19596;2024.11.22 02:30;-28;0.3125;-200;-200;3327;206;0;
19597;2024.11.22 02:45;-28;0.125;-200;-200;3327;206;0;
19598;2024.11.22 03:00;-28;-1.125;-200;-200;3327;206;0;
19599;2024.11.22 03:15;-28;-2;-200;-200;3327;206;0;
19600;2024.11.22 03:30;-28;-2.125;-200;-200;3327;206;0;
19601;2024.11.22 03:45;-28;-2.5;-200;-200;3327;206;0;
19602;2024.11.22 04:00;-28;-2.25;-200;-200;3327;206;0;
19603;2024.11.22 04:15;-28;-1.75;-200;-200;3327;206;0;
19604;2024.11.22 04:30;-28;-1.1875;-200;-200;3327;206;0;
19605;2024.11.22 04:45;-28;-0.875;-200;-200;3327;206;0;
19606;2024.11.22 05:00;-28;-0.5;-200;-200;3327;206;0;
19607;2024.11.22 05:15;-28;-0.25;-200;-200;3327;206;0;
19608;2024.11.22 05:30;-28;-0.625;-200;-200;3327;206;0;
19609;2024.11.22 05:45;-28;-0.875;-200;-200;3327;206;0;
19610;2024.11.22 06:00;-28;-1;-200;-200;3327;206;0;
19611;2024.11.22 06:15;-28;-1.3125;-200;-200;3327;206;0;
19612;2024.11.22 06:30;-28;-1.25;-200;-200;3327;206;0;
19613;2024.11.22 06:45;-28;-0.9375;-200;-200;3327;206;0;
19614;2024.11.22 07:00;-28;-0.75;-200;-200;3327;206;0;
19615;2024.11.22 07:15;-28;-1.8125;-200;-200;3327;206;0;
19616;2024.11.22 07:30;-28;-2.0625;-200;-200;3327;206;0;
19617;2024.11.22 07:45;-28;-2.25;-200;-200;3327;206;0;
19618;2024.11.22 08:00;-28;-2.625;-200;-200;3327;206;0;
19619;2024.11.22 08:15;-28;-2.9375;-200;-200;3327;206;0;
19620;2024.11.22 08:30;-28;-2.75;-200;-200;3327;206;0;
19621;2024.11.22 08:45;-28;-2.75;-200;-200;3327;206;0;
19622;2024.11.22 09:00;-28;-2.625;-200;-200;3327;206;0;
19623;2024.11.22 09:15;-28;-2.5;-200;-200;3327;206;0;
19624;2024.11.22 09:30;-28;-2.6875;-200;-200;3327;206;0;
19625;2024.11.22 09:45;-28;-2.75;-200;-200;3327;206;0;
19626;2024.11.22 10:00;-28;-2.75;-200;-200;3327;206;0;
19627;2024.11.22 10:15;-28;-2.625;-200;-200;3327;206;0;
19628;2024.11.22 10:30;-28;-2.5;-200;-200;3327;206;0;
19629;2024.11.22 10:45;-28;-1.6875;-200;-200;3327;206;0;
19630;2024.11.22 11:00;-28;-1.6875;-200;-200;3327;206;0;
19631;2024.11.22 11:15;-28;-2.125;-200;-200;3327;206;0;
19632;2024.11.22 11:30;-28;-2.5;-200;-200;3327;206;0;
19633;2024.11.22 11:45;-28;-2.75;-200;-200;3327;206;0;
19634;2024.11.22 12:00;-28;-3.25;-200;-200;3327;206;0;
19635;2024.11.22 12:15;-28;-3.125;-200;-200;3327;206;0;
19636;2024.11.22 12:30;-28;-3.25;-200;-200;3327;206;0;
19637;2024.11.22 12:45;-28;-3.25;-200;-200;3327;206;0;
19638;2024.11.22 13:00;-28;-3.25;-200;-200;3327;206;0;
19639;2024.11.22 13:15;-28;-2.625;-200;-200;3327;206;0;
19640;2024.11.22 13:30;-28;-1.4375;-200;-200;3327;206;0;
19641;2024.11.22 13:45;-28;-1.75;-200;-200;3327;206;0;
19642;2024.11.22 14:00;-28;-2.1875;-200;-200;3327;206;0;
19643;2024.11.22 14:15;-28;-2.25;-200;-200;3327;206;0;
19644;2024.11.22 14:30;-28;-1.6875;-200;-200;3327;206;0;
19645;2024.11.22 14:45;-28;-0.5625;-200;-200;3327;206;0;
19646;2024.11.22 15:00;-28;0.875;-200;-200;3327;206;0;
19647;2024.11.22 15:15;-28;2.1875;-200;-200;3327;206;0;
19648;2024.11.22 15:30;-28;3.75;-200;-200;3327;206;0;
19649;2024.11.22 15:45;-28;4.8125;-200;-200;3328;206;0;
19650;2024.11.22 16:00;-28;6.125;-200;-200;3328;206;0;
19651;2024.11.22 16:15;-28;7.0625;-200;-200;3328;206;0;
19652;2024.11.22 16:30;-28;8;-200;-200;3328;206;0;
19653;2024.11.22 16:45;-28;8.625;-200;-200;3328;206;0;
19654;2024.11.22 17:00;-28;9.1875;-200;-200;3328;206;0;
19655;2024.11.22 17:15;-28;9.4375;-200;-200;3328;206;0;
19656;2024.11.22 17:30;-28;9.9375;-200;-200;3329;206;0;
19657;2024.11.22 17:45;-28;10.625;-200;-200;3329;206;0;
19658;2024.11.22 18:00;-28;11.25;-200;-200;3329;206;0;
19659;2024.11.22 18:15;-28;11.375;-200;-200;3329;206;0;
19660;2024.11.22 18:30;-28;11.8125;-200;-200;3329;206;0;
19661;2024.11.22 18:45;-28;11.375;-200;-200;3329;206;0;
19662;2024.11.22 19:00;-28;11.0625;-200;-200;3329;206;0;
19663;2024.11.22 19:15;-28;11.125;-200;-200;3329;206;0;
19664;2024.11.22 19:30;-28;12.1875;-200;-200;3329;206;0;
19665;2024.11.22 19:45;-28;14.125;-200;-200;3329;206;0;
19666;2024.11.22 20:00;-28;16.875;-200;-200;3330;206;0;
19667;2024.11.22 20:15;-28;17;-200;-200;3331;206;0;
19668;2024.11.22 20:30;-28;14.625;-200;-200;3330;206;0;
19669;2024.11.22 20:45;-28;11.25;-200;-200;3329;206;0;
19670;2024.11.22 21:00;-28;10.3125;-200;-200;3328;206;0;
19671;2024.11.22 21:15;-28;10.3125;-200;-200;3328;206;0;
19672;2024.11.22 21:30;-28;11.125;-200;-200;3328;206;0;
19673;2024.11.22 21:45;-28;10;-200;-200;3328;206;0;
19674;2024.11.22 22:00;-28;9.5;-200;-200;3328;206;0;
19675;2024.11.22 22:15;-28;9;-200;-200;3328;206;0;
19676;2024.11.22 22:30;-28;8.6875;-200;-200;3328;206;0;
19677;2024.11.22 22:45;-28;8.5;-200;-200;3328;206;0;
19678;2024.11.22 23:00;-28;7.25;-200;-200;3327;206;0;
19679;2024.11.22 23:15;-28;8;-200;-200;3327;206;0;
19680;2024.11.22 23:30;-28;6.375;-200;-200;3327;206;0;
19681;2024.11.22 23:45;-28;5.125;-200;-200;3327;206;0;
19682;2024.11.23 00:00;-28;3.875;-200;-200;3327;206;0;
19683;2024.11.23 00:15;-28;2.5625;-200;-200;3327;206;0;
19684;2024.11.23 00:30;-28;1.8125;-200;-200;3326;206;0;
19685;2024.11.23 00:45;-28;1;-200;-200;3326;206;0;
19686;2024.11.23 01:00;-28;0.625;-200;-200;3326;206;0;
19687;2024.11.23 01:15;-28;-0.125;-200;-200;3326;206;0;
19688;2024.11.23 01:30;-28;-0.5;-200;-200;3325;206;0;
19689;2024.11.23 01:45;-28;-0.625;-200;-200;3325;206;0;
19690;2024.11.23 02:00;-28;-0.25;-200;-200;3325;206;0;
19691;2024.11.23 02:15;-28;-0.0625;-200;-200;3325;206;0;
19692;2024.11.23 02:30;-28;-0.875;-200;-200;3325;206;0;
19693;2024.11.23 02:45;-28;-1.125;-200;-200;3325;206;0;
19694;2024.11.23 03:00;-28;-1.25;-200;-200;3325;206;0;
19695;2024.11.23 03:15;-28;-1.5625;-200;-200;3325;206;0;
19696;2024.11.23 03:30;-28;-1.25;-200;-200;3325;206;0;
19697;2024.11.23 03:45;-28;-1.3125;-200;-200;3325;206;0;
19698;2024.11.23 04:00;-28;-1.25;-200;-200;3325;206;0;
19699;2024.11.23 04:15;-28;-1.375;-200;-200;3325;206;0;
19700;2024.11.23 04:30;-28;-1.375;-200;-200;3325;206;0;
19701;2024.11.23 04:45;-28;-1;-200;-200;3325;206;0;
19702;2024.11.23 05:00;-28;-0.75;-200;-200;3325;206;0;
19703;2024.11.23 05:15;-28;-1;-200;-200;3325;206;0;
19704;2024.11.23 05:30;-28;-1;-200;-200;3325;206;0;
19705;2024.11.23 05:45;-28;-1.9375;-200;-200;3325;206;0;
19706;2024.11.23 06:00;-28;-2.1875;-200;-200;3325;206;0;
19707;2024.11.23 06:15;-28;-2.1875;-200;-200;3325;206;0;
19708;2024.11.23 06:30;-28;-2.3125;-200;-200;3325;206;0;
19709;2024.11.23 06:45;-28;-2;-200;-200;3325;206;0;
19710;2024.11.23 07:00;-28;-1.875;-200;-200;3325;206;0;
19711;2024.11.23 07:15;-28;-2.0625;-200;-200;3325;206;0;
19712;2024.11.23 07:30;-28;-2;-200;-200;3325;206;0;
19713;2024.11.23 07:45;-28;-2.1875;-200;-200;3325;206;0;
19714;2024.11.23 08:00;-28;-2.125;-200;-200;3325;206;0;
19715;2024.11.23 08:15;-28;-2.375;-200;-200;3325;206;0;
19716;2024.11.23 08:30;-28;-2.375;-200;-200;3325;206;0;
19717;2024.11.23 08:45;-28;-2.625;-200;-200;3325;206;0;
19718;2024.11.23 09:00;-28;-2.625;-200;-200;3325;206;0;
19719;2024.11.23 09:15;-28;-2.625;-200;-200;3325;206;0;
19720;2024.11.23 09:30;-28;-2.875;-200;-200;3325;206;0;
19721;2024.11.23 09:45;-28;-3.0625;-200;-200;3325;206;0;
19722;2024.11.23 10:00;-28;-3.375;-200;-200;3325;206;0;
19723;2024.11.23 10:15;-28;-3.375;-200;-200;3325;206;0;
19724;2024.11.23 10:30;-28;-3.5;-200;-200;3325;206;0;
19725;2024.11.23 10:45;-28;-3.5625;-200;-200;3325;206;0;
19726;2024.11.23 11:00;-28;-3.625;-200;-200;3325;206;0;
19727;2024.11.23 11:15;-28;-3.8125;-200;-200;3325;206;0;
19728;2024.11.23 11:30;-28;-3.875;-200;-200;3325;206;0;
19729;2024.11.23 11:45;-28;-3.6875;-200;-200;3325;206;0;
19730;2024.11.23 12:00;-28;-3.875;-200;-200;3325;206;0;
19731;2024.11.23 12:15;-28;-3.875;-200;-200;3325;206;0;
19732;2024.11.23 12:30;-28;-3.625;-200;-200;3325;206;0;
19733;2024.11.23 12:45;-28;-4;-200;-200;3325;206;0;
19734;2024.11.23 13:00;-28;-4;-200;-200;3325;206;0;
19735;2024.11.23 13:15;-28;-4.0625;-200;-200;3325;206;0;
19736;2024.11.23 13:30;-28;-4;-200;-200;3325;206;0;
19737;2024.11.23 13:45;-28;-4;-200;-200;3325;206;0;
19738;2024.11.23 14:00;-28;-3.75;-200;-200;3325;206;0;
19739;2024.11.23 14:15;-28;-3.5625;-200;-200;3325;206;0;
19740;2024.11.23 14:30;-28;-3.375;-200;-200;3325;206;0;
19741;2024.11.23 14:45;-28;-2.625;-200;-200;3325;206;0;
19742;2024.11.23 15:00;-28;-1.5625;-200;-200;3325;206;0;
19743;2024.11.23 15:15;-28;0.5625;-200;-200;3325;206;0;
19744;2024.11.23 15:30;-28;2.8125;-200;-200;3325;206;0;
19745;2024.11.23 15:45;-28;4.375;-200;-200;3325;206;0;
19746;2024.11.23 16:00;-28;5.5625;-200;-200;3325;206;0;
19747;2024.11.23 16:15;-28;6.25;-200;-200;3326;206;0;
19748;2024.11.23 16:30;-28;6.875;-200;-200;3326;206;0;
19749;2024.11.23 16:45;-28;7.125;-200;-200;3326;206;0;
19750;2024.11.23 17:00;-28;7.6875;-200;-200;3326;206;0;
19751;2024.11.23 17:15;-28;8;-200;-200;3326;206;0;
19752;2024.11.23 17:30;-28;7.875;-200;-200;3326;206;0;
19753;2024.11.23 17:45;-28;7.875;-200;-200;3326;206;0;
19754;2024.11.23 18:00;-28;8.25;-200;-200;3326;206;0;
19755;2024.11.23 18:15;-28;8.625;-200;-200;3326;206;0;
19756;2024.11.23 18:30;-28;9.0625;-200;-200;3326;206;0;
19757;2024.11.23 18:45;-28;8.875;-200;-200;3326;206;0;
19758;2024.11.23 19:00;-28;8.75;-200;-200;3326;206;0;
19759;2024.11.23 19:15;-28;9;-200;-200;3326;206;0;
19760;2024.11.23 19:30;-28;9.9375;-200;-200;3326;206;0;
19761;2024.11.23 19:45;-28;11.1875;-200;-200;3326;206;0;
19762;2024.11.23 20:00;-28;14.25;-200;-200;3327;206;0;
19763;2024.11.23 20:15;-28;14.3125;-200;-200;3327;206;0;
19764;2024.11.23 20:30;-28;12;-200;-200;3327;206;0;
19765;2024.11.23 20:45;-28;9.5625;-200;-200;3326;206;0;
19766;2024.11.23 21:00;-28;9;-200;-200;3325;206;0;
19767;2024.11.23 21:15;-28;9.9375;-200;-200;3325;206;0;
19768;2024.11.23 21:30;-28;10.75;-200;-200;3326;206;0;
19769;2024.11.23 21:45;-28;9.625;-200;-200;3326;206;0;
19770;2024.11.23 22:00;-28;9.0625;-200;-200;3325;206;0;
19771;2024.11.23 22:15;-28;9.0625;-200;-200;3325;206;0;
19772;2024.11.23 22:30;-28;8.625;-200;-200;3325;206;0;
19773;2024.11.23 22:45;-28;8.125;-200;-200;3325;206;0;
19774;2024.11.23 23:00;-28;7.8125;-200;-200;3325;206;0;
19775;2024.11.23 23:15;-28;8.4375;-200;-200;3325;206;0;
19776;2024.11.23 23:30;-28;6.8125;-200;-200;3325;206;0;
19777;2024.11.23 23:45;-28;5.8125;-200;-200;3325;206;0;
19778;2024.11.24 00:00;-28;3.9375;-200;-200;3325;206;0;
19779;2024.11.24 00:15;-28;2.75;-200;-200;3324;206;0;
19780;2024.11.24 00:30;-28;1.875;-200;-200;3324;206;0;
19781;2024.11.24 00:45;-28;1.25;-200;-200;3324;206;0;
19782;2024.11.24 01:00;-28;0.625;-200;-200;3324;206;0;
19783;2024.11.24 01:15;-28;0.125;-200;-200;3324;206;0;
19784;2024.11.24 01:30;-28;-0.1875;-200;-200;3324;206;0;
19785;2024.11.24 01:45;-28;-0.1875;-200;-200;3324;206;0;
19786;2024.11.24 02:00;-28;-0.0625;-200;-200;3324;206;0;
19787;2024.11.24 02:15;-28;-0.625;-200;-200;3324;206;0;
19788;2024.11.24 02:30;-28;-1.0625;-200;-200;3324;206;0;
19789;2024.11.24 02:45;-28;-1.125;-200;-200;3324;206;0;
19790;2024.11.24 03:00;-28;-1.125;-200;-200;3324;206;0;
19791;2024.11.24 03:15;-28;-1.25;-200;-200;3324;206;0;
19792;2024.11.24 03:30;-28;-1.375;-200;-200;3324;206;0;
19793;2024.11.24 03:45;-28;-1.625;-200;-200;3324;206;0;
19794;2024.11.24 04:00;-28;-1.5;-200;-200;3324;206;0;
19795;2024.11.24 04:15;-28;-1.625;-200;-200;3324;206;0;
19796;2024.11.24 04:30;-28;-1.4375;-200;-200;3324;206;0;
19797;2024.11.24 04:45;-28;-1.5;-200;-200;3324;206;0;
19798;2024.11.24 05:00;-28;-1.25;-200;-200;3324;206;0;
19799;2024.11.24 05:15;-28;-1.25;-200;-200;3324;206;0;
19800;2024.11.24 05:30;-28;-1.1875;-200;-200;3324;206;0;
19801;2024.11.24 05:45;-28;-0.125;-200;-200;3324;206;0;
19802;2024.11.24 06:00;-28;0.875;-200;-200;3324;206;0;
19803;2024.11.24 06:15;-28;1.25;-200;-200;3324;206;0;
19804;2024.11.24 06:30;-28;1.75;-200;-200;3324;206;0;
19805;2024.11.24 06:45;-28;2.125;-200;-200;3324;206;0;
19806;2024.11.24 07:00;-28;2;-200;-200;3324;206;0;
19807;2024.11.24 07:15;-28;1.625;-200;-200;3324;206;0;
19808;2024.11.24 07:30;-28;1.75;-200;-200;3324;206;0;
19809;2024.11.24 07:45;-28;1.625;-200;-200;3324;206;0;
19810;2024.11.24 08:00;-28;2;-200;-200;3324;206;0;
19811;2024.11.24 08:15;-28;1.1875;-200;-200;3324;206;0;
19812;2024.11.24 08:30;-28;1.25;-200;-200;3324;206;0;
19813;2024.11.24 08:45;-28;0.875;-200;-200;3324;206;0;
19814;2024.11.24 09:00;-28;-0.125;-200;-200;3324;206;0;
19815;2024.11.24 09:15;-28;-1.0625;-200;-200;3324;206;0;
19816;2024.11.24 09:30;-28;-1.6875;-200;-200;3323;206;0;
19817;2024.11.24 09:45;-28;-0.1875;-200;-200;3324;206;0;
19818;2024.11.24 10:00;-28;0.125;-200;-200;3324;206;0;
19819;2024.11.24 10:15;-28;0.875;-200;-200;3324;206;0;
19820;2024.11.24 10:30;-28;1.4375;-200;-200;3324;206;0;
19821;2024.11.24 10:45;-28;1.625;-200;-200;3324;206;0;
19822;2024.11.24 11:00;-28;1.625;-200;-200;3324;206;0;
19823;2024.11.24 11:15;-28;1.375;-200;-200;3323;206;0;
19824;2024.11.24 11:30;-28;0.5625;-200;-200;3323;206;0;
19825;2024.11.24 11:45;-28;-0.875;-200;-200;3323;206;0;
19826;2024.11.24 12:00;-28;-0.4375;-200;-200;3323;206;0;
19827;2024.11.24 12:15;-28;-1.0625;-200;-200;3323;206;0;
19828;2024.11.24 12:30;-28;-1.25;-200;-200;3323;206;0;
19829;2024.11.24 12:45;-28;-1.75;-200;-200;3323;206;0;
19830;2024.11.24 13:00;-28;-2.1875;-200;-200;3323;206;0;
19831;2024.11.24 13:15;-28;-1;-200;-200;3323;206;0;
19832;2024.11.24 13:30;-28;0.25;-200;-200;3323;206;0;
19833;2024.11.24 13:45;-28;1.25;-200;-200;3323;206;0;
19834;2024.11.24 14:00;-28;1.625;-200;-200;3323;206;0;
19835;2024.11.24 14:15;-28;2.125;-200;-200;3323;206;0;
19836;2024.11.24 14:30;-28;2.375;-200;-200;3323;206;0;
19837;2024.11.24 14:45;-28;2.75;-200;-200;3323;206;0;
19838;2024.11.24 15:00;-28;3.625;-200;-200;3324;206;0;
19839;2024.11.24 15:15;-28;3.625;-200;-200;3324;206;0;
19840;2024.11.24 15:30;-28;3.625;-200;-200;3324;206;0;
19841;2024.11.24 15:45;-28;3.875;-200;-200;3324;206;0;
19842;2024.11.24 16:00;-28;4.125;-200;-200;3324;206;0;
19843;2024.11.24 16:15;-28;4.125;-200;-200;3324;206;0;
19844;2024.11.24 16:30;-28;4.6875;-200;-200;3324;206;0;
19845;2024.11.24 16:45;-28;4.875;-200;-200;3324;206;0;
19846;2024.11.24 17:00;-28;4.875;-200;-200;3324;206;0;
19847;2024.11.24 17:15;-28;5.25;-200;-200;3324;206;0;
19848;2024.11.24 17:30;-28;5.0625;-200;-200;3324;206;0;
19849;2024.11.24 17:45;-28;5.3125;-200;-200;3324;206;0;
19850;2024.11.24 18:00;-28;5.875;-200;-200;3324;206;0;
19851;2024.11.24 18:15;-28;6.5;-200;-200;3324;206;0;
19852;2024.11.24 18:30;-28;7;-200;-200;3324;206;0;
19853;2024.11.24 18:45;-28;7;-200;-200;3324;206;0;
19854;2024.11.24 19:00;-28;7.125;-200;-200;3324;206;0;
19855;2024.11.24 19:15;-28;7.75;-200;-200;3324;206;0;
19856;2024.11.24 19:30;-28;8;-200;-200;3324;206;0;
19857;2024.11.24 19:45;-28;9.375;-200;-200;3324;206;0;
19858;2024.11.24 20:00;-28;11.375;-200;-200;3325;206;0;
19859;2024.11.24 20:15;-28;12;-200;-200;3325;206;0;
19860;2024.11.24 20:30;-28;10.25;-200;-200;3325;206;0;
19861;2024.11.24 20:45;-28;8.125;-200;-200;3324;206;0;
19862;2024.11.24 21:00;-28;7.5625;-200;-200;3324;206;0;
19863;2024.11.24 21:15;-28;8.125;-200;-200;3324;206;0;
19864;2024.11.24 21:30;-28;8.8125;-200;-200;3324;206;0;
19865;2024.11.24 21:45;-28;7.375;-200;-200;3324;206;0;
19866;2024.11.24 22:00;-28;7.5;-200;-200;3324;206;0;
19867;2024.11.24 22:15;-28;6.6875;-200;-200;3324;206;0;
19868;2024.11.24 22:30;-28;6.5;-200;-200;3324;206;0;
19869;2024.11.24 22:45;-28;6.6875;-200;-200;3324;206;0;
19870;2024.11.24 23:00;-28;6.375;-200;-200;3324;206;0;
19871;2024.11.24 23:15;-28;6.25;-200;-200;3323;206;0;
19872;2024.11.24 23:30;-28;5.5;-200;-200;3323;206;0;
19873;2024.11.24 23:45;-28;5.1875;-200;-200;3323;206;0;
19874;2024.11.25 00:00;-28;4.6875;-200;-200;3323;206;0;
19875;2024.11.25 00:15;-28;4.625;-200;-200;3323;206;0;
19876;2024.11.25 00:30;-28;4.25;-200;-200;3323;206;0;
19877;2024.11.25 00:45;-28;4.125;-200;-200;3323;206;0;
19878;2024.11.25 01:00;-28;3.875;-200;-200;3323;206;0;
19879;2024.11.25 01:15;-28;3.875;-200;-200;3323;206;0;
19880;2024.11.25 01:30;-28;3.625;-200;-200;3323;206;0;
19881;2024.11.25 01:45;-28;3.625;-200;-200;3323;206;0;
19882;2024.11.25 02:00;-28;3.5;-200;-200;3323;206;0;
19883;2024.11.25 02:15;-28;3.25;-200;-200;3323;206;0;
19884;2024.11.25 02:30;-28;3.125;-200;-200;3323;206;0;
19885;2024.11.25 02:45;-28;3.125;-200;-200;3323;206;0;
19886;2024.11.25 03:00;-28;3.125;-200;-200;3323;206;0;
19887;2024.11.25 03:15;-28;2.875;-200;-200;3323;206;0;
19888;2024.11.25 03:30;-28;2.875;-200;-200;3323;206;0;
19889;2024.11.25 03:45;-28;2.9375;-200;-200;3323;206;0;
19890;2024.11.25 04:00;-28;2.75;-200;-200;3323;206;0;
19891;2024.11.25 04:15;-28;2.75;-200;-200;3323;206;0;
19892;2024.11.25 04:30;-28;2.875;-200;-200;3323;206;0;
19893;2024.11.25 04:45;-28;2.75;-200;-200;3323;206;0;
19894;2024.11.25 05:00;-28;2.625;-200;-200;3323;206;0;
19895;2024.11.25 05:15;-28;2.25;-200;-200;3323;206;0;
19896;2024.11.25 05:30;-28;1.8125;-200;-200;3323;206;0;
19897;2024.11.25 05:45;-28;1.4375;-200;-200;3323;206;0;
19898;2024.11.25 06:00;-28;1.4375;-200;-200;3323;206;0;
19899;2024.11.25 06:15;-28;1.125;-200;-200;3323;206;0;
19900;2024.11.25 06:30;-28;0.875;-200;-200;3323;206;0;
19901;2024.11.25 06:45;-28;0.6875;-200;-200;3323;206;0;
19902;2024.11.25 07:00;-28;0.4375;-200;-200;3323;206;0;
19903;2024.11.25 07:15;-28;0.25;-200;-200;3323;206;0;
19904;2024.11.25 07:30;-28;-0.125;-200;-200;3323;206;0;
19905;2024.11.25 07:45;-28;-0.125;-200;-200;3323;206;0;
19906;2024.11.25 08:00;-28;-0.625;-200;-200;3323;206;0;
19907;2024.11.25 08:15;-28;-1.25;-200;-200;3323;206;0;
19908;2024.11.25 08:30;-28;-1.25;-200;-200;3323;206;0;
19909;2024.11.25 08:45;-28;-1.1875;-200;-200;3323;206;0;
19910;2024.11.25 09:00;-28;-1.8125;-200;-200;3323;206;0;
19911;2024.11.25 09:15;-28;-2;-200;-200;3323;206;0;
19912;2024.11.25 09:30;-28;-2.4375;-200;-200;3322;206;0;
19913;2024.11.25 09:45;-28;-2.5;-200;-200;3322;206;0;
19914;2024.11.25 10:00;-28;-3.0625;-200;-200;3322;206;0;
19915;2024.11.25 10:15;-28;-1.875;-200;-200;3322;206;0;
19916;2024.11.25 10:30;-28;-1.875;-200;-200;3322;206;0;
19917;2024.11.25 10:45;-28;-2.375;-200;-200;3322;206;0;
19918;2024.11.25 11:00;-28;-2.625;-200;-200;3322;206;0;
19919;2024.11.25 11:15;-28;-2.875;-200;-200;3322;206;0;
19920;2024.11.25 11:30;-28;-3;-200;-200;3322;206;0;
19921;2024.11.25 11:45;-28;-2.8125;-200;-200;3322;206;0;
19922;2024.11.25 12:00;-28;-3;-200;-200;3322;206;0;
19923;2024.11.25 12:15;-28;-3.375;-200;-200;3322;206;0;
19924;2024.11.25 12:30;-28;-3.3125;-200;-200;3322;206;0;
19925;2024.11.25 12:45;-28;-3;-200;-200;3322;206;0;
19926;2024.11.25 13:00;-28;-3.0625;-200;-200;3322;206;0;
19927;2024.11.25 13:15;-28;-3.125;-200;-200;3322;206;0;
19928;2024.11.25 13:30;-28;-3.25;-200;-200;3322;206;0;
19929;2024.11.25 13:45;-28;-3.375;-200;-200;3322;206;0;
19930;2024.11.25 14:00;-28;-3.375;-200;-200;3322;206;0;
19931;2024.11.25 14:15;-28;-3.375;-200;-200;3322;206;0;
19932;2024.11.25 14:30;-28;-3.3125;-200;-200;3322;206;0;
19933;2024.11.25 14:45;-28;-2.5;-200;-200;3322;206;0;
19934;2024.11.25 15:00;-28;-2;-200;-200;3322;206;0;
19935;2024.11.25 15:15;-28;-1;-200;-200;3322;206;0;
19936;2024.11.25 15:30;-28;-0.375;-200;-200;3322;206;0;
19937;2024.11.25 15:45;-28;0.25;-200;-200;3322;206;0;
19938;2024.11.25 16:00;-28;0.625;-200;-200;3322;206;0;
19939;2024.11.25 16:15;-28;1;-200;-200;3322;206;0;
19940;2024.11.25 16:30;-28;1.25;-200;-200;3322;206;0;
19941;2024.11.25 16:45;-28;1.625;-200;-200;3322;206;0;
19942;2024.11.25 17:00;-28;2.125;-200;-200;3322;206;0;
19943;2024.11.25 17:15;-28;2.9375;-200;-200;3323;206;0;
19944;2024.11.25 17:30;-28;2.5;-200;-200;3323;206;0;
19945;2024.11.25 17:45;-28;3.0625;-200;-200;3323;206;0;
19946;2024.11.25 18:00;-28;3.875;-200;-200;3323;206;0;
19947;2024.11.25 18:15;-28;3.5625;-200;-200;3323;206;0;
19948;2024.11.25 18:30;-28;4.125;-200;-200;3323;206;0;
19949;2024.11.25 18:45;-28;3.5;-200;-200;3323;206;0;
19950;2024.11.25 19:00;-28;3.375;-200;-200;3323;206;0;
19951;2024.11.25 19:15;-28;3.625;-200;-200;3323;206;0;
19952;2024.11.25 19:30;-28;4.4375;-200;-200;3323;206;0;
19953;2024.11.25 19:45;-28;5.875;-200;-200;3323;206;0;
19954;2024.11.25 20:00;-28;7.25;-200;-200;3324;206;0;
19955;2024.11.25 20:15;-28;8.125;-200;-200;3324;206;0;
19956;2024.11.25 20:30;-28;6.75;-200;-200;3324;206;0;
19957;2024.11.25 20:45;-28;4.625;-200;-200;3323;206;0;
19958;2024.11.25 21:00;-28;4.375;-200;-200;3323;206;0;
19959;2024.11.25 21:15;-28;4.625;-200;-200;3323;206;0;
19960;2024.11.25 21:30;-28;5.5;-200;-200;3323;206;0;
19961;2024.11.25 21:45;-28;4.625;-200;-200;3323;206;0;
19962;2024.11.25 22:00;-28;4.1875;-200;-200;3323;206;0;
19963;2024.11.25 22:15;-28;3.75;-200;-200;3323;206;0;
19964;2024.11.25 22:30;-28;3.9375;-200;-200;3323;206;0;
19965;2024.11.25 22:45;-28;3.4375;-200;-200;3323;206;0;
19966;2024.11.25 23:00;-28;3;-200;-200;3323;206;0;
19967;2024.11.25 23:15;-28;2.75;-200;-200;3323;206;0;
19968;2024.11.25 23:30;-28;2;-200;-200;3323;206;0;
19969;2024.11.25 23:45;-28;1.3125;-200;-200;3323;206;0;
19970;2024.11.26 00:00;-28;0.25;-200;-200;3322;206;0;
19971;2024.11.26 00:15;-28;-0.75;-200;-200;3322;206;0;
19972;2024.11.26 00:30;-28;-1.3125;-200;-200;3322;206;0;
19973;2024.11.26 00:45;-28;-1.5;-200;-200;3322;206;0;
19974;2024.11.26 01:00;-28;-1.625;-200;-200;3322;206;0;
19975;2024.11.26 01:15;-28;-1.875;-200;-200;3322;206;0;
19976;2024.11.26 01:30;-28;-1.875;-200;-200;3322;206;0;
19977;2024.11.26 01:45;-28;-1.8125;-200;-200;3322;206;0;
19978;2024.11.26 02:00;-28;-1.5;-200;-200;3322;206;0;
19979;2024.11.26 02:15;-28;-1.1875;-200;-200;3322;206;0;
19980;2024.11.26 02:30;-28;-0.8125;-200;-200;3322;206;0;
19981;2024.11.26 02:45;-28;-0.5625;-200;-200;3322;206;0;
19982;2024.11.26 03:00;-28;0.125;-200;-200;3322;206;0;
19983;2024.11.26 03:15;-28;1;-200;-200;3322;206;0;
19984;2024.11.26 03:30;-28;1.25;-200;-200;3322;206;0;
19985;2024.11.26 03:45;-28;1.25;-200;-200;3322;206;0;
19986;2024.11.26 04:00;-28;1;-200;-200;3322;206;0;
19987;2024.11.26 04:15;-28;0.5;-200;-200;3322;206;0;
19988;2024.11.26 04:30;-28;0.5;-200;-200;3322;206;0;
19989;2024.11.26 04:45;-28;0.25;-200;-200;3322;206;0;
19990;2024.11.26 05:00;-28;0.125;-200;-200;3322;206;0;
19991;2024.11.26 05:15;-28;-0.25;-200;-200;3322;206;0;
19992;2024.11.26 05:30;-28;-0.625;-200;-200;3322;206;0;
19993;2024.11.26 05:45;-28;-0.625;-200;-200;3322;206;0;
19994;2024.11.26 06:00;-28;-0.75;-200;-200;3322;206;0;
19995;2024.11.26 06:15;-28;0;-200;-200;3322;206;0;
19996;2024.11.26 06:30;-28;0.75;-200;-200;3322;206;0;
19997;2024.11.26 06:45;-28;0.875;-200;-200;3322;206;0;
19998;2024.11.26 07:00;-28;0.625;-200;-200;3322;206;0;
19999;2024.11.26 07:15;-28;0.25;-200;-200;3322;206;0;
20000;2024.11.26 07:30;-28;-0.9375;-200;-200;3322;206;0;
20001;2024.11.26 07:45;-28;-1.8125;-200;-200;3322;206;0;
20002;2024.11.26 08:00;-28;-2.0625;-200;-200;3322;206;0;
20003;2024.11.26 08:15;-28;-2.375;-200;-200;3322;206;0;
20004;2024.11.26 08:30;-28;-2.25;-200;-200;3322;206;0;
20005;2024.11.26 08:45;-28;-2.0625;-200;-200;3322;206;0;
20006;2024.11.26 09:00;-28;-1.8125;-200;-200;3322;206;0;
20007;2024.11.26 09:15;-28;-0.875;-200;-200;3322;206;0;
20008;2024.11.26 09:30;-28;0.25;-200;-200;3322;206;0;
20009;2024.11.26 09:45;-28;0.5;-200;-200;3322;206;0;
20010;2024.11.26 10:00;-28;0.875;-200;-200;3322;206;0;
20011;2024.11.26 10:15;-28;0.9375;-200;-200;3322;206;0;
20012;2024.11.26 10:30;-28;0.375;-200;-200;3322;206;0;
20013;2024.11.26 10:45;-28;0.3125;-200;-200;3322;206;0;
20014;2024.11.26 11:00;-28;0.1875;-200;-200;3322;206;0;
20015;2024.11.26 11:15;-28;0.375;-200;-200;3322;206;0;
20016;2024.11.26 11:30;-28;0.5;-200;-200;3322;206;0;
20017;2024.11.26 11:45;-28;0.75;-200;-200;3322;206;0;
20018;2024.11.26 12:00;-28;0.9375;-200;-200;3322;206;0;
20019;2024.11.26 12:15;-28;1.0625;-200;-200;3322;206;0;
20020;2024.11.26 12:30;-28;1;-200;-200;3322;206;0;
20021;2024.11.26 12:45;-28;0.375;-200;-200;3322;206;0;
20022;2024.11.26 13:00;-28;0.5625;-200;-200;3322;206;0;
20023;2024.11.26 13:15;-28;0.8125;-200;-200;3322;206;0;
20024;2024.11.26 13:30;-28;0.8125;-200;-200;3322;206;0;
20025;2024.11.26 13:45;-28;0.75;-200;-200;3322;206;0;
20026;2024.11.26 14:00;-28;0.75;-200;-200;3322;206;0;
20027;2024.11.26 14:15;-28;0.75;-200;-200;3322;206;0;
20028;2024.11.26 14:30;-28;0.875;-200;-200;3322;206;0;
20029;2024.11.26 14:45;-28;1;-200;-200;3322;206;0;
20030;2024.11.26 15:00;-28;1.125;-200;-200;3322;206;0;
20031;2024.11.26 15:15;-28;1.125;-200;-200;3322;206;0;
20032;2024.11.26 15:30;-28;1.25;-200;-200;3322;206;0;
20033;2024.11.26 15:45;-28;1.4375;-200;-200;3322;206;0;
20034;2024.11.26 16:00;-28;1.6875;-200;-200;3322;206;0;
20035;2024.11.26 16:15;-28;2.5;-200;-200;3322;206;0;
20036;2024.11.26 16:30;-28;2.9375;-200;-200;3322;206;0;
20037;2024.11.26 16:45;-28;3.75;-200;-200;3322;206;0;
20038;2024.11.26 17:00;-28;3.625;-200;-200;3322;206;0;
20039;2024.11.26 17:15;-28;4.125;-200;-200;3322;206;0;
20040;2024.11.26 17:30;-28;4.125;-200;-200;3322;206;0;
20041;2024.11.26 17:45;-28;4.0625;-200;-200;3322;206;0;
20042;2024.11.26 18:00;-28;4.125;-200;-200;3322;206;0;
20043;2024.11.26 18:15;-28;4.5;-200;-200;3322;206;0;
20044;2024.11.26 18:30;-28;5.375;-200;-200;3322;206;0;
20045;2024.11.26 18:45;-28;4.5;-200;-200;3322;206;0;
20046;2024.11.26 19:00;-28;4.625;-200;-200;3322;206;0;
20047;2024.11.26 19:15;-28;5.125;-200;-200;3322;206;0;
20048;2024.11.26 19:30;-28;5.75;-200;-200;3322;206;0;
20049;2024.11.26 19:45;-28;6.6875;-200;-200;3322;206;0;
20050;2024.11.26 20:00;-28;7.75;-200;-200;3323;206;0;
20051;2024.11.26 20:15;-28;7;-200;-200;3323;206;0;
20052;2024.11.26 20:30;-28;5.6875;-200;-200;3322;206;0;
20053;2024.11.26 20:45;-28;5.375;-200;-200;3322;206;0;
20054;2024.11.26 21:00;-28;4.8125;-200;-200;3322;206;0;
20055;2024.11.26 21:15;-28;5.0625;-200;-200;3322;206;0;
20056;2024.11.26 21:30;-28;5.25;-200;-200;3322;206;0;
20057;2024.11.26 21:45;-28;5;-200;-200;3322;206;0;
20058;2024.11.26 22:00;-28;5.375;-200;-200;3322;206;0;
20059;2024.11.26 22:15;-28;5.125;-200;-200;3322;206;0;
20060;2024.11.26 22:30;-28;5.0625;-200;-200;3322;206;0;
20061;2024.11.26 22:45;-28;5;-200;-200;3322;206;0;
20062;2024.11.26 23:00;-28;5;-200;-200;3322;206;0;
20063;2024.11.26 23:15;-28;4.75;-200;-200;3322;206;0;
20064;2024.11.26 23:30;-28;4.625;-200;-200;3322;206;0;
20065;2024.11.26 23:45;-28;4.625;-200;-200;3322;206;0;
20066;2024.11.27 00:00;-28;4.625;-200;-200;3322;206;0;
20067;2024.11.27 00:15;-28;4.5;-200;-200;3322;206;0;
20068;2024.11.27 00:30;-28;4.5;-200;-200;3322;206;0;
20069;2024.11.27 00:45;-28;4.375;-200;-200;3322;206;0;
20070;2024.11.27 01:00;-28;4.5625;-200;-200;3322;206;0;
20071;2024.11.27 01:15;-28;4.5;-200;-200;3322;206;0;
20072;2024.11.27 01:30;-28;4.5;-200;-200;3322;206;0;
20073;2024.11.27 01:45;-28;4.4375;-200;-200;3322;206;0;
20074;2024.11.27 02:00;-28;4.375;-200;-200;3322;206;0;
20075;2024.11.27 02:15;-28;4.25;-200;-200;3322;206;0;
20076;2024.11.27 02:30;-28;4.125;-200;-200;3322;206;0;
20077;2024.11.27 02:45;-28;4;-200;-200;3322;206;0;
20078;2024.11.27 03:00;-28;3.6875;-200;-200;3322;206;0;
20079;2024.11.27 03:15;-28;3.75;-200;-200;3322;206;0;
20080;2024.11.27 03:30;-28;3.625;-200;-200;3322;206;0;
20081;2024.11.27 03:45;-28;3.5;-200;-200;3322;206;0;
20082;2024.11.27 04:00;-28;3.625;-200;-200;3322;206;0;
20083;2024.11.27 04:15;-28;3.5;-200;-200;3322;206;0;
20084;2024.11.27 04:30;-28;3.375;-200;-200;3322;206;0;
20085;2024.11.27 04:45;-28;3.25;-200;-200;3322;206;0;
20086;2024.11.27 05:00;-28;3.25;-200;-200;3322;206;0;
20087;2024.11.27 05:15;-28;3.1875;-200;-200;3322;206;0;
20088;2024.11.27 05:30;-28;3.125;-200;-200;3322;206;0;
20089;2024.11.27 05:45;-28;3.0625;-200;-200;3322;206;0;
20090;2024.11.27 06:00;-28;2.875;-200;-200;3322;206;0;
20091;2024.11.27 06:15;-28;2.8125;-200;-200;3322;206;0;
20092;2024.11.27 06:30;-28;2.6875;-200;-200;3322;206;0;
20093;2024.11.27 06:45;-28;2.625;-200;-200;3322;206;0;
20094;2024.11.27 07:00;-28;2.5;-200;-200;3322;206;0;
20095;2024.11.27 07:15;-28;2.5;-200;-200;3322;206;0;
20096;2024.11.27 07:30;-28;2.4375;-200;-200;3322;206;0;
20097;2024.11.27 07:45;-28;2.375;-200;-200;3322;206;0;
20098;2024.11.27 08:00;-28;2.5;-200;-200;3322;206;0;
20099;2024.11.27 08:15;-28;2.5;-200;-200;3322;206;0;
20100;2024.11.27 08:30;-28;2.5;-200;-200;3322;206;0;
20101;2024.11.27 08:45;-28;2.5;-200;-200;3322;206;0;
20102;2024.11.27 09:00;-28;2.625;-200;-200;3321;206;0;
20103;2024.11.27 09:15;-28;2.75;-200;-200;3321;206;0;
20104;2024.11.27 09:30;-28;2.875;-200;-200;3322;206;0;
20105;2024.11.27 09:45;-28;2.875;-200;-200;3322;206;0;
20106;2024.11.27 10:00;-28;2.8125;-200;-200;3322;206;0;
20107;2024.11.27 10:15;-28;2.75;-200;-200;3322;206;0;
20108;2024.11.27 10:30;-28;2.75;-200;-200;3322;206;0;
20109;2024.11.27 10:45;-28;2.6875;-200;-200;3322;206;0;
20110;2024.11.27 11:00;-28;2.625;-200;-200;3322;206;0;
20111;2024.11.27 11:15;-28;2.4375;-200;-200;3322;206;0;
20112;2024.11.27 11:30;-28;2.3125;-200;-200;3322;206;0;
20113;2024.11.27 11:45;-28;2.25;-200;-200;3322;206;0;
20114;2024.11.27 12:00;-28;2.125;-200;-200;3322;206;0;
20115;2024.11.27 12:15;-28;2.0625;-200;-200;3322;206;0;
20116;2024.11.27 12:30;-28;1.9375;-200;-200;3321;206;0;
20117;2024.11.27 12:45;-28;1.875;-200;-200;3322;206;0;
20118;2024.11.27 13:00;-28;1.875;-200;-200;3322;206;0;
20119;2024.11.27 13:15;-28;1.75;-200;-200;3322;206;0;
20120;2024.11.27 13:30;-28;1.625;-200;-200;3322;206;0;
20121;2024.11.27 13:45;-28;1.5625;-200;-200;3322;206;0;
20122;2024.11.27 14:00;-28;1;-200;-200;3321;206;0;
20123;2024.11.27 14:15;-28;0.9375;-200;-200;3321;206;0;
20124;2024.11.27 14:30;-28;0.75;-200;-200;3321;206;0;
20125;2024.11.27 14:45;-28;0.375;-200;-200;3321;206;0;
20126;2024.11.27 15:00;-28;0.25;-200;-200;3321;206;0;
20127;2024.11.27 15:15;-28;-0.125;-200;-200;3321;206;0;
20128;2024.11.27 15:30;-28;-0.25;-200;-200;3321;206;0;
20129;2024.11.27 15:45;-28;-0.25;-200;-200;3321;206;0;
20130;2024.11.27 16:00;-28;-0.25;-200;-200;3321;206;0;
20131;2024.11.27 16:15;-28;-0.1875;-200;-200;3321;206;0;
20132;2024.11.27 16:30;-28;0.125;-200;-200;3321;206;0;
20133;2024.11.27 16:45;-28;0.4375;-200;-200;3321;206;0;
20134;2024.11.27 17:00;-28;0.75;-200;-200;3322;206;0;
20135;2024.11.27 17:15;-28;0.875;-200;-200;3322;206;0;
20136;2024.11.27 17:30;-28;0.8125;-200;-200;3322;206;0;
20137;2024.11.27 17:45;-28;1.625;-200;-200;3322;206;0;
20138;2024.11.27 18:00;-28;2;-200;-200;3322;206;0;
20139;2024.11.27 18:15;-28;1.25;-200;-200;3322;206;0;
20140;2024.11.27 18:30;-28;1.5625;-200;-200;3322;206;0;
20141;2024.11.27 18:45;-28;1.375;-200;-200;3322;206;0;
20142;2024.11.27 19:00;-28;1.25;-200;-200;3322;206;0;
20143;2024.11.27 19:15;-28;1.875;-200;-200;3322;206;0;
20144;2024.11.27 19:30;-28;2.25;-200;-200;3322;206;0;
20145;2024.11.27 19:45;-28;1.625;-200;-200;3322;206;0;
20146;2024.11.27 20:00;-28;1.25;-200;-200;3322;206;0;
20147;2024.11.27 20:15;-28;3.875;-200;-200;3323;206;0;
20148;2024.11.27 20:30;-28;2.375;-200;-200;3322;206;0;
20149;2024.11.27 20:45;-28;0.5;-200;-200;3322;206;0;
20150;2024.11.27 21:00;-28;-0.0625;-200;-200;3322;206;0;
20151;2024.11.27 21:15;-28;-0.125;-200;-200;3322;206;0;
20152;2024.11.27 21:30;-28;0.75;-200;-200;3322;206;0;
20153;2024.11.27 21:45;-28;0.875;-200;-200;3322;206;0;
20154;2024.11.27 22:00;-28;0.625;-200;-200;3322;206;0;
20155;2024.11.27 22:15;-28;-0.0625;-200;-200;3322;206;0;
20156;2024.11.27 22:30;-28;-0.25;-200;-200;3322;206;0;
20157;2024.11.27 22:45;-28;-0.375;-200;-200;3322;206;0;
20158;2024.11.27 23:00;-28;-1.125;-200;-200;3322;206;0;
20159;2024.11.27 23:15;-28;-1.25;-200;-200;3322;206;0;
20160;2024.11.27 23:30;-28;-1.875;-200;-200;3322;206;0;
20161;2024.11.27 23:45;-28;-2.375;-200;-200;3322;206;0;
20162;2024.11.28 00:00;-28;-2.75;-200;-200;3321;206;0;
20163;2024.11.28 00:15;-28;-2.8125;-200;-200;3321;206;0;
20164;2024.11.28 00:30;-28;-2.75;-200;-200;3321;206;0;
20165;2024.11.28 00:45;-28;-2.875;-200;-200;3321;206;0;
20166;2024.11.28 01:00;-28;-2.875;-200;-200;3321;206;0;
20167;2024.11.28 01:15;-28;-2.625;-200;-200;3322;206;0;
20168;2024.11.28 01:30;-28;-2.5625;-200;-200;3322;206;0;
20169;2024.11.28 01:45;-28;-2.6875;-200;-200;3322;206;0;
20170;2024.11.28 02:00;-28;-2.6875;-200;-200;3322;206;0;
20171;2024.11.28 02:15;-28;-2.875;-200;-200;3322;206;0;
20172;2024.11.28 02:30;-28;-2.75;-200;-200;3322;206;0;
20173;2024.11.28 02:45;-28;-2.625;-200;-200;3322;206;0;
20174;2024.11.28 03:00;-28;-2.625;-200;-200;3322;206;0;
20175;2024.11.28 03:15;-28;-2.625;-200;-200;3322;206;0;
20176;2024.11.28 03:30;-28;-2.5;-200;-200;3322;206;0;
20177;2024.11.28 03:45;-28;-2.25;-200;-200;3322;206;0;
20178;2024.11.28 04:00;-28;-2.25;-200;-200;3322;206;0;
20179;2024.11.28 04:15;-28;-2.75;-200;-200;3322;206;0;
20180;2024.11.28 04:30;-28;-2.875;-200;-200;3321;206;0;
20181;2024.11.28 04:45;-28;-3;-200;-200;3321;206;0;
20182;2024.11.28 05:00;-28;-3;-200;-200;3321;206;0;
20183;2024.11.28 05:15;-28;-3.125;-200;-200;3321;206;0;
20184;2024.11.28 05:30;-28;-3.25;-200;-200;3322;206;0;
20185;2024.11.28 05:45;-28;-3.3125;-200;-200;3322;206;0;
20186;2024.11.28 06:00;-28;-3.3125;-200;-200;3321;206;0;
20187;2024.11.28 06:15;-28;-3.375;-200;-200;3321;206;0;
20188;2024.11.28 06:30;-28;-3.5;-200;-200;3321;206;0;
20189;2024.11.28 06:45;-28;-3.875;-200;-200;3321;206;0;
20190;2024.11.28 07:00;-28;-4;-200;-200;3321;206;0;
20191;2024.11.28 07:15;-28;-4;-200;-200;3321;206;0;
20192;2024.11.28 07:30;-28;-4.125;-200;-200;3321;206;0;
20193;2024.11.28 07:45;-28;-4.125;-200;-200;3321;206;0;
20194;2024.11.28 08:00;-28;-4.25;-200;-200;3321;206;0;
20195;2024.11.28 08:15;-28;-4.25;-200;-200;3321;206;0;
20196;2024.11.28 08:30;-28;-4.25;-200;-200;3321;206;0;
20197;2024.11.28 08:45;-28;-4.5;-200;-200;3321;206;0;
20198;2024.11.28 09:00;-28;-4.6875;-200;-200;3321;206;0;
20199;2024.11.28 09:15;-28;-4.875;-200;-200;3321;206;0;
20200;2024.11.28 09:30;-28;-5;-200;-200;3321;206;0;
20201;2024.11.28 09:45;-28;-5.1875;-200;-200;3321;206;0;
20202;2024.11.28 10:00;-28;-5.375;-200;-200;3321;206;0;
20203;2024.11.28 10:15;-28;-5.5;-200;-200;3321;206;0;
20204;2024.11.28 10:30;-28;-5.6875;-200;-200;3321;206;0;
20205;2024.11.28 10:45;-28;-5.625;-200;-200;3321;206;0;
20206;2024.11.28 11:00;-28;-5.6875;-200;-200;3321;206;0;
20207;2024.11.28 11:15;-28;-5.875;-200;-200;3321;206;0;
20208;2024.11.28 11:30;-28;-6.125;-200;-200;3321;206;0;
20209;2024.11.28 11:45;-28;-6.0625;-200;-200;3321;206;0;
20210;2024.11.28 12:00;-28;-6;-200;-200;3321;206;0;
20211;2024.11.28 12:15;-28;-6.125;-200;-200;3321;206;0;
20212;2024.11.28 12:30;-28;-6.25;-200;-200;3321;206;0;
20213;2024.11.28 12:45;-28;-6.25;-200;-200;3321;206;0;
20214;2024.11.28 13:00;-28;-6.375;-200;-200;3321;206;0;
20215;2024.11.28 13:15;-28;-6.875;-200;-200;3321;206;0;
20216;2024.11.28 13:30;-28;-7.375;-200;-200;3321;206;0;
20217;2024.11.28 13:45;-28;-7.625;-200;-200;3321;206;0;
20218;2024.11.28 14:00;-28;-7.9375;-200;-200;3321;206;0;
20219;2024.11.28 14:15;-28;-8.25;-200;-200;3321;206;0;
20220;2024.11.28 14:30;-28;-8.25;-200;-200;3321;206;0;
20221;2024.11.28 14:45;-28;-8.1875;-200;-200;3321;206;0;
20222;2024.11.28 15:00;-28;-7.375;-200;-200;3321;206;0;
20223;2024.11.28 15:15;-28;-5.5;-200;-200;3321;206;0;
20224;2024.11.28 15:30;-28;-4.25;-200;-200;3321;206;0;
20225;2024.11.28 15:45;-28;-3.75;-200;-200;3321;206;0;
20226;2024.11.28 16:00;-28;-3.5;-200;-200;3321;206;0;
20227;2024.11.28 16:15;-28;-3.125;-200;-200;3321;206;0;
20228;2024.11.28 16:30;-28;-3.125;-200;-200;3321;206;0;
20229;2024.11.28 16:45;-28;-2.5625;-200;-200;3321;206;0;
20230;2024.11.28 17:00;-28;-2.3125;-200;-200;3321;206;0;
20231;2024.11.28 17:15;-28;-1.75;-200;-200;3321;206;0;
20232;2024.11.28 17:30;-28;-1.625;-200;-200;3321;206;0;
20233;2024.11.28 17:45;-28;-1;-200;-200;3321;206;0;
20234;2024.11.28 18:00;-28;-0.125;-200;-200;3321;206;0;
20235;2024.11.28 18:15;-28;-0.25;-200;-200;3321;206;0;
20236;2024.11.28 18:30;-28;0.6875;-200;-200;3321;206;0;
20237;2024.11.28 18:45;-28;0.875;-200;-200;3321;206;0;
20238;2024.11.28 19:00;-28;0.5;-200;-200;3321;206;0;
20239;2024.11.28 19:15;-28;1;-200;-200;3321;206;0;
20240;2024.11.28 19:30;-28;1.4375;-200;-200;3321;206;0;
20241;2024.11.28 19:45;-28;3.1875;-200;-200;3322;206;0;
20242;2024.11.28 20:00;-28;7;-200;-200;3323;206;0;
20243;2024.11.28 20:15;-28;8.9375;-200;-200;3324;206;0;
20244;2024.11.28 20:30;-28;5.125;-200;-200;3323;206;0;
20245;2024.11.28 20:45;-28;2.875;-200;-200;3323;206;0;
20246;2024.11.28 21:00;-28;1.625;-200;-200;3322;206;0;
20247;2024.11.28 21:15;-28;1.375;-200;-200;3322;206;0;
20248;2024.11.28 21:30;-28;2.875;-200;-200;3322;206;0;
20249;2024.11.28 21:45;-28;3;-200;-200;3323;206;0;
20250;2024.11.28 22:00;-28;1.3125;-200;-200;3322;206;0;
20251;2024.11.28 22:15;-28;0.875;-200;-200;3322;206;0;
20252;2024.11.28 22:30;-28;0.75;-200;-200;3322;206;0;
20253;2024.11.28 22:45;-28;0.375;-200;-200;3322;206;0;
20254;2024.11.28 23:00;-28;0;-200;-200;3322;206;0;
20255;2024.11.28 23:15;-28;-0.0625;-200;-200;3322;206;0;
20256;2024.11.28 23:30;-28;-0.75;-200;-200;3322;206;0;
20257;2024.11.28 23:45;-28;-1.75;-200;-200;3322;206;0;
20258;2024.11.29 00:00;-28;-2.3125;-200;-200;3322;206;0;
20259;2024.11.29 00:15;-28;-2.8125;-200;-200;3322;206;0;
20260;2024.11.29 00:30;-28;-3.25;-200;-200;3321;206;0;
20261;2024.11.29 00:45;-28;-3.625;-200;-200;3321;206;0;
20262;2024.11.29 01:00;-28;-4.125;-200;-200;3321;206;0;
20263;2024.11.29 01:15;-28;-4.375;-200;-200;3321;206;0;
20264;2024.11.29 01:30;-28;-4.5625;-200;-200;3321;206;0;
20265;2024.11.29 01:45;-28;-4.625;-200;-200;3321;206;0;
20266;2024.11.29 02:00;-28;-5;-200;-200;3321;206;0;
20267;2024.11.29 02:15;-28;-5.125;-200;-200;3321;206;0;
20268;2024.11.29 02:30;-28;-5.125;-200;-200;3321;206;0;
20269;2024.11.29 02:45;-28;-5.125;-200;-200;3321;206;0;
20270;2024.11.29 03:00;-28;-6.3125;-200;-200;3321;206;0;
20271;2024.11.29 03:15;-28;-6.4375;-200;-200;3321;206;0;
20272;2024.11.29 03:30;-28;-6.875;-200;-200;3321;206;0;
20273;2024.11.29 03:45;-28;-7.375;-200;-200;3321;206;0;
20274;2024.11.29 04:00;-28;-7.375;-200;-200;3321;206;0;
20275;2024.11.29 04:15;-28;-7.25;-200;-200;3321;206;0;
20276;2024.11.29 04:30;-28;-7.5;-200;-200;3321;206;0;
20277;2024.11.29 04:45;-28;-8;-200;-200;3321;206;0;
20278;2024.11.29 05:00;-28;-8.125;-200;-200;3321;206;0;
20279;2024.11.29 05:15;-28;-8.25;-200;-200;3321;206;0;
20280;2024.11.29 05:30;-28;-8.375;-200;-200;3321;206;0;
20281;2024.11.29 05:45;-28;-8.125;-200;-200;3321;206;0;
20282;2024.11.29 06:00;-28;-8.375;-200;-200;3321;206;0;
20283;2024.11.29 06:15;-28;-8.5625;-200;-200;3321;206;0;
20284;2024.11.29 06:30;-28;-8.625;-200;-200;3321;206;0;
20285;2024.11.29 06:45;-28;-8.875;-200;-200;3321;206;0;
20286;2024.11.29 07:00;-28;-9;-200;-200;3321;206;0;
20287;2024.11.29 07:15;-28;-8.8125;-200;-200;3321;206;0;
20288;2024.11.29 07:30;-28;-9;-200;-200;3321;206;0;
20289;2024.11.29 07:45;-28;-8.875;-200;-200;3321;206;0;
20290;2024.11.29 08:00;-28;-8.625;-200;-200;3321;206;0;
20291;2024.11.29 08:15;-28;-8.75;-200;-200;3321;206;0;
20292;2024.11.29 08:30;-28;-8.875;-200;-200;3321;206;0;
20293;2024.11.29 08:45;-28;-8.875;-200;-200;3321;206;0;
20294;2024.11.29 09:00;-28;-9.0625;-200;-200;3321;206;0;
20295;2024.11.29 09:15;-28;-9.1875;-200;-200;3321;206;0;
20296;2024.11.29 09:30;-28;-9.4375;-200;-200;3321;206;0;
20297;2024.11.29 09:45;-28;-9.5;-200;-200;3321;206;0;
20298;2024.11.29 10:00;-28;-9.5625;-200;-200;3321;206;0;
20299;2024.11.29 10:15;-28;-9.625;-200;-200;3321;206;0;
20300;2024.11.29 10:30;-28;-9.625;-200;-200;3321;206;0;
20301;2024.11.29 10:45;-28;-9.75;-200;-200;3321;206;0;
20302;2024.11.29 11:00;-28;-9.875;-200;-200;3321;206;0;
20303;2024.11.29 11:15;-28;-10;-200;-200;3321;206;0;
20304;2024.11.29 11:30;-28;-10;-200;-200;3321;206;0;
20305;2024.11.29 11:45;-28;-10;-200;-200;3321;206;0;
20306;2024.11.29 12:00;-28;-10;-200;-200;3321;206;0;
20307;2024.11.29 12:15;-28;-10;-200;-200;3321;206;0;
20308;2024.11.29 12:30;-28;-10.125;-200;-200;3321;206;0;
20309;2024.11.29 12:45;-28;-10.25;-200;-200;3321;206;0;
20310;2024.11.29 13:00;-28;-10.125;-200;-200;3321;206;0;
20311;2024.11.29 13:15;-28;-10.375;-200;-200;3321;206;0;
20312;2024.11.29 13:30;-28;-10.5;-200;-200;3321;206;0;
20313;2024.11.29 13:45;-28;-10.625;-200;-200;3321;206;0;
20314;2024.11.29 14:00;-28;-10.625;-200;-200;3321;206;0;
20315;2024.11.29 14:15;-28;-10.6875;-200;-200;3321;206;0;
20316;2024.11.29 14:30;-28;-10.5625;-200;-200;3321;206;0;
20317;2024.11.29 14:45;-28;-9.8125;-200;-200;3321;206;0;
20318;2024.11.29 15:00;-28;-8.75;-200;-200;3321;206;0;
20319;2024.11.29 15:15;-28;-7.0625;-200;-200;3321;206;0;
20320;2024.11.29 15:30;-28;-5.1875;-200;-200;3321;206;0;
20321;2024.11.29 15:45;-28;-4.3125;-200;-200;3321;206;0;
20322;2024.11.29 16:00;-28;-3.625;-200;-200;3321;206;0;
20323;2024.11.29 16:15;-28;-2.9375;-200;-200;3321;206;0;
20324;2024.11.29 16:30;-28;-2.25;-200;-200;3321;206;0;
20325;2024.11.29 16:45;-28;-1.5625;-200;-200;3321;206;0;
20326;2024.11.29 17:00;-28;-0.5;-200;-200;3321;206;0;
20327;2024.11.29 17:15;-28;0.5;-200;-200;3321;206;0;
20328;2024.11.29 17:30;-28;1;-200;-200;3321;206;0;
20329;2024.11.29 17:45;-28;1;-200;-200;3321;206;0;
20330;2024.11.29 18:00;-28;1.6875;-200;-200;3321;206;0;
20331;2024.11.29 18:15;-28;1.6875;-200;-200;3321;206;0;
20332;2024.11.29 18:30;-28;1.875;-200;-200;3321;206;0;
20333;2024.11.29 18:45;-28;1.6875;-200;-200;3321;206;0;
20334;2024.11.29 19:00;-28;1.75;-200;-200;3321;206;0;
20335;2024.11.29 19:15;-28;2.25;-200;-200;3321;206;0;
20336;2024.11.29 19:30;-28;2.5;-200;-200;3321;206;0;
20337;2024.11.29 19:45;-28;3.625;-200;-200;3322;206;0;
20338;2024.11.29 20:00;-28;5.3125;-200;-200;3322;206;0;
20339;2024.11.29 20:15;-28;6.3125;-200;-200;3323;206;0;
20340;2024.11.29 20:30;-28;4.125;-200;-200;3323;206;0;
20341;2024.11.29 20:45;-28;3.25;-200;-200;3323;206;0;
20342;2024.11.29 21:00;-28;2.5;-200;-200;3322;206;0;
20343;2024.11.29 21:15;-28;2.375;-200;-200;3322;206;0;
20344;2024.11.29 21:30;-28;3.3125;-200;-200;3322;206;0;
20345;2024.11.29 21:45;-28;3.0625;-200;-200;3322;206;0;
20346;2024.11.29 22:00;-28;2.25;-200;-200;3322;206;0;
20347;2024.11.29 22:15;-28;1.875;-200;-200;3322;206;0;
20348;2024.11.29 22:30;-28;1.75;-200;-200;3322;206;0;
20349;2024.11.29 22:45;-28;1.375;-200;-200;3322;206;0;
20350;2024.11.29 23:00;-28;0.875;-200;-200;3322;206;0;
20351;2024.11.29 23:15;-28;0.6875;-200;-200;3322;206;0;
20352;2024.11.29 23:30;-28;-0.625;-200;-200;3322;206;0;
20353;2024.11.29 23:45;-28;-1.9375;-200;-200;3322;206;0;
20354;2024.11.30 00:00;-28;-2.875;-200;-200;3322;206;0;
20355;2024.11.30 00:15;-28;-3.375;-200;-200;3322;206;0;
20356;2024.11.30 00:30;-28;-4;-200;-200;3322;206;0;
20357;2024.11.30 00:45;-28;-4.5;-200;-200;3321;206;0;
20358;2024.11.30 01:00;-28;-4.9375;-200;-200;3321;206;0;
20359;2024.11.30 01:15;-28;-5.125;-200;-200;3321;206;0;
20360;2024.11.30 01:30;-28;-5.5;-200;-200;3321;206;0;
20361;2024.11.30 01:45;-28;-6;-200;-200;3321;206;0;
20362;2024.11.30 02:00;-28;-5.875;-200;-200;3321;206;0;
20363;2024.11.30 02:15;-28;-6.5625;-200;-200;3321;206;0;
20364;2024.11.30 02:30;-28;-7;-200;-200;3321;206;0;
20365;2024.11.30 02:45;-28;-7.125;-200;-200;3321;206;0;
20366;2024.11.30 03:00;-28;-7.375;-200;-200;3321;206;0;
20367;2024.11.30 03:15;-28;-7.125;-200;-200;3321;206;0;
20368;2024.11.30 03:30;-28;-7.125;-200;-200;3321;206;0;
20369;2024.11.30 03:45;-28;-6.875;-200;-200;3321;206;0;
20370;2024.11.30 04:00;-28;-7.25;-200;-200;3321;206;0;
20371;2024.11.30 04:15;-28;-6.75;-200;-200;3321;206;0;
20372;2024.11.30 04:30;-28;-6;-200;-200;3321;206;0;
20373;2024.11.30 04:45;-28;-5.375;-200;-200;3321;206;0;
20374;2024.11.30 05:00;-28;-5.625;-200;-200;3321;206;0;
20375;2024.11.30 05:15;-28;-5.375;-200;-200;3321;206;0;
20376;2024.11.30 05:30;-28;-4.9375;-200;-200;3321;206;0;
20377;2024.11.30 05:45;-28;-5.5;-200;-200;3321;206;0;
20378;2024.11.30 06:00;-28;-5.75;-200;-200;3322;206;0;
20379;2024.11.30 06:15;-28;-6.375;-200;-200;3321;206;0;
20380;2024.11.30 06:30;-28;-6.375;-200;-200;3321;206;0;
20381;2024.11.30 06:45;-28;-6.375;-200;-200;3321;206;0;
20382;2024.11.30 07:00;-28;-5.625;-200;-200;3322;206;0;
20383;2024.11.30 07:15;-28;-5.25;-200;-200;3321;206;0;
20384;2024.11.30 07:30;-28;-5.125;-200;-200;3321;206;0;
20385;2024.11.30 07:45;-28;-5.375;-200;-200;3322;206;0;
20386;2024.11.30 08:00;-28;-5.5;-200;-200;3321;206;0;
20387;2024.11.30 08:15;-28;-5.5;-200;-200;3321;206;0;
20388;2024.11.30 08:30;-28;-5.875;-200;-200;3322;206;0;
20389;2024.11.30 08:45;-28;-6.375;-200;-200;3322;206;0;
20390;2024.11.30 09:00;-28;-6;-200;-200;3322;206;0;
20391;2024.11.30 09:15;-28;-5.625;-200;-200;3322;206;0;
20392;2024.11.30 09:30;-28;-5.375;-200;-200;3322;206;0;
20393;2024.11.30 09:45;-28;-5.3125;-200;-200;3322;206;0;
20394;2024.11.30 10:00;-28;-5;-200;-200;3322;206;0;
20395;2024.11.30 10:15;-28;-4.9375;-200;-200;3322;206;0;
20396;2024.11.30 10:30;-28;-4.875;-200;-200;3322;206;0;
20397;2024.11.30 10:45;-28;-4.6875;-200;-200;3322;206;0;
20398;2024.11.30 11:00;-28;-4.125;-200;-200;3322;206;0;
20399;2024.11.30 11:15;-28;-4.125;-200;-200;3322;206;0;
20400;2024.11.30 11:30;-28;-4;-200;-200;3322;206;0;
20401;2024.11.30 11:45;-28;-3.5;-200;-200;3322;206;0;
20402;2024.11.30 12:00;-28;-3.25;-200;-200;3322;206;0;
20403;2024.11.30 12:15;-28;-3.5625;-200;-200;3322;206;0;
20404;2024.11.30 12:30;-28;-3.4375;-200;-200;3322;206;0;
20405;2024.11.30 12:45;-28;-3.5;-200;-200;3322;206;0;
20406;2024.11.30 13:00;-28;-3.5;-200;-200;3322;206;0;
20407;2024.11.30 13:15;-28;-3.625;-200;-200;3322;206;0;
20408;2024.11.30 13:30;-28;-3.625;-200;-200;3322;206;0;
20409;2024.11.30 13:45;-28;-3.375;-200;-200;3322;206;0;
20410;2024.11.30 14:00;-28;-3.25;-200;-200;3322;206;0;
20411;2024.11.30 14:15;-28;-3.5;-200;-200;3322;206;0;
20412;2024.11.30 14:30;-28;-3.625;-200;-200;3322;206;0;
20413;2024.11.30 14:45;-28;-2.6875;-200;-200;3322;206;0;
20414;2024.11.30 15:00;-28;-2.375;-200;-200;3322;206;0;
20415;2024.11.30 15:15;-28;-1.5;-200;-200;3322;206;0;
20416;2024.11.30 15:30;-28;-0.75;-200;-200;3322;206;0;
20417;2024.11.30 15:45;-28;-0.125;-200;-200;3322;206;0;
20418;2024.11.30 16:00;-28;0.375;-200;-200;3322;206;0;
20419;2024.11.30 16:15;-28;1.125;-200;-200;3322;206;0;
20420;2024.11.30 16:30;-28;1.75;-200;-200;3323;206;0;
20421;2024.11.30 16:45;-28;2.375;-200;-200;3323;206;0;
20422;2024.11.30 17:00;-28;3.4375;-200;-200;3323;206;0;
20423;2024.11.30 17:15;-28;4.375;-200;-200;3323;206;0;
20424;2024.11.30 17:30;-28;4.6875;-200;-200;3323;206;0;
20425;2024.11.30 17:45;-28;5.125;-200;-200;3323;206;0;
20426;2024.11.30 18:00;-28;5.75;-200;-200;3323;206;0;
20427;2024.11.30 18:15;-28;5.625;-200;-200;3323;206;0;
20428;2024.11.30 18:30;-28;6.3125;-200;-200;3323;206;0;
20429;2024.11.30 18:45;-28;6.5;-200;-200;3323;206;0;
20430;2024.11.30 19:00;-28;6.375;-200;-200;3323;206;0;
20431;2024.11.30 19:15;-28;6.4375;-200;-200;3323;206;0;
20432;2024.11.30 19:30;-28;7.125;-200;-200;3323;206;0;
20433;2024.11.30 19:45;-28;8.9375;-200;-200;3324;206;0;
20434;2024.11.30 20:00;-28;12;-200;-200;3325;206;0;
20435;2024.11.30 20:15;-28;11.5625;-200;-200;3325;206;0;
20436;2024.11.30 20:30;-28;9.4375;-200;-200;3324;206;0;
20437;2024.11.30 20:45;-28;8.25;-200;-200;3324;206;0;
20438;2024.11.30 21:00;-28;7.25;-200;-200;3324;206;0;
20439;2024.11.30 21:15;-28;6.375;-200;-200;3324;206;0;
20440;2024.11.30 21:30;-28;6.875;-200;-200;3324;206;0;
20441;2024.11.30 21:45;-28;7.125;-200;-200;3324;206;0;
20442;2024.11.30 22:00;-28;5.625;-200;-200;3323;206;0;
20443;2024.11.30 22:15;-28;5;-200;-200;3323;206;0;
20444;2024.11.30 22:30;-28;4.8125;-200;-200;3323;206;0;
20445;2024.11.30 22:45;-28;4.625;-200;-200;3323;206;0;
20446;2024.11.30 23:00;-28;3.5;-200;-200;3323;206;0;
20447;2024.11.30 23:15;-28;2.625;-200;-200;3323;206;0;
20448;2024.11.30 23:30;-28;1.9375;-200;-200;3323;206;0;
20449;2024.11.30 23:45;-28;1.0625;-200;-200;3323;206;0;
20450;2024.12.01 00:00;-28;0.125;-200;-200;3323;206;0;
20451;2024.12.01 00:15;-28;-0.8125;-200;-200;3323;206;0;
20452;2024.12.01 00:30;-28;-1.75;-200;-200;3322;206;0;
20453;2024.12.01 00:45;-28;-2.25;-200;-200;3322;206;0;
20454;2024.12.01 01:00;-28;-2.25;-200;-200;3322;206;0;
20455;2024.12.01 01:15;-28;-2.625;-200;-200;3322;206;0;
20456;2024.12.01 01:30;-28;-2.75;-200;-200;3322;206;0;
20457;2024.12.01 01:45;-28;-2.5625;-200;-200;3322;206;0;
20458;2024.12.01 02:00;-28;-1.6875;-200;-200;3322;206;0;
20459;2024.12.01 02:15;-28;-1.4375;-200;-200;3322;206;0;
20460;2024.12.01 02:30;-28;-0.875;-200;-200;3322;206;0;
20461;2024.12.01 02:45;-28;-1.1875;-200;-200;3322;206;0;
20462;2024.12.01 03:00;-28;-2.375;-200;-200;3322;206;0;
20463;2024.12.01 03:15;-28;-2.8125;-200;-200;3322;206;0;
20464;2024.12.01 03:30;-28;-3.375;-200;-200;3322;206;0;
20465;2024.12.01 03:45;-28;-3.75;-200;-200;3322;206;0;
20466;2024.12.01 04:00;-28;-4;-200;-200;3322;206;0;
20467;2024.12.01 04:15;-28;-4.3125;-200;-200;3322;206;0;
20468;2024.12.01 04:30;-28;-3.375;-200;-200;3322;206;0;
20469;2024.12.01 04:45;-28;-4.25;-200;-200;3322;206;0;
20470;2024.12.01 05:00;-28;-4.375;-200;-200;3322;206;0;
20471;2024.12.01 05:15;-28;-4.25;-200;-200;3322;206;0;
20472;2024.12.01 05:30;-28;-4.0625;-200;-200;3322;206;0;
20473;2024.12.01 05:45;-28;-3.25;-200;-200;3322;206;0;
20474;2024.12.01 06:00;-28;-3;-200;-200;3322;206;0;
20475;2024.12.01 06:15;-28;-2.125;-200;-200;3322;206;0;
20476;2024.12.01 06:30;-28;-1.8125;-200;-200;3322;206;0;
20477;2024.12.01 06:45;-28;-1.375;-200;-200;3322;206;0;
20478;2024.12.01 07:00;-28;-1.9375;-200;-200;3322;206;0;
20479;2024.12.01 07:15;-28;-2.1875;-200;-200;3322;206;0;
20480;2024.12.01 07:30;-28;-2;-200;-200;3322;206;0;
20481;2024.12.01 07:45;-28;-2;-200;-200;3322;206;0;
20482;2024.12.01 08:00;-28;-2.6875;-200;-200;3322;206;0;
20483;2024.12.01 08:15;-28;-3.3125;-200;-200;3322;206;0;
20484;2024.12.01 08:30;-28;-2.9375;-200;-200;3322;206;0;
20485;2024.12.01 08:45;-28;-2.5625;-200;-200;3322;206;0;
20486;2024.12.01 09:00;-28;-3;-200;-200;3322;206;0;
20487;2024.12.01 09:15;-28;-3.5625;-200;-200;3322;206;0;
20488;2024.12.01 09:30;-28;-4.125;-200;-200;3322;206;0;
20489;2024.12.01 09:45;-28;-4.4375;-200;-200;3322;206;0;
20490;2024.12.01 10:00;-28;-4.625;-200;-200;3322;206;0;
20491;2024.12.01 10:15;-28;-4.9375;-200;-200;3322;206;0;
20492;2024.12.01 10:30;-28;-5.0625;-200;-200;3322;206;0;
20493;2024.12.01 10:45;-28;-4.875;-200;-200;3322;206;0;
20494;2024.12.01 11:00;-28;-4.25;-200;-200;3322;206;0;
20495;2024.12.01 11:15;-28;-3.3125;-200;-200;3322;206;0;
20496;2024.12.01 11:30;-28;-2.6875;-200;-200;3322;206;0;
20497;2024.12.01 11:45;-28;-2.375;-200;-200;3322;206;0;
20498;2024.12.01 12:00;-28;-2.625;-200;-200;3322;206;0;
20499;2024.12.01 12:15;-28;-2.75;-200;-200;3322;206;0;
20500;2024.12.01 12:30;-28;-3.375;-200;-200;3322;206;0;
20501;2024.12.01 12:45;-28;-3.25;-200;-200;3322;206;0;
20502;2024.12.01 13:00;-28;-3;-200;-200;3322;206;0;
20503;2024.12.01 13:15;-28;-3.75;-200;-200;3322;206;0;
20504;2024.12.01 13:30;-28;-4;-200;-200;3322;206;0;
20505;2024.12.01 13:45;-28;-4.125;-200;-200;3322;206;0;
20506;2024.12.01 14:00;-28;-4.25;-200;-200;3322;206;0;
20507;2024.12.01 14:15;-28;-4.3125;-200;-200;3322;206;0;
20508;2024.12.01 14:30;-28;-3.875;-200;-200;3322;206;0;
20509;2024.12.01 14:45;-28;-3;-200;-200;3322;206;0;
20510;2024.12.01 15:00;-28;-1.3125;-200;-200;3322;206;0;
20511;2024.12.01 15:15;-28;-0.125;-200;-200;3322;206;0;
20512;2024.12.01 15:30;-28;1.4375;-200;-200;3322;206;0;
20513;2024.12.01 15:45;-28;2.875;-200;-200;3322;206;0;
20514;2024.12.01 16:00;-28;4;-200;-200;3322;206;0;
20515;2024.12.01 16:15;-28;5;-200;-200;3323;206;0;
20516;2024.12.01 16:30;-28;5.375;-200;-200;3323;206;0;
20517;2024.12.01 16:45;-28;5.5625;-200;-200;3323;206;0;
20518;2024.12.01 17:00;-28;6.375;-200;-200;3323;206;0;
20519;2024.12.01 17:15;-28;6.8125;-200;-200;3323;206;0;
20520;2024.12.01 17:30;-28;6.875;-200;-200;3323;206;0;
20521;2024.12.01 17:45;-28;7.5;-200;-200;3323;206;0;
20522;2024.12.01 18:00;-28;8.375;-200;-200;3323;206;0;
20523;2024.12.01 18:15;-28;8;-200;-200;3323;206;0;
20524;2024.12.01 18:30;-28;8.5;-200;-200;3323;206;0;
20525;2024.12.01 18:45;-28;8.5;-200;-200;3323;206;0;
20526;2024.12.01 19:00;-28;8.375;-200;-200;3323;206;0;
20527;2024.12.01 19:15;-28;8.0625;-200;-200;3323;206;0;
20528;2024.12.01 19:30;-28;8.625;-200;-200;3323;206;0;
20529;2024.12.01 19:45;-28;10.4375;-200;-200;3324;206;0;
20530;2024.12.01 20:00;-28;13.875;-200;-200;3325;206;0;
20531;2024.12.01 20:15;-28;15.25;-200;-200;3325;206;0;
20532;2024.12.01 20:30;-28;13.125;-200;-200;3325;206;0;
20533;2024.12.01 20:45;-28;10.75;-200;-200;3324;206;0;
20534;2024.12.01 21:00;-28;9.125;-200;-200;3324;206;0;
20535;2024.12.01 21:15;-28;8;-200;-200;3323;206;0;
20536;2024.12.01 21:30;-28;8.25;-200;-200;3323;206;0;
20537;2024.12.01 21:45;-28;8.375;-200;-200;3323;206;0;
20538;2024.12.01 22:00;-28;7;-200;-200;3323;206;0;
20539;2024.12.01 22:15;-28;6.5625;-200;-200;3323;206;0;
20540;2024.12.01 22:30;-28;6.25;-200;-200;3323;206;0;
20541;2024.12.01 22:45;-28;5.875;-200;-200;3323;206;0;
20542;2024.12.01 23:00;-28;4.9375;-200;-200;3322;206;0;
20543;2024.12.01 23:15;-28;3.5625;-200;-200;3322;206;0;
20544;2024.12.01 23:30;-28;2.75;-200;-200;3322;206;0;
20545;2024.12.01 23:45;-28;1.375;-200;-200;3322;206;0;
20546;2024.12.02 00:00;-28;0.9375;-200;-200;3322;206;0;
20547;2024.12.02 00:15;-28;0.5;-200;-200;3322;206;0;
20548;2024.12.02 00:30;-28;1.125;-200;-200;3322;206;0;
20549;2024.12.02 00:45;-28;0.125;-200;-200;3322;206;0;
20550;2024.12.02 01:00;-28;0.5;-200;-200;3321;206;0;
20551;2024.12.02 01:15;-28;0.75;-200;-200;3322;206;0;
20552;2024.12.02 01:30;-28;0;-200;-200;3321;206;0;
20553;2024.12.02 01:45;-28;-0.6875;-200;-200;3321;206;0;
20554;2024.12.02 02:00;-28;-0.9375;-200;-200;3321;206;0;
20555;2024.12.02 02:15;-28;-0.5;-200;-200;3321;206;0;
20556;2024.12.02 02:30;-28;-0.25;-200;-200;3321;206;0;
20557;2024.12.02 02:45;-28;0.375;-200;-200;3321;206;0;
20558;2024.12.02 03:00;-28;-0.5625;-200;-200;3321;206;0;
20559;2024.12.02 03:15;-28;-1.3125;-200;-200;3321;206;0;
20560;2024.12.02 03:30;-28;-1.75;-200;-200;3321;206;0;
20561;2024.12.02 03:45;-28;-1.9375;-200;-200;3321;206;0;
20562;2024.12.02 04:00;-28;-2.125;-200;-200;3321;206;0;
20563;2024.12.02 04:15;-28;-2.0625;-200;-200;3321;206;0;
20564;2024.12.02 04:30;-28;-2.25;-200;-200;3321;206;0;
20565;2024.12.02 04:45;-28;-2.5;-200;-200;3321;206;0;
20566;2024.12.02 05:00;-28;-2.25;-200;-200;3321;206;0;
20567;2024.12.02 05:15;-28;-2.5;-200;-200;3321;206;0;
20568;2024.12.02 05:30;-28;-2.625;-200;-200;3321;206;0;
20569;2024.12.02 05:45;-28;-2.3125;-200;-200;3321;206;0;
20570;2024.12.02 06:00;-28;-2.1875;-200;-200;3321;206;0;
20571;2024.12.02 06:15;-28;-2.75;-200;-200;3321;206;0;
20572;2024.12.02 06:30;-28;-3;-200;-200;3321;206;0;
20573;2024.12.02 06:45;-28;-3.25;-200;-200;3321;206;0;
20574;2024.12.02 07:00;-28;-3.125;-200;-200;3321;206;0;
20575;2024.12.02 07:15;-28;-3.5625;-200;-200;3321;206;0;
20576;2024.12.02 07:30;-28;-3.6875;-200;-200;3321;206;0;
20577;2024.12.02 07:45;-28;-3.875;-200;-200;3321;206;0;
20578;2024.12.02 08:00;-28;-4;-200;-200;3321;206;0;
20579;2024.12.02 08:15;-28;-4.125;-200;-200;3321;206;0;
20580;2024.12.02 08:30;-28;-3.625;-200;-200;3321;206;0;
20581;2024.12.02 08:45;-28;-4.125;-200;-200;3321;206;0;
20582;2024.12.02 09:00;-28;-4.0625;-200;-200;3321;206;0;
20583;2024.12.02 09:15;-28;-4.3125;-200;-200;3321;206;0;
20584;2024.12.02 09:30;-28;-4.25;-200;-200;3321;206;0;
20585;2024.12.02 09:45;-28;-4.125;-200;-200;3321;206;0;
20586;2024.12.02 10:00;-28;-4.1875;-200;-200;3321;206;0;
20587;2024.12.02 10:15;-28;-4.5;-200;-200;3321;206;0;
20588;2024.12.02 10:30;-28;-4.625;-200;-200;3321;206;0;
20589;2024.12.02 10:45;-28;-4.6875;-200;-200;3320;206;0;
20590;2024.12.02 11:00;-28;-4.6875;-200;-200;3321;206;0;
20591;2024.12.02 11:15;-28;-4.625;-200;-200;3321;206;0;
20592;2024.12.02 11:30;-28;-4.625;-200;-200;3321;206;0;
20593;2024.12.02 11:45;-28;-4.375;-200;-200;3321;206;0;
20594;2024.12.02 12:00;-28;-4.4375;-200;-200;3321;206;0;
20595;2024.12.02 12:15;-28;-4.5;-200;-200;3321;206;0;
20596;2024.12.02 12:30;-28;-4.625;-200;-200;3321;206;0;
20597;2024.12.02 12:45;-28;-4.75;-200;-200;3321;206;0;
20598;2024.12.02 13:00;-28;-4.5;-200;-200;3320;206;0;
20599;2024.12.02 13:15;-28;-4.5;-200;-200;3321;206;0;
20600;2024.12.02 13:30;-28;-4.625;-200;-200;3321;206;0;
20601;2024.12.02 13:45;-28;-4.8125;-200;-200;3321;206;0;
20602;2024.12.02 14:00;-28;-4.875;-200;-200;3321;206;0;
20603;2024.12.02 14:15;-28;-4.6875;-200;-200;3321;206;0;
20604;2024.12.02 14:30;-28;-4.625;-200;-200;3321;206;0;
20605;2024.12.02 14:45;-28;-3.625;-200;-200;3321;206;0;
20606;2024.12.02 15:00;-28;-2.875;-200;-200;3321;206;0;
20607;2024.12.02 15:15;-28;-1.75;-200;-200;3321;206;0;
20608;2024.12.02 15:30;-28;-0.4375;-200;-200;3321;206;0;
20609;2024.12.02 15:45;-28;0.75;-200;-200;3321;206;0;
20610;2024.12.02 16:00;-28;2.75;-200;-200;3321;206;0;
20611;2024.12.02 16:15;-28;3.625;-200;-200;3321;206;0;
20612;2024.12.02 16:30;-28;4.4375;-200;-200;3321;206;0;
20613;2024.12.02 16:45;-28;4.9375;-200;-200;3321;206;0;
20614;2024.12.02 17:00;-28;5.625;-200;-200;3321;206;0;
20615;2024.12.02 17:15;-28;5.8125;-200;-200;3321;206;0;
20616;2024.12.02 17:30;-28;6.25;-200;-200;3321;206;0;
20617;2024.12.02 17:45;-28;6.5625;-200;-200;3321;206;0;
20618;2024.12.02 18:00;-28;7.375;-200;-200;3321;206;0;
20619;2024.12.02 18:15;-28;7.25;-200;-200;3321;206;0;
20620;2024.12.02 18:30;-28;7.875;-200;-200;3321;206;0;
20621;2024.12.02 18:45;-28;8.375;-200;-200;3322;206;0;
20622;2024.12.02 19:00;-28;8.1875;-200;-200;3322;206;0;
20623;2024.12.02 19:15;-28;7.875;-200;-200;3322;206;0;
20624;2024.12.02 19:30;-28;7.875;-200;-200;3322;206;0;
20625;2024.12.02 19:45;-28;9.0625;-200;-200;3322;206;0;
20626;2024.12.02 20:00;-28;11.75;-200;-200;3323;206;0;
20627;2024.12.02 20:15;-28;13.375;-200;-200;3324;206;0;
20628;2024.12.02 20:30;-28;11.375;-200;-200;3323;206;0;
20629;2024.12.02 20:45;-28;9.25;-200;-200;3323;206;0;
20630;2024.12.02 21:00;-28;8;-200;-200;3322;206;0;
20631;2024.12.02 21:15;-28;7.25;-200;-200;3322;206;0;
20632;2024.12.02 21:30;-28;7.8125;-200;-200;3322;206;0;
20633;2024.12.02 21:45;-28;8.1875;-200;-200;3322;206;0;
20634;2024.12.02 22:00;-28;7.25;-200;-200;3322;206;0;
20635;2024.12.02 22:15;-28;6.4375;-200;-200;3322;206;0;
20636;2024.12.02 22:30;-28;6.125;-200;-200;3321;206;0;
20637;2024.12.02 22:45;-28;5.75;-200;-200;3321;206;0;
20638;2024.12.02 23:00;-28;5.125;-200;-200;3321;206;0;
20639;2024.12.02 23:15;-28;4.375;-200;-200;3321;206;0;
20640;2024.12.02 23:30;-28;3.125;-200;-200;3321;206;0;
20641;2024.12.02 23:45;-28;2;-200;-200;3321;206;0;
20642;2024.12.03 00:00;-28;1.25;-200;-200;3321;206;0;
20643;2024.12.03 00:15;-28;0.5625;-200;-200;3320;206;0;
20644;2024.12.03 00:30;-28;0;-200;-200;3320;206;0;
20645;2024.12.03 00:45;-28;-0.75;-200;-200;3320;206;0;
20646;2024.12.03 01:00;-28;-1.0625;-200;-200;3320;206;0;
20647;2024.12.03 01:15;-28;-1.5;-200;-200;3320;206;0;
20648;2024.12.03 01:30;-28;-1.6875;-200;-200;3320;206;0;
20649;2024.12.03 01:45;-28;-1.875;-200;-200;3320;206;0;
20650;2024.12.03 02:00;-28;-2;-200;-200;3320;206;0;
20651;2024.12.03 02:15;-28;-2.25;-200;-200;3320;206;0;
20652;2024.12.03 02:30;-28;-2.375;-200;-200;3320;206;0;
20653;2024.12.03 02:45;-28;-2.375;-200;-200;3320;206;0;
20654;2024.12.03 03:00;-28;-2.5625;-200;-200;3320;206;0;
20655;2024.12.03 03:15;-28;-2.625;-200;-200;3320;206;0;
20656;2024.12.03 03:30;-28;-2.6875;-200;-200;3320;206;0;
20657;2024.12.03 03:45;-28;-2.8125;-200;-200;3320;206;0;
20658;2024.12.03 04:00;-28;-2.875;-200;-200;3320;206;0;
20659;2024.12.03 04:15;-28;-3;-200;-200;3320;206;0;
20660;2024.12.03 04:30;-28;-3;-200;-200;3320;206;0;
20661;2024.12.03 04:45;-28;-3.125;-200;-200;3320;206;0;
20662;2024.12.03 05:00;-28;-2.875;-200;-200;3320;206;0;
20663;2024.12.03 05:15;-28;-2.625;-200;-200;3320;206;0;
20664;2024.12.03 05:30;-28;-2.875;-200;-200;3320;206;0;
20665;2024.12.03 05:45;-28;-2.9375;-200;-200;3320;206;0;
20666;2024.12.03 06:00;-28;-3;-200;-200;3320;206;0;
20667;2024.12.03 06:15;-28;-3.25;-200;-200;3320;206;0;
20668;2024.12.03 06:30;-28;-2.9375;-200;-200;3320;206;0;
20669;2024.12.03 06:45;-28;-3.125;-200;-200;3320;206;0;
20670;2024.12.03 07:00;-28;-3.25;-200;-200;3320;206;0;
20671;2024.12.03 07:15;-28;-3.4375;-200;-200;3320;206;0;
20672;2024.12.03 07:30;-28;-3.625;-200;-200;3320;206;0;
20673;2024.12.03 07:45;-28;-2.75;-200;-200;3320;206;0;
20674;2024.12.03 08:00;-28;-3.125;-200;-200;3320;206;0;
20675;2024.12.03 08:15;-28;-3.375;-200;-200;3320;206;0;
20676;2024.12.03 08:30;-28;-3.375;-200;-200;3320;206;0;
20677;2024.12.03 08:45;-28;-3.25;-200;-200;3320;206;0;
20678;2024.12.03 09:00;-28;-3.4375;-200;-200;3320;206;0;
20679;2024.12.03 09:15;-28;-3.25;-200;-200;3320;206;0;
20680;2024.12.03 09:30;-28;-3.1875;-200;-200;3320;206;0;
20681;2024.12.03 09:45;-28;-3.25;-200;-200;3320;206;0;
20682;2024.12.03 10:00;-28;-3.125;-200;-200;3320;206;0;
20683;2024.12.03 10:15;-28;-3.25;-200;-200;3320;206;0;
20684;2024.12.03 10:30;-28;-3.25;-200;-200;3320;206;0;
20685;2024.12.03 10:45;-28;-3.25;-200;-200;3320;206;0;
20686;2024.12.03 11:00;-28;-3.3125;-200;-200;3320;206;0;
20687;2024.12.03 11:15;-28;-3.25;-200;-200;3320;206;0;
20688;2024.12.03 11:30;-28;-3.1875;-200;-200;3320;206;0;
20689;2024.12.03 11:45;-28;-2.875;-200;-200;3320;206;0;
20690;2024.12.03 12:00;-28;-3.375;-200;-200;3320;206;0;
20691;2024.12.03 12:15;-28;-3.375;-200;-200;3320;206;0;
20692;2024.12.03 12:30;-28;-3.1875;-200;-200;3320;206;0;
20693;2024.12.03 12:45;-28;-3.375;-200;-200;3320;206;0;
20694;2024.12.03 13:00;-28;-2.75;-200;-200;3320;206;0;
20695;2024.12.03 13:15;-28;-2.8125;-200;-200;3320;206;0;
20696;2024.12.03 13:30;-28;-2.8125;-200;-200;3320;206;0;
20697;2024.12.03 13:45;-28;-2.875;-200;-200;3320;206;0;
20698;2024.12.03 14:00;-28;-3.5;-200;-200;3320;206;0;
20699;2024.12.03 14:15;-28;-3.375;-200;-200;3320;206;0;
20700;2024.12.03 14:30;-28;-2.875;-200;-200;3320;206;0;
20701;2024.12.03 14:45;-28;-1.875;-200;-200;3320;206;0;
20702;2024.12.03 15:00;-28;-0.75;-200;-200;3320;206;0;
20703;2024.12.03 15:15;-28;0.75;-200;-200;3320;206;0;
20704;2024.12.03 15:30;-28;2.375;-200;-200;3320;206;0;
20705;2024.12.03 15:45;-28;3;-200;-200;3320;206;0;
20706;2024.12.03 16:00;-28;3.375;-200;-200;3320;206;0;
20707;2024.12.03 16:15;-28;3.4375;-200;-200;3320;206;0;
20708;2024.12.03 16:30;-28;3.875;-200;-200;3320;206;0;
20709;2024.12.03 16:45;-28;4.5;-200;-200;3320;206;0;
20710;2024.12.03 17:00;-28;5.5;-200;-200;3320;206;0;
20711;2024.12.03 17:15;-28;5.6875;-200;-200;3320;206;0;
20712;2024.12.03 17:30;-28;5.875;-200;-200;3320;206;0;
20713;2024.12.03 17:45;-28;6.0625;-200;-200;3320;206;0;
20714;2024.12.03 18:00;-28;6.6875;-200;-200;3320;206;0;
20715;2024.12.03 18:15;-28;6.3125;-200;-200;3320;206;0;
20716;2024.12.03 18:30;-28;7.125;-200;-200;3320;206;0;
20717;2024.12.03 18:45;-28;7.4375;-200;-200;3320;206;0;
20718;2024.12.03 19:00;-28;7;-200;-200;3320;206;0;
20719;2024.12.03 19:15;-28;6.8125;-200;-200;3320;206;0;
20720;2024.12.03 19:30;-28;7;-200;-200;3320;206;0;
20721;2024.12.03 19:45;-28;8.3125;-200;-200;3321;206;0;
20722;2024.12.03 20:00;-28;11.125;-200;-200;3323;206;0;
20723;2024.12.03 20:15;-28;13.5;-200;-200;3323;206;0;
20724;2024.12.03 20:30;-28;12.375;-200;-200;3323;206;0;
20725;2024.12.03 20:45;-28;9.8125;-200;-200;3322;206;0;
20726;2024.12.03 21:00;-28;7.875;-200;-200;3321;206;0;
20727;2024.12.03 21:15;-28;7.125;-200;-200;3321;206;0;
20728;2024.12.03 21:30;-28;7.3125;-200;-200;3321;206;0;
20729;2024.12.03 21:45;-28;7.9375;-200;-200;3321;206;0;
20730;2024.12.03 22:00;-28;6.625;-200;-200;3321;206;0;
20731;2024.12.03 22:15;-28;5.875;-200;-200;3321;206;0;
20732;2024.12.03 22:30;-28;5.5;-200;-200;3321;206;0;
20733;2024.12.03 22:45;-28;5.1875;-200;-200;3320;206;0;
20734;2024.12.03 23:00;-28;4.875;-200;-200;3320;206;0;
20735;2024.12.03 23:15;-28;4.375;-200;-200;3320;206;0;
20736;2024.12.03 23:30;-28;3.625;-200;-200;3320;206;0;
20737;2024.12.03 23:45;-28;2.5;-200;-200;3320;206;0;
20738;2024.12.04 00:00;-28;1.625;-200;-200;3320;206;0;
20739;2024.12.04 00:15;-28;0.9375;-200;-200;3320;206;0;
20740;2024.12.04 00:30;-28;0.125;-200;-200;3320;206;0;
20741;2024.12.04 00:45;-28;-0.375;-200;-200;3320;206;0;
20742;2024.12.04 01:00;-28;-1;-200;-200;3320;206;0;
20743;2024.12.04 01:15;-28;-1.375;-200;-200;3319;206;0;
20744;2024.12.04 01:30;-28;-1.625;-200;-200;3319;206;0;
20745;2024.12.04 01:45;-28;-1.75;-200;-200;3319;206;0;
20746;2024.12.04 02:00;-28;-2;-200;-200;3319;206;0;
20747;2024.12.04 02:15;-28;-2.125;-200;-200;3319;206;0;
20748;2024.12.04 02:30;-28;-2.1875;-200;-200;3319;206;0;
20749;2024.12.04 02:45;-28;-2.125;-200;-200;3319;206;0;
20750;2024.12.04 03:00;-28;-2.25;-200;-200;3319;206;0;
20751;2024.12.04 03:15;-28;-2.375;-200;-200;3319;206;0;
20752;2024.12.04 03:30;-28;-2.4375;-200;-200;3319;206;0;
20753;2024.12.04 03:45;-28;-2.4375;-200;-200;3319;206;0;
20754;2024.12.04 04:00;-28;-2.5;-200;-200;3319;206;0;
20755;2024.12.04 04:15;-28;-2.625;-200;-200;3319;206;0;
20756;2024.12.04 04:30;-28;-2.6875;-200;-200;3319;206;0;
20757;2024.12.04 04:45;-28;-3;-200;-200;3319;206;0;
20758;2024.12.04 05:00;-28;-3;-200;-200;3319;206;0;
20759;2024.12.04 05:15;-28;-3.125;-200;-200;3319;206;0;
20760;2024.12.04 05:30;-28;-3.0625;-200;-200;3319;206;0;
20761;2024.12.04 05:45;-28;-3.25;-200;-200;3319;206;0;
20762;2024.12.04 06:00;-28;-3.25;-200;-200;3319;206;0;
20763;2024.12.04 06:15;-28;-3.1875;-200;-200;3319;206;0;
20764;2024.12.04 06:30;-28;-3;-200;-200;3319;206;0;
20765;2024.12.04 06:45;-28;-3.125;-200;-200;3319;206;0;
20766;2024.12.04 07:00;-28;-3.0625;-200;-200;3319;206;0;
20767;2024.12.04 07:15;-28;-3.25;-200;-200;3319;206;0;
20768;2024.12.04 07:30;-28;-3;-200;-200;3319;206;0;
20769;2024.12.04 07:45;-28;-2.75;-200;-200;3319;206;0;
20770;2024.12.04 08:00;-28;-3.125;-200;-200;3319;206;0;
20771;2024.12.04 08:15;-28;-3.5;-200;-200;3319;206;0;
20772;2024.12.04 08:30;-28;-3.75;-200;-200;3319;206;0;
20773;2024.12.04 08:45;-28;-3.75;-200;-200;3319;206;0;
20774;2024.12.04 09:00;-28;-3.375;-200;-200;3319;206;0;
20775;2024.12.04 09:15;-28;-3.0625;-200;-200;3319;206;0;
20776;2024.12.04 09:30;-28;-2.875;-200;-200;3319;206;0;
20777;2024.12.04 09:45;-28;-2.5625;-200;-200;3319;206;0;
20778;2024.12.04 10:00;-28;-2.375;-200;-200;3319;206;0;
20779;2024.12.04 10:15;-28;-2.125;-200;-200;3319;206;0;
20780;2024.12.04 10:30;-28;-2.6875;-200;-200;3319;206;0;
20781;2024.12.04 10:45;-28;-2.6875;-200;-200;3319;206;0;
20782;2024.12.04 11:00;-28;-2.875;-200;-200;3319;206;0;
20783;2024.12.04 11:15;-28;-2.8125;-200;-200;3319;206;0;
20784;2024.12.04 11:30;-28;-2.5;-200;-200;3319;206;0;
20785;2024.12.04 11:45;-28;-2.5;-200;-200;3319;206;0;
20786;2024.12.04 12:00;-28;-2.5;-200;-200;3319;206;0;
20787;2024.12.04 12:15;-28;-2.6875;-200;-200;3319;206;0;
20788;2024.12.04 12:30;-28;-2.625;-200;-200;3319;206;0;
20789;2024.12.04 12:45;-28;-2.25;-200;-200;3319;206;0;
20790;2024.12.04 13:00;-28;-2.3125;-200;-200;3319;206;0;
20791;2024.12.04 13:15;-28;-2.6875;-200;-200;3319;206;0;
20792;2024.12.04 13:30;-28;-2.625;-200;-200;3319;206;0;
20793;2024.12.04 13:45;-28;-2.625;-200;-200;3319;206;0;
20794;2024.12.04 14:00;-28;-2.875;-200;-200;3319;206;0;
20795;2024.12.04 14:15;-28;-2.75;-200;-200;3319;206;0;
20796;2024.12.04 14:30;-28;-2.75;-200;-200;3319;206;0;
20797;2024.12.04 14:45;-28;-2.0625;-200;-200;3319;206;0;
20798;2024.12.04 15:00;-28;-0.625;-200;-200;3319;206;0;
20799;2024.12.04 15:15;-28;0.75;-200;-200;3319;206;0;
20800;2024.12.04 15:30;-28;2;-200;-200;3319;206;0;
20801;2024.12.04 15:45;-28;3;-200;-200;3319;206;0;
20802;2024.12.04 16:00;-28;3.5625;-200;-200;3320;206;0;
20803;2024.12.04 16:15;-28;3.875;-200;-200;3320;206;0;
20804;2024.12.04 16:30;-28;4.25;-200;-200;3319;206;0;
20805;2024.12.04 16:45;-28;4.875;-200;-200;3320;206;0;
20806;2024.12.04 17:00;-28;5.6875;-200;-200;3320;206;0;
20807;2024.12.04 17:15;-28;6.25;-200;-200;3320;206;0;
20808;2024.12.04 17:30;-28;6.3125;-200;-200;3320;206;0;
20809;2024.12.04 17:45;-28;6.3125;-200;-200;3320;206;0;
20810;2024.12.04 18:00;-28;7.375;-200;-200;3320;206;0;
20811;2024.12.04 18:15;-28;7.125;-200;-200;3320;206;0;
20812;2024.12.04 18:30;-28;7.5625;-200;-200;3320;206;0;
20813;2024.12.04 18:45;-28;7.625;-200;-200;3320;206;0;
20814;2024.12.04 19:00;-28;7.625;-200;-200;3320;206;0;
20815;2024.12.04 19:15;-28;7.375;-200;-200;3320;206;0;
20816;2024.12.04 19:30;-28;7.5625;-200;-200;3320;206;0;
20817;2024.12.04 19:45;-28;9.125;-200;-200;3320;206;0;
20818;2024.12.04 20:00;-28;12.25;-200;-200;3322;206;0;
20819;2024.12.04 20:15;-28;13;-200;-200;3323;206;0;
20820;2024.12.04 20:30;-28;11.5;-200;-200;3322;206;0;
20821;2024.12.04 20:45;-28;9.75;-200;-200;3322;206;0;
20822;2024.12.04 21:00;-28;7.875;-200;-200;3321;206;0;
20823;2024.12.04 21:15;-28;7.375;-200;-200;3321;206;0;
20824;2024.12.04 21:30;-28;7.875;-200;-200;3321;206;0;
20825;2024.12.04 21:45;-28;7.8125;-200;-200;3321;206;0;
20826;2024.12.04 22:00;-28;6.625;-200;-200;3321;206;0;
20827;2024.12.04 22:15;-28;5.875;-200;-200;3320;206;0;
20828;2024.12.04 22:30;-28;5.625;-200;-200;3320;206;0;
20829;2024.12.04 22:45;-28;5.1875;-200;-200;3320;206;0;
20830;2024.12.04 23:00;-28;4.75;-200;-200;3320;206;0;
20831;2024.12.04 23:15;-28;4.375;-200;-200;3320;206;0;
20832;2024.12.04 23:30;-28;3.75;-200;-200;3320;206;0;
20833;2024.12.04 23:45;-28;3.25;-200;-200;3320;206;0;
20834;2024.12.05 00:00;-28;2;-200;-200;3320;206;0;
20835;2024.12.05 00:15;-28;1;-200;-200;3320;206;0;
20836;2024.12.05 00:30;-28;0.375;-200;-200;3320;206;0;
20837;2024.12.05 00:45;-28;-0.125;-200;-200;3319;206;0;
20838;2024.12.05 01:00;-28;-0.6875;-200;-200;3319;206;0;
20839;2024.12.05 01:15;-28;-0.875;-200;-200;3319;206;0;
20840;2024.12.05 01:30;-28;-1.125;-200;-200;3319;206;0;
20841;2024.12.05 01:45;-28;-1.25;-200;-200;3319;206;0;
20842;2024.12.05 02:00;-28;-1.6875;-200;-200;3319;206;0;
20843;2024.12.05 02:15;-28;-2;-200;-200;3319;206;0;
20844;2024.12.05 02:30;-28;-1.75;-200;-200;3319;206;0;
20845;2024.12.05 02:45;-28;-1.625;-200;-200;3319;206;0;
20846;2024.12.05 03:00;-28;-0.875;-200;-200;3319;206;0;
20847;2024.12.05 03:15;-28;-1.125;-200;-200;3319;206;0;
20848;2024.12.05 03:30;-28;-1.125;-200;-200;3319;206;0;
20849;2024.12.05 03:45;-28;-1.625;-200;-200;3319;206;0;
20850;2024.12.05 04:00;-28;-2.125;-200;-200;3319;206;0;
20851;2024.12.05 04:15;-28;-2.375;-200;-200;3319;206;0;
20852;2024.12.05 04:30;-28;-1.9375;-200;-200;3319;206;0;
20853;2024.12.05 04:45;-28;-2.25;-200;-200;3319;206;0;
20854;2024.12.05 05:00;-28;-1.75;-200;-200;3319;206;0;
20855;2024.12.05 05:15;-28;-2.1875;-200;-200;3319;206;0;
20856;2024.12.05 05:30;-28;-2.4375;-200;-200;3319;206;0;
20857;2024.12.05 05:45;-28;-1.875;-200;-200;3319;206;0;
20858;2024.12.05 06:00;-28;-2.3125;-200;-200;3319;206;0;
20859;2024.12.05 06:15;-28;-2.5;-200;-200;3319;206;0;
20860;2024.12.05 06:30;-28;-3;-200;-200;3319;206;0;
20861;2024.12.05 06:45;-28;-3;-200;-200;3319;206;0;
20862;2024.12.05 07:00;-28;-3.0625;-200;-200;3319;206;0;
20863;2024.12.05 07:15;-28;-2.8125;-200;-200;3319;206;0;
20864;2024.12.05 07:30;-28;-2.4375;-200;-200;3319;206;0;
20865;2024.12.05 07:45;-28;-2.25;-200;-200;3319;206;0;
20866;2024.12.05 08:00;-28;-2.375;-200;-200;3319;206;0;
20867;2024.12.05 08:15;-28;-2.375;-200;-200;3319;206;0;
20868;2024.12.05 08:30;-28;-2.375;-200;-200;3319;206;0;
20869;2024.12.05 08:45;-28;-2.25;-200;-200;3319;206;0;
20870;2024.12.05 09:00;-28;-2;-200;-200;3319;206;0;
20871;2024.12.05 09:15;-28;-2.125;-200;-200;3319;206;0;
20872;2024.12.05 09:30;-28;-1.875;-200;-200;3319;206;0;
20873;2024.12.05 09:45;-28;-1.9375;-200;-200;3319;206;0;
20874;2024.12.05 10:00;-28;-2;-200;-200;3319;206;0;
20875;2024.12.05 10:15;-28;-2.5;-200;-200;3319;206;0;
20876;2024.12.05 10:30;-28;-2.125;-200;-200;3319;206;0;
20877;2024.12.05 10:45;-28;-2.5;-200;-200;3319;206;0;
20878;2024.12.05 11:00;-28;-2.75;-200;-200;3319;206;0;
20879;2024.12.05 11:15;-28;-2.875;-200;-200;3319;206;0;
20880;2024.12.05 11:30;-28;-2.5;-200;-200;3319;206;0;
20881;2024.12.05 11:45;-28;-2.5;-200;-200;3319;206;0;
20882;2024.12.05 12:00;-28;-2.25;-200;-200;3319;206;0;
20883;2024.12.05 12:15;-28;-2.3125;-200;-200;3319;206;0;
20884;2024.12.05 12:30;-28;-2.625;-200;-200;3319;206;0;
20885;2024.12.05 12:45;-28;-2.1875;-200;-200;3319;206;0;
20886;2024.12.05 13:00;-28;-2.375;-200;-200;3319;206;0;
20887;2024.12.05 13:15;-28;-2.125;-200;-200;3319;206;0;
20888;2024.12.05 13:30;-28;-2.625;-200;-200;3319;206;0;
20889;2024.12.05 13:45;-28;-2.25;-200;-200;3319;206;0;
20890;2024.12.05 14:00;-28;-2.125;-200;-200;3319;206;0;
20891;2024.12.05 14:15;-28;-2;-200;-200;3319;206;0;
20892;2024.12.05 14:30;-28;-2.125;-200;-200;3319;206;0;
20893;2024.12.05 14:45;-28;-1.625;-200;-200;3319;206;0;
20894;2024.12.05 15:00;-28;-0.625;-200;-200;3319;206;0;
20895;2024.12.05 15:15;-28;0.25;-200;-200;3319;206;0;
20896;2024.12.05 15:30;-28;1;-200;-200;3319;206;0;
20897;2024.12.05 15:45;-28;1.25;-200;-200;3319;206;0;
20898;2024.12.05 16:00;-28;1.75;-200;-200;3319;206;0;
20899;2024.12.05 16:15;-28;2.375;-200;-200;3319;206;0;
20900;2024.12.05 16:30;-28;2.75;-200;-200;3319;206;0;
20901;2024.12.05 16:45;-28;3.25;-200;-200;3319;206;0;
20902;2024.12.05 17:00;-28;3.5;-200;-200;3319;206;0;
20903;2024.12.05 17:15;-28;3.75;-200;-200;3319;206;0;
20904;2024.12.05 17:30;-28;3.875;-200;-200;3319;206;0;
20905;2024.12.05 17:45;-28;4;-200;-200;3319;206;0;
20906;2024.12.05 18:00;-28;4.9375;-200;-200;3319;206;0;
20907;2024.12.05 18:15;-28;4.625;-200;-200;3319;206;0;
20908;2024.12.05 18:30;-28;5;-200;-200;3320;206;0;
20909;2024.12.05 18:45;-28;5.125;-200;-200;3319;206;0;
20910;2024.12.05 19:00;-28;5.25;-200;-200;3320;206;0;
20911;2024.12.05 19:15;-28;5.25;-200;-200;3320;206;0;
20912;2024.12.05 19:30;-28;6;-200;-200;3252;206;0;
20913;2024.12.05 19:45;-28;7;-200;-200;3252;206;0;
20914;2024.12.05 20:00;-28;9.75;-200;-200;3253;206;0;
20915;2024.12.05 20:15;-28;11.4375;-200;-200;3253;206;0;
20916;2024.12.05 20:30;-28;10.125;-200;-200;3253;206;0;
20917;2024.12.05 20:45;-28;8.4375;-200;-200;3253;206;0;
20918;2024.12.05 21:00;-28;6.125;-200;-200;3252;206;0;
20919;2024.12.05 21:15;-28;5.6875;-200;-200;3252;206;0;
20920;2024.12.05 21:30;-28;5.5;-200;-200;3252;206;0;
20921;2024.12.05 21:45;-28;5.8125;-200;-200;3252;206;0;
20922;2024.12.05 22:00;-28;5.125;-200;-200;3252;206;0;
20923;2024.12.05 22:15;-28;4.375;-200;-200;3252;206;0;
20924;2024.12.05 22:30;-28;4.25;-200;-200;3252;206;0;
20925;2024.12.05 22:45;-28;4;-200;-200;3252;206;0;
20926;2024.12.05 23:00;-28;3.5;-200;-200;3251;206;0;
20927;2024.12.05 23:15;-28;3;-200;-200;3251;206;0;
20928;2024.12.05 23:30;-28;2.625;-200;-200;3251;206;0;
20929;2024.12.05 23:45;-28;1.5625;-200;-200;3251;206;0;
20930;2024.12.06 00:00;-28;0.75;-200;-200;3251;206;0;
20931;2024.12.06 00:15;-28;0;-200;-200;3251;206;0;
20932;2024.12.06 00:30;-28;-0.75;-200;-200;3251;206;0;
20933;2024.12.06 00:45;-28;-1.375;-200;-200;3251;206;0;
20934;2024.12.06 01:00;-28;-1.8125;-200;-200;3251;206;0;
20935;2024.12.06 01:15;-28;-2.25;-200;-200;3250;206;0;
20936;2024.12.06 01:30;-28;-2.4375;-200;-200;3250;206;0;
20937;2024.12.06 01:45;-28;-2.625;-200;-200;3250;206;0;
20938;2024.12.06 02:00;-28;-2.875;-200;-200;3250;206;0;
20939;2024.12.06 02:15;-28;-3;-200;-200;3250;206;0;
20940;2024.12.06 02:30;-28;-3.1875;-200;-200;3250;206;0;
20941;2024.12.06 02:45;-28;-3.3125;-200;-200;3250;206;0;
20942;2024.12.06 03:00;-28;-3.4375;-200;-200;3250;206;0;
20943;2024.12.06 03:15;-28;-3.5;-200;-200;3250;206;0;
20944;2024.12.06 03:30;-28;-3.125;-200;-200;3250;206;0;
20945;2024.12.06 03:45;-28;-2.6875;-200;-200;3250;206;0;
20946;2024.12.06 04:00;-28;-2.25;-200;-200;3250;206;0;
20947;2024.12.06 04:15;-28;-2.5;-200;-200;3250;206;0;
20948;2024.12.06 04:30;-28;-3;-200;-200;3250;206;0;
20949;2024.12.06 04:45;-28;-3.5625;-200;-200;3250;206;0;
20950;2024.12.06 05:00;-28;-3.9375;-200;-200;3250;206;0;
20951;2024.12.06 05:15;-28;-4.125;-200;-200;3250;206;0;
20952;2024.12.06 05:30;-28;-4.125;-200;-200;3250;206;0;
20953;2024.12.06 05:45;-28;-3.375;-200;-200;3250;206;0;
20954;2024.12.06 06:00;-28;-3.875;-200;-200;3250;206;0;
20955;2024.12.06 06:15;-28;-4.4375;-200;-200;3250;206;0;
20956;2024.12.06 06:30;-28;-3.5625;-200;-200;3250;206;0;
20957;2024.12.06 06:45;-28;-3.125;-200;-200;3250;206;0;
20958;2024.12.06 07:00;-28;-3.4375;-200;-200;3250;206;0;
20959;2024.12.06 07:15;-28;-3.375;-200;-200;3250;206;0;
20960;2024.12.06 07:30;-28;-3;-200;-200;3250;206;0;
20961;2024.12.06 07:45;-28;-3.125;-200;-200;3250;206;0;
20962;2024.12.06 08:00;-28;-3.0625;-200;-200;3250;206;0;
20963;2024.12.06 08:15;-28;-3.1875;-200;-200;3250;206;0;
20964;2024.12.06 08:30;-28;-3.25;-200;-200;3250;206;0;
20965;2024.12.06 08:45;-28;-3.25;-200;-200;3250;206;0;
20966;2024.12.06 09:00;-28;-3.25;-200;-200;3250;206;0;
20967;2024.12.06 09:15;-28;-3.5625;-200;-200;3250;206;0;
20968;2024.12.06 09:30;-28;-3.875;-200;-200;3250;206;0;
20969;2024.12.06 09:45;-28;-3.5625;-200;-200;3250;206;0;
20970;2024.12.06 10:00;-28;-3.375;-200;-200;3250;206;0;
20971;2024.12.06 10:15;-28;-3.375;-200;-200;3250;206;0;
20972;2024.12.06 10:30;-28;-3.25;-200;-200;3250;206;0;
20973;2024.12.06 10:45;-28;-3.125;-200;-200;3250;206;0;
20974;2024.12.06 11:00;-28;-2.5625;-200;-200;3250;206;0;
20975;2024.12.06 11:15;-28;-2.125;-200;-200;3250;206;0;
20976;2024.12.06 11:30;-28;-2.375;-200;-200;3250;206;0;
20977;2024.12.06 11:45;-28;-2.75;-200;-200;3250;206;0;
20978;2024.12.06 12:00;-28;-2.4375;-200;-200;3250;206;0;
20979;2024.12.06 12:15;-28;-2.5;-200;-200;3250;206;0;
20980;2024.12.06 12:30;-28;-2.25;-200;-200;3250;206;0;
20981;2024.12.06 12:45;-28;-2.75;-200;-200;3250;206;0;
20982;2024.12.06 13:00;-28;-2.875;-200;-200;3250;206;0;
20983;2024.12.06 13:15;-28;-2.25;-200;-200;3250;206;0;
20984;2024.12.06 13:30;-28;-2.625;-200;-200;3250;206;0;
20985;2024.12.06 13:45;-28;-2.875;-200;-200;3250;206;0;
20986;2024.12.06 14:00;-28;-3.125;-200;-200;3250;206;0;
20987;2024.12.06 14:15;-28;-3.375;-200;-200;3250;206;0;
20988;2024.12.06 14:30;-28;-3.375;-200;-200;3250;206;0;
20989;2024.12.06 14:45;-28;-3.25;-200;-200;3250;206;0;
20990;2024.12.06 15:00;-28;-2.6875;-200;-200;3250;206;0;
20991;2024.12.06 15:15;-28;-1.375;-200;-200;3250;206;0;
20992;2024.12.06 15:30;-28;0.25;-200;-200;3250;206;0;
20993;2024.12.06 15:45;-28;0.8125;-200;-200;3251;206;0;
20994;2024.12.06 16:00;-28;1.625;-200;-200;3251;206;0;
20995;2024.12.06 16:15;-28;2.25;-200;-200;3251;206;0;
20996;2024.12.06 16:30;-28;2.875;-200;-200;3251;206;0;
20997;2024.12.06 16:45;-28;3.5;-200;-200;3251;206;0;
20998;2024.12.06 17:00;-28;4.1875;-200;-200;3251;206;0;
20999;2024.12.06 17:15;-28;5.125;-200;-200;3251;206;0;
21000;2024.12.06 17:30;-28;5.125;-200;-200;3251;206;0;
21001;2024.12.06 17:45;-28;5.5;-200;-200;3251;206;0;
21002;2024.12.06 18:00;-28;5.9375;-200;-200;3251;206;0;
21003;2024.12.06 18:15;-28;5.625;-200;-200;3251;206;0;
21004;2024.12.06 18:30;-28;6.375;-200;-200;3251;206;0;
21005;2024.12.06 18:45;-28;6.5625;-200;-200;3251;206;0;
21006;2024.12.06 19:00;-28;6.5625;-200;-200;3251;206;0;
21007;2024.12.06 19:15;-28;6.875;-200;-200;3251;206;0;
21008;2024.12.06 19:30;-28;7.25;-200;-200;3251;206;0;
21009;2024.12.06 19:45;-28;8.375;-200;-200;3251;206;0;
21010;2024.12.06 20:00;-28;11;-200;-200;3252;206;0;
21011;2024.12.06 20:15;-28;13.0625;-200;-200;3253;206;0;
21012;2024.12.06 20:30;-28;11.5;-200;-200;3253;206;0;
21013;2024.12.06 20:45;-28;8.9375;-200;-200;3252;206;0;
21014;2024.12.06 21:00;-28;6.9375;-200;-200;3252;206;0;
21015;2024.12.06 21:15;-28;6.25;-200;-200;3251;206;0;
21016;2024.12.06 21:30;-28;6.5;-200;-200;3251;206;0;
21017;2024.12.06 21:45;-28;6.5;-200;-200;3251;206;0;
21018;2024.12.06 22:00;-28;5.6875;-200;-200;3251;206;0;
21019;2024.12.06 22:15;-28;5;-200;-200;3251;206;0;
21020;2024.12.06 22:30;-28;4.75;-200;-200;3251;206;0;
21021;2024.12.06 22:45;-28;4.75;-200;-200;3251;206;0;
21022;2024.12.06 23:00;-28;4;-200;-200;3251;206;0;
21023;2024.12.06 23:15;-28;3.25;-200;-200;3251;206;0;
21024;2024.12.06 23:30;-28;2.8125;-200;-200;3251;206;0;
21025;2024.12.06 23:45;-28;1.75;-200;-200;3250;206;0;
21026;2024.12.07 00:00;-28;1.125;-200;-200;3250;206;0;
21027;2024.12.07 00:15;-28;0.5;-200;-200;3250;206;0;
21028;2024.12.07 00:30;-28;-0.25;-200;-200;3250;206;0;
21029;2024.12.07 00:45;-28;-0.875;-200;-200;3250;206;0;
21030;2024.12.07 01:00;-28;-1.375;-200;-200;3250;206;0;
21031;2024.12.07 01:15;-28;-1.625;-200;-200;3250;206;0;
21032;2024.12.07 01:30;-28;-2;-200;-200;3250;206;0;
21033;2024.12.07 01:45;-28;-2.25;-200;-200;3250;206;0;
21034;2024.12.07 02:00;-28;-2.375;-200;-200;3250;206;0;
21035;2024.12.07 02:15;-28;-2.5;-200;-200;3250;206;0;
21036;2024.12.07 02:30;-28;-2.625;-200;-200;3250;206;0;
21037;2024.12.07 02:45;-28;-2.75;-200;-200;3250;206;0;
21038;2024.12.07 03:00;-28;-2.875;-200;-200;3250;206;0;
21039;2024.12.07 03:15;-28;-3;-200;-200;3249;206;0;
21040;2024.12.07 03:30;-28;-3.0625;-200;-200;3250;206;0;
21041;2024.12.07 03:45;-28;-3.1875;-200;-200;3250;206;0;
21042;2024.12.07 04:00;-28;-3.25;-200;-200;3249;206;0;
21043;2024.12.07 04:15;-28;-3.375;-200;-200;3249;206;0;
21044;2024.12.07 04:30;-28;-3.125;-200;-200;3250;206;0;
21045;2024.12.07 04:45;-28;-3.375;-200;-200;3249;206;0;
21046;2024.12.07 05:00;-28;-3.1875;-200;-200;3249;206;0;
21047;2024.12.07 05:15;-28;-3.625;-200;-200;3249;206;0;
21048;2024.12.07 05:30;-28;-3.75;-200;-200;3249;206;0;
21049;2024.12.07 05:45;-28;-3.875;-200;-200;3249;206;0;
21050;2024.12.07 06:00;-28;-3.8125;-200;-200;3249;206;0;
21051;2024.12.07 06:15;-28;-3;-200;-200;3249;206;0;
21052;2024.12.07 06:30;-28;-3.125;-200;-200;3249;206;0;
21053;2024.12.07 06:45;-28;-3.625;-200;-200;3249;206;0;
21054;2024.12.07 07:00;-28;-2.8125;-200;-200;3249;206;0;
21055;2024.12.07 07:15;-28;-2.625;-200;-200;3249;206;0;
21056;2024.12.07 07:30;-28;-3.375;-200;-200;3249;206;0;
21057;2024.12.07 07:45;-28;-3.5;-200;-200;3249;206;0;
21058;2024.12.07 08:00;-28;-3.75;-200;-200;3249;206;0;
21059;2024.12.07 08:15;-28;-3.8125;-200;-200;3249;206;0;
21060;2024.12.07 08:30;-28;-3.9375;-200;-200;3249;206;0;
21061;2024.12.07 08:45;-28;-3.25;-200;-200;3249;206;0;
21062;2024.12.07 09:00;-28;-3.25;-200;-200;3249;206;0;
21063;2024.12.07 09:15;-28;-2.5;-200;-200;3249;206;0;
21064;2024.12.07 09:30;-28;-2.3125;-200;-200;3249;206;0;
21065;2024.12.07 09:45;-28;-2.375;-200;-200;3249;206;0;
21066;2024.12.07 10:00;-28;-2.75;-200;-200;3249;206;0;
21067;2024.12.07 10:15;-28;-2.875;-200;-200;3249;206;0;
21068;2024.12.07 10:30;-28;-3.4375;-200;-200;3249;206;0;
21069;2024.12.07 10:45;-28;-3.25;-200;-200;3249;206;0;
21070;2024.12.07 11:00;-28;-2.875;-200;-200;3249;206;0;
21071;2024.12.07 11:15;-28;-3.1875;-200;-200;3249;206;0;
21072;2024.12.07 11:30;-28;-3.375;-200;-200;3249;206;0;
21073;2024.12.07 11:45;-28;-3.1875;-200;-200;3249;206;0;
21074;2024.12.07 12:00;-28;-3.0625;-200;-200;3249;206;0;
21075;2024.12.07 12:15;-28;-3;-200;-200;3249;206;0;
21076;2024.12.07 12:30;-28;-3.1875;-200;-200;3249;206;0;
21077;2024.12.07 12:45;-28;-3.125;-200;-200;3249;206;0;
21078;2024.12.07 13:00;-28;-3.6875;-200;-200;3249;206;0;
21079;2024.12.07 13:15;-28;-3.5;-200;-200;3249;206;0;
21080;2024.12.07 13:30;-28;-3.625;-200;-200;3249;206;0;
21081;2024.12.07 13:45;-28;-3.875;-200;-200;3249;206;0;
21082;2024.12.07 14:00;-28;-3.4375;-200;-200;3249;206;0;
21083;2024.12.07 14:15;-28;-3.25;-200;-200;3249;206;0;
21084;2024.12.07 14:30;-28;-3.4375;-200;-200;3249;206;0;
21085;2024.12.07 14:45;-28;-3.25;-200;-200;3249;206;0;
21086;2024.12.07 15:00;-28;-2.375;-200;-200;3249;206;0;
21087;2024.12.07 15:15;-28;-0.75;-200;-200;3250;206;0;
21088;2024.12.07 15:30;-28;0.875;-200;-200;3250;206;0;
21089;2024.12.07 15:45;-28;1.9375;-200;-200;3250;206;0;
21090;2024.12.07 16:00;-28;2.375;-200;-200;3250;206;0;
21091;2024.12.07 16:15;-28;2.75;-200;-200;3250;206;0;
21092;2024.12.07 16:30;-28;3;-200;-200;3250;206;0;
21093;2024.12.07 16:45;-28;3.375;-200;-200;3250;206;0;
21094;2024.12.07 17:00;-28;4;-200;-200;3250;206;0;
21095;2024.12.07 17:15;-28;4.5625;-200;-200;3250;206;0;
21096;2024.12.07 17:30;-28;4.875;-200;-200;3250;206;0;
21097;2024.12.07 17:45;-28;5;-200;-200;3250;206;0;
21098;2024.12.07 18:00;-28;5.625;-200;-200;3250;206;0;
21099;2024.12.07 18:15;-28;5.375;-200;-200;3250;206;0;
21100;2024.12.07 18:30;-28;6.125;-200;-200;3251;206;0;
21101;2024.12.07 18:45;-28;6.875;-200;-200;3250;206;0;
21102;2024.12.07 19:00;-28;6.25;-200;-200;3251;206;0;
21103;2024.12.07 19:15;-28;6.375;-200;-200;3250;206;0;
21104;2024.12.07 19:30;-28;6.3125;-200;-200;3251;206;0;
21105;2024.12.07 19:45;-28;7.8125;-200;-200;3251;206;0;
21106;2024.12.07 20:00;-28;10.625;-200;-200;3252;206;0;
21107;2024.12.07 20:15;-28;11.875;-200;-200;3253;206;0;
21108;2024.12.07 20:30;-28;11.5;-200;-200;3253;206;0;
21109;2024.12.07 20:45;-28;8.6875;-200;-200;3252;206;0;
21110;2024.12.07 21:00;-28;6.625;-200;-200;3251;206;0;
21111;2024.12.07 21:15;-28;6;-200;-200;3251;206;0;
21112;2024.12.07 21:30;-28;6.125;-200;-200;3251;206;0;
21113;2024.12.07 21:45;-28;6.625;-200;-200;3251;206;0;
21114;2024.12.07 22:00;-28;6.125;-200;-200;3251;206;0;
21115;2024.12.07 22:15;-28;5.125;-200;-200;3251;206;0;
21116;2024.12.07 22:30;-28;4.5;-200;-200;3251;206;0;
21117;2024.12.07 22:45;-28;4.25;-200;-200;3251;206;0;
21118;2024.12.07 23:00;-28;3.5;-200;-200;3251;206;0;
21119;2024.12.07 23:15;-28;3.1875;-200;-200;3251;206;0;
21120;2024.12.07 23:30;-28;2.8125;-200;-200;3250;206;0;
21121;2024.12.07 23:45;-28;2.25;-200;-200;3250;206;0;
21122;2024.12.08 00:00;-28;1.375;-200;-200;3250;206;0;
21123;2024.12.08 00:15;-28;0.375;-200;-200;3250;206;0;
21124;2024.12.08 00:30;-28;-0.3125;-200;-200;3250;206;0;
21125;2024.12.08 00:45;-28;-1.0625;-200;-200;3250;206;0;
21126;2024.12.08 01:00;-28;-1.875;-200;-200;3249;206;0;
21127;2024.12.08 01:15;-28;-2.375;-200;-200;3249;206;0;
21128;2024.12.08 01:30;-28;-2.6875;-200;-200;3249;206;0;
21129;2024.12.08 01:45;-28;-2.9375;-200;-200;3249;206;0;
21130;2024.12.08 02:00;-28;-3;-200;-200;3249;206;0;
21131;2024.12.08 02:15;-28;-3.25;-200;-200;3249;206;0;
21132;2024.12.08 02:30;-28;-3.375;-200;-200;3249;206;0;
21133;2024.12.08 02:45;-28;-3.4375;-200;-200;3249;206;0;
21134;2024.12.08 03:00;-28;-3.625;-200;-200;3249;206;0;
21135;2024.12.08 03:15;-28;-3.625;-200;-200;3249;206;0;
21136;2024.12.08 03:30;-28;-3.875;-200;-200;3249;206;0;
21137;2024.12.08 03:45;-28;-4;-200;-200;3249;206;0;
21138;2024.12.08 04:00;-28;-4.1875;-200;-200;3249;206;0;
21139;2024.12.08 04:15;-28;-4.375;-200;-200;3249;206;0;
21140;2024.12.08 04:30;-28;-4.5;-200;-200;3249;206;0;
21141;2024.12.08 04:45;-28;-4.625;-200;-200;3249;206;0;
21142;2024.12.08 05:00;-28;-4.5;-200;-200;3249;206;0;
21143;2024.12.08 05:15;-28;-4.375;-200;-200;3249;206;0;
21144;2024.12.08 05:30;-28;-3.8125;-200;-200;3249;206;0;
21145;2024.12.08 05:45;-28;-3.6875;-200;-200;3249;206;0;
21146;2024.12.08 06:00;-28;-3.625;-200;-200;3249;206;0;
21147;2024.12.08 06:15;-28;-3.3125;-200;-200;3249;206;0;
21148;2024.12.08 06:30;-28;-3.375;-200;-200;3249;206;0;
21149;2024.12.08 06:45;-28;-3.375;-200;-200;3249;206;0;
21150;2024.12.08 07:00;-28;-4.625;-200;-200;3249;206;0;
21151;2024.12.08 07:15;-28;-5;-200;-200;3249;206;0;
21152;2024.12.08 07:30;-28;-5.125;-200;-200;3249;206;0;
21153;2024.12.08 07:45;-28;-5.1875;-200;-200;3249;206;0;
21154;2024.12.08 08:00;-28;-5.1875;-200;-200;3249;206;0;
21155;2024.12.08 08:15;-28;-5.375;-200;-200;3249;206;0;
21156;2024.12.08 08:30;-28;-5.375;-200;-200;3249;206;0;
21157;2024.12.08 08:45;-28;-5.625;-200;-200;3249;206;0;
21158;2024.12.08 09:00;-28;-5.75;-200;-200;3249;206;0;
21159;2024.12.08 09:15;-28;-5.625;-200;-200;3249;206;0;
21160;2024.12.08 09:30;-28;-5.4375;-200;-200;3249;206;0;
21161;2024.12.08 09:45;-28;-4.625;-200;-200;3249;206;0;
21162;2024.12.08 10:00;-28;-4.125;-200;-200;3249;206;0;
21163;2024.12.08 10:15;-28;-4;-200;-200;3249;206;0;
21164;2024.12.08 10:30;-28;-3.875;-200;-200;3249;206;0;
21165;2024.12.08 10:45;-28;-4;-200;-200;3249;206;0;
21166;2024.12.08 11:00;-28;-4.1875;-200;-200;3249;206;0;
21167;2024.12.08 11:15;-28;-4.375;-200;-200;3249;206;0;
21168;2024.12.08 11:30;-28;-3.8125;-200;-200;3249;206;0;
21169;2024.12.08 11:45;-28;-3.375;-200;-200;3249;206;0;
21170;2024.12.08 12:00;-28;-3.1875;-200;-200;3249;206;0;
21171;2024.12.08 12:15;-28;-3.75;-200;-200;3249;206;0;
21172;2024.12.08 12:30;-28;-3.75;-200;-200;3249;206;0;
21173;2024.12.08 12:45;-28;-3.625;-200;-200;3249;206;0;
21174;2024.12.08 13:00;-28;-3.4375;-200;-200;3249;206;0;
21175;2024.12.08 13:15;-28;-3.375;-200;-200;3249;206;0;
21176;2024.12.08 13:30;-28;-3.5;-200;-200;3249;206;0;
21177;2024.12.08 13:45;-28;-3.375;-200;-200;3249;206;0;
21178;2024.12.08 14:00;-28;-3.125;-200;-200;3249;206;0;
21179;2024.12.08 14:15;-28;-3.6875;-200;-200;3249;206;0;
21180;2024.12.08 14:30;-28;-3.375;-200;-200;3249;206;0;
21181;2024.12.08 14:45;-28;-2.875;-200;-200;3249;206;0;
21182;2024.12.08 15:00;-28;-2.4375;-200;-200;3249;206;0;
21183;2024.12.08 15:15;-28;-0.875;-200;-200;3249;206;0;
21184;2024.12.08 15:30;-28;0.1875;-200;-200;3249;206;0;
21185;2024.12.08 15:45;-28;0.9375;-200;-200;3249;206;0;
21186;2024.12.08 16:00;-28;1.5625;-200;-200;3249;206;0;
21187;2024.12.08 16:15;-28;1.9375;-200;-200;3250;206;0;
21188;2024.12.08 16:30;-28;2;-200;-200;3250;206;0;
21189;2024.12.08 16:45;-28;2.875;-200;-200;3250;206;0;
21190;2024.12.08 17:00;-28;3.4375;-200;-200;3250;206;0;
21191;2024.12.08 17:15;-28;3.9375;-200;-200;3250;206;0;
21192;2024.12.08 17:30;-28;4;-200;-200;3250;206;0;
21193;2024.12.08 17:45;-28;4.625;-200;-200;3250;206;0;
21194;2024.12.08 18:00;-28;5.5;-200;-200;3250;206;0;
21195;2024.12.08 18:15;-28;5;-200;-200;3250;206;0;
21196;2024.12.08 18:30;-28;5.5625;-200;-200;3250;206;0;
21197;2024.12.08 18:45;-28;5.75;-200;-200;3250;206;0;
21198;2024.12.08 19:00;-28;5.875;-200;-200;3250;206;0;
21199;2024.12.08 19:15;-28;5.5625;-200;-200;3250;206;0;
21200;2024.12.08 19:30;-28;5.5625;-200;-200;3250;206;0;
21201;2024.12.08 19:45;-28;6.6875;-200;-200;3250;206;0;
21202;2024.12.08 20:00;-28;8.625;-200;-200;3251;206;0;
21203;2024.12.08 20:15;-28;9.9375;-200;-200;3252;206;0;
21204;2024.12.08 20:30;-28;9.4375;-200;-200;3252;206;0;
21205;2024.12.08 20:45;-28;7;-200;-200;3251;206;0;
21206;2024.12.08 21:00;-28;5.75;-200;-200;3251;206;0;
21207;2024.12.08 21:15;-28;5.125;-200;-200;3251;206;0;
21208;2024.12.08 21:30;-28;5.125;-200;-200;3251;206;0;
21209;2024.12.08 21:45;-28;6.25;-200;-200;3251;206;0;
21210;2024.12.08 22:00;-28;5.5;-200;-200;3251;206;0;
21211;2024.12.08 22:15;-28;5.25;-200;-200;3251;206;0;
21212;2024.12.08 22:30;-28;5.125;-200;-200;3251;206;0;
21213;2024.12.08 22:45;-28;5.0625;-200;-200;3251;206;0;
21214;2024.12.08 23:00;-28;4.375;-200;-200;3251;206;0;
21215;2024.12.08 23:15;-28;4.125;-200;-200;3251;206;0;
21216;2024.12.08 23:30;-28;3.4375;-200;-200;3251;206;0;
21217;2024.12.08 23:45;-28;2.75;-200;-200;3250;206;0;
21218;2024.12.09 00:00;-28;2.0625;-200;-200;3250;206;0;
21219;2024.12.09 00:15;-28;1.75;-200;-200;3250;206;0;
21220;2024.12.09 00:30;-28;1.25;-200;-200;3250;206;0;
21221;2024.12.09 00:45;-28;0.625;-200;-200;3250;206;0;
21222;2024.12.09 01:00;-28;0;-200;-200;3250;206;0;
21223;2024.12.09 01:15;-28;-0.4375;-200;-200;3250;206;0;
21224;2024.12.09 01:30;-28;-0.75;-200;-200;3249;206;0;
21225;2024.12.09 01:45;-28;-0.4375;-200;-200;3249;206;0;
21226;2024.12.09 02:00;-28;0.1875;-200;-200;3249;206;0;
21227;2024.12.09 02:15;-28;-0.375;-200;-200;3249;206;0;
21228;2024.12.09 02:30;-28;-0.625;-200;-200;3249;206;0;
21229;2024.12.09 02:45;-28;-1.125;-200;-200;3249;206;0;
21230;2024.12.09 03:00;-28;-1.25;-200;-200;3249;206;0;
21231;2024.12.09 03:15;-28;-1.1875;-200;-200;3249;206;0;
21232;2024.12.09 03:30;-28;-1.1875;-200;-200;3249;206;0;
21233;2024.12.09 03:45;-28;-1.375;-200;-200;3249;206;0;
21234;2024.12.09 04:00;-28;-1.5;-200;-200;3249;206;0;
21235;2024.12.09 04:15;-28;-1.625;-200;-200;3249;206;0;
21236;2024.12.09 04:30;-28;-2.1875;-200;-200;3249;206;0;
21237;2024.12.09 04:45;-28;-2.6875;-200;-200;3249;206;0;
21238;2024.12.09 05:00;-28;-2.875;-200;-200;3249;206;0;
21239;2024.12.09 05:15;-28;-3;-200;-200;3249;206;0;
21240;2024.12.09 05:30;-28;-3.125;-200;-200;3249;206;0;
21241;2024.12.09 05:45;-28;-3.375;-200;-200;3249;206;0;
21242;2024.12.09 06:00;-28;-3.125;-200;-200;3249;206;0;
21243;2024.12.09 06:15;-28;-2.75;-200;-200;3249;206;0;
21244;2024.12.09 06:30;-28;-2.25;-200;-200;3249;206;0;
21245;2024.12.09 06:45;-28;-2.25;-200;-200;3249;206;0;
21246;2024.12.09 07:00;-28;-2.1875;-200;-200;3249;206;0;
21247;2024.12.09 07:15;-28;-1.9375;-200;-200;3249;206;0;
21248;2024.12.09 07:30;-28;-1.625;-200;-200;3249;206;0;
21249;2024.12.09 07:45;-28;-1.6875;-200;-200;3249;206;0;
21250;2024.12.09 08:00;-28;-1.5625;-200;-200;3249;206;0;
21251;2024.12.09 08:15;-28;-1.375;-200;-200;3249;206;0;
21252;2024.12.09 08:30;-28;-1.375;-200;-200;3249;206;0;
21253;2024.12.09 08:45;-28;-1.375;-200;-200;3249;206;0;
21254;2024.12.09 09:00;-28;-1.375;-200;-200;3249;206;0;
21255;2024.12.09 09:15;-28;-1.75;-200;-200;3249;206;0;
21256;2024.12.09 09:30;-28;-2.375;-200;-200;3249;206;0;
21257;2024.12.09 09:45;-28;-2.875;-200;-200;3249;206;0;
21258;2024.12.09 10:00;-28;-3.5;-200;-200;3249;206;0;
21259;2024.12.09 10:15;-28;-4.1875;-200;-200;3249;206;0;
21260;2024.12.09 10:30;-28;-4.5;-200;-200;3249;206;0;
21261;2024.12.09 10:45;-28;-4.875;-200;-200;3249;206;0;
21262;2024.12.09 11:00;-28;-4.75;-200;-200;3249;206;0;
21263;2024.12.09 11:15;-28;-4.8125;-200;-200;3249;206;0;
21264;2024.12.09 11:30;-28;-5;-200;-200;3249;206;0;
21265;2024.12.09 11:45;-28;-5.375;-200;-200;3249;206;0;
21266;2024.12.09 12:00;-28;-5.75;-200;-200;3249;206;0;
21267;2024.12.09 12:15;-28;-6;-200;-200;3249;206;0;
21268;2024.12.09 12:30;-28;-6.375;-200;-200;3249;206;0;
21269;2024.12.09 12:45;-28;-6.375;-200;-200;3249;206;0;
21270;2024.12.09 13:00;-28;-6.5625;-200;-200;3249;206;0;
21271;2024.12.09 13:15;-28;-6.625;-200;-200;3249;206;0;
21272;2024.12.09 13:30;-28;-6.625;-200;-200;3249;206;0;
21273;2024.12.09 13:45;-28;-6.875;-200;-200;3249;206;0;
21274;2024.12.09 14:00;-28;-6.75;-200;-200;3249;206;0;
21275;2024.12.09 14:15;-28;-6.625;-200;-200;3249;206;0;
21276;2024.12.09 14:30;-28;-6.875;-200;-200;3249;206;0;
21277;2024.12.09 14:45;-28;-6.6875;-200;-200;3249;206;0;
21278;2024.12.09 15:00;-28;-6;-200;-200;3249;206;0;
21279;2024.12.09 15:15;-28;-5.375;-200;-200;3249;206;0;
21280;2024.12.09 15:30;-28;-4.125;-200;-200;3249;206;0;
21281;2024.12.09 15:45;-28;-2.875;-200;-200;3249;206;0;
21282;2024.12.09 16:00;-28;-2;-200;-200;3249;206;0;
21283;2024.12.09 16:15;-28;-1.5;-200;-200;3249;206;0;
21284;2024.12.09 16:30;-28;-1;-200;-200;3249;206;0;
21285;2024.12.09 16:45;-28;-0.5;-200;-200;3249;206;0;
21286;2024.12.09 17:00;-28;0.0625;-200;-200;3249;206;0;
21287;2024.12.09 17:15;-28;0.375;-200;-200;3249;206;0;
21288;2024.12.09 17:30;-28;0.4375;-200;-200;3249;206;0;
21289;2024.12.09 17:45;-28;0.8125;-200;-200;3249;206;0;
21290;2024.12.09 18:00;-28;1.3125;-200;-200;3249;206;0;
21291;2024.12.09 18:15;-28;1.125;-200;-200;3249;206;0;
21292;2024.12.09 18:30;-28;1.0625;-200;-200;3249;206;0;
21293;2024.12.09 18:45;-28;1.3125;-200;-200;3249;206;0;
21294;2024.12.09 19:00;-28;1.5;-200;-200;3249;206;0;
21295;2024.12.09 19:15;-28;1.375;-200;-200;3249;206;0;
21296;2024.12.09 19:30;-28;1.375;-200;-200;3249;206;0;
21297;2024.12.09 19:45;-28;2.625;-200;-200;3250;206;0;
21298;2024.12.09 20:00;-28;4.375;-200;-200;3250;206;0;
21299;2024.12.09 20:15;-28;5.25;-200;-200;3251;206;0;
21300;2024.12.09 20:30;-28;5.125;-200;-200;3251;206;0;
21301;2024.12.09 20:45;-28;2.5;-200;-200;3250;206;0;
21302;2024.12.09 21:00;-28;0.75;-200;-200;3250;206;0;
21303;2024.12.09 21:15;-28;0.625;-200;-200;3250;206;0;
21304;2024.12.09 21:30;-28;0.5;-200;-200;3250;206;0;
21305;2024.12.09 21:45;-28;0.9375;-200;-200;3250;206;0;
21306;2024.12.09 22:00;-28;0.25;-200;-200;3250;206;0;
21307;2024.12.09 22:15;-28;0.0625;-200;-200;3249;206;0;
21308;2024.12.09 22:30;-28;-0.5;-200;-200;3249;206;0;
21309;2024.12.09 22:45;-28;-1;-200;-200;3249;206;0;
21310;2024.12.09 23:00;-28;-1.9375;-200;-200;3249;206;0;
21311;2024.12.09 23:15;-28;-2.0625;-200;-200;3249;206;0;
21312;2024.12.09 23:30;-28;-2.25;-200;-200;3249;206;0;
21313;2024.12.09 23:45;-28;-2.875;-200;-200;3249;206;0;
21314;2024.12.10 00:00;-28;-3.375;-200;-200;3249;206;0;
21315;2024.12.10 00:15;-28;-3.5625;-200;-200;3249;206;0;
21316;2024.12.10 00:30;-28;-3.75;-200;-200;3249;206;0;
21317;2024.12.10 00:45;-28;-4.375;-200;-200;3249;206;0;
21318;2024.12.10 01:00;-28;-4.875;-200;-200;3249;206;0;
21319;2024.12.10 01:15;-28;-5.125;-200;-200;3249;206;0;
21320;2024.12.10 01:30;-28;-5.625;-200;-200;3249;206;0;
21321;2024.12.10 01:45;-28;-6.1875;-200;-200;3249;206;0;
21322;2024.12.10 02:00;-28;-6.625;-200;-200;3249;206;0;
21323;2024.12.10 02:15;-28;-6.875;-200;-200;3249;206;0;
21324;2024.12.10 02:30;-28;-7.1875;-200;-200;3249;206;0;
21325;2024.12.10 02:45;-28;-7.625;-200;-200;3249;206;0;
21326;2024.12.10 03:00;-28;-8;-200;-200;3249;206;0;
21327;2024.12.10 03:15;-28;-8.3125;-200;-200;3248;206;0;
21328;2024.12.10 03:30;-28;-8.625;-200;-200;3248;206;0;
21329;2024.12.10 03:45;-28;-8.75;-200;-200;3248;206;0;
21330;2024.12.10 04:00;-28;-9.0625;-200;-200;3248;206;0;
21331;2024.12.10 04:15;-28;-9.25;-200;-200;3248;206;0;
21332;2024.12.10 04:30;-28;-9.25;-200;-200;3248;206;0;
21333;2024.12.10 04:45;-28;-9.375;-200;-200;3248;206;0;
21334;2024.12.10 05:00;-28;-9.75;-200;-200;3248;206;0;
21335;2024.12.10 05:15;-28;-10.125;-200;-200;3248;206;0;
21336;2024.12.10 05:30;-28;-10.3125;-200;-200;3248;206;0;
21337;2024.12.10 05:45;-28;-10.5;-200;-200;3248;206;0;
21338;2024.12.10 06:00;-28;-10.625;-200;-200;3248;206;0;
21339;2024.12.10 06:15;-28;-10.75;-200;-200;3248;206;0;
21340;2024.12.10 06:30;-28;-10.8125;-200;-200;3248;206;0;
21341;2024.12.10 06:45;-28;-11.1875;-200;-200;3248;206;0;
21342;2024.12.10 07:00;-28;-11.25;-200;-200;3248;206;0;
21343;2024.12.10 07:15;-28;-11.5;-200;-200;3248;206;0;
21344;2024.12.10 07:30;-28;-11.625;-200;-200;3248;206;0;
21345;2024.12.10 07:45;-28;-11.9375;-200;-200;3248;206;0;
21346;2024.12.10 08:00;-28;-12.1875;-200;-200;3248;206;0;
21347;2024.12.10 08:15;-28;-12.1875;-200;-200;3248;206;0;
21348;2024.12.10 08:30;-28;-12.3125;-200;-200;3248;206;0;
21349;2024.12.10 08:45;-28;-12.4375;-200;-200;3248;206;0;
21350;2024.12.10 09:00;-28;-11.5;-200;-200;3248;206;0;
21351;2024.12.10 09:15;-28;-11.375;-200;-200;3248;206;0;
21352;2024.12.10 09:30;-28;-11.4375;-200;-200;3248;206;0;
21353;2024.12.10 09:45;-28;-11.5;-200;-200;3248;206;0;
21354;2024.12.10 10:00;-28;-11.5;-200;-200;3248;206;0;
21355;2024.12.10 10:15;-28;-11.25;-200;-200;3248;206;0;
21356;2024.12.10 10:30;-28;-11.125;-200;-200;3248;206;0;
21357;2024.12.10 10:45;-28;-10.875;-200;-200;3248;206;0;
21358;2024.12.10 11:00;-28;-11.125;-200;-200;3248;206;0;
21359;2024.12.10 11:15;-28;-11.25;-200;-200;3248;206;0;
21360;2024.12.10 11:30;-28;-11.375;-200;-200;3248;206;0;
21361;2024.12.10 11:45;-28;-11.625;-200;-200;3248;206;0;
21362;2024.12.10 12:00;-28;-12;-200;-200;3248;206;0;
21363;2024.12.10 12:15;-28;-12;-200;-200;3248;206;0;
21364;2024.12.10 12:30;-28;-12;-200;-200;3248;206;0;
21365;2024.12.10 12:45;-28;-11.9375;-200;-200;3248;206;0;
21366;2024.12.10 13:00;-28;-11.75;-200;-200;3248;206;0;
21367;2024.12.10 13:15;-28;-11.75;-200;-200;3248;206;0;
21368;2024.12.10 13:30;-28;-12;-200;-200;3248;206;0;
21369;2024.12.10 13:45;-28;-12.125;-200;-200;3248;206;0;
21370;2024.12.10 14:00;-28;-12.375;-200;-200;3248;206;0;
21371;2024.12.10 14:15;-28;-12.5;-200;-200;3248;206;0;
21372;2024.12.10 14:30;-28;-12.5625;-200;-200;3248;206;0;
21373;2024.12.10 14:45;-28;-12.375;-200;-200;3248;206;0;
21374;2024.12.10 15:00;-28;-11.375;-200;-200;3248;206;0;
21375;2024.12.10 15:15;-28;-10.1875;-200;-200;3248;206;0;
21376;2024.12.10 15:30;-28;-9;-200;-200;3248;206;0;
21377;2024.12.10 15:45;-28;-8.625;-200;-200;3248;206;0;
21378;2024.12.10 16:00;-28;-8.375;-200;-200;3248;206;0;
21379;2024.12.10 16:15;-28;-8;-200;-200;3248;206;0;
21380;2024.12.10 16:30;-28;-7.75;-200;-200;3248;206;0;
21381;2024.12.10 16:45;-28;-6.8125;-200;-200;3248;206;0;
21382;2024.12.10 17:00;-28;-6.25;-200;-200;3248;206;0;
21383;2024.12.10 17:15;-28;-6.25;-200;-200;3248;206;0;
21384;2024.12.10 17:30;-28;-6.125;-200;-200;3248;206;0;
21385;2024.12.10 17:45;-28;-6.3125;-200;-200;3248;206;0;
21386;2024.12.10 18:00;-28;-5.6875;-200;-200;3249;206;0;
21387;2024.12.10 18:15;-28;-5.875;-200;-200;3249;206;0;
21388;2024.12.10 18:30;-28;-5.5;-200;-200;3249;206;0;
21389;2024.12.10 18:45;-28;-4.75;-200;-200;3249;206;0;
21390;2024.12.10 19:00;-28;-4.5;-200;-200;3249;206;0;
21391;2024.12.10 19:15;-28;-4.625;-200;-200;3249;206;0;
21392;2024.12.10 19:30;-28;-4.3125;-200;-200;3249;206;0;
21393;2024.12.10 19:45;-28;-3.75;-200;-200;3249;206;0;
21394;2024.12.10 20:00;-28;-1;-200;-200;3249;206;0;
21395;2024.12.10 20:15;-28;0.1875;-200;-200;3250;206;0;
21396;2024.12.10 20:30;-28;0.375;-200;-200;3250;206;0;
21397;2024.12.10 20:45;-28;-3;-200;-200;3249;206;0;
21398;2024.12.10 21:00;-28;-3.75;-200;-200;3249;206;0;
21399;2024.12.10 21:15;-28;-4;-200;-200;3249;206;0;
21400;2024.12.10 21:30;-28;-3.8125;-200;-200;3249;206;0;
21401;2024.12.10 21:45;-28;-3;-200;-200;3249;206;0;
21402;2024.12.10 22:00;-28;-4.4375;-200;-200;3249;206;0;
21403;2024.12.10 22:15;-28;-4.4375;-200;-200;3249;206;0;
21404;2024.12.10 22:30;-28;-4.5;-200;-200;3249;206;0;
21405;2024.12.10 22:45;-28;-4.75;-200;-200;3249;206;0;
21406;2024.12.10 23:00;-28;-5.3125;-200;-200;3249;206;0;
21407;2024.12.10 23:15;-28;-5.75;-200;-200;3249;206;0;
21408;2024.12.10 23:30;-28;-6.125;-200;-200;3249;206;0;
21409;2024.12.10 23:45;-28;-6.75;-200;-200;3249;206;0;
21410;2024.12.11 00:00;-28;-7.25;-200;-200;3249;206;0;
21411;2024.12.11 00:15;-28;-7.625;-200;-200;3249;206;0;
21412;2024.12.11 00:30;-28;-8;-200;-200;3248;206;0;
21413;2024.12.11 00:45;-28;-8.25;-200;-200;3248;206;0;
21414;2024.12.11 01:00;-28;-8.5625;-200;-200;3248;206;0;
21415;2024.12.11 01:15;-28;-8.75;-200;-200;3248;206;0;
21416;2024.12.11 01:30;-28;-8.875;-200;-200;3248;206;0;
21417;2024.12.11 01:45;-28;-9.375;-200;-200;3248;206;0;
21418;2024.12.11 02:00;-28;-9.625;-200;-200;3248;206;0;
21419;2024.12.11 02:15;-28;-9.8125;-200;-200;3248;206;0;
21420;2024.12.11 02:30;-28;-9.875;-200;-200;3248;206;0;
21421;2024.12.11 02:45;-28;-9.8125;-200;-200;3248;206;0;
21422;2024.12.11 03:00;-28;-10.25;-200;-200;3248;206;0;
21423;2024.12.11 03:15;-28;-10.4375;-200;-200;3248;206;0;
21424;2024.12.11 03:30;-28;-10.8125;-200;-200;3248;206;0;
21425;2024.12.11 03:45;-28;-10.75;-200;-200;3248;206;0;
21426;2024.12.11 04:00;-28;-10.5625;-200;-200;3248;206;0;
21427;2024.12.11 04:15;-28;-10.5;-200;-200;3248;206;0;
21428;2024.12.11 04:30;-28;-10.125;-200;-200;3248;206;0;
21429;2024.12.11 04:45;-28;-9.6875;-200;-200;3248;206;0;
21430;2024.12.11 05:00;-28;-9.375;-200;-200;3248;206;0;
21431;2024.12.11 05:15;-28;-9;-200;-200;3248;206;0;
21432;2024.12.11 05:30;-28;-9;-200;-200;3248;206;0;
21433;2024.12.11 05:45;-28;-9.625;-200;-200;3248;206;0;
21434;2024.12.11 06:00;-28;-10.375;-200;-200;3248;206;0;
21435;2024.12.11 06:15;-28;-10.25;-200;-200;3248;206;0;
21436;2024.12.11 06:30;-28;-11;-200;-200;3248;206;0;
21437;2024.12.11 06:45;-28;-10.9375;-200;-200;3248;206;0;
21438;2024.12.11 07:00;-28;-11.5625;-200;-200;3248;206;0;
21439;2024.12.11 07:15;-28;-11.5;-200;-200;3248;206;0;
21440;2024.12.11 07:30;-28;-11.8125;-200;-200;3248;206;0;
21441;2024.12.11 07:45;-28;-10.375;-200;-200;3248;206;0;
21442;2024.12.11 08:00;-28;-10.125;-200;-200;3248;206;0;
21443;2024.12.11 08:15;-28;-10.875;-200;-200;3248;206;0;
21444;2024.12.11 08:30;-28;-11;-200;-200;3248;206;0;
21445;2024.12.11 08:45;-28;-10.875;-200;-200;3248;206;0;
21446;2024.12.11 09:00;-28;-10.4375;-200;-200;3248;206;0;
21447;2024.12.11 09:15;-28;-10.25;-200;-200;3248;206;0;
21448;2024.12.11 09:30;-28;-10.125;-200;-200;3248;206;0;
21449;2024.12.11 09:45;-28;-10.375;-200;-200;3248;206;0;
21450;2024.12.11 10:00;-28;-10.25;-200;-200;3248;206;0;
21451;2024.12.11 10:15;-28;-10;-200;-200;3248;206;0;
21452;2024.12.11 10:30;-28;-9.625;-200;-200;3248;206;0;
21453;2024.12.11 10:45;-28;-10.125;-200;-200;3248;206;0;
21454;2024.12.11 11:00;-28;-10.5625;-200;-200;3248;206;0;
21455;2024.12.11 11:15;-28;-10.5625;-200;-200;3248;206;0;
21456;2024.12.11 11:30;-28;-10.625;-200;-200;3248;206;0;
21457;2024.12.11 11:45;-28;-10.5625;-200;-200;3248;206;0;
21458;2024.12.11 12:00;-28;-10.5;-200;-200;3248;206;0;
21459;2024.12.11 12:15;-28;-10.75;-200;-200;3248;206;0;
21460;2024.12.11 12:30;-28;-10.625;-200;-200;3248;206;0;
21461;2024.12.11 12:45;-28;-10.5;-200;-200;3248;206;0;
21462;2024.12.11 13:00;-28;-10.875;-200;-200;3248;206;0;
21463;2024.12.11 13:15;-28;-10.0625;-200;-200;3248;206;0;
21464;2024.12.11 13:30;-28;-10.125;-200;-200;3248;206;0;
21465;2024.12.11 13:45;-28;-9.625;-200;-200;3248;206;0;
21466;2024.12.11 14:00;-28;-9.25;-200;-200;3248;206;0;
21467;2024.12.11 14:15;-28;-9;-200;-200;3248;206;0;
21468;2024.12.11 14:30;-28;-8.875;-200;-200;3248;206;0;
21469;2024.12.11 14:45;-28;-8.5;-200;-200;3248;206;0;
21470;2024.12.11 15:00;-28;-7.5;-200;-200;3248;206;0;
21471;2024.12.11 15:15;-28;-6;-200;-200;3248;206;0;
21472;2024.12.11 15:30;-28;-4.75;-200;-200;3248;206;0;
21473;2024.12.11 15:45;-28;-4;-200;-200;3249;206;0;
21474;2024.12.11 16:00;-28;-3.625;-200;-200;3249;206;0;
21475;2024.12.11 16:15;-28;-3;-200;-200;3249;206;0;
21476;2024.12.11 16:30;-28;-2.375;-200;-200;3249;206;0;
21477;2024.12.11 16:45;-28;-1.75;-200;-200;3249;206;0;
21478;2024.12.11 17:00;-28;-0.9375;-200;-200;3249;206;0;
21479;2024.12.11 17:15;-28;-0.4375;-200;-200;3249;206;0;
21480;2024.12.11 17:30;-28;-0.5625;-200;-200;3249;206;0;
21481;2024.12.11 17:45;-28;-0.25;-200;-200;3249;206;0;
21482;2024.12.11 18:00;-28;0.875;-200;-200;3249;206;0;
21483;2024.12.11 18:15;-28;1;-200;-200;3249;206;0;
21484;2024.12.11 18:30;-28;1.375;-200;-200;3249;206;0;
21485;2024.12.11 18:45;-28;2.125;-200;-200;3249;206;0;
21486;2024.12.11 19:00;-28;2.125;-200;-200;3249;206;0;
21487;2024.12.11 19:15;-28;2;-200;-200;3249;206;0;
21488;2024.12.11 19:30;-28;2.5625;-200;-200;3249;206;0;
21489;2024.12.11 19:45;-28;3.0625;-200;-200;3250;206;0;
21490;2024.12.11 20:00;-28;4.25;-200;-200;3250;206;0;
21491;2024.12.11 20:15;-28;5.3125;-200;-200;3251;206;0;
21492;2024.12.11 20:30;-28;5.6875;-200;-200;3251;206;0;
21493;2024.12.11 20:45;-28;3.375;-200;-200;3250;206;0;
21494;2024.12.11 21:00;-28;2.625;-200;-200;3250;206;0;
21495;2024.12.11 21:15;-28;2.4375;-200;-200;3250;206;0;
21496;2024.12.11 21:30;-28;2.375;-200;-200;3250;206;0;
21497;2024.12.11 21:45;-28;2.625;-200;-200;3250;206;0;
21498;2024.12.11 22:00;-28;2.1875;-200;-200;3250;206;0;
21499;2024.12.11 22:15;-28;1.875;-200;-200;3250;206;0;
21500;2024.12.11 22:30;-28;1.625;-200;-200;3250;206;0;
21501;2024.12.11 22:45;-28;1.625;-200;-200;3250;206;0;
21502;2024.12.11 23:00;-28;0.6875;-200;-200;3250;206;0;
21503;2024.12.11 23:15;-28;-0.0625;-200;-200;3250;206;0;
21504;2024.12.11 23:30;-28;-0.75;-200;-200;3250;206;0;
21505;2024.12.11 23:45;-28;-1.6875;-200;-200;3250;206;0;
21633;2024.12.12 00:00;-28;-2.625;-200;-200;3249;206;0;
21634;2024.12.12 00:15;-28;-3;-200;-200;3249;206;0;
21635;2024.12.12 00:30;-28;-3.375;-200;-200;3249;206;0;
21636;2024.12.12 00:45;-28;-3.75;-200;-200;3249;206;0;
21637;2024.12.12 01:00;-28;-4.125;-200;-200;3249;206;0;
21638;2024.12.12 01:15;-28;-4.375;-200;-200;3249;206;0;
21639;2024.12.12 01:30;-28;-4.625;-200;-200;3249;206;0;
21640;2024.12.12 01:45;-28;-4.875;-200;-200;3249;206;0;
21641;2024.12.12 02:00;-28;-4.8125;-200;-200;3249;206;0;
21642;2024.12.12 02:15;-28;-4.8125;-200;-200;3249;206;0;
21643;2024.12.12 02:30;-28;-4.625;-200;-200;3249;206;0;
21644;2024.12.12 02:45;-28;-4.0625;-200;-200;3249;206;0;
21645;2024.12.12 03:00;-28;-3.125;-200;-200;3249;206;0;
21646;2024.12.12 03:15;-28;-2.375;-200;-200;3249;206;0;
21647;2024.12.12 03:30;-28;-2;-200;-200;3249;206;0;
21648;2024.12.12 03:45;-28;-1.75;-200;-200;3249;206;0;
21649;2024.12.12 04:00;-28;-1.5;-200;-200;3249;206;0;
21650;2024.12.12 04:15;-28;-2.25;-200;-200;3249;206;0;
21651;2024.12.12 04:30;-28;-2.5;-200;-200;3249;206;0;
21652;2024.12.12 04:45;-28;-3.1875;-200;-200;3249;206;0;
21653;2024.12.12 05:00;-28;-2.5;-200;-200;3249;206;0;
21654;2024.12.12 05:15;-28;-1.75;-200;-200;3249;206;0;
21655;2024.12.12 05:30;-28;-2;-200;-200;3249;206;0;
21656;2024.12.12 05:45;-28;-2.625;-200;-200;3249;206;0;
21657;2024.12.12 06:00;-28;-3.125;-200;-200;3249;206;0;
21658;2024.12.12 06:15;-28;-3;-200;-200;3249;206;0;
21659;2024.12.12 06:30;-28;-2.875;-200;-200;3249;206;0;
21660;2024.12.12 06:45;-28;-3;-200;-200;3249;206;0;
21661;2024.12.12 07:00;-28;-3;-200;-200;3249;206;0;
21662;2024.12.12 07:15;-28;-2.75;-200;-200;3249;206;0;
21663;2024.12.12 07:30;-28;-3.0625;-200;-200;3249;206;0;
21664;2024.12.12 07:45;-28;-3.375;-200;-200;3249;206;0;
21665;2024.12.12 08:00;-28;-2.25;-200;-200;3249;206;0;
21666;2024.12.12 08:15;-28;-2.875;-200;-200;3249;206;0;
21667;2024.12.12 08:30;-28;-3.25;-200;-200;3249;206;0;
21668;2024.12.12 08:45;-28;-3.625;-200;-200;3249;206;0;
21669;2024.12.12 09:00;-28;-3.5;-200;-200;3249;206;0;
21670;2024.12.12 09:15;-28;-3.875;-200;-200;3249;206;0;
21671;2024.12.12 09:30;-28;-4.25;-200;-200;3249;206;0;
21672;2024.12.12 09:45;-28;-4.375;-200;-200;3249;206;0;
21673;2024.12.12 10:00;-28;-4.125;-200;-200;3249;206;0;
21674;2024.12.12 10:15;-28;-3.75;-200;-200;3249;206;0;
21675;2024.12.12 10:30;-28;-3.5;-200;-200;3249;206;0;
21676;2024.12.12 10:45;-28;-3.625;-200;-200;3249;206;0;
21677;2024.12.12 11:00;-28;-4.25;-200;-200;3249;206;0;
21678;2024.12.12 11:15;-28;-4.25;-200;-200;3249;206;0;
21679;2024.12.12 11:30;-28;-4.625;-200;-200;3249;206;0;
21680;2024.12.12 11:45;-28;-5;-200;-200;3249;206;0;
21681;2024.12.12 12:00;-28;-5.4375;-200;-200;3249;206;0;
21682;2024.12.12 12:15;-28;-5.625;-200;-200;3249;206;0;
21683;2024.12.12 12:30;-28;-5.8125;-200;-200;3249;206;0;
21684;2024.12.12 12:45;-28;-5.875;-200;-200;3249;206;0;
21685;2024.12.12 13:00;-28;-5.875;-200;-200;3249;206;0;
21686;2024.12.12 13:15;-28;-5.875;-200;-200;3249;206;0;
21687;2024.12.12 13:30;-28;-5.75;-200;-200;3249;206;0;
21688;2024.12.12 13:45;-28;-5.1875;-200;-200;3249;206;0;
21689;2024.12.12 14:00;-28;-5.25;-200;-200;3249;206;0;
21690;2024.12.12 14:15;-28;-4.875;-200;-200;3249;206;0;
21691;2024.12.12 14:30;-28;-5.375;-200;-200;3249;206;0;
21692;2024.12.12 14:45;-28;-5.125;-200;-200;3249;206;0;
21693;2024.12.12 15:00;-28;-4.75;-200;-200;3249;206;0;
21694;2024.12.12 15:15;-28;-4.125;-200;-200;3249;206;0;
21695;2024.12.12 15:30;-28;-3.75;-200;-200;3249;206;0;
21696;2024.12.12 15:45;-28;-3.25;-200;-200;3249;206;0;
21697;2024.12.12 16:00;-28;-1.5;-200;-200;3249;206;0;
21698;2024.12.12 16:15;-28;0.125;-200;-200;3249;206;0;
21699;2024.12.12 16:30;-28;1.875;-200;-200;3249;206;0;
21700;2024.12.12 16:45;-28;2.375;-200;-200;3250;206;0;
21701;2024.12.12 17:00;-28;2.5;-200;-200;3249;206;0;
21702;2024.12.12 17:15;-28;3.1875;-200;-200;3250;206;0;
21703;2024.12.12 17:30;-28;3.4375;-200;-200;3250;206;0;
21704;2024.12.12 17:45;-28;3.75;-200;-200;3250;206;0;
21705;2024.12.12 18:00;-28;4.3125;-200;-200;3250;206;0;
21706;2024.12.12 18:15;-28;4.5;-200;-200;3250;206;0;
21707;2024.12.12 18:30;-28;4.75;-200;-200;3250;206;0;
21708;2024.12.12 18:45;-28;5.3125;-200;-200;3250;206;0;
21709;2024.12.12 19:00;-28;6.0625;-200;-200;3250;206;0;
21710;2024.12.12 19:15;-28;5.6875;-200;-200;3250;206;0;
21711;2024.12.12 19:30;-28;5.75;-200;-200;3250;206;0;
21712;2024.12.12 19:45;-28;6.25;-200;-200;3250;206;0;
21713;2024.12.12 20:00;-28;7.875;-200;-200;3251;206;0;
21714;2024.12.12 20:15;-28;11.75;-200;-200;3252;206;0;
21715;2024.12.12 20:30;-28;12.5625;-200;-200;3252;206;0;
21716;2024.12.12 20:45;-28;8.125;-200;-200;3251;206;0;
21717;2024.12.12 21:00;-28;6.3125;-200;-200;3251;206;0;
21718;2024.12.12 21:15;-28;5.125;-200;-200;3251;206;0;
21719;2024.12.12 21:30;-28;4.75;-200;-200;3251;206;0;
21720;2024.12.12 21:45;-28;5;-200;-200;3251;206;0;
21721;2024.12.12 22:00;-28;4.25;-200;-200;3251;206;0;
21722;2024.12.12 22:15;-28;4.125;-200;-200;3250;206;0;
21723;2024.12.12 22:30;-28;3.375;-200;-200;3250;206;0;
21724;2024.12.12 22:45;-28;2.625;-200;-200;3250;206;0;
21725;2024.12.12 23:00;-28;2.125;-200;-200;3250;206;0;
21726;2024.12.12 23:15;-28;1.75;-200;-200;3250;206;0;
21727;2024.12.12 23:30;-28;1.375;-200;-200;3250;206;0;
21728;2024.12.12 23:45;-28;0.875;-200;-200;3250;206;0;
21729;2024.12.13 00:00;-28;0.5625;-200;-200;3250;206;0;
21730;2024.12.13 00:15;-28;-0.0625;-200;-200;3249;206;0;
21731;2024.12.13 00:30;-28;-0.625;-200;-200;3249;206;0;
21732;2024.12.13 00:45;-28;-0.8125;-200;-200;3249;206;0;
21733;2024.12.13 01:00;-28;-1.25;-200;-200;3249;206;0;
21734;2024.12.13 01:15;-28;-1.5625;-200;-200;3249;206;0;
21735;2024.12.13 01:30;-28;-1.8125;-200;-200;3249;206;0;
21736;2024.12.13 01:45;-28;-2;-200;-200;3249;206;0;
21737;2024.12.13 02:00;-28;-2.25;-200;-200;3249;206;0;
21738;2024.12.13 02:15;-28;-2.625;-200;-200;3249;206;0;
21739;2024.12.13 02:30;-28;-2.5;-200;-200;3249;206;0;
21740;2024.12.13 02:45;-28;-2.9375;-200;-200;3249;206;0;
21741;2024.12.13 03:00;-28;-3.375;-200;-200;3249;206;0;
21742;2024.12.13 03:15;-28;-3.875;-200;-200;3249;206;0;
21743;2024.12.13 03:30;-28;-4.125;-200;-200;3249;206;0;
21744;2024.12.13 03:45;-28;-4.3125;-200;-200;3249;206;0;
21745;2024.12.13 04:00;-28;-4.4375;-200;-200;3249;206;0;
21746;2024.12.13 04:15;-28;-4.5625;-200;-200;3249;206;0;
21747;2024.12.13 04:30;-28;-5.0625;-200;-200;3249;206;0;
21748;2024.12.13 04:45;-28;-5.1875;-200;-200;3249;206;0;
21749;2024.12.13 05:00;-28;-5.125;-200;-200;3249;206;0;
21750;2024.12.13 05:15;-28;-5.375;-200;-200;3249;206;0;
21751;2024.12.13 05:30;-28;-5.25;-200;-200;3249;206;0;
21752;2024.12.13 05:45;-28;-5.125;-200;-200;3249;206;0;
21753;2024.12.13 06:00;-28;-4.9375;-200;-200;3249;206;0;
21754;2024.12.13 06:15;-28;-5.25;-200;-200;3249;206;0;
21755;2024.12.13 06:30;-28;-5.4375;-200;-200;3249;206;0;
21756;2024.12.13 06:45;-28;-5.625;-200;-200;3249;206;0;
21757;2024.12.13 07:00;-28;-5.8125;-200;-200;3248;206;0;
21758;2024.12.13 07:15;-28;-5.875;-200;-200;3249;206;0;
21759;2024.12.13 07:30;-28;-5.5625;-200;-200;3248;206;0;
21760;2024.12.13 07:45;-28;-5.6875;-200;-200;3248;206;0;
21761;2024.12.13 08:00;-28;-5.1875;-200;-200;3249;206;0;
21762;2024.12.13 08:15;-28;-4.0625;-200;-200;3249;206;0;
21763;2024.12.13 08:30;-28;-2.625;-200;-200;3249;206;0;
21764;2024.12.13 08:45;-28;-3.125;-200;-200;3249;206;0;
21765;2024.12.13 09:00;-28;-3.5625;-200;-200;3249;206;0;
21766;2024.12.13 09:15;-28;-2.875;-200;-200;3249;206;0;
21767;2024.12.13 09:30;-28;-2.375;-200;-200;3249;206;0;
21768;2024.12.13 09:45;-28;-3.125;-200;-200;3249;206;0;
21769;2024.12.13 10:00;-28;-3.625;-200;-200;3249;206;0;
21770;2024.12.13 10:15;-28;-3.3125;-200;-200;3249;206;0;
21771;2024.12.13 10:30;-28;-3.5;-200;-200;3249;206;0;
21772;2024.12.13 10:45;-28;-3.625;-200;-200;3249;206;0;
21773;2024.12.13 11:00;-28;-3.9375;-200;-200;3249;206;0;
21774;2024.12.13 11:15;-28;-3.25;-200;-200;3249;206;0;
21775;2024.12.13 11:30;-28;-3;-200;-200;3249;206;0;
21776;2024.12.13 11:45;-28;-3.1875;-200;-200;3249;206;0;
21777;2024.12.13 12:00;-28;-3.75;-200;-200;3249;206;0;
21778;2024.12.13 12:15;-28;-4.25;-200;-200;3249;206;0;
21779;2024.12.13 12:30;-28;-4.3125;-200;-200;3249;206;0;
21780;2024.12.13 12:45;-28;-4.8125;-200;-200;3249;206;0;
21781;2024.12.13 13:00;-28;-3.875;-200;-200;3249;206;0;
21782;2024.12.13 13:15;-28;-3.6875;-200;-200;3249;206;0;
21783;2024.12.13 13:30;-28;-3.25;-200;-200;3249;206;0;
21784;2024.12.13 13:45;-28;-3;-200;-200;3249;206;0;
21785;2024.12.13 14:00;-28;-3.125;-200;-200;3249;206;0;
21786;2024.12.13 14:15;-28;-3.1875;-200;-200;3249;206;0;
21787;2024.12.13 14:30;-28;-3.3125;-200;-200;3249;206;0;
21788;2024.12.13 14:45;-28;-3;-200;-200;3249;206;0;
21789;2024.12.13 15:00;-28;-2.625;-200;-200;3249;206;0;
21790;2024.12.13 15:15;-28;-2.375;-200;-200;3249;206;0;
21791;2024.12.13 15:30;-28;-2.125;-200;-200;3249;206;0;
21792;2024.12.13 15:45;-28;-1.75;-200;-200;3249;206;0;
21793;2024.12.13 16:00;-28;-1.375;-200;-200;3249;206;0;
21794;2024.12.13 16:15;-28;-1.1875;-200;-200;3249;206;0;
21795;2024.12.13 16:30;-28;-0.75;-200;-200;3249;206;0;
21796;2024.12.13 16:45;-28;-0.9375;-200;-200;3249;206;0;
21797;2024.12.13 17:00;-28;-0.125;-200;-200;3249;206;0;
21798;2024.12.13 17:15;-28;-0.125;-200;-200;3249;206;0;
21799;2024.12.13 17:30;-28;0.25;-200;-200;3249;206;0;
21800;2024.12.13 17:45;-28;0.75;-200;-200;3249;206;0;
21801;2024.12.13 18:00;-28;0.5625;-200;-200;3249;206;0;
21802;2024.12.13 18:15;-28;0.875;-200;-200;3249;206;0;
21803;2024.12.13 18:30;-28;1.25;-200;-200;3249;206;0;
21804;2024.12.13 18:45;-28;1.125;-200;-200;3249;206;0;
21805;2024.12.13 19:00;-28;0.9375;-200;-200;3249;206;0;
21806;2024.12.13 19:15;-28;0.9375;-200;-200;3249;206;0;
21807;2024.12.13 19:30;-28;0.875;-200;-200;3249;206;0;
21808;2024.12.13 19:45;-28;1.625;-200;-200;3249;206;0;
21809;2024.12.13 20:00;-28;3;-200;-200;3250;206;0;
21810;2024.12.13 20:15;-28;2.0625;-200;-200;3250;206;0;
21811;2024.12.13 20:30;-28;1.875;-200;-200;3249;206;0;
21812;2024.12.13 20:45;-28;0.375;-200;-200;3249;206;0;
21813;2024.12.13 21:00;-28;-0.125;-200;-200;3249;206;0;
21814;2024.12.13 21:15;-28;-0.5625;-200;-200;3249;206;0;
21815;2024.12.13 21:30;-28;0.3125;-200;-200;3249;206;0;
21816;2024.12.13 21:45;-28;0.625;-200;-200;3249;206;0;
21817;2024.12.13 22:00;-28;-0.5;-200;-200;3249;206;0;
21818;2024.12.13 22:15;-28;-0.75;-200;-200;3249;206;0;
21819;2024.12.13 22:30;-28;-0.625;-200;-200;3249;206;0;
21820;2024.12.13 22:45;-28;-0.5;-200;-200;3249;206;0;
21821;2024.12.13 23:00;-28;-1.25;-200;-200;3249;206;0;
21822;2024.12.13 23:15;-28;-1.875;-200;-200;3249;206;0;
21823;2024.12.13 23:30;-28;-2.125;-200;-200;3249;206;0;
21824;2024.12.13 23:45;-28;-2.5;-200;-200;3249;206;0;
21825;2024.12.14 00:00;-28;-2.75;-200;-200;3249;206;0;
21826;2024.12.14 00:15;-28;-3;-200;-200;3249;206;0;
21827;2024.12.14 00:30;-28;-3.25;-200;-200;3249;206;0;
21828;2024.12.14 00:45;-28;-3.5;-200;-200;3249;206;0;
21829;2024.12.14 01:00;-28;-3.5;-200;-200;3249;206;0;
21830;2024.12.14 01:15;-28;-3.75;-200;-200;3249;206;0;
21831;2024.12.14 01:30;-28;-3.625;-200;-200;3249;206;0;
21832;2024.12.14 01:45;-28;-4;-200;-200;3249;206;0;
21833;2024.12.14 02:00;-28;-4.25;-200;-200;3249;206;0;
21834;2024.12.14 02:15;-28;-4.375;-200;-200;3249;206;0;
21835;2024.12.14 02:30;-28;-4.3125;-200;-200;3249;206;0;
21836;2024.12.14 02:45;-28;-4.5;-200;-200;3249;206;0;
21837;2024.12.14 03:00;-28;-4.6875;-200;-200;3249;206;0;
21838;2024.12.14 03:15;-28;-4.25;-200;-200;3249;206;0;
21839;2024.12.14 03:30;-28;-3.75;-200;-200;3249;206;0;
21840;2024.12.14 03:45;-28;-3.6875;-200;-200;3249;206;0;
21841;2024.12.14 04:00;-28;-3.6875;-200;-200;3249;206;0;
21842;2024.12.14 04:15;-28;-3.5;-200;-200;3249;206;0;
21843;2024.12.14 04:30;-28;-3.25;-200;-200;3249;206;0;
21844;2024.12.14 04:45;-28;-3.375;-200;-200;3249;206;0;
21845;2024.12.14 05:00;-28;-3.5;-200;-200;3249;206;0;
21846;2024.12.14 05:15;-28;-3.75;-200;-200;3249;206;0;
21847;2024.12.14 05:30;-28;-4.375;-200;-200;3249;206;0;
21848;2024.12.14 05:45;-28;-4.875;-200;-200;3249;206;0;
21849;2024.12.14 06:00;-28;-5.125;-200;-200;3249;206;0;
21850;2024.12.14 06:15;-28;-5.5;-200;-200;3249;206;0;
21851;2024.12.14 06:30;-28;-5.875;-200;-200;3249;206;0;
21852;2024.12.14 06:45;-28;-6.5;-200;-200;3248;206;0;
21853;2024.12.14 07:00;-28;-5.75;-200;-200;3248;206;0;
21854;2024.12.14 07:15;-28;-4.125;-200;-200;3248;206;0;
21855;2024.12.14 07:30;-28;-3.375;-200;-200;3248;206;0;
21856;2024.12.14 07:45;-28;-3.375;-200;-200;3249;206;0;
21857;2024.12.14 08:00;-28;-3.625;-200;-200;3249;206;0;
21858;2024.12.14 08:15;-28;-4.625;-200;-200;3248;206;0;
21859;2024.12.14 08:30;-28;-5.125;-200;-200;3248;206;0;
21860;2024.12.14 08:45;-28;-5.875;-200;-200;3248;206;0;
21861;2024.12.14 09:00;-28;-6.625;-200;-200;3248;206;0;
21862;2024.12.14 09:15;-28;-7.125;-200;-200;3248;206;0;
21863;2024.12.14 09:30;-28;-7.375;-200;-200;3248;206;0;
21864;2024.12.14 09:45;-28;-7.625;-200;-200;3248;206;0;
21865;2024.12.14 10:00;-28;-7.8125;-200;-200;3248;206;0;
21866;2024.12.14 10:15;-28;-7.5625;-200;-200;3248;206;0;
21867;2024.12.14 10:30;-28;-7;-200;-200;3248;206;0;
21868;2024.12.14 10:45;-28;-7.125;-200;-200;3248;206;0;
21869;2024.12.14 11:00;-28;-7.125;-200;-200;3248;206;0;
21870;2024.12.14 11:15;-28;-6.75;-200;-200;3248;206;0;
21871;2024.12.14 11:30;-28;-6.375;-200;-200;3248;206;0;
21872;2024.12.14 11:45;-28;-6.125;-200;-200;3248;206;0;
21873;2024.12.14 12:00;-28;-5.875;-200;-200;3248;206;0;
21874;2024.12.14 12:15;-28;-6.0625;-200;-200;3248;206;0;
21875;2024.12.14 12:30;-28;-5.8125;-200;-200;3248;206;0;
21876;2024.12.14 12:45;-28;-5.875;-200;-200;3248;206;0;
21877;2024.12.14 13:00;-28;-6;-200;-200;3248;206;0;
21878;2024.12.14 13:15;-28;-5.875;-200;-200;3248;206;0;
21879;2024.12.14 13:30;-28;-5.625;-200;-200;3248;206;0;
21880;2024.12.14 13:45;-28;-6.0625;-200;-200;3248;206;0;
21881;2024.12.14 14:00;-28;-5.8125;-200;-200;3248;206;0;
21882;2024.12.14 14:15;-28;-5.3125;-200;-200;3248;206;0;
21883;2024.12.14 14:30;-28;-4.875;-200;-200;3248;206;0;
21884;2024.12.14 14:45;-28;-4.8125;-200;-200;3248;206;0;
21885;2024.12.14 15:00;-28;-4.25;-200;-200;3248;206;0;
21886;2024.12.14 15:15;-28;-3.625;-200;-200;3248;206;0;
21887;2024.12.14 15:30;-28;-1.875;-200;-200;3248;206;0;
21888;2024.12.14 15:45;-28;-0.9375;-200;-200;3249;206;0;
21889;2024.12.14 16:00;-28;0.0625;-200;-200;3249;206;0;
21890;2024.12.14 16:15;-28;1.0625;-200;-200;3249;206;0;
21891;2024.12.14 16:30;-28;2.25;-200;-200;3249;206;0;
21892;2024.12.14 16:45;-28;2.75;-200;-200;3249;206;0;
21893;2024.12.14 17:00;-28;3.5;-200;-200;3249;206;0;
21894;2024.12.14 17:15;-28;3.875;-200;-200;3249;206;0;
21895;2024.12.14 17:30;-28;3.625;-200;-200;3249;206;0;
21896;2024.12.14 17:45;-28;4.1875;-200;-200;3249;206;0;
21897;2024.12.14 18:00;-28;5;-200;-200;3249;206;0;
21898;2024.12.14 18:15;-28;5.5625;-200;-200;3250;206;0;
21899;2024.12.14 18:30;-28;5.875;-200;-200;3249;206;0;
21900;2024.12.14 18:45;-28;4.8125;-200;-200;3249;206;0;
21901;2024.12.14 19:00;-28;4.875;-200;-200;3250;206;0;
21902;2024.12.14 19:15;-28;4.875;-200;-200;3250;206;0;
21903;2024.12.14 19:30;-28;5.5;-200;-200;3250;206;0;
21904;2024.12.14 19:45;-28;6.25;-200;-200;3250;206;0;
21905;2024.12.14 20:00;-28;8.25;-200;-200;3250;206;0;
21906;2024.12.14 20:15;-28;9.75;-200;-200;3251;206;0;
21907;2024.12.14 20:30;-28;10.3125;-200;-200;3251;206;0;
21908;2024.12.14 20:45;-28;7.75;-200;-200;3251;206;0;
21909;2024.12.14 21:00;-28;6.375;-200;-200;3251;206;0;
21910;2024.12.14 21:15;-28;6.25;-200;-200;3250;206;0;
21911;2024.12.14 21:30;-28;6.25;-200;-200;3250;206;0;
21912;2024.12.14 21:45;-28;7.125;-200;-200;3251;206;0;
21913;2024.12.14 22:00;-28;6.375;-200;-200;3251;206;0;
21914;2024.12.14 22:15;-28;6;-200;-200;3250;206;0;
21915;2024.12.14 22:30;-28;5.625;-200;-200;3250;206;0;
21916;2024.12.14 22:45;-28;5.75;-200;-200;3250;206;0;
21917;2024.12.14 23:00;-28;4.875;-200;-200;3250;206;0;
21918;2024.12.14 23:15;-28;4.3125;-200;-200;3250;206;0;
21919;2024.12.14 23:30;-28;3.25;-200;-200;3250;206;0;
21920;2024.12.14 23:45;-28;2;-200;-200;3250;206;0;
21921;2024.12.15 00:00;-28;0.875;-200;-200;3250;206;0;
21922;2024.12.15 00:15;-28;0.375;-200;-200;3249;206;0;
21923;2024.12.15 00:30;-28;-0.375;-200;-200;3249;206;0;
21924;2024.12.15 00:45;-28;-0.6875;-200;-200;3249;206;0;
21925;2024.12.15 01:00;-28;-1.125;-200;-200;3249;206;0;
21926;2024.12.15 01:15;-28;-1.75;-200;-200;3249;206;0;
21927;2024.12.15 01:30;-28;-2.125;-200;-200;3249;206;0;
21928;2024.12.15 01:45;-28;-2.375;-200;-200;3249;206;0;
21929;2024.12.15 02:00;-28;-2.5;-200;-200;3249;206;0;
21930;2024.12.15 02:15;-28;-2.5;-200;-200;3249;206;0;
21931;2024.12.15 02:30;-28;-2.375;-200;-200;3249;206;0;
21932;2024.12.15 02:45;-28;-2.25;-200;-200;3249;206;0;
21933;2024.12.15 03:00;-28;-2.25;-200;-200;3249;206;0;
21934;2024.12.15 03:15;-28;-2.25;-200;-200;3249;206;0;
21935;2024.12.15 03:30;-28;-2.25;-200;-200;3249;206;0;
21936;2024.12.15 03:45;-28;-2.375;-200;-200;3249;206;0;
21937;2024.12.15 04:00;-28;-2.5;-200;-200;3249;206;0;
21938;2024.12.15 04:15;-28;-2.75;-200;-200;3249;206;0;
21939;2024.12.15 04:30;-28;-2.625;-200;-200;3249;206;0;
21940;2024.12.15 04:45;-28;-2.5;-200;-200;3249;206;0;
21941;2024.12.15 05:00;-28;-2.5;-200;-200;3249;206;0;
21942;2024.12.15 05:15;-28;-3.0625;-200;-200;3249;206;0;
21943;2024.12.15 05:30;-28;-3.25;-200;-200;3249;206;0;
21944;2024.12.15 05:45;-28;-3;-200;-200;3249;206;0;
21945;2024.12.15 06:00;-28;-3;-200;-200;3249;206;0;
21946;2024.12.15 06:15;-28;-3.125;-200;-200;3249;206;0;
21947;2024.12.15 06:30;-28;-3.3125;-200;-200;3249;206;0;
21948;2024.12.15 06:45;-28;-3.625;-200;-200;3249;206;0;
21949;2024.12.15 07:00;-28;-3.75;-200;-200;3249;206;0;
21950;2024.12.15 07:15;-28;-3.75;-200;-200;3249;206;0;
21951;2024.12.15 07:30;-28;-3.75;-200;-200;3249;206;0;
21952;2024.12.15 07:45;-28;-3.625;-200;-200;3249;206;0;
21953;2024.12.15 08:00;-28;-3.6875;-200;-200;3249;206;0;
21954;2024.12.15 08:15;-28;-3.625;-200;-200;3249;206;0;
21955;2024.12.15 08:30;-28;-3.5;-200;-200;3249;206;0;
21956;2024.12.15 08:45;-28;-3.5;-200;-200;3249;206;0;
21957;2024.12.15 09:00;-28;-3.625;-200;-200;3249;206;0;
21958;2024.12.15 09:15;-28;-3.75;-200;-200;3249;206;0;
21959;2024.12.15 09:30;-28;-3.625;-200;-200;3249;206;0;
21960;2024.12.15 09:45;-28;-3.875;-200;-200;3249;206;0;
21961;2024.12.15 10:00;-28;-2;-200;-200;3249;206;0;
21962;2024.12.15 10:15;-28;-1.5;-200;-200;3249;206;0;
21963;2024.12.15 10:30;-28;-1.75;-200;-200;3249;206;0;
21964;2024.12.15 10:45;-28;-2.125;-200;-200;3249;206;0;
21965;2024.12.15 11:00;-28;-2.125;-200;-200;3249;206;0;
21966;2024.12.15 11:15;-28;-2.1875;-200;-200;3249;206;0;
21967;2024.12.15 11:30;-28;-3;-200;-200;3249;206;0;
21968;2024.12.15 11:45;-28;-3.125;-200;-200;3249;206;0;
21969;2024.12.15 12:00;-28;-2.8125;-200;-200;3249;206;0;
21970;2024.12.15 12:15;-28;-3.25;-200;-200;3249;206;0;
21971;2024.12.15 12:30;-28;-3.75;-200;-200;3249;206;0;
21972;2024.12.15 12:45;-28;-3.75;-200;-200;3249;206;0;
21973;2024.12.15 13:00;-28;-3.375;-200;-200;3249;206;0;
21974;2024.12.15 13:15;-28;-3;-200;-200;3249;206;0;
21975;2024.12.15 13:30;-28;-3;-200;-200;3249;206;0;
21976;2024.12.15 13:45;-28;-2.5;-200;-200;3249;206;0;
21977;2024.12.15 14:00;-28;-2.125;-200;-200;3249;206;0;
21978;2024.12.15 14:15;-28;-2.4375;-200;-200;3249;206;0;
21979;2024.12.15 14:30;-28;-2.5;-200;-200;3249;206;0;
21980;2024.12.15 14:45;-28;-2;-200;-200;3249;206;0;
21981;2024.12.15 15:00;-28;-1;-200;-200;3249;206;0;
21982;2024.12.15 15:15;-28;0.125;-200;-200;3249;206;0;
21983;2024.12.15 15:30;-28;0.875;-200;-200;3249;206;0;
21984;2024.12.15 15:45;-28;1.5;-200;-200;3249;206;0;
21985;2024.12.15 16:00;-28;1.875;-200;-200;3249;206;0;
21986;2024.12.15 16:15;-28;2.25;-200;-200;3249;206;0;
21987;2024.12.15 16:30;-28;2.4375;-200;-200;3249;206;0;
21988;2024.12.15 16:45;-28;2.5;-200;-200;3249;206;0;
21989;2024.12.15 17:00;-28;2.875;-200;-200;3249;206;0;
21990;2024.12.15 17:15;-28;3;-200;-200;3249;206;0;
21991;2024.12.15 17:30;-28;3.25;-200;-200;3249;206;0;
21992;2024.12.15 17:45;-28;3.375;-200;-200;3249;206;0;
21993;2024.12.15 18:00;-28;3.9375;-200;-200;3249;206;0;
21994;2024.12.15 18:15;-28;3.8125;-200;-200;3249;206;0;
21995;2024.12.15 18:30;-28;4.25;-200;-200;3249;206;0;
21996;2024.12.15 18:45;-28;4.875;-200;-200;3249;206;0;
21997;2024.12.15 19:00;-28;5;-200;-200;3249;206;0;
21998;2024.12.15 19:15;-28;4.875;-200;-200;3249;206;0;
21999;2024.12.15 19:30;-28;5;-200;-200;3249;206;0;
22000;2024.12.15 19:45;-28;5.1875;-200;-200;3249;206;0;
22001;2024.12.15 20:00;-28;7.375;-200;-200;3250;206;0;
22002;2024.12.15 20:15;-28;10;-200;-200;3251;206;0;
22003;2024.12.15 20:30;-28;9.375;-200;-200;3251;206;0;
22004;2024.12.15 20:45;-28;6.5625;-200;-200;3250;206;0;
22005;2024.12.15 21:00;-28;4.5;-200;-200;3250;206;0;
22006;2024.12.15 21:15;-28;4.25;-200;-200;3250;206;0;
22007;2024.12.15 21:30;-28;4.75;-200;-200;3250;206;0;
22008;2024.12.15 21:45;-28;4.8125;-200;-200;3250;206;0;
22009;2024.12.15 22:00;-28;4.25;-200;-200;3250;206;0;
22010;2024.12.15 22:15;-28;3.625;-200;-200;3250;206;0;
22011;2024.12.15 22:30;-28;3.375;-200;-200;3250;206;0;
22012;2024.12.15 22:45;-28;3;-200;-200;3250;206;0;
22013;2024.12.15 23:00;-28;2.8125;-200;-200;3250;206;0;
22014;2024.12.15 23:15;-28;2.4375;-200;-200;3250;206;0;
22015;2024.12.15 23:30;-28;1.9375;-200;-200;3249;206;0;
22016;2024.12.15 23:45;-28;1.125;-200;-200;3249;206;0;
22017;2024.12.16 00:00;-28;-0.25;-200;-200;3249;206;0;
22018;2024.12.16 00:15;-28;-1.125;-200;-200;3249;206;0;
22019;2024.12.16 00:30;-28;-1.875;-200;-200;3249;206;0;
22020;2024.12.16 00:45;-28;-2.625;-200;-200;3249;206;0;
22021;2024.12.16 01:00;-28;-2.625;-200;-200;3249;206;0;
22022;2024.12.16 01:15;-28;-2.625;-200;-200;3249;206;0;
22023;2024.12.16 01:30;-28;-1.875;-200;-200;3249;206;0;
22024;2024.12.16 01:45;-28;-1.5625;-200;-200;3249;206;0;
22025;2024.12.16 02:00;-28;-1.625;-200;-200;3249;206;0;
22026;2024.12.16 02:15;-28;-1.5625;-200;-200;3249;206;0;
22027;2024.12.16 02:30;-28;-1.75;-200;-200;3249;206;0;
22028;2024.12.16 02:45;-28;-1.375;-200;-200;3249;206;0;
22029;2024.12.16 03:00;-28;-0.625;-200;-200;3249;206;0;
22030;2024.12.16 03:15;-28;-1;-200;-200;3249;206;0;
22031;2024.12.16 03:30;-28;-1.125;-200;-200;3249;206;0;
22032;2024.12.16 03:45;-28;-1.25;-200;-200;3249;206;0;
22033;2024.12.16 04:00;-28;-2.125;-200;-200;3249;206;0;
22034;2024.12.16 04:15;-28;-2.8125;-200;-200;3249;206;0;
22035;2024.12.16 04:30;-28;-3.5625;-200;-200;3249;206;0;
22036;2024.12.16 04:45;-28;-4.125;-200;-200;3248;206;0;
22037;2024.12.16 05:00;-28;-3.5;-200;-200;3249;206;0;
22038;2024.12.16 05:15;-28;-4.1875;-200;-200;3249;206;0;
22039;2024.12.16 05:30;-28;-4;-200;-200;3248;206;0;
22040;2024.12.16 05:45;-28;-3.5;-200;-200;3248;206;0;
22041;2024.12.16 06:00;-28;-3.5;-200;-200;3248;206;0;
22042;2024.12.16 06:15;-28;-3.625;-200;-200;3248;206;0;
22043;2024.12.16 06:30;-28;-3.9375;-200;-200;3248;206;0;
22044;2024.12.16 06:45;-28;-4.375;-200;-200;3249;206;0;
22045;2024.12.16 07:00;-28;-4.4375;-200;-200;3248;206;0;
22046;2024.12.16 07:15;-28;-4.0625;-200;-200;3248;206;0;
22047;2024.12.16 07:30;-28;-4.25;-200;-200;3248;206;0;
22048;2024.12.16 07:45;-28;-4.25;-200;-200;3248;206;0;
22049;2024.12.16 08:00;-28;-4.25;-200;-200;3248;206;0;
22050;2024.12.16 08:15;-28;-4.3125;-200;-200;3248;206;0;
22051;2024.12.16 08:30;-28;-4.375;-200;-200;3248;206;0;
22052;2024.12.16 08:45;-28;-4.6875;-200;-200;3248;206;0;
22053;2024.12.16 09:00;-28;-5.0625;-200;-200;3248;206;0;
22054;2024.12.16 09:15;-28;-5.1875;-200;-200;3248;206;0;
22055;2024.12.16 09:30;-28;-4.75;-200;-200;3248;206;0;
22056;2024.12.16 09:45;-28;-4.6875;-200;-200;3248;206;0;
22057;2024.12.16 10:00;-28;-4.25;-200;-200;3248;206;0;
22058;2024.12.16 10:15;-28;-4.625;-200;-200;3248;206;0;
22059;2024.12.16 10:30;-28;-4.5;-200;-200;3248;206;0;
22060;2024.12.16 10:45;-28;-3.6875;-200;-200;3248;206;0;
22061;2024.12.16 11:00;-28;-3.75;-200;-200;3249;206;0;
22062;2024.12.16 11:15;-28;-4;-200;-200;3248;206;0;
22063;2024.12.16 11:30;-28;-3.875;-200;-200;3248;206;0;
22064;2024.12.16 11:45;-28;-5;-200;-200;3248;206;0;
22065;2024.12.16 12:00;-28;-5.375;-200;-200;3248;206;0;
22066;2024.12.16 12:15;-28;-5.0625;-200;-200;3248;206;0;
22067;2024.12.16 12:30;-28;-5.625;-200;-200;3248;206;0;
22068;2024.12.16 12:45;-28;-5.375;-200;-200;3248;206;0;
22069;2024.12.16 13:00;-28;-5.6875;-200;-200;3248;206;0;
22070;2024.12.16 13:15;-28;-5.625;-200;-200;3248;206;0;
22071;2024.12.16 13:30;-28;-4.875;-200;-200;3248;206;0;
22072;2024.12.16 13:45;-28;-4.875;-200;-200;3248;206;0;
22073;2024.12.16 14:00;-28;-5.25;-200;-200;3248;206;0;
22074;2024.12.16 14:15;-28;-5.375;-200;-200;3248;206;0;
22075;2024.12.16 14:30;-28;-5.375;-200;-200;3248;206;0;
22076;2024.12.16 14:45;-28;-4.75;-200;-200;3248;206;0;
22077;2024.12.16 15:00;-28;-3.875;-200;-200;3248;206;0;
22078;2024.12.16 15:15;-28;-3.3125;-200;-200;3248;206;0;
22079;2024.12.16 15:30;-28;-1.75;-200;-200;3248;206;0;
22080;2024.12.16 15:45;-28;-0.75;-200;-200;3248;206;0;
22081;2024.12.16 16:00;-28;0.5;-200;-200;3249;206;0;
22082;2024.12.16 16:15;-28;1.8125;-200;-200;3249;206;0;
22083;2024.12.16 16:30;-28;2.6875;-200;-200;3249;206;0;
22084;2024.12.16 16:45;-28;3.8125;-200;-200;3249;206;0;
22085;2024.12.16 17:00;-28;4.4375;-200;-200;3249;206;0;
22086;2024.12.16 17:15;-28;4.75;-200;-200;3249;206;0;
22087;2024.12.16 17:30;-28;5;-200;-200;3249;206;0;
22088;2024.12.16 17:45;-28;5.5;-200;-200;3249;206;0;
22089;2024.12.16 18:00;-28;6.25;-200;-200;3249;206;0;
22090;2024.12.16 18:15;-28;6.5;-200;-200;3249;206;0;
22091;2024.12.16 18:30;-28;6.5;-200;-200;3249;206;0;
22092;2024.12.16 18:45;-28;7.3125;-200;-200;3250;206;0;
22093;2024.12.16 19:00;-28;7.625;-200;-200;3250;206;0;
22094;2024.12.16 19:15;-28;7.6875;-200;-200;3250;206;0;
22095;2024.12.16 19:30;-28;8;-200;-200;3250;206;0;
22096;2024.12.16 19:45;-28;9;-200;-200;3250;206;0;
22097;2024.12.16 20:00;-28;10.25;-200;-200;3251;206;0;
22098;2024.12.16 20:15;-28;11.1875;-200;-200;3251;206;0;
22099;2024.12.16 20:30;-28;10.25;-200;-200;3251;206;0;
22100;2024.12.16 20:45;-28;8.375;-200;-200;3251;206;0;
22101;2024.12.16 21:00;-28;7.8125;-200;-200;3251;206;0;
22102;2024.12.16 21:15;-28;7.5;-200;-200;3250;206;0;
22103;2024.12.16 21:30;-28;7.5625;-200;-200;3250;206;0;
22104;2024.12.16 21:45;-28;8.125;-200;-200;3250;206;0;
22105;2024.12.16 22:00;-28;7.5;-200;-200;3251;206;0;
22106;2024.12.16 22:15;-28;7.125;-200;-200;3251;206;0;
22107;2024.12.16 22:30;-28;6.625;-200;-200;3250;206;0;
22108;2024.12.16 22:45;-28;6.5;-200;-200;3250;206;0;
22109;2024.12.16 23:00;-28;5.5;-200;-200;3250;206;0;
22110;2024.12.16 23:15;-28;4.5;-200;-200;3250;206;0;
22111;2024.12.16 23:30;-28;3.25;-200;-200;3249;206;0;
22112;2024.12.16 23:45;-28;1.9375;-200;-200;3249;206;0;
22113;2024.12.17 00:00;-28;0.75;-200;-200;3249;206;0;
22114;2024.12.17 00:15;-28;-0.375;-200;-200;3248;206;0;
22115;2024.12.17 00:30;-28;-1.3125;-200;-200;3248;206;0;
22116;2024.12.17 00:45;-28;-2;-200;-200;3248;206;0;
22117;2024.12.17 01:00;-28;-2.25;-200;-200;3248;206;0;
22118;2024.12.17 01:15;-28;-2.375;-200;-200;3248;206;0;
22119;2024.12.17 01:30;-28;-2.625;-200;-200;3247;206;0;
22120;2024.12.17 01:45;-28;-2.6875;-200;-200;3247;206;0;
22121;2024.12.17 02:00;-28;-2.8125;-200;-200;3247;206;0;
22122;2024.12.17 02:15;-28;-3.0625;-200;-200;3247;206;0;
22123;2024.12.17 02:30;-28;-3.25;-200;-200;3247;206;0;
22124;2024.12.17 02:45;-28;-3.5;-200;-200;3247;206;0;
22125;2024.12.17 03:00;-28;-3.5625;-200;-200;3247;206;0;
22126;2024.12.17 03:15;-28;-3.625;-200;-200;3247;206;0;
22127;2024.12.17 03:30;-28;-3.75;-200;-200;3247;206;0;
22128;2024.12.17 03:45;-28;-3.75;-200;-200;3247;206;0;
22129;2024.12.17 04:00;-28;-3.875;-200;-200;3247;206;0;
22130;2024.12.17 04:15;-28;-3.875;-200;-200;3247;206;0;
22131;2024.12.17 04:30;-28;-3.75;-200;-200;3247;206;0;
22132;2024.12.17 04:45;-28;-3.875;-200;-200;3247;206;0;
22133;2024.12.17 05:00;-28;-3.875;-200;-200;3247;206;0;
22134;2024.12.17 05:15;-28;-3.75;-200;-200;3247;206;0;
22135;2024.12.17 05:30;-28;-3.625;-200;-200;3247;206;0;
22136;2024.12.17 05:45;-28;-3.375;-200;-200;3247;206;0;
22137;2024.12.17 06:00;-28;-2.75;-200;-200;3247;206;0;
22138;2024.12.17 06:15;-28;-2.375;-200;-200;3247;206;0;
22139;2024.12.17 06:30;-28;-2.25;-200;-200;3247;206;0;
22140;2024.12.17 06:45;-28;-1.625;-200;-200;3247;206;0;
22141;2024.12.17 07:00;-28;-1.6875;-200;-200;3247;206;0;
22142;2024.12.17 07:15;-28;-1.8125;-200;-200;3246;206;0;
22143;2024.12.17 07:30;-28;-1.6875;-200;-200;3246;206;0;
22144;2024.12.17 07:45;-28;-1.625;-200;-200;3246;206;0;
22145;2024.12.17 08:00;-28;-2.375;-200;-200;3246;206;0;
22146;2024.12.17 08:15;-28;-2.0625;-200;-200;3246;206;0;
22147;2024.12.17 08:30;-28;-2.125;-200;-200;3246;206;0;
22148;2024.12.17 08:45;-28;-2.5;-200;-200;3246;206;0;
22149;2024.12.17 09:00;-28;-2.1875;-200;-200;3246;206;0;
22150;2024.12.17 09:15;-28;-2.25;-200;-200;3246;206;0;
22151;2024.12.17 09:30;-28;-2.8125;-200;-200;3246;206;0;
22152;2024.12.17 09:45;-28;-2.9375;-200;-200;3246;206;0;
22153;2024.12.17 10:00;-28;-3.0625;-200;-200;3246;206;0;
22154;2024.12.17 10:15;-28;-3.3125;-200;-200;3246;206;0;
22155;2024.12.17 10:30;-28;-3.25;-200;-200;3246;206;0;
22156;2024.12.17 10:45;-28;-3.5625;-200;-200;3246;206;0;
22157;2024.12.17 11:00;-28;-3.875;-200;-200;3246;206;0;
22158;2024.12.17 11:15;-28;-4;-200;-200;3246;206;0;
22159;2024.12.17 11:30;-28;-4.125;-200;-200;3246;206;0;
22160;2024.12.17 11:45;-28;-4.3125;-200;-200;3246;206;0;
22161;2024.12.17 12:00;-28;-4.25;-200;-200;3246;206;0;
22162;2024.12.17 12:15;-28;-4.25;-200;-200;3246;206;0;
22163;2024.12.17 12:30;-28;-4.25;-200;-200;3246;206;0;
22164;2024.12.17 12:45;-28;-4.75;-200;-200;3246;206;0;
22165;2024.12.17 13:00;-28;-4.9375;-200;-200;3246;206;0;
22166;2024.12.17 13:15;-28;-5;-200;-200;3246;206;0;
22167;2024.12.17 13:30;-28;-5.125;-200;-200;3246;206;0;
22168;2024.12.17 13:45;-28;-4.625;-200;-200;3246;206;0;
22169;2024.12.17 14:00;-28;-4.375;-200;-200;3246;206;0;
22170;2024.12.17 14:15;-28;-4.125;-200;-200;3246;206;0;
22171;2024.12.17 14:30;-28;-3.5;-200;-200;3246;206;0;
22172;2024.12.17 14:45;-28;-3.3125;-200;-200;3246;206;0;
22173;2024.12.17 15:00;-28;-2.625;-200;-200;3246;206;0;
22174;2024.12.17 15:15;-28;-1.25;-200;-200;3246;206;0;
22175;2024.12.17 15:30;-28;-0.25;-200;-200;3246;206;0;
22176;2024.12.17 15:45;-28;0.4375;-200;-200;3246;206;0;
22177;2024.12.17 16:00;-28;1;-200;-200;3246;206;0;
22178;2024.12.17 16:15;-28;2.1875;-200;-200;3246;206;0;
22179;2024.12.17 16:30;-28;2.625;-200;-200;3247;206;0;
22180;2024.12.17 16:45;-28;3.25;-200;-200;3247;206;0;
22181;2024.12.17 17:00;-28;4.125;-200;-200;3247;206;0;
22182;2024.12.17 17:15;-28;4.125;-200;-200;3247;206;0;
22183;2024.12.17 17:30;-28;4.75;-200;-200;3247;206;0;
22184;2024.12.17 17:45;-28;4.625;-200;-200;3247;206;0;
22185;2024.12.17 18:00;-28;5.4375;-200;-200;3247;206;0;
22186;2024.12.17 18:15;-28;5.375;-200;-200;3247;206;0;
22187;2024.12.17 18:30;-28;5.75;-200;-200;3247;206;0;
22188;2024.12.17 18:45;-28;6.4375;-200;-200;3247;206;0;
22189;2024.12.17 19:00;-28;6.75;-200;-200;3247;206;0;
22190;2024.12.17 19:15;-28;6.875;-200;-200;3247;206;0;
22191;2024.12.17 19:30;-28;7;-200;-200;3248;206;0;
22192;2024.12.17 19:45;-28;5.9375;-200;-200;3248;206;0;
22193;2024.12.17 20:00;-28;6.75;-200;-200;3248;206;0;
22194;2024.12.17 20:15;-28;7.3125;-200;-200;3248;206;0;
22195;2024.12.17 20:30;-28;8.875;-200;-200;3248;206;0;
22196;2024.12.17 20:45;-28;7.875;-200;-200;3248;206;0;
22197;2024.12.17 21:00;-28;6.4375;-200;-200;3248;206;0;
22198;2024.12.17 21:15;-28;6.25;-200;-200;3248;206;0;
22199;2024.12.17 21:30;-28;6.125;-200;-200;3248;206;0;
22200;2024.12.17 21:45;-28;6.3125;-200;-200;3247;206;0;
22201;2024.12.17 22:00;-28;5.875;-200;-200;3247;206;0;
22202;2024.12.17 22:15;-28;5.5;-200;-200;3247;206;0;
22203;2024.12.17 22:30;-28;5.5;-200;-200;3247;206;0;
22204;2024.12.17 22:45;-28;5;-200;-200;3247;206;0;
22205;2024.12.17 23:00;-28;4.3125;-200;-200;3247;206;0;
22206;2024.12.17 23:15;-28;3.5625;-200;-200;3247;206;0;
22207;2024.12.17 23:30;-28;2.875;-200;-200;3247;206;0;
22208;2024.12.17 23:45;-28;2.25;-200;-200;3246;206;0;
22209;2024.12.18 00:00;-28;1.875;-200;-200;3246;206;0;
22210;2024.12.18 00:15;-28;0.875;-200;-200;3246;206;0;
22211;2024.12.18 00:30;-28;0.0625;-200;-200;3245;206;0;
22212;2024.12.18 00:45;-28;-0.25;-200;-200;3245;206;0;
22213;2024.12.18 01:00;-28;-0.6875;-200;-200;3245;206;0;
22214;2024.12.18 01:15;-28;-0.875;-200;-200;3245;206;0;
22215;2024.12.18 01:30;-28;-0.75;-200;-200;3245;206;0;
22216;2024.12.18 01:45;-28;-1.1875;-200;-200;3245;206;0;
22217;2024.12.18 02:00;-28;-1.625;-200;-200;3245;206;0;
22218;2024.12.18 02:15;-28;-2.375;-200;-200;3244;206;0;
22219;2024.12.18 02:30;-28;-2.4375;-200;-200;3244;206;0;
22220;2024.12.18 02:45;-28;-2.8125;-200;-200;3244;206;0;
22221;2024.12.18 03:00;-28;-2.375;-200;-200;3244;206;0;
22222;2024.12.18 03:15;-28;-2.75;-200;-200;3244;206;0;
22223;2024.12.18 03:30;-28;-2.8125;-200;-200;3244;206;0;
22224;2024.12.18 03:45;-28;-3.125;-200;-200;3244;206;0;
22225;2024.12.18 04:00;-28;-2.875;-200;-200;3244;206;0;
22226;2024.12.18 04:15;-28;-3.125;-200;-200;3244;206;0;
22227;2024.12.18 04:30;-28;-2;-200;-200;3244;206;0;
22228;2024.12.18 04:45;-28;-2.25;-200;-200;3244;206;0;
22229;2024.12.18 05:00;-28;-2;-200;-200;3244;206;0;
22230;2024.12.18 05:15;-28;-2.5;-200;-200;3244;206;0;
22231;2024.12.18 05:30;-28;-2.75;-200;-200;3244;206;0;
22232;2024.12.18 05:45;-28;-2.9375;-200;-200;3244;206;0;
22233;2024.12.18 06:00;-28;-3.375;-200;-200;3244;206;0;
22234;2024.12.18 06:15;-28;-3.375;-200;-200;3244;206;0;
22235;2024.12.18 06:30;-28;-3.1875;-200;-200;3244;206;0;
22236;2024.12.18 06:45;-28;-3.625;-200;-200;3244;206;0;
22237;2024.12.18 07:00;-28;-3.625;-200;-200;3244;206;0;
22238;2024.12.18 07:15;-28;-3.9375;-200;-200;3244;206;0;
22239;2024.12.18 07:30;-28;-3.6875;-200;-200;3244;206;0;
22240;2024.12.18 07:45;-28;-3.375;-200;-200;3244;206;0;
22241;2024.12.18 08:00;-28;-3.625;-200;-200;3244;206;0;
22242;2024.12.18 08:15;-28;-3.25;-200;-200;3244;206;0;
22243;2024.12.18 08:30;-28;-3.5;-200;-200;3244;206;0;
22244;2024.12.18 08:45;-28;-3.6875;-200;-200;3244;206;0;
22245;2024.12.18 09:00;-28;-4;-200;-200;3244;206;0;
22246;2024.12.18 09:15;-28;-4.1875;-200;-200;3244;206;0;
22247;2024.12.18 09:30;-28;-4.625;-200;-200;3244;206;0;
22248;2024.12.18 09:45;-28;-5;-200;-200;3243;206;0;
22249;2024.12.18 10:00;-28;-5.0625;-200;-200;3244;206;0;
22250;2024.12.18 10:15;-28;-5;-200;-200;3243;206;0;
22251;2024.12.18 10:30;-28;-5.375;-200;-200;3243;206;0;
22252;2024.12.18 10:45;-28;-5.5;-200;-200;3243;206;0;
22253;2024.12.18 11:00;-28;-5.5;-200;-200;3243;206;0;
22254;2024.12.18 11:15;-28;-5.75;-200;-200;3243;206;0;
22255;2024.12.18 11:30;-28;-5.625;-200;-200;3243;206;0;
22256;2024.12.18 11:45;-28;-5.875;-200;-200;3243;206;0;
22257;2024.12.18 12:00;-28;-6.0625;-200;-200;3243;206;0;
22258;2024.12.18 12:15;-28;-6.1875;-200;-200;3243;206;0;
22259;2024.12.18 12:30;-28;-6.3125;-200;-200;3243;206;0;
22260;2024.12.18 12:45;-28;-6.25;-200;-200;3243;206;0;
22261;2024.12.18 13:00;-28;-6.625;-200;-200;3243;206;0;
22262;2024.12.18 13:15;-28;-6.5;-200;-200;3243;206;0;
22263;2024.12.18 13:30;-28;-6.375;-200;-200;3243;206;0;
22264;2024.12.18 13:45;-28;-5.5625;-200;-200;3243;206;0;
22265;2024.12.18 14:00;-28;-6.125;-200;-200;3243;206;0;
22266;2024.12.18 14:15;-28;-6.375;-200;-200;3243;206;0;
22267;2024.12.18 14:30;-28;-6.3125;-200;-200;3243;206;0;
22268;2024.12.18 14:45;-28;-5.875;-200;-200;3243;206;0;
22269;2024.12.18 15:00;-28;-5.25;-200;-200;3243;206;0;
22270;2024.12.18 15:15;-28;-4.25;-200;-200;3243;206;0;
22271;2024.12.18 15:30;-28;-3.375;-200;-200;3243;206;0;
22272;2024.12.18 15:45;-28;-2.75;-200;-200;3244;206;0;
22273;2024.12.18 16:00;-28;-1.9375;-200;-200;3244;206;0;
22274;2024.12.18 16:15;-28;-0.5;-200;-200;3244;206;0;
22275;2024.12.18 16:30;-28;0.25;-200;-200;3244;206;0;
22276;2024.12.18 16:45;-28;1.25;-200;-200;3244;206;0;
22277;2024.12.18 17:00;-28;2.125;-200;-200;3245;206;0;
22278;2024.12.18 17:15;-28;2.75;-200;-200;3244;206;0;
22279;2024.12.18 17:30;-28;3.25;-200;-200;3245;206;0;
22280;2024.12.18 17:45;-28;3.875;-200;-200;3245;206;0;
22281;2024.12.18 18:00;-28;4.5;-200;-200;3245;206;0;
22282;2024.12.18 18:15;-28;4.25;-200;-200;3245;206;0;
22283;2024.12.18 18:30;-28;3.5;-200;-200;3245;206;0;
22284;2024.12.18 18:45;-28;4.9375;-200;-200;3245;206;0;
22285;2024.12.18 19:00;-28;5.875;-200;-200;3245;206;0;
22286;2024.12.18 19:15;-28;6.375;-200;-200;3246;206;0;
22287;2024.12.18 19:30;-28;6.625;-200;-200;3246;206;0;
22288;2024.12.18 19:45;-28;6.625;-200;-200;3246;206;0;
22289;2024.12.18 20:00;-28;7.875;-200;-200;3246;206;0;
22290;2024.12.18 20:15;-28;8.875;-200;-200;3247;206;0;
22291;2024.12.18 20:30;-28;10.25;-200;-200;3247;206;0;
22292;2024.12.18 20:45;-28;8.125;-200;-200;3247;206;0;
22293;2024.12.18 21:00;-28;5.625;-200;-200;3246;206;0;
22294;2024.12.18 21:15;-28;5.125;-200;-200;3245;206;0;
22295;2024.12.18 21:30;-28;5;-200;-200;3245;206;0;
22296;2024.12.18 21:45;-28;5.5;-200;-200;3245;206;0;
22297;2024.12.18 22:00;-28;5.1875;-200;-200;3245;206;0;
22298;2024.12.18 22:15;-28;4.5;-200;-200;3245;206;0;
22299;2024.12.18 22:30;-28;4.125;-200;-200;3245;206;0;
22300;2024.12.18 22:45;-28;4.25;-200;-200;3245;206;0;
22301;2024.12.18 23:00;-28;3.4375;-200;-200;3245;206;0;
22302;2024.12.18 23:15;-28;2.125;-200;-200;3244;206;0;
22303;2024.12.18 23:30;-28;1.25;-200;-200;3244;206;0;
22304;2024.12.18 23:45;-28;0.1875;-200;-200;3244;206;0;
22305;2024.12.19 00:00;-28;-0.375;-200;-200;3244;206;0;
22306;2024.12.19 00:15;-28;-1.0625;-200;-200;3243;206;0;
22307;2024.12.19 00:30;-28;-1.625;-200;-200;3243;206;0;
22308;2024.12.19 00:45;-28;-1.9375;-200;-200;3243;206;0;
22309;2024.12.19 01:00;-28;-1.875;-200;-200;3243;206;0;
22310;2024.12.19 01:15;-28;-1.75;-200;-200;3243;206;0;
22311;2024.12.19 01:30;-28;-2.25;-200;-200;3243;206;0;
22312;2024.12.19 01:45;-28;-2.5625;-200;-200;3243;206;0;
22313;2024.12.19 02:00;-28;-2.5625;-200;-200;3243;206;0;
22314;2024.12.19 02:15;-28;-1.875;-200;-200;3243;206;0;
22315;2024.12.19 02:30;-28;-1.75;-200;-200;3243;206;0;
22316;2024.12.19 02:45;-28;-2.1875;-200;-200;3243;206;0;
22317;2024.12.19 03:00;-28;-2.125;-200;-200;3243;206;0;
22318;2024.12.19 03:15;-28;-2.25;-200;-200;3243;206;0;
22319;2024.12.19 03:30;-28;-2.4375;-200;-200;3243;206;0;
22320;2024.12.19 03:45;-28;-2.5625;-200;-200;3243;206;0;
22321;2024.12.19 04:00;-28;-2.75;-200;-200;3243;206;0;
22322;2024.12.19 04:15;-28;-2.625;-200;-200;3243;206;0;
22323;2024.12.19 04:30;-28;-2.5;-200;-200;3243;206;0;
22324;2024.12.19 04:45;-28;-2.0625;-200;-200;3243;206;0;
22325;2024.12.19 05:00;-28;-1.6875;-200;-200;3243;206;0;
22326;2024.12.19 05:15;-28;-1.9375;-200;-200;3243;206;0;
22327;2024.12.19 05:30;-28;-2.5;-200;-200;3243;206;0;
22328;2024.12.19 05:45;-28;-2.5625;-200;-200;3243;206;0;
22329;2024.12.19 06:00;-28;-2.625;-200;-200;3243;206;0;
22330;2024.12.19 06:15;-28;-2.8125;-200;-200;3243;206;0;
22331;2024.12.19 06:30;-28;-2.9375;-200;-200;3243;206;0;
22332;2024.12.19 06:45;-28;-3;-200;-200;3243;206;0;
22333;2024.12.19 07:00;-28;-3.1875;-200;-200;3243;206;0;
22334;2024.12.19 07:15;-28;-3.25;-200;-200;3243;206;0;
22335;2024.12.19 07:30;-28;-3.375;-200;-200;3243;206;0;
22336;2024.12.19 07:45;-28;-3.25;-200;-200;3243;206;0;
22337;2024.12.19 08:00;-28;-3.375;-200;-200;3243;206;0;
22338;2024.12.19 08:15;-28;-2.75;-200;-200;3243;206;0;
22339;2024.12.19 08:30;-28;-2.125;-200;-200;3243;206;0;
22340;2024.12.19 08:45;-28;-2.0625;-200;-200;3243;206;0;
22341;2024.12.19 09:00;-28;-1.875;-200;-200;3243;206;0;
22342;2024.12.19 09:15;-28;-1.375;-200;-200;3243;206;0;
22343;2024.12.19 09:30;-28;-0.625;-200;-200;3243;206;0;
22344;2024.12.19 09:45;-28;-0.125;-200;-200;3243;206;0;
22345;2024.12.19 10:00;-28;0;-200;-200;3243;206;0;
22346;2024.12.19 10:15;-28;0.0625;-200;-200;3243;206;0;
22347;2024.12.19 10:30;-28;-0.375;-200;-200;3243;206;0;
22348;2024.12.19 10:45;-28;-1.125;-200;-200;3243;206;0;
22349;2024.12.19 11:00;-28;-0.625;-200;-200;3243;206;0;
22350;2024.12.19 11:15;-28;-0.75;-200;-200;3243;206;0;
22351;2024.12.19 11:30;-28;-0.8125;-200;-200;3243;206;0;
22352;2024.12.19 11:45;-28;-0.5;-200;-200;3243;206;0;
22353;2024.12.19 12:00;-28;-0.0625;-200;-200;3243;206;0;
22354;2024.12.19 12:15;-28;-0.4375;-200;-200;3243;206;0;
22355;2024.12.19 12:30;-28;-0.875;-200;-200;3243;206;0;
22356;2024.12.19 12:45;-28;-0.75;-200;-200;3243;206;0;
22357;2024.12.19 13:00;-28;-0.875;-200;-200;3243;206;0;
22358;2024.12.19 13:15;-28;-1.125;-200;-200;3243;206;0;
22359;2024.12.19 13:30;-28;-0.625;-200;-200;3243;206;0;
22360;2024.12.19 13:45;-28;0;-200;-200;3243;206;0;
22361;2024.12.19 14:00;-28;-0.125;-200;-200;3243;206;0;
22362;2024.12.19 14:15;-28;0.375;-200;-200;3243;206;0;
22363;2024.12.19 14:30;-28;1.125;-200;-200;3243;206;0;
22364;2024.12.19 14:45;-28;1.5;-200;-200;3243;206;0;
22365;2024.12.19 15:00;-28;2.0625;-200;-200;3243;206;0;
22366;2024.12.19 15:15;-28;2.75;-200;-200;3243;206;0;
22367;2024.12.19 15:30;-28;3.625;-200;-200;3244;206;0;
22368;2024.12.19 15:45;-28;4.375;-200;-200;3244;206;0;
22369;2024.12.19 16:00;-28;3.8125;-200;-200;3244;206;0;
22370;2024.12.19 16:15;-28;5.4375;-200;-200;3244;206;0;
22371;2024.12.19 16:30;-28;6.0625;-200;-200;3244;206;0;
22372;2024.12.19 16:45;-28;6.625;-200;-200;3244;206;0;
22373;2024.12.19 17:00;-28;7.0625;-200;-200;3245;206;0;
22374;2024.12.19 17:15;-28;7.375;-200;-200;3245;206;0;
22375;2024.12.19 17:30;-28;8.125;-200;-200;3245;206;0;
22376;2024.12.19 17:45;-28;8.375;-200;-200;3245;206;0;
22377;2024.12.19 18:00;-28;9.125;-200;-200;3245;206;0;
22378;2024.12.19 18:15;-28;9.4375;-200;-200;3245;206;0;
22379;2024.12.19 18:30;-28;9.6875;-200;-200;3245;206;0;
22380;2024.12.19 18:45;-28;10.25;-200;-200;3245;206;0;
22381;2024.12.19 19:00;-28;10.1875;-200;-200;3246;206;0;
22382;2024.12.19 19:15;-28;10.125;-200;-200;3246;206;0;
22383;2024.12.19 19:30;-28;10.3125;-200;-200;3246;206;0;
22384;2024.12.19 19:45;-28;11.25;-200;-200;3246;206;0;
22385;2024.12.19 20:00;-28;12.9375;-200;-200;3246;206;0;
22386;2024.12.19 20:15;-28;15.5625;-200;-200;3247;206;0;
22387;2024.12.19 20:30;-28;16.75;-200;-200;3247;206;0;
22388;2024.12.19 20:45;-28;13.875;-200;-200;3246;206;0;
22389;2024.12.19 21:00;-28;11.5625;-200;-200;3245;206;0;
22390;2024.12.19 21:15;-28;10.875;-200;-200;3244;206;0;
22391;2024.12.19 21:30;-28;10.875;-200;-200;3244;206;0;
22392;2024.12.19 21:45;-28;10.75;-200;-200;3244;206;0;
22393;2024.12.19 22:00;-28;10.1875;-200;-200;3244;206;0;
22394;2024.12.19 22:15;-28;9.25;-200;-200;3244;206;0;
22395;2024.12.19 22:30;-28;9.125;-200;-200;3243;206;0;
22396;2024.12.19 22:45;-28;8.625;-200;-200;3244;206;0;
22397;2024.12.19 23:00;-28;7.9375;-200;-200;3243;206;0;
22398;2024.12.19 23:15;-28;7.125;-200;-200;3243;206;0;
22399;2024.12.19 23:30;-28;6.125;-200;-200;3243;206;0;
22400;2024.12.19 23:45;-28;4.9375;-200;-200;3242;206;0;
22401;2024.12.20 00:00;-28;4.125;-200;-200;3242;206;0;
22402;2024.12.20 00:15;-28;4;-200;-200;3242;206;0;
22403;2024.12.20 00:30;-28;3.5;-200;-200;3242;206;0;
22404;2024.12.20 00:45;-28;2.875;-200;-200;3241;206;0;
22405;2024.12.20 01:00;-28;2.1875;-200;-200;3241;206;0;
22406;2024.12.20 01:15;-28;2.125;-200;-200;3241;206;0;
22407;2024.12.20 01:30;-28;1.375;-200;-200;3241;206;0;
22408;2024.12.20 01:45;-28;0.875;-200;-200;3241;206;0;
22409;2024.12.20 02:00;-28;1;-200;-200;3241;206;0;
22410;2024.12.20 02:15;-28;1.375;-200;-200;3240;206;0;
22411;2024.12.20 02:30;-28;1.75;-200;-200;3240;206;0;
22412;2024.12.20 02:45;-28;0.375;-200;-200;3240;206;0;
22413;2024.12.20 03:00;-28;-0.25;-200;-200;3240;206;0;
22414;2024.12.20 03:15;-28;-0.75;-200;-200;3240;206;0;
22415;2024.12.20 03:30;-28;0.125;-200;-200;3240;206;0;
22416;2024.12.20 03:45;-28;-0.125;-200;-200;3240;206;0;
22417;2024.12.20 04:00;-28;-0.125;-200;-200;3240;206;0;
22418;2024.12.20 04:15;-28;-0.375;-200;-200;3240;206;0;
22419;2024.12.20 04:30;-28;-1.25;-200;-200;3240;206;0;
22420;2024.12.20 04:45;-28;-1.4375;-200;-200;3240;206;0;
22421;2024.12.20 05:00;-28;-1.625;-200;-200;3240;206;0;
22422;2024.12.20 05:15;-28;-2.0625;-200;-200;3240;206;0;
22423;2024.12.20 05:30;-28;-2.375;-200;-200;3240;206;0;
22424;2024.12.20 05:45;-28;-2;-200;-200;3240;206;0;
22425;2024.12.20 06:00;-28;-2.25;-200;-200;3240;206;0;
22426;2024.12.20 06:15;-28;-1.625;-200;-200;3239;206;0;
22427;2024.12.20 06:30;-28;-1.75;-200;-200;3239;206;0;
22428;2024.12.20 06:45;-28;-1.8125;-200;-200;3239;206;0;
22429;2024.12.20 07:00;-28;-1.625;-200;-200;3239;206;0;
22430;2024.12.20 07:15;-28;-0.0625;-200;-200;3239;206;0;
22431;2024.12.20 07:30;-28;-0.3125;-200;-200;3239;206;0;
22432;2024.12.20 07:45;-28;-0.25;-200;-200;3239;206;0;
22433;2024.12.20 08:00;-28;-0.4375;-200;-200;3239;206;0;
22434;2024.12.20 08:15;-28;-0.625;-200;-200;3239;206;0;
22435;2024.12.20 08:30;-28;-0.8125;-200;-200;3239;206;0;
22436;2024.12.20 08:45;-28;-0.25;-200;-200;3239;206;0;
22437;2024.12.20 09:00;-28;-1;-200;-200;3239;206;0;
22438;2024.12.20 09:15;-28;-1.375;-200;-200;3239;206;0;
22439;2024.12.20 09:30;-28;-1.9375;-200;-200;3239;206;0;
22440;2024.12.20 09:45;-28;-2.25;-200;-200;3239;206;0;
22441;2024.12.20 10:00;-28;-2.25;-200;-200;3239;206;0;
22442;2024.12.20 10:15;-28;-2.25;-200;-200;3239;206;0;
22443;2024.12.20 10:30;-28;-2.875;-200;-200;3239;206;0;
22444;2024.12.20 10:45;-28;-2.875;-200;-200;3239;206;0;
22445;2024.12.20 11:00;-28;-2.8125;-200;-200;3239;206;0;
22446;2024.12.20 11:15;-28;-3.1875;-200;-200;3239;206;0;
22447;2024.12.20 11:30;-28;-3;-200;-200;3239;206;0;
22448;2024.12.20 11:45;-28;-3.1875;-200;-200;3239;206;0;
22449;2024.12.20 12:00;-28;-3.375;-200;-200;3239;206;0;
22450;2024.12.20 12:15;-28;-3.375;-200;-200;3239;206;0;
22451;2024.12.20 12:30;-28;-3.5;-200;-200;3239;206;0;
22452;2024.12.20 12:45;-28;-3.625;-200;-200;3239;206;0;
22453;2024.12.20 13:00;-28;-3.6875;-200;-200;3239;206;0;
22454;2024.12.20 13:15;-28;-3.3125;-200;-200;3239;206;0;
22455;2024.12.20 13:30;-28;-3.875;-200;-200;3239;206;0;
22456;2024.12.20 13:45;-28;-4.125;-200;-200;3238;206;0;
22457;2024.12.20 14:00;-28;-4.1875;-200;-200;3238;206;0;
22458;2024.12.20 14:15;-28;-4.0625;-200;-200;3238;206;0;
22459;2024.12.20 14:30;-28;-4;-200;-200;3238;206;0;
22460;2024.12.20 14:45;-28;-3.75;-200;-200;3238;206;0;
22461;2024.12.20 15:00;-28;-3.125;-200;-200;3238;206;0;
22462;2024.12.20 15:15;-28;-2.25;-200;-200;3238;206;0;
22463;2024.12.20 15:30;-28;-1;-200;-200;3238;206;0;
22464;2024.12.20 15:45;-28;-0.25;-200;-200;3238;206;0;
22465;2024.12.20 16:00;-28;1.5;-200;-200;3238;206;0;
22466;2024.12.20 16:15;-28;3;-200;-200;3238;206;0;
22467;2024.12.20 16:30;-28;4.25;-200;-200;3239;206;0;
22468;2024.12.20 16:45;-28;4.9375;-200;-200;3239;206;0;
22469;2024.12.20 17:00;-28;5.4375;-200;-200;3239;206;0;
22470;2024.12.20 17:15;-28;5.875;-200;-200;3239;206;0;
22471;2024.12.20 17:30;-28;6;-200;-200;3239;206;0;
22472;2024.12.20 17:45;-28;6.125;-200;-200;3239;206;0;
22473;2024.12.20 18:00;-28;7.125;-200;-200;3239;206;0;
22474;2024.12.20 18:15;-28;7.5;-200;-200;3239;206;0;
22475;2024.12.20 18:30;-28;7.75;-200;-200;3239;206;0;
22476;2024.12.20 18:45;-28;8.375;-200;-200;3239;206;0;
22477;2024.12.20 19:00;-28;8.6875;-200;-200;3239;206;0;
22478;2024.12.20 19:15;-28;8.5;-200;-200;3239;206;0;
22479;2024.12.20 19:30;-28;8.25;-200;-200;3239;206;0;
22480;2024.12.20 19:45;-28;8.625;-200;-200;3239;206;0;
22481;2024.12.20 20:00;-28;10.5625;-200;-200;3240;206;0;
22482;2024.12.20 20:15;-28;13;-200;-200;3240;206;0;
22483;2024.12.20 20:30;-28;14.5625;-200;-200;3240;206;0;
22484;2024.12.20 20:45;-28;12.625;-200;-200;3240;206;0;
22485;2024.12.20 21:00;-28;9.125;-200;-200;3239;206;0;
22486;2024.12.20 21:15;-28;8.5;-200;-200;3238;206;0;
22487;2024.12.20 21:30;-28;8.5;-200;-200;3238;206;0;
22488;2024.12.20 21:45;-28;8.5625;-200;-200;3238;206;0;
22489;2024.12.20 22:00;-28;8.3125;-200;-200;3238;206;0;
22490;2024.12.20 22:15;-28;7.625;-200;-200;3238;206;0;
22491;2024.12.20 22:30;-28;7.25;-200;-200;3238;206;0;
22492;2024.12.20 22:45;-28;6.75;-200;-200;3238;206;0;
22493;2024.12.20 23:00;-28;6.1875;-200;-200;3238;206;0;
22494;2024.12.20 23:15;-28;5;-200;-200;3238;206;0;
22495;2024.12.20 23:30;-28;4;-200;-200;3237;206;0;
22496;2024.12.20 23:45;-28;3;-200;-200;3237;206;0;
22497;2024.12.21 00:00;-28;1.8125;-200;-200;3237;206;0;
22498;2024.12.21 00:15;-28;0.875;-200;-200;3237;206;0;
22499;2024.12.21 00:30;-28;0.25;-200;-200;3237;206;0;
22500;2024.12.21 00:45;-28;-0.3125;-200;-200;3236;206;0;
22501;2024.12.21 01:00;-28;-0.6875;-200;-200;3237;206;0;
22502;2024.12.21 01:15;-28;-0.9375;-200;-200;3236;206;0;
22503;2024.12.21 01:30;-28;-1.25;-200;-200;3236;206;0;
22504;2024.12.21 01:45;-28;0.25;-200;-200;3236;206;0;
22505;2024.12.21 02:00;-28;1.125;-200;-200;3236;206;0;
22506;2024.12.21 02:15;-28;1.5;-200;-200;3236;206;0;
22507;2024.12.21 02:30;-28;2.625;-200;-200;3236;206;0;
22508;2024.12.21 02:45;-28;3.25;-200;-200;3236;206;0;
22509;2024.12.21 03:00;-28;3.125;-200;-200;3236;206;0;
22510;2024.12.21 03:15;-28;2.875;-200;-200;3236;206;0;
22511;2024.12.21 03:30;-28;2.125;-200;-200;3236;206;0;
22512;2024.12.21 03:45;-28;2.875;-200;-200;3236;206;0;
22513;2024.12.21 04:00;-28;2.75;-200;-200;3237;206;0;
22514;2024.12.21 04:15;-28;2.6875;-200;-200;3236;206;0;
22515;2024.12.21 04:30;-28;3.125;-200;-200;3236;206;0;
22516;2024.12.21 04:45;-28;3.25;-200;-200;3237;206;0;
22517;2024.12.21 05:00;-28;2.75;-200;-200;3237;206;0;
22518;2024.12.21 05:15;-28;2.4375;-200;-200;3236;206;0;
22519;2024.12.21 05:30;-28;2.5;-200;-200;3236;206;0;
22520;2024.12.21 05:45;-28;2.75;-200;-200;3236;206;0;
22521;2024.12.21 06:00;-28;2.875;-200;-200;3236;206;0;
22522;2024.12.21 06:15;-28;3;-200;-200;3236;206;0;
22523;2024.12.21 06:30;-28;2.75;-200;-200;3236;206;0;
22524;2024.12.21 06:45;-28;2.375;-200;-200;3236;206;0;
22525;2024.12.21 07:00;-28;1.3125;-200;-200;3236;206;0;
22526;2024.12.21 07:15;-28;1.125;-200;-200;3236;206;0;
22527;2024.12.21 07:30;-28;2.25;-200;-200;3236;206;0;
22528;2024.12.21 07:45;-28;3.25;-200;-200;3236;206;0;
22529;2024.12.21 08:00;-28;2.625;-200;-200;3236;206;0;
22530;2024.12.21 08:15;-28;3;-200;-200;3236;206;0;
22531;2024.12.21 08:30;-28;2.8125;-200;-200;3236;206;0;
22532;2024.12.21 08:45;-28;2.375;-200;-200;3236;206;0;
22533;2024.12.21 09:00;-28;3;-200;-200;3236;206;0;
22534;2024.12.21 09:15;-28;2.9375;-200;-200;3236;206;0;
22535;2024.12.21 09:30;-28;2.625;-200;-200;3236;206;0;
22536;2024.12.21 09:45;-28;3;-200;-200;3236;206;0;
22537;2024.12.21 10:00;-28;3.375;-200;-200;3237;206;0;
22538;2024.12.21 10:15;-28;3.5;-200;-200;3236;206;0;
22539;2024.12.21 10:30;-28;3.5;-200;-200;3237;206;0;
22540;2024.12.21 10:45;-28;2.875;-200;-200;3236;206;0;
22541;2024.12.21 11:00;-28;1.3125;-200;-200;3236;206;0;
22542;2024.12.21 11:15;-28;0.75;-200;-200;3236;206;0;
22543;2024.12.21 11:30;-28;0.5;-200;-200;3236;206;0;
22544;2024.12.21 11:45;-28;0.25;-200;-200;3236;206;0;
22545;2024.12.21 12:00;-28;0.75;-200;-200;3236;206;0;
22546;2024.12.21 12:15;-28;0.625;-200;-200;3236;206;0;
22547;2024.12.21 12:30;-28;1.625;-200;-200;3236;206;0;
22548;2024.12.21 12:45;-28;1.5625;-200;-200;3236;206;0;
22549;2024.12.21 13:00;-28;1.1875;-200;-200;3236;206;0;
22550;2024.12.21 13:15;-28;1.0625;-200;-200;3236;206;0;
22551;2024.12.21 13:30;-28;-0.125;-200;-200;3236;206;0;
22552;2024.12.21 13:45;-28;-0.25;-200;-200;3236;206;0;
22553;2024.12.21 14:00;-28;-0.875;-200;-200;3236;206;0;
22554;2024.12.21 14:15;-28;-1.375;-200;-200;3236;206;0;
22555;2024.12.21 14:30;-28;-1.125;-200;-200;3236;206;0;
22556;2024.12.21 14:45;-28;-1.5;-200;-200;3236;206;0;
22557;2024.12.21 15:00;-28;-0.875;-200;-200;3236;206;0;
22558;2024.12.21 15:15;-28;0.1875;-200;-200;3236;206;0;
22559;2024.12.21 15:30;-28;1.375;-200;-200;3236;206;0;
22560;2024.12.21 15:45;-28;2.625;-200;-200;3236;206;0;
22561;2024.12.21 16:00;-28;4;-200;-200;3236;206;0;
22562;2024.12.21 16:15;-28;5.5;-200;-200;3237;206;0;
22563;2024.12.21 16:30;-28;6.4375;-200;-200;3237;206;0;
22564;2024.12.21 16:45;-28;7;-200;-200;3237;206;0;
22565;2024.12.21 17:00;-28;7.75;-200;-200;3237;206;0;
22566;2024.12.21 17:15;-28;8.625;-200;-200;3237;206;0;
22567;2024.12.21 17:30;-28;8.8125;-200;-200;3237;206;0;
22568;2024.12.21 17:45;-28;9.0625;-200;-200;3237;206;0;
22569;2024.12.21 18:00;-28;9.5;-200;-200;3237;206;0;
22570;2024.12.21 18:15;-28;10.125;-200;-200;3238;206;0;
22571;2024.12.21 18:30;-28;9.9375;-200;-200;3237;206;0;
22572;2024.12.21 18:45;-28;10.6875;-200;-200;3237;206;0;
22573;2024.12.21 19:00;-28;10.5;-200;-200;3237;206;0;
22574;2024.12.21 19:15;-28;10.375;-200;-200;3237;206;0;
22575;2024.12.21 19:30;-28;10.125;-200;-200;3237;206;0;
22576;2024.12.21 19:45;-28;10.875;-200;-200;3237;206;0;
22577;2024.12.21 20:00;-28;12.375;-200;-200;3238;206;0;
22578;2024.12.21 20:15;-28;14.125;-200;-200;3238;206;0;
22579;2024.12.21 20:30;-28;15.25;-200;-200;3238;206;0;
22580;2024.12.21 20:45;-28;13.5625;-200;-200;3238;206;0;
22581;2024.12.21 21:00;-28;10.25;-200;-200;3236;206;0;
22582;2024.12.21 21:15;-28;9.0625;-200;-200;3236;206;0;
22583;2024.12.21 21:30;-28;9.1875;-200;-200;3236;206;0;
22584;2024.12.21 21:45;-28;9.1875;-200;-200;3236;206;0;
22585;2024.12.21 22:00;-28;9.125;-200;-200;3236;206;0;
22586;2024.12.21 22:15;-28;8.375;-200;-200;3235;206;0;
22587;2024.12.21 22:30;-28;7.9375;-200;-200;3235;206;0;
22588;2024.12.21 22:45;-28;7.875;-200;-200;3235;206;0;
22589;2024.12.21 23:00;-28;7.125;-200;-200;3235;206;0;
22590;2024.12.21 23:15;-28;5.9375;-200;-200;3235;206;0;
22591;2024.12.21 23:30;-28;5.75;-200;-200;3235;206;0;
22592;2024.12.21 23:45;-28;5.0625;-200;-200;3235;206;0;
22593;2024.12.22 00:00;-28;3.5;-200;-200;3234;206;0;
22594;2024.12.22 00:15;-28;2;-200;-200;3234;206;0;
22595;2024.12.22 00:30;-28;1.375;-200;-200;3234;206;0;
22596;2024.12.22 00:45;-28;0.875;-200;-200;3234;206;0;
22597;2024.12.22 01:00;-28;0.375;-200;-200;3234;206;0;
22598;2024.12.22 01:15;-28;0.125;-200;-200;3233;206;0;
22599;2024.12.22 01:30;-28;0.125;-200;-200;3233;206;0;
22600;2024.12.22 01:45;-28;0.25;-200;-200;3234;206;0;
22601;2024.12.22 02:00;-28;0.0625;-200;-200;3233;206;0;
22602;2024.12.22 02:15;-28;0.25;-200;-200;3233;206;0;
22603;2024.12.22 02:30;-28;0.375;-200;-200;3233;206;0;
22604;2024.12.22 02:45;-28;0.5;-200;-200;3234;206;0;
22605;2024.12.22 03:00;-28;0.8125;-200;-200;3233;206;0;
22606;2024.12.22 03:15;-28;0.625;-200;-200;3233;206;0;
22607;2024.12.22 03:30;-28;0;-200;-200;3233;206;0;
22608;2024.12.22 03:45;-28;-0.3125;-200;-200;3233;206;0;
22609;2024.12.22 04:00;-28;-1;-200;-200;3233;206;0;
22610;2024.12.22 04:15;-28;-1.25;-200;-200;3233;206;0;
22611;2024.12.22 04:30;-28;-0.75;-200;-200;3233;206;0;
22612;2024.12.22 04:45;-28;-1.0625;-200;-200;3233;206;0;
22613;2024.12.22 05:00;-28;-1.125;-200;-200;3233;206;0;
22614;2024.12.22 05:15;-28;-1.25;-200;-200;3233;206;0;
22615;2024.12.22 05:30;-28;-1.5625;-200;-200;3233;206;0;
22616;2024.12.22 05:45;-28;-1.5;-200;-200;3233;206;0;
22617;2024.12.22 06:00;-28;-1.5625;-200;-200;3233;206;0;
22618;2024.12.22 06:15;-28;-0.9375;-200;-200;3233;206;0;
22619;2024.12.22 06:30;-28;-0.625;-200;-200;3233;206;0;
22620;2024.12.22 06:45;-28;-0.125;-200;-200;3233;206;0;
22621;2024.12.22 07:00;-28;0.375;-200;-200;3233;206;0;
22622;2024.12.22 07:15;-28;-0.1875;-200;-200;3233;206;0;
22623;2024.12.22 07:30;-28;-0.4375;-200;-200;3233;206;0;
22624;2024.12.22 07:45;-28;-0.75;-200;-200;3233;206;0;
22625;2024.12.22 08:00;-28;-1.0625;-200;-200;3233;206;0;
22626;2024.12.22 08:15;-28;-1.3125;-200;-200;3233;206;0;
22627;2024.12.22 08:30;-28;-1.25;-200;-200;3233;206;0;
22628;2024.12.22 08:45;-28;-0.625;-200;-200;3233;206;0;
22629;2024.12.22 09:00;-28;-0.125;-200;-200;3233;206;0;
22630;2024.12.22 09:15;-28;-0.5;-200;-200;3233;206;0;
22631;2024.12.22 09:30;-28;-0.25;-200;-200;3233;206;0;
22632;2024.12.22 09:45;-28;0.3125;-200;-200;3233;206;0;
22633;2024.12.22 10:00;-28;0.125;-200;-200;3233;206;0;
22634;2024.12.22 10:15;-28;-0.25;-200;-200;3233;206;0;
22635;2024.12.22 10:30;-28;0;-200;-200;3233;206;0;
22636;2024.12.22 10:45;-28;-0.375;-200;-200;3233;206;0;
22637;2024.12.22 11:00;-28;-1.125;-200;-200;3233;206;0;
22638;2024.12.22 11:15;-28;-1.75;-200;-200;3233;206;0;
22639;2024.12.22 11:30;-28;-1.75;-200;-200;3232;206;0;
22640;2024.12.22 11:45;-28;-1.75;-200;-200;3232;206;0;
22641;2024.12.22 12:00;-28;-2;-200;-200;3232;206;0;
22642;2024.12.22 12:15;-28;-2.375;-200;-200;3232;206;0;
22643;2024.12.22 12:30;-28;-2.375;-200;-200;3232;206;0;
22644;2024.12.22 12:45;-28;-2.6875;-200;-200;3232;206;0;
22645;2024.12.22 13:00;-28;-2.4375;-200;-200;3232;206;0;
22646;2024.12.22 13:15;-28;-2.4375;-200;-200;3232;206;0;
22647;2024.12.22 13:30;-28;-2.4375;-200;-200;3232;206;0;
22648;2024.12.22 13:45;-28;-2.1875;-200;-200;3232;206;0;
22649;2024.12.22 14:00;-28;-2.1875;-200;-200;3232;206;0;
22650;2024.12.22 14:15;-28;-1.75;-200;-200;3232;206;0;
22651;2024.12.22 14:30;-28;-1.25;-200;-200;3232;206;0;
22652;2024.12.22 14:45;-28;-0.875;-200;-200;3233;206;0;
22653;2024.12.22 15:00;-28;-0.375;-200;-200;3233;206;0;
22654;2024.12.22 15:15;-28;0.25;-200;-200;3233;206;0;
22655;2024.12.22 15:30;-28;2.125;-200;-200;3233;206;0;
22656;2024.12.22 15:45;-28;3.1875;-200;-200;3233;206;0;
22657;2024.12.22 16:00;-28;4.125;-200;-200;3233;206;0;
22658;2024.12.22 16:15;-28;4.875;-200;-200;3233;206;0;
22659;2024.12.22 16:30;-28;5.375;-200;-200;3233;206;0;
22660;2024.12.22 16:45;-28;6.5;-200;-200;3233;206;0;
22661;2024.12.22 17:00;-28;6.875;-200;-200;3234;206;0;
22662;2024.12.22 17:15;-28;7.25;-200;-200;3233;206;0;
22663;2024.12.22 17:30;-28;7.625;-200;-200;3234;206;0;
22664;2024.12.22 17:45;-28;7.8125;-200;-200;3233;206;0;
22665;2024.12.22 18:00;-28;8.375;-200;-200;3234;206;0;
22666;2024.12.22 18:15;-28;8.8125;-200;-200;3234;206;0;
22667;2024.12.22 18:30;-28;8.9375;-200;-200;3233;206;0;
22668;2024.12.22 18:45;-28;9.375;-200;-200;3233;206;0;
22669;2024.12.22 19:00;-28;9.5;-200;-200;3233;206;0;
22670;2024.12.22 19:15;-28;9.4375;-200;-200;3233;206;0;
22671;2024.12.22 19:30;-28;9.625;-200;-200;3233;206;0;
22672;2024.12.22 19:45;-28;10.125;-200;-200;3234;206;0;
22673;2024.12.22 20:00;-28;11.4375;-200;-200;3234;206;0;
22674;2024.12.22 20:15;-28;14;-200;-200;3235;206;0;
22675;2024.12.22 20:30;-28;13.625;-200;-200;3234;206;0;
22676;2024.12.22 20:45;-28;11.4375;-200;-200;3234;206;0;
22677;2024.12.22 21:00;-28;10.25;-200;-200;3233;206;0;
22678;2024.12.22 21:15;-28;9.1875;-200;-200;3233;206;0;
22679;2024.12.22 21:30;-28;8.75;-200;-200;3233;206;0;
22680;2024.12.22 21:45;-28;8.625;-200;-200;3233;206;0;
22681;2024.12.22 22:00;-28;7.9375;-200;-200;3233;206;0;
22682;2024.12.22 22:15;-28;7.4375;-200;-200;3233;206;0;
22683;2024.12.22 22:30;-28;7.75;-200;-200;3233;206;0;
22684;2024.12.22 22:45;-28;7.9375;-200;-200;3233;206;0;
22685;2024.12.22 23:00;-28;7.125;-200;-200;3232;206;0;
22686;2024.12.22 23:15;-28;6.375;-200;-200;3232;206;0;
22687;2024.12.22 23:30;-28;6;-200;-200;3232;206;0;
22688;2024.12.22 23:45;-28;4.75;-200;-200;3232;206;0;
22689;2024.12.23 00:00;-28;3.625;-200;-200;3231;206;0;
22690;2024.12.23 00:15;-28;3.0625;-200;-200;3231;206;0;
22691;2024.12.23 00:30;-28;2.75;-200;-200;3231;206;0;
22692;2024.12.23 00:45;-28;2.8125;-200;-200;3231;206;0;
22693;2024.12.23 01:00;-28;2.625;-200;-200;3231;206;0;
22694;2024.12.23 01:15;-28;1.875;-200;-200;3231;206;0;
22695;2024.12.23 01:30;-28;1.125;-200;-200;3231;206;0;
22696;2024.12.23 01:45;-28;0.3125;-200;-200;3231;206;0;
22697;2024.12.23 02:00;-28;-0.25;-200;-200;3231;206;0;
22698;2024.12.23 02:15;-28;-0.25;-200;-200;3231;206;0;
22699;2024.12.23 02:30;-28;-0.25;-200;-200;3231;206;0;
22700;2024.12.23 02:45;-28;-0.375;-200;-200;3231;206;0;
22701;2024.12.23 03:00;-28;-0.5;-200;-200;3231;206;0;
22702;2024.12.23 03:15;-28;-0.1875;-200;-200;3231;206;0;
22703;2024.12.23 03:30;-28;-0.1875;-200;-200;3231;206;0;
22704;2024.12.23 03:45;-28;0.3125;-200;-200;3231;206;0;
22705;2024.12.23 04:00;-28;0.3125;-200;-200;3230;206;0;
22706;2024.12.23 04:15;-28;1.25;-200;-200;3230;206;0;
22707;2024.12.23 04:30;-28;1.875;-200;-200;3231;206;0;
22708;2024.12.23 04:45;-28;2.125;-200;-200;3231;206;0;
22709;2024.12.23 05:00;-28;2.125;-200;-200;3231;206;0;
22710;2024.12.23 05:15;-28;2.25;-200;-200;3231;206;0;
22711;2024.12.23 05:30;-28;2.5;-200;-200;3231;206;0;
22712;2024.12.23 05:45;-28;2.875;-200;-200;3231;206;0;
22713;2024.12.23 06:00;-28;2.5;-200;-200;3231;206;0;
22714;2024.12.23 06:15;-28;2.5625;-200;-200;3231;206;0;
22715;2024.12.23 06:30;-28;2.375;-200;-200;3231;206;0;
22716;2024.12.23 06:45;-28;2.375;-200;-200;3231;206;0;
22717;2024.12.23 07:00;-28;2.25;-200;-200;3231;206;0;
22718;2024.12.23 07:15;-28;2;-200;-200;3231;206;0;
22719;2024.12.23 07:30;-28;1.875;-200;-200;3231;206;0;
22720;2024.12.23 07:45;-28;2.125;-200;-200;3231;206;0;
22721;2024.12.23 08:00;-28;2.0625;-200;-200;3231;206;0;
22722;2024.12.23 08:15;-28;1.75;-200;-200;3231;206;0;
22723;2024.12.23 08:30;-28;1.5;-200;-200;3231;206;0;
22724;2024.12.23 08:45;-28;1.625;-200;-200;3231;206;0;
22725;2024.12.23 09:00;-28;2.25;-200;-200;3231;206;0;
22726;2024.12.23 09:15;-28;2.125;-200;-200;3231;206;0;
22727;2024.12.23 09:30;-28;1.875;-200;-200;3231;206;0;
22728;2024.12.23 09:45;-28;1.875;-200;-200;3231;206;0;
22729;2024.12.23 10:00;-28;1.9375;-200;-200;3231;206;0;
22730;2024.12.23 10:15;-28;2;-200;-200;3231;206;0;
22731;2024.12.23 10:30;-28;2.25;-200;-200;3231;206;0;
22732;2024.12.23 10:45;-28;2.3125;-200;-200;3231;206;0;
22733;2024.12.23 11:00;-28;2.1875;-200;-200;3231;206;0;
22734;2024.12.23 11:15;-28;1.75;-200;-200;3231;206;0;
22735;2024.12.23 11:30;-28;1.625;-200;-200;3231;206;0;
22736;2024.12.23 11:45;-28;2.0625;-200;-200;3231;206;0;
22737;2024.12.23 12:00;-28;2.125;-200;-200;3231;206;0;
22738;2024.12.23 12:15;-28;2;-200;-200;3231;206;0;
22739;2024.12.23 12:30;-28;1.5;-200;-200;3231;206;0;
22740;2024.12.23 12:45;-28;1.25;-200;-200;3231;206;0;
22741;2024.12.23 13:00;-28;0.75;-200;-200;3231;206;0;
22742;2024.12.23 13:15;-28;0.75;-200;-200;3231;206;0;
22743;2024.12.23 13:30;-28;0;-200;-200;3231;206;0;
22744;2024.12.23 13:45;-28;-0.125;-200;-200;3231;206;0;
22745;2024.12.23 14:00;-28;-0.4375;-200;-200;3231;206;0;
22746;2024.12.23 14:15;-28;-0.1875;-200;-200;3231;206;0;
22747;2024.12.23 14:30;-28;-0.3125;-200;-200;3231;206;0;
22748;2024.12.23 14:45;-28;-0.0625;-200;-200;3231;206;0;
22749;2024.12.23 15:00;-28;0.125;-200;-200;3231;206;0;
22750;2024.12.23 15:15;-28;0.5;-200;-200;3231;206;0;
22751;2024.12.23 15:30;-28;1.75;-200;-200;3231;206;0;
22752;2024.12.23 15:45;-28;2;-200;-200;3231;206;0;
22753;2024.12.23 16:00;-28;2.5;-200;-200;3231;206;0;
22754;2024.12.23 16:15;-28;2.875;-200;-200;3231;206;0;
22755;2024.12.23 16:30;-28;3.125;-200;-200;3231;206;0;
22756;2024.12.23 16:45;-28;3.3125;-200;-200;3231;206;0;
22757;2024.12.23 17:00;-28;4.125;-200;-200;3231;206;0;
22758;2024.12.23 17:15;-28;5;-200;-200;3231;206;0;
22759;2024.12.23 17:30;-28;5.375;-200;-200;3231;206;0;
22760;2024.12.23 17:45;-28;5.6875;-200;-200;3231;206;0;
22761;2024.12.23 18:00;-28;5.5625;-200;-200;3231;206;0;
22762;2024.12.23 18:15;-28;5.875;-200;-200;3231;206;0;
22763;2024.12.23 18:30;-28;6.125;-200;-200;3231;206;0;
22764;2024.12.23 18:45;-28;6.75;-200;-200;3231;206;0;
22765;2024.12.23 19:00;-28;6.5;-200;-200;3231;206;0;
22766;2024.12.23 19:15;-28;6.625;-200;-200;3231;206;0;
22767;2024.12.23 19:30;-28;6.5;-200;-200;3231;206;0;
22768;2024.12.23 19:45;-28;6.875;-200;-200;3231;206;0;
22769;2024.12.23 20:00;-28;7.625;-200;-200;3231;206;0;
22770;2024.12.23 20:15;-28;8.75;-200;-200;3232;206;0;
22771;2024.12.23 20:30;-28;8.6875;-200;-200;3232;206;0;
22772;2024.12.23 20:45;-28;8;-200;-200;3232;206;0;
22773;2024.12.23 21:00;-28;6.625;-200;-200;3231;206;0;
22774;2024.12.23 21:15;-28;6.125;-200;-200;3231;206;0;
22775;2024.12.23 21:30;-28;6.625;-200;-200;3231;206;0;
22776;2024.12.23 21:45;-28;6.375;-200;-200;3231;206;0;
22777;2024.12.23 22:00;-28;6.375;-200;-200;3231;206;0;
22778;2024.12.23 22:15;-28;6;-200;-200;3231;206;0;
22779;2024.12.23 22:30;-28;5.6875;-200;-200;3231;206;0;
22780;2024.12.23 22:45;-28;5.5;-200;-200;3231;206;0;
22781;2024.12.23 23:00;-28;5.3125;-200;-200;3231;206;0;
22782;2024.12.23 23:15;-28;4.75;-200;-200;3231;206;0;
22783;2024.12.23 23:30;-28;4.25;-200;-200;3231;206;0;
22784;2024.12.23 23:45;-28;3.8125;-200;-200;3231;206;0;
23163;2024.12.24 00:00;-28;3;-200;-200;3231;206;0;
23164;2024.12.24 00:15;-28;2.25;-200;-200;3231;206;0;
23165;2024.12.24 00:30;-28;1.5;-200;-200;3231;206;0;
23166;2024.12.24 00:45;-28;0.6875;-200;-200;3230;206;0;
23167;2024.12.24 01:00;-28;0.625;-200;-200;3230;206;0;
23168;2024.12.24 01:15;-28;0.25;-200;-200;3230;206;0;
23169;2024.12.24 01:30;-28;0.5;-200;-200;3230;206;0;
23170;2024.12.24 01:45;-28;0.5;-200;-200;3230;206;0;
23171;2024.12.24 02:00;-28;0;-200;-200;3230;206;0;
23172;2024.12.24 02:15;-28;-0.1875;-200;-200;3230;206;0;
23173;2024.12.24 02:30;-28;-0.375;-200;-200;3230;206;0;
23174;2024.12.24 02:45;-28;-0.375;-200;-200;3230;206;0;
23175;2024.12.24 03:00;-28;-0.3125;-200;-200;3230;206;0;
23176;2024.12.24 03:15;-28;-0.375;-200;-200;3230;206;0;
23177;2024.12.24 03:30;-28;-0.4375;-200;-200;3230;206;0;
23178;2024.12.24 03:45;-28;-0.625;-200;-200;3230;206;0;
23179;2024.12.24 04:00;-28;-0.9375;-200;-200;3230;206;0;
23180;2024.12.24 04:15;-28;-1.25;-200;-200;3230;206;0;
23181;2024.12.24 04:30;-28;-1.625;-200;-200;3230;206;0;
23182;2024.12.24 04:45;-28;-1.6875;-200;-200;3230;206;0;
23183;2024.12.24 05:00;-28;-1.125;-200;-200;3230;206;0;
23184;2024.12.24 05:15;-28;-1;-200;-200;3230;206;0;
23185;2024.12.24 05:30;-28;-1.125;-200;-200;3230;206;0;
23186;2024.12.24 05:45;-28;-1.0625;-200;-200;3230;206;0;
23187;2024.12.24 06:00;-28;-1.375;-200;-200;3230;206;0;
23188;2024.12.24 06:15;-28;-1.5625;-200;-200;3230;206;0;
23189;2024.12.24 06:30;-28;-2;-200;-200;3230;206;0;
23190;2024.12.24 06:45;-28;-1.875;-200;-200;3230;206;0;
23191;2024.12.24 07:00;-28;-1.75;-200;-200;3230;206;0;
23192;2024.12.24 07:15;-28;-2.3125;-200;-200;3230;206;0;
23193;2024.12.24 07:30;-28;-2.75;-200;-200;3230;206;0;
23194;2024.12.24 07:45;-28;-2.875;-200;-200;3230;206;0;
23195;2024.12.24 08:00;-28;-2.5;-200;-200;3230;206;0;
23196;2024.12.24 08:15;-28;-2.1875;-200;-200;3230;206;0;
23197;2024.12.24 08:30;-28;-2.375;-200;-200;3230;206;0;
23198;2024.12.24 08:45;-28;-2.375;-200;-200;3230;206;0;
23199;2024.12.24 09:00;-28;-2.1875;-200;-200;3230;206;0;
23200;2024.12.24 09:15;-28;-2.1875;-200;-200;3230;206;0;
23201;2024.12.24 09:30;-28;-1.9375;-200;-200;3230;206;0;
23202;2024.12.24 09:45;-28;-1.6875;-200;-200;3230;206;0;
23203;2024.12.24 10:00;-28;-2.25;-200;-200;3230;206;0;
23204;2024.12.24 10:15;-28;-2.875;-200;-200;3230;206;0;
23205;2024.12.24 10:30;-28;-3.125;-200;-200;3230;206;0;
23206;2024.12.24 10:45;-28;-3.25;-200;-200;3230;206;0;
23207;2024.12.24 11:00;-28;-3.375;-200;-200;3230;206;0;
23208;2024.12.24 11:15;-28;-3.4375;-200;-200;3230;206;0;
23209;2024.12.24 11:30;-28;-3.375;-200;-200;3230;206;0;
23210;2024.12.24 11:45;-28;-3.3125;-200;-200;3230;206;0;
23211;2024.12.24 12:00;-28;-3.375;-200;-200;3230;206;0;
23212;2024.12.24 12:15;-28;-3.375;-200;-200;3230;206;0;
23213;2024.12.24 12:30;-28;-3.375;-200;-200;3230;206;0;
23214;2024.12.24 12:45;-28;-3.125;-200;-200;3230;206;0;
23215;2024.12.24 13:00;-28;-3.125;-200;-200;3230;206;0;
23216;2024.12.24 13:15;-28;-3;-200;-200;3230;206;0;
23217;2024.12.24 13:30;-28;-3.125;-200;-200;3230;206;0;
23218;2024.12.24 13:45;-28;-3.1875;-200;-200;3230;206;0;
23219;2024.12.24 14:00;-28;-3.0625;-200;-200;3230;206;0;
23220;2024.12.24 14:15;-28;-3;-200;-200;3230;206;0;
23221;2024.12.24 14:30;-28;-3;-200;-200;3230;206;0;
23222;2024.12.24 14:45;-28;-3.375;-200;-200;3230;206;0;
23223;2024.12.24 15:00;-28;-3;-200;-200;3230;206;0;
23224;2024.12.24 15:15;-28;-2.625;-200;-200;3230;206;0;
23225;2024.12.24 15:30;-28;-1.625;-200;-200;3230;206;0;
23226;2024.12.24 15:45;-28;-1;-200;-200;3230;206;0;
23227;2024.12.24 16:00;-28;0.3125;-200;-200;3230;206;0;
23228;2024.12.24 16:15;-28;1.0625;-200;-200;3230;206;0;
23229;2024.12.24 16:30;-28;1.5;-200;-200;3230;206;0;
23230;2024.12.24 16:45;-28;2;-200;-200;3230;206;0;
23231;2024.12.24 17:00;-28;2.75;-200;-200;3230;206;0;
23232;2024.12.24 17:15;-28;3.5;-200;-200;3230;206;0;
23233;2024.12.24 17:30;-28;3.375;-200;-200;3230;206;0;
23234;2024.12.24 17:45;-28;3.625;-200;-200;3230;206;0;
23235;2024.12.24 18:00;-28;4.1875;-200;-200;3230;206;0;
23236;2024.12.24 18:15;-28;4.3125;-200;-200;3230;206;0;
23237;2024.12.24 18:30;-28;4.75;-200;-200;3231;206;0;
23238;2024.12.24 18:45;-28;5.125;-200;-200;3230;206;0;
23239;2024.12.24 19:00;-28;5.5;-200;-200;3231;206;0;
23240;2024.12.24 19:15;-28;5.25;-200;-200;3230;206;0;
23241;2024.12.24 19:30;-28;5;-200;-200;3231;206;0;
23242;2024.12.24 19:45;-28;5.5;-200;-200;3231;206;0;
23243;2024.12.24 20:00;-28;6.3125;-200;-200;3231;206;0;
23244;2024.12.24 20:15;-28;7.375;-200;-200;3231;206;0;
23245;2024.12.24 20:30;-28;9.9375;-200;-200;3232;206;0;
23246;2024.12.24 20:45;-28;9.125;-200;-200;3232;206;0;
23247;2024.12.24 21:00;-28;5.75;-200;-200;3231;206;0;
23248;2024.12.24 21:15;-28;5.25;-200;-200;3231;206;0;
23249;2024.12.24 21:30;-28;5.1875;-200;-200;3231;206;0;
23250;2024.12.24 21:45;-28;5.125;-200;-200;3231;206;0;
23251;2024.12.24 22:00;-28;5.125;-200;-200;3231;206;0;
23252;2024.12.24 22:15;-28;4.5;-200;-200;3231;206;0;
23253;2024.12.24 22:30;-28;4;-200;-200;3231;206;0;
23254;2024.12.24 22:45;-28;3.875;-200;-200;3231;206;0;
23255;2024.12.24 23:00;-28;3.75;-200;-200;3231;206;0;
23256;2024.12.24 23:15;-28;3.125;-200;-200;3231;206;0;
23257;2024.12.24 23:30;-28;2.25;-200;-200;3230;206;0;
23258;2024.12.24 23:45;-28;1.625;-200;-200;3230;206;0;
23259;2024.12.25 00:00;-28;1.125;-200;-200;3230;206;0;
23260;2024.12.25 00:15;-28;0.6875;-200;-200;3230;206;0;
23261;2024.12.25 00:30;-28;-0.5;-200;-200;3230;206;0;
23262;2024.12.25 00:45;-28;-0.25;-200;-200;3230;206;0;
23263;2024.12.25 01:00;-28;-1.125;-200;-200;3230;206;0;
23264;2024.12.25 01:15;-28;-2.125;-200;-200;3230;206;0;
23265;2024.12.25 01:30;-28;-2.5;-200;-200;3230;206;0;
23266;2024.12.25 01:45;-28;-2.75;-200;-200;3230;206;0;
23267;2024.12.25 02:00;-28;-2.875;-200;-200;3230;206;0;
23268;2024.12.25 02:15;-28;-3;-200;-200;3230;206;0;
23269;2024.12.25 02:30;-28;-2.8125;-200;-200;3230;206;0;
23270;2024.12.25 02:45;-28;-2.5625;-200;-200;3230;206;0;
23271;2024.12.25 03:00;-28;-3;-200;-200;3230;206;0;
23272;2024.12.25 03:15;-28;-2.75;-200;-200;3230;206;0;
23273;2024.12.25 03:30;-28;-3;-200;-200;3230;206;0;
23274;2024.12.25 03:45;-28;-3.25;-200;-200;3230;206;0;
23275;2024.12.25 04:00;-28;-3.375;-200;-200;3230;206;0;
23276;2024.12.25 04:15;-28;-3.75;-200;-200;3230;206;0;
23277;2024.12.25 04:30;-28;-3.9375;-200;-200;3230;206;0;
23278;2024.12.25 04:45;-28;-3.9375;-200;-200;3230;206;0;
23279;2024.12.25 05:00;-28;-3.875;-200;-200;3230;206;0;
23280;2024.12.25 05:15;-28;-4.25;-200;-200;3230;206;0;
23281;2024.12.25 05:30;-28;-4.375;-200;-200;3230;206;0;
23282;2024.12.25 05:45;-28;-4.3125;-200;-200;3230;206;0;
23283;2024.12.25 06:00;-28;-4.375;-200;-200;3230;206;0;
23284;2024.12.25 06:15;-28;-3.5;-200;-200;3230;206;0;
23285;2024.12.25 06:30;-28;-3.375;-200;-200;3230;206;0;
23286;2024.12.25 06:45;-28;-2.25;-200;-200;3230;206;0;
23287;2024.12.25 07:00;-28;-1.875;-200;-200;3230;206;0;
23288;2024.12.25 07:15;-28;-1.625;-200;-200;3230;206;0;
23289;2024.12.25 07:30;-28;-1.875;-200;-200;3230;206;0;
23290;2024.12.25 07:45;-28;-2;-200;-200;3230;206;0;
23291;2024.12.25 08:00;-28;-0.875;-200;-200;3230;206;0;
23292;2024.12.25 08:15;-28;-0.8125;-200;-200;3230;206;0;
23293;2024.12.25 08:30;-28;-0.625;-200;-200;3230;206;0;
23294;2024.12.25 08:45;-28;-0.75;-200;-200;3230;206;0;
23295;2024.12.25 09:00;-28;-0.875;-200;-200;3230;206;0;
23296;2024.12.25 09:15;-28;-0.9375;-200;-200;3230;206;0;
23297;2024.12.25 09:30;-28;-0.5;-200;-200;3230;206;0;
23298;2024.12.25 09:45;-28;-0.5;-200;-200;3230;206;0;
23299;2024.12.25 10:00;-28;0;-200;-200;3230;206;0;
23300;2024.12.25 10:15;-28;-0.375;-200;-200;3230;206;0;
23301;2024.12.25 10:30;-28;0;-200;-200;3230;206;0;
23302;2024.12.25 10:45;-28;-0.0625;-200;-200;3230;206;0;
23303;2024.12.25 11:00;-28;-0.5;-200;-200;3230;206;0;
23304;2024.12.25 11:15;-28;-0.4375;-200;-200;3230;206;0;
23305;2024.12.25 11:30;-28;-0.625;-200;-200;3230;206;0;
23306;2024.12.25 11:45;-28;-1.125;-200;-200;3230;206;0;
23307;2024.12.25 12:00;-28;-1.1875;-200;-200;3230;206;0;
23308;2024.12.25 12:15;-28;-1.25;-200;-200;3230;206;0;
23309;2024.12.25 12:30;-28;-1.5;-200;-200;3230;206;0;
23310;2024.12.25 12:45;-28;-1.375;-200;-200;3230;206;0;
23311;2024.12.25 13:00;-28;-1.625;-200;-200;3230;206;0;
23312;2024.12.25 13:15;-28;-1.75;-200;-200;3230;206;0;
23313;2024.12.25 13:30;-28;-1.4375;-200;-200;3230;206;0;
23314;2024.12.25 13:45;-28;-1.625;-200;-200;3230;206;0;
23315;2024.12.25 14:00;-28;-2.25;-200;-200;3230;206;0;
23316;2024.12.25 14:15;-28;-3;-200;-200;3230;206;0;
23317;2024.12.25 14:30;-28;-3.125;-200;-200;3230;206;0;
23318;2024.12.25 14:45;-28;-3;-200;-200;3230;206;0;
23319;2024.12.25 15:00;-28;-2.75;-200;-200;3230;206;0;
23320;2024.12.25 15:15;-28;-2.4375;-200;-200;3230;206;0;
23321;2024.12.25 15:30;-28;-1.4375;-200;-200;3230;206;0;
23322;2024.12.25 15:45;-28;-0.75;-200;-200;3230;206;0;
23323;2024.12.25 16:00;-28;-0.3125;-200;-200;3230;206;0;
23324;2024.12.25 16:15;-28;0.1875;-200;-200;3230;206;0;
23325;2024.12.25 16:30;-28;1.1875;-200;-200;3230;206;0;
23326;2024.12.25 16:45;-28;0.8125;-200;-200;3230;206;0;
23327;2024.12.25 17:00;-28;0.5625;-200;-200;3230;206;0;
23328;2024.12.25 17:15;-28;-0.5;-200;-200;3230;206;0;
23329;2024.12.25 17:30;-28;-1.1875;-200;-200;3230;206;0;
23330;2024.12.25 17:45;-28;0.5;-200;-200;3230;206;0;
23331;2024.12.25 18:00;-28;0.75;-200;-200;3230;206;0;
23332;2024.12.25 18:15;-28;2;-200;-200;3230;206;0;
23333;2024.12.25 18:30;-28;1.625;-200;-200;3230;206;0;
23334;2024.12.25 18:45;-28;1.875;-200;-200;3230;206;0;
23335;2024.12.25 19:00;-28;1.8125;-200;-200;3230;206;0;
23336;2024.12.25 19:15;-28;-0.125;-200;-200;3230;206;0;
23337;2024.12.25 19:30;-28;-1.875;-200;-200;3230;206;0;
23338;2024.12.25 19:45;-28;-2.25;-200;-200;3230;206;0;
23339;2024.12.25 20:00;-28;-2;-200;-200;3230;206;0;
23340;2024.12.25 20:15;-28;-1.25;-200;-200;3230;206;0;
23341;2024.12.25 20:30;-28;3.0625;-200;-200;3231;206;0;
23342;2024.12.25 20:45;-28;1.25;-200;-200;3230;206;0;
23343;2024.12.25 21:00;-28;0.625;-200;-200;3230;206;0;
23344;2024.12.25 21:15;-28;0.1875;-200;-200;3230;206;0;
23345;2024.12.25 21:30;-28;-0.5;-200;-200;3230;206;0;
23346;2024.12.25 21:45;-28;-0.75;-200;-200;3230;206;0;
23347;2024.12.25 22:00;-28;-0.9375;-200;-200;3230;206;0;
23348;2024.12.25 22:15;-28;-1.25;-200;-200;3230;206;0;
23349;2024.12.25 22:30;-28;-1.125;-200;-200;3230;206;0;
23350;2024.12.25 22:45;-28;-0.9375;-200;-200;3230;206;0;
23351;2024.12.25 23:00;-28;-1.25;-200;-200;3230;206;0;
23352;2024.12.25 23:15;-28;-2;-200;-200;3230;206;0;
23353;2024.12.25 23:30;-28;-2.75;-200;-200;3230;206;0;
23354;2024.12.25 23:45;-28;-3.625;-200;-200;3230;206;0;
23355;2024.12.26 00:00;-28;-3.875;-200;-200;3230;206;0;
23356;2024.12.26 00:15;-28;-3.75;-200;-200;3230;206;0;
23357;2024.12.26 00:30;-28;-3.8125;-200;-200;3230;206;0;
23358;2024.12.26 00:45;-28;-3.875;-200;-200;3230;206;0;
23359;2024.12.26 01:00;-28;-4.1875;-200;-200;3230;206;0;
23360;2024.12.26 01:15;-28;-4.1875;-200;-200;3230;206;0;
23361;2024.12.26 01:30;-28;-4.25;-200;-200;3230;206;0;
23362;2024.12.26 01:45;-28;-4.375;-200;-200;3230;206;0;
23363;2024.12.26 02:00;-28;-4.75;-200;-200;3230;206;0;
23364;2024.12.26 02:15;-28;-4.9375;-200;-200;3230;206;0;
23365;2024.12.26 02:30;-28;-4.75;-200;-200;3230;206;0;
23366;2024.12.26 02:45;-28;-4.6875;-200;-200;3230;206;0;
23367;2024.12.26 03:00;-28;-4.875;-200;-200;3230;206;0;
23368;2024.12.26 03:15;-28;-5;-200;-200;3230;206;0;
23369;2024.12.26 03:30;-28;-5;-200;-200;3230;206;0;
23370;2024.12.26 03:45;-28;-5.125;-200;-200;3230;206;0;
23371;2024.12.26 04:00;-28;-5.25;-200;-200;3230;206;0;
23372;2024.12.26 04:15;-28;-5.4375;-200;-200;3230;206;0;
23373;2024.12.26 04:30;-28;-5.5;-200;-200;3230;206;0;
23374;2024.12.26 04:45;-28;-5.375;-200;-200;3230;206;0;
23375;2024.12.26 05:00;-28;-5.25;-200;-200;3230;206;0;
23376;2024.12.26 05:15;-28;-5.3125;-200;-200;3230;206;0;
23377;2024.12.26 05:30;-28;-5.25;-200;-200;3230;206;0;
23378;2024.12.26 05:45;-28;-5.125;-200;-200;3230;206;0;
23379;2024.12.26 06:00;-28;-5;-200;-200;3230;206;0;
23380;2024.12.26 06:15;-28;-5;-200;-200;3230;206;0;
23381;2024.12.26 06:30;-28;-4.875;-200;-200;3230;206;0;
23382;2024.12.26 06:45;-28;-4.75;-200;-200;3230;206;0;
23383;2024.12.26 07:00;-28;-4.625;-200;-200;3230;206;0;
23384;2024.12.26 07:15;-28;-4.625;-200;-200;3230;206;0;
23385;2024.12.26 07:30;-28;-4.625;-200;-200;3230;206;0;
23386;2024.12.26 07:45;-28;-4.625;-200;-200;3230;206;0;
23387;2024.12.26 08:00;-28;-4.5;-200;-200;3230;206;0;
23388;2024.12.26 08:15;-28;-4.6875;-200;-200;3230;206;0;
23389;2024.12.26 08:30;-28;-4.9375;-200;-200;3230;206;0;
23390;2024.12.26 08:45;-28;-5.125;-200;-200;3230;206;0;
23391;2024.12.26 09:00;-28;-5.125;-200;-200;3230;206;0;
23392;2024.12.26 09:15;-28;-5.5;-200;-200;3230;206;0;
23393;2024.12.26 09:30;-28;-5.75;-200;-200;3230;206;0;
23394;2024.12.26 09:45;-28;-5.8125;-200;-200;3230;206;0;
23395;2024.12.26 10:00;-28;-6.25;-200;-200;3230;206;0;
23396;2024.12.26 10:15;-28;-6.125;-200;-200;3230;206;0;
23397;2024.12.26 10:30;-28;-6;-200;-200;3230;206;0;
23398;2024.12.26 10:45;-28;-6.125;-200;-200;3230;206;0;
23399;2024.12.26 11:00;-28;-5.875;-200;-200;3230;206;0;
23400;2024.12.26 11:15;-28;-6.125;-200;-200;3230;206;0;
23401;2024.12.26 11:30;-28;-6.25;-200;-200;3230;206;0;
23402;2024.12.26 11:45;-28;-7;-200;-200;3229;206;0;
23403;2024.12.26 12:00;-28;-7;-200;-200;3230;206;0;
23404;2024.12.26 12:15;-28;-7;-200;-200;3230;206;0;
23405;2024.12.26 12:30;-28;-6.625;-200;-200;3230;206;0;
23406;2024.12.26 12:45;-28;-6.375;-200;-200;3230;206;0;
23407;2024.12.26 13:00;-28;-6.375;-200;-200;3230;206;0;
23408;2024.12.26 13:15;-28;-6.5;-200;-200;3230;206;0;
23409;2024.12.26 13:30;-28;-7.0625;-200;-200;3230;206;0;
23410;2024.12.26 13:45;-28;-7.4375;-200;-200;3230;206;0;
23411;2024.12.26 14:00;-28;-7.375;-200;-200;3230;206;0;
23412;2024.12.26 14:15;-28;-8.0625;-200;-200;3230;206;0;
23413;2024.12.26 14:30;-28;-8.125;-200;-200;3230;206;0;
23414;2024.12.26 14:45;-28;-8.0625;-200;-200;3230;206;0;
23415;2024.12.26 15:00;-28;-7.25;-200;-200;3230;206;0;
23416;2024.12.26 15:15;-28;-6.75;-200;-200;3230;206;0;
23417;2024.12.26 15:30;-28;-5.8125;-200;-200;3230;206;0;
23418;2024.12.26 15:45;-28;-4;-200;-200;3230;206;0;
23419;2024.12.26 16:00;-28;-2.75;-200;-200;3230;206;0;
23420;2024.12.26 16:15;-28;-2;-200;-200;3230;206;0;
23421;2024.12.26 16:30;-28;-1.625;-200;-200;3230;206;0;
23422;2024.12.26 16:45;-28;-1.25;-200;-200;3230;206;0;
23423;2024.12.26 17:00;-28;-0.9375;-200;-200;3230;206;0;
23424;2024.12.26 17:15;-28;-0.25;-200;-200;3230;206;0;
23425;2024.12.26 17:30;-28;-0.25;-200;-200;3230;206;0;
23426;2024.12.26 17:45;-28;0.25;-200;-200;3230;206;0;
23427;2024.12.26 18:00;-28;1.125;-200;-200;3230;206;0;
23428;2024.12.26 18:15;-28;1.625;-200;-200;3230;206;0;
23429;2024.12.26 18:30;-28;1.3125;-200;-200;3230;206;0;
23430;2024.12.26 18:45;-28;2.375;-200;-200;3230;206;0;
23431;2024.12.26 19:00;-28;1.875;-200;-200;3230;206;0;
23432;2024.12.26 19:15;-28;2.25;-200;-200;3230;206;0;
23433;2024.12.26 19:30;-28;1.6875;-200;-200;3230;206;0;
23434;2024.12.26 19:45;-28;1.5;-200;-200;3230;206;0;
23435;2024.12.26 20:00;-28;2.125;-200;-200;3230;206;0;
23436;2024.12.26 20:15;-28;0.75;-200;-200;3230;206;0;
23437;2024.12.26 20:30;-28;1.25;-200;-200;3230;206;0;
23438;2024.12.26 20:45;-28;2;-200;-200;3231;206;0;
23439;2024.12.26 21:00;-28;0.9375;-200;-200;3230;206;0;
23440;2024.12.26 21:15;-28;0.25;-200;-200;3230;206;0;
23441;2024.12.26 21:30;-28;0.25;-200;-200;3230;206;0;
23442;2024.12.26 21:45;-28;0.375;-200;-200;3230;206;0;
23443;2024.12.26 22:00;-28;0.125;-200;-200;3230;206;0;
23444;2024.12.26 22:15;-28;-0.5;-200;-200;3230;206;0;
23445;2024.12.26 22:30;-28;-0.8125;-200;-200;3230;206;0;
23446;2024.12.26 22:45;-28;-1.375;-200;-200;3230;206;0;
23447;2024.12.26 23:00;-28;-1.75;-200;-200;3230;206;0;
23448;2024.12.26 23:15;-28;-2.0625;-200;-200;3230;206;0;
23449;2024.12.26 23:30;-28;-2.3125;-200;-200;3230;206;0;
23450;2024.12.26 23:45;-28;-2.625;-200;-200;3230;206;0;
23451;2024.12.27 00:00;-28;-2.75;-200;-200;3230;206;0;
23452;2024.12.27 00:15;-28;-3;-200;-200;3230;206;0;
23453;2024.12.27 00:30;-28;-3.125;-200;-200;3230;206;0;
23454;2024.12.27 00:45;-28;-3;-200;-200;3230;206;0;
23455;2024.12.27 01:00;-28;-3;-200;-200;3230;206;0;
23456;2024.12.27 01:15;-28;-3.125;-200;-200;3230;206;0;
23457;2024.12.27 01:30;-28;-3.25;-200;-200;3230;206;0;
23458;2024.12.27 01:45;-28;-3.5;-200;-200;3230;206;0;
23459;2024.12.27 02:00;-28;-3.8125;-200;-200;3230;206;0;
23460;2024.12.27 02:15;-28;-4;-200;-200;3230;206;0;
23461;2024.12.27 02:30;-28;-4;-200;-200;3230;206;0;
23462;2024.12.27 02:45;-28;-4.3125;-200;-200;3230;206;0;
23463;2024.12.27 03:00;-28;-4.75;-200;-200;3230;206;0;
23464;2024.12.27 03:15;-28;-5.125;-200;-200;3230;206;0;
23465;2024.12.27 03:30;-28;-5.375;-200;-200;3230;206;0;
23466;2024.12.27 03:45;-28;-5.625;-200;-200;3230;206;0;
23467;2024.12.27 04:00;-28;-6.125;-200;-200;3230;206;0;
23468;2024.12.27 04:15;-28;-6.1875;-200;-200;3230;206;0;
23469;2024.12.27 04:30;-28;-6.125;-200;-200;3230;206;0;
23470;2024.12.27 04:45;-28;-5.875;-200;-200;3230;206;0;
23471;2024.12.27 05:00;-28;-5.75;-200;-200;3230;206;0;
23472;2024.12.27 05:15;-28;-5;-200;-200;3230;206;0;
23473;2024.12.27 05:30;-28;-4.75;-200;-200;3230;206;0;
23474;2024.12.27 05:45;-28;-4.5;-200;-200;3230;206;0;
23475;2024.12.27 06:00;-28;-4.25;-200;-200;3230;206;0;
23476;2024.12.27 06:15;-28;-4.375;-200;-200;3230;206;0;
23477;2024.12.27 06:30;-28;-4.5;-200;-200;3230;206;0;
23478;2024.12.27 06:45;-28;-4.375;-200;-200;3230;206;0;
23479;2024.12.27 07:00;-28;-4.3125;-200;-200;3230;206;0;
23480;2024.12.27 07:15;-28;-5;-200;-200;3230;206;0;
23481;2024.12.27 07:30;-28;-5;-200;-200;3230;206;0;
23482;2024.12.27 07:45;-28;-5;-200;-200;3230;206;0;
23483;2024.12.27 08:00;-28;-4.6875;-200;-200;3230;206;0;
23484;2024.12.27 08:15;-28;-4.625;-200;-200;3230;206;0;
23485;2024.12.27 08:30;-28;-4.875;-200;-200;3230;206;0;
23486;2024.12.27 08:45;-28;-4.875;-200;-200;3230;206;0;
23487;2024.12.27 09:00;-28;-5.1875;-200;-200;3230;206;0;
23488;2024.12.27 09:15;-28;-5.5;-200;-200;3230;206;0;
23489;2024.12.27 09:30;-28;-5.5;-200;-200;3230;206;0;
23490;2024.12.27 09:45;-28;-5.4375;-200;-200;3230;206;0;
23491;2024.12.27 10:00;-28;-5.375;-200;-200;3230;206;0;
23492;2024.12.27 10:15;-28;-5.375;-200;-200;3230;206;0;
23493;2024.12.27 10:30;-28;-5.375;-200;-200;3230;206;0;
23494;2024.12.27 10:45;-28;-5.25;-200;-200;3230;206;0;
23495;2024.12.27 11:00;-28;-5.375;-200;-200;3230;206;0;
23496;2024.12.27 11:15;-28;-5.25;-200;-200;3230;206;0;
23497;2024.12.27 11:30;-28;-5.0625;-200;-200;3230;206;0;
23498;2024.12.27 11:45;-28;-4.875;-200;-200;3230;206;0;
23499;2024.12.27 12:00;-28;-4.875;-200;-200;3230;206;0;
23500;2024.12.27 12:15;-28;-5;-200;-200;3230;206;0;
23501;2024.12.27 12:30;-28;-4.875;-200;-200;3230;206;0;
23502;2024.12.27 12:45;-28;-4.9375;-200;-200;3230;206;0;
23503;2024.12.27 13:00;-28;-4.875;-200;-200;3230;206;0;
23504;2024.12.27 13:15;-28;-4.875;-200;-200;3230;206;0;
23505;2024.12.27 13:30;-28;-4.5;-200;-200;3230;206;0;
23506;2024.12.27 13:45;-28;-4.4375;-200;-200;3230;206;0;
23507;2024.12.27 14:00;-28;-4.4375;-200;-200;3230;206;0;
23508;2024.12.27 14:15;-28;-4.375;-200;-200;3230;206;0;
23509;2024.12.27 14:30;-28;-3.875;-200;-200;3230;206;0;
23510;2024.12.27 14:45;-28;-3.875;-200;-200;3230;206;0;
23511;2024.12.27 15:00;-28;-3.25;-200;-200;3230;206;0;
23512;2024.12.27 15:15;-28;-3.125;-200;-200;3230;206;0;
23513;2024.12.27 15:30;-28;-2.875;-200;-200;3230;206;0;
23514;2024.12.27 15:45;-28;-2.625;-200;-200;3230;206;0;
23515;2024.12.27 16:00;-28;-2.375;-200;-200;3230;206;0;
23516;2024.12.27 16:15;-28;-2.375;-200;-200;3230;206;0;
23517;2024.12.27 16:30;-28;-2.25;-200;-200;3230;206;0;
23518;2024.12.27 16:45;-28;-1.375;-200;-200;3230;206;0;
23519;2024.12.27 17:00;-28;-0.75;-200;-200;3230;206;0;
23520;2024.12.27 17:15;-28;0;-200;-200;3230;206;0;
23521;2024.12.27 17:30;-28;0.125;-200;-200;3231;206;0;
23522;2024.12.27 17:45;-28;0.75;-200;-200;3231;206;0;
23523;2024.12.27 18:00;-28;1.375;-200;-200;3231;206;0;
23524;2024.12.27 18:15;-28;2.0625;-200;-200;3231;206;0;
23525;2024.12.27 18:30;-28;1.625;-200;-200;3231;206;0;
23526;2024.12.27 18:45;-28;2.25;-200;-200;3231;206;0;
23527;2024.12.27 19:00;-28;2.875;-200;-200;3231;206;0;
23528;2024.12.27 19:15;-28;2.375;-200;-200;3231;206;0;
23529;2024.12.27 19:30;-28;2.1875;-200;-200;3231;206;0;
23530;2024.12.27 19:45;-28;2.5;-200;-200;3231;206;0;
23531;2024.12.27 20:00;-28;2;-200;-200;3231;206;0;
23532;2024.12.27 20:15;-28;1.625;-200;-200;3231;206;0;
23533;2024.12.27 20:30;-28;1.25;-200;-200;3231;206;0;
23534;2024.12.27 20:45;-28;1.0625;-200;-200;3231;206;0;
23535;2024.12.27 21:00;-28;1;-200;-200;3231;206;0;
23536;2024.12.27 21:15;-28;0.75;-200;-200;3231;206;0;
23537;2024.12.27 21:30;-28;0.5;-200;-200;3231;206;0;
23538;2024.12.27 21:45;-28;0.5;-200;-200;3231;206;0;
23539;2024.12.27 22:00;-28;0.625;-200;-200;3231;206;0;
23540;2024.12.27 22:15;-28;0.75;-200;-200;3231;206;0;
23541;2024.12.27 22:30;-28;0.75;-200;-200;3231;206;0;
23542;2024.12.27 22:45;-28;0.625;-200;-200;3231;206;0;
23543;2024.12.27 23:00;-28;0.5;-200;-200;3231;206;0;
23544;2024.12.27 23:15;-28;0.25;-200;-200;3231;206;0;
23545;2024.12.27 23:30;-28;0.125;-200;-200;3231;206;0;
23546;2024.12.27 23:45;-28;-0.3125;-200;-200;3231;206;0;
23547;2024.12.28 00:00;-28;-0.5;-200;-200;3231;206;0;
23548;2024.12.28 00:15;-28;-0.625;-200;-200;3231;206;0;
23549;2024.12.28 00:30;-28;-0.5;-200;-200;3231;206;0;
23550;2024.12.28 00:45;-28;-0.375;-200;-200;3231;206;0;
23551;2024.12.28 01:00;-28;-0.375;-200;-200;3231;206;0;
23552;2024.12.28 01:15;-28;-0.4375;-200;-200;3231;206;0;
23553;2024.12.28 01:30;-28;-0.4375;-200;-200;3231;206;0;
23554;2024.12.28 01:45;-28;-0.5;-200;-200;3231;206;0;
23555;2024.12.28 02:00;-28;-0.5625;-200;-200;3231;206;0;
23556;2024.12.28 02:15;-28;-0.625;-200;-200;3231;206;0;
23557;2024.12.28 02:30;-28;-2.375;-200;-200;3231;206;0;
23558;2024.12.28 02:45;-28;-2.375;-200;-200;3231;206;0;
23559;2024.12.28 03:00;-28;-2.125;-200;-200;3231;206;0;
23560;2024.12.28 03:15;-28;-1.875;-200;-200;3231;206;0;
23561;2024.12.28 03:30;-28;-1.75;-200;-200;3231;206;0;
23562;2024.12.28 03:45;-28;-1.75;-200;-200;3231;206;0;
23563;2024.12.28 04:00;-28;-1.75;-200;-200;3231;206;0;
23564;2024.12.28 04:15;-28;-2.25;-200;-200;3231;206;0;
23565;2024.12.28 04:30;-28;-2.4375;-200;-200;3231;206;0;
23566;2024.12.28 04:45;-28;-2.375;-200;-200;3231;206;0;
23567;2024.12.28 05:00;-28;-2.25;-200;-200;3231;206;0;
23568;2024.12.28 05:15;-28;-2.25;-200;-200;3231;206;0;
23569;2024.12.28 05:30;-28;-2.25;-200;-200;3231;206;0;
23570;2024.12.28 05:45;-28;-2.25;-200;-200;3231;206;0;
23571;2024.12.28 06:00;-28;-2.25;-200;-200;3231;206;0;
23572;2024.12.28 06:15;-28;-2.375;-200;-200;3230;206;0;
23573;2024.12.28 06:30;-28;-2.5625;-200;-200;3230;206;0;
23574;2024.12.28 06:45;-28;-2.6875;-200;-200;3230;206;0;
23575;2024.12.28 07:00;-28;-2.75;-200;-200;3230;206;0;
23576;2024.12.28 07:15;-28;-2.75;-200;-200;3230;206;0;
23577;2024.12.28 07:30;-28;-2.875;-200;-200;3230;206;0;
23578;2024.12.28 07:45;-28;-3.1875;-200;-200;3230;206;0;
23579;2024.12.28 08:00;-28;-3.625;-200;-200;3230;206;0;
23580;2024.12.28 08:15;-28;-4;-200;-200;3230;206;0;
23581;2024.12.28 08:30;-28;-4.1875;-200;-200;3230;206;0;
23582;2024.12.28 08:45;-28;-4.375;-200;-200;3230;206;0;
23583;2024.12.28 09:00;-28;-4.5;-200;-200;3230;206;0;
23584;2024.12.28 09:15;-28;-4.5625;-200;-200;3230;206;0;
23585;2024.12.28 09:30;-28;-4.5;-200;-200;3230;206;0;
23586;2024.12.28 09:45;-28;-4.8125;-200;-200;3230;206;0;
23587;2024.12.28 10:00;-28;-5;-200;-200;3230;206;0;
23588;2024.12.28 10:15;-28;-5.1875;-200;-200;3230;206;0;
23589;2024.12.28 10:30;-28;-5.625;-200;-200;3230;206;0;
23590;2024.12.28 10:45;-28;-5.6875;-200;-200;3230;206;0;
23591;2024.12.28 11:00;-28;-6;-200;-200;3230;206;0;
23592;2024.12.28 11:15;-28;-6.1875;-200;-200;3230;206;0;
23593;2024.12.28 11:30;-28;-6.125;-200;-200;3230;206;0;
23594;2024.12.28 11:45;-28;-6.25;-200;-200;3230;206;0;
23595;2024.12.28 12:00;-28;-6.625;-200;-200;3230;206;0;
23596;2024.12.28 12:15;-28;-6.1875;-200;-200;3230;206;0;
23597;2024.12.28 12:30;-28;-5.6875;-200;-200;3230;206;0;
23598;2024.12.28 12:45;-28;-5.875;-200;-200;3230;206;0;
23599;2024.12.28 13:00;-28;-5.0625;-200;-200;3230;206;0;
23600;2024.12.28 13:15;-28;-4.625;-200;-200;3230;206;0;
23601;2024.12.28 13:30;-28;-4.5;-200;-200;3230;206;0;
23602;2024.12.28 13:45;-28;-5.25;-200;-200;3230;206;0;
23603;2024.12.28 14:00;-28;-5.5625;-200;-200;3230;206;0;
23604;2024.12.28 14:15;-28;-5.3125;-200;-200;3230;206;0;
23605;2024.12.28 14:30;-28;-5.125;-200;-200;3230;206;0;
23606;2024.12.28 14:45;-28;-5;-200;-200;3230;206;0;
23607;2024.12.28 15:00;-28;-4.625;-200;-200;3230;206;0;
23608;2024.12.28 15:15;-28;-4.25;-200;-200;3231;206;0;
23609;2024.12.28 15:30;-28;-2.9375;-200;-200;3230;206;0;
23610;2024.12.28 15:45;-28;-2.3125;-200;-200;3230;206;0;
23611;2024.12.28 16:00;-28;-1.625;-200;-200;3231;206;0;
23612;2024.12.28 16:15;-28;-1;-200;-200;3231;206;0;
23613;2024.12.28 16:30;-28;0;-200;-200;3231;206;0;
23614;2024.12.28 16:45;-28;0.5625;-200;-200;3231;206;0;
23615;2024.12.28 17:00;-28;1.125;-200;-200;3231;206;0;
23616;2024.12.28 17:15;-28;2;-200;-200;3231;206;0;
23617;2024.12.28 17:30;-28;2.0625;-200;-200;3231;206;0;
23618;2024.12.28 17:45;-28;2.3125;-200;-200;3231;206;0;
23619;2024.12.28 18:00;-28;2.8125;-200;-200;3231;206;0;
23620;2024.12.28 18:15;-28;3.25;-200;-200;3231;206;0;
23621;2024.12.28 18:30;-28;3.125;-200;-200;3231;206;0;
23622;2024.12.28 18:45;-28;3.6875;-200;-200;3231;206;0;
23623;2024.12.28 19:00;-28;3.5625;-200;-200;3231;206;0;
23624;2024.12.28 19:15;-28;3.125;-200;-200;3231;206;0;
23625;2024.12.28 19:30;-28;3.1875;-200;-200;3231;206;0;
23626;2024.12.28 19:45;-28;3.25;-200;-200;3231;206;0;
23627;2024.12.28 20:00;-28;4.4375;-200;-200;3232;206;0;
23628;2024.12.28 20:15;-28;6.75;-200;-200;3232;206;0;
23629;2024.12.28 20:30;-28;7.25;-200;-200;3233;206;0;
23630;2024.12.28 20:45;-28;6.625;-200;-200;3233;206;0;
23631;2024.12.28 21:00;-28;4.625;-200;-200;3232;206;0;
23632;2024.12.28 21:15;-28;4.125;-200;-200;3232;206;0;
23633;2024.12.28 21:30;-28;3.8125;-200;-200;3232;206;0;
23634;2024.12.28 21:45;-28;3.8125;-200;-200;3232;206;0;
23635;2024.12.28 22:00;-28;3.625;-200;-200;3232;206;0;
23636;2024.12.28 22:15;-28;2.875;-200;-200;3232;206;0;
23637;2024.12.28 22:30;-28;2.375;-200;-200;3232;206;0;
23638;2024.12.28 22:45;-28;2.125;-200;-200;3231;206;0;
23639;2024.12.28 23:00;-28;1.8125;-200;-200;3231;206;0;
23640;2024.12.28 23:15;-28;1.375;-200;-200;3231;206;0;
23641;2024.12.28 23:30;-28;1;-200;-200;3231;206;0;
23642;2024.12.28 23:45;-28;0.5;-200;-200;3231;206;0;
23643;2024.12.29 00:00;-28;0.125;-200;-200;3231;206;0;
23644;2024.12.29 00:15;-28;-0.125;-200;-200;3231;206;0;
23645;2024.12.29 00:30;-28;-0.625;-200;-200;3231;206;0;
23646;2024.12.29 00:45;-28;-0.75;-200;-200;3231;206;0;
23647;2024.12.29 01:00;-28;-0.25;-200;-200;3231;206;0;
23648;2024.12.29 01:15;-28;-0.625;-200;-200;3231;206;0;
23649;2024.12.29 01:30;-28;-0.75;-200;-200;3231;206;0;
23650;2024.12.29 01:45;-28;-0.875;-200;-200;3231;206;0;
23651;2024.12.29 02:00;-28;0.0625;-200;-200;3231;206;0;
23652;2024.12.29 02:15;-28;0.5;-200;-200;3231;206;0;
23653;2024.12.29 02:30;-28;0.875;-200;-200;3231;206;0;
23654;2024.12.29 02:45;-28;0.75;-200;-200;3231;206;0;
23655;2024.12.29 03:00;-28;0.875;-200;-200;3231;206;0;
23656;2024.12.29 03:15;-28;1;-200;-200;3231;206;0;
23657;2024.12.29 03:30;-28;0.75;-200;-200;3231;206;0;
23658;2024.12.29 03:45;-28;0.5;-200;-200;3231;206;0;
23659;2024.12.29 04:00;-28;0.625;-200;-200;3231;206;0;
23660;2024.12.29 04:15;-28;0.4375;-200;-200;3231;206;0;
23661;2024.12.29 04:30;-28;0.375;-200;-200;3231;206;0;
23662;2024.12.29 04:45;-28;0.6875;-200;-200;3231;206;0;
23663;2024.12.29 05:00;-28;0.125;-200;-200;3231;206;0;
23664;2024.12.29 05:15;-28;0.25;-200;-200;3231;206;0;
23665;2024.12.29 05:30;-28;1;-200;-200;3231;206;0;
23666;2024.12.29 05:45;-28;0.875;-200;-200;3231;206;0;
23667;2024.12.29 06:00;-28;0.625;-200;-200;3231;206;0;
23668;2024.12.29 06:15;-28;-0.25;-200;-200;3231;206;0;
23669;2024.12.29 06:30;-28;-0.375;-200;-200;3231;206;0;
23670;2024.12.29 06:45;-28;0.125;-200;-200;3231;206;0;
23671;2024.12.29 07:00;-28;-0.25;-200;-200;3231;206;0;
23672;2024.12.29 07:15;-28;-0.25;-200;-200;3231;206;0;
23673;2024.12.29 07:30;-28;-0.1875;-200;-200;3231;206;0;
23674;2024.12.29 07:45;-28;-0.25;-200;-200;3231;206;0;
23675;2024.12.29 08:00;-28;-0.4375;-200;-200;3231;206;0;
23676;2024.12.29 08:15;-28;-0.625;-200;-200;3231;206;0;
23677;2024.12.29 08:30;-28;-0.125;-200;-200;3231;206;0;
23678;2024.12.29 08:45;-28;-0.375;-200;-200;3231;206;0;
23679;2024.12.29 09:00;-28;-0.5625;-200;-200;3231;206;0;
23680;2024.12.29 09:15;-28;-0.4375;-200;-200;3231;206;0;
23681;2024.12.29 09:30;-28;-0.375;-200;-200;3231;206;0;
23682;2024.12.29 09:45;-28;-0.9375;-200;-200;3231;206;0;
23683;2024.12.29 10:00;-28;-1.375;-200;-200;3231;206;0;
23684;2024.12.29 10:15;-28;-1.375;-200;-200;3231;206;0;
23685;2024.12.29 10:30;-28;-1.5;-200;-200;3231;206;0;
23686;2024.12.29 10:45;-28;-1.5625;-200;-200;3231;206;0;
23687;2024.12.29 11:00;-28;-1.875;-200;-200;3231;206;0;
23688;2024.12.29 11:15;-28;-2;-200;-200;3231;206;0;
23689;2024.12.29 11:30;-28;-1.625;-200;-200;3231;206;0;
23690;2024.12.29 11:45;-28;-1.4375;-200;-200;3231;206;0;
23691;2024.12.29 12:00;-28;-1.625;-200;-200;3231;206;0;
23692;2024.12.29 12:15;-28;-1.5;-200;-200;3231;206;0;
23693;2024.12.29 12:30;-28;-1.5;-200;-200;3231;206;0;
23694;2024.12.29 12:45;-28;-1.625;-200;-200;3231;206;0;
23695;2024.12.29 13:00;-28;-2;-200;-200;3231;206;0;
23696;2024.12.29 13:15;-28;-2.3125;-200;-200;3231;206;0;
23697;2024.12.29 13:30;-28;-2.5;-200;-200;3231;206;0;
23698;2024.12.29 13:45;-28;-2.375;-200;-200;3231;206;0;
23699;2024.12.29 14:00;-28;-1.9375;-200;-200;3231;206;0;
23700;2024.12.29 14:15;-28;-2;-200;-200;3231;206;0;
23701;2024.12.29 14:30;-28;-2.375;-200;-200;3231;206;0;
23702;2024.12.29 14:45;-28;-2.0625;-200;-200;3231;206;0;
23703;2024.12.29 15:00;-28;-0.25;-200;-200;3231;206;0;
23704;2024.12.29 15:15;-28;1.125;-200;-200;3231;206;0;
23705;2024.12.29 15:30;-28;1.875;-200;-200;3231;206;0;
23706;2024.12.29 15:45;-28;2.6875;-200;-200;3231;206;0;
23707;2024.12.29 16:00;-28;3.3125;-200;-200;3231;206;0;
23708;2024.12.29 16:15;-28;3.625;-200;-200;3231;206;0;
23709;2024.12.29 16:30;-28;4.125;-200;-200;3231;206;0;
23710;2024.12.29 16:45;-28;4.4375;-200;-200;3231;206;0;
23711;2024.12.29 17:00;-28;5;-200;-200;3231;206;0;
23712;2024.12.29 17:15;-28;5.75;-200;-200;3231;206;0;
23713;2024.12.29 17:30;-28;5.875;-200;-200;3231;206;0;
23714;2024.12.29 17:45;-28;6.125;-200;-200;3231;206;0;
23715;2024.12.29 18:00;-28;6.875;-200;-200;3232;206;0;
23716;2024.12.29 18:15;-28;7.5625;-200;-200;3232;206;0;
23717;2024.12.29 18:30;-28;7.4375;-200;-200;3232;206;0;
23718;2024.12.29 18:45;-28;7.75;-200;-200;3232;206;0;
23719;2024.12.29 19:00;-28;7.75;-200;-200;3232;206;0;
23720;2024.12.29 19:15;-28;7.875;-200;-200;3232;206;0;
23721;2024.12.29 19:30;-28;7.8125;-200;-200;3232;206;0;
23722;2024.12.29 19:45;-28;7.75;-200;-200;3232;206;0;
23723;2024.12.29 20:00;-28;8.75;-200;-200;3232;206;0;
23724;2024.12.29 20:15;-28;11;-200;-200;3233;206;0;
23725;2024.12.29 20:30;-28;12.875;-200;-200;3234;206;0;
23726;2024.12.29 20:45;-28;11.25;-200;-200;3233;206;0;
23727;2024.12.29 21:00;-28;9;-200;-200;3233;206;0;
23728;2024.12.29 21:15;-28;7.875;-200;-200;3232;206;0;
23729;2024.12.29 21:30;-28;7.625;-200;-200;3232;206;0;
23730;2024.12.29 21:45;-28;7.875;-200;-200;3232;206;0;
23731;2024.12.29 22:00;-28;8;-200;-200;3232;206;0;
23732;2024.12.29 22:15;-28;7.375;-200;-200;3232;206;0;
23733;2024.12.29 22:30;-28;7.3125;-200;-200;3232;206;0;
23734;2024.12.29 22:45;-28;7.25;-200;-200;3232;206;0;
23735;2024.12.29 23:00;-28;7.1875;-200;-200;3232;206;0;
23736;2024.12.29 23:15;-28;6.8125;-200;-200;3232;206;0;
23737;2024.12.29 23:30;-28;6.5625;-200;-200;3232;206;0;
23738;2024.12.29 23:45;-28;6.25;-200;-200;3232;206;0;
23739;2024.12.30 00:00;-28;5.875;-200;-200;3232;206;0;
23740;2024.12.30 00:15;-28;5.5;-200;-200;3232;206;0;
23741;2024.12.30 00:30;-28;5.25;-200;-200;3232;206;0;
23742;2024.12.30 00:45;-28;5;-200;-200;3232;206;0;
23743;2024.12.30 01:00;-28;4.875;-200;-200;3232;206;0;
23744;2024.12.30 01:15;-28;4.6875;-200;-200;3232;206;0;
23745;2024.12.30 01:30;-28;4.25;-200;-200;3232;206;0;
23746;2024.12.30 01:45;-28;4.0625;-200;-200;3232;206;0;
23747;2024.12.30 02:00;-28;3.625;-200;-200;3232;206;0;
23748;2024.12.30 02:15;-28;3.5;-200;-200;3231;206;0;
23749;2024.12.30 02:30;-28;3.1875;-200;-200;3231;206;0;
23750;2024.12.30 02:45;-28;2.875;-200;-200;3231;206;0;
23751;2024.12.30 03:00;-28;1.875;-200;-200;3231;206;0;
23752;2024.12.30 03:15;-28;2.3125;-200;-200;3231;206;0;
23753;2024.12.30 03:30;-28;2.25;-200;-200;3231;206;0;
23754;2024.12.30 03:45;-28;2.5;-200;-200;3231;206;0;
23755;2024.12.30 04:00;-28;2.875;-200;-200;3231;206;0;
23756;2024.12.30 04:15;-28;3.375;-200;-200;3231;206;0;
23757;2024.12.30 04:30;-28;3.3125;-200;-200;3231;206;0;
23758;2024.12.30 04:45;-28;3.25;-200;-200;3231;206;0;
23759;2024.12.30 05:00;-28;3.25;-200;-200;3231;206;0;
23760;2024.12.30 05:15;-28;3;-200;-200;3231;206;0;
23761;2024.12.30 05:30;-28;2.625;-200;-200;3231;206;0;
23762;2024.12.30 05:45;-28;2.6875;-200;-200;3231;206;0;
23763;2024.12.30 06:00;-28;2.9375;-200;-200;3231;206;0;
23764;2024.12.30 06:15;-28;2.875;-200;-200;3231;206;0;
23765;2024.12.30 06:30;-28;2.75;-200;-200;3231;206;0;
23766;2024.12.30 06:45;-28;2.4375;-200;-200;3231;206;0;
23767;2024.12.30 07:00;-28;2.1875;-200;-200;3231;206;0;
23768;2024.12.30 07:15;-28;1.875;-200;-200;3231;206;0;
23769;2024.12.30 07:30;-28;1.6875;-200;-200;3231;206;0;
23770;2024.12.30 07:45;-28;1.375;-200;-200;3231;206;0;
23771;2024.12.30 08:00;-28;1.0625;-200;-200;3231;206;0;
23772;2024.12.30 08:15;-28;0.8125;-200;-200;3231;206;0;
23773;2024.12.30 08:30;-28;0.625;-200;-200;3231;206;0;
23774;2024.12.30 08:45;-28;0.375;-200;-200;3231;206;0;
23775;2024.12.30 09:00;-28;0.0625;-200;-200;3231;206;0;
23776;2024.12.30 09:15;-28;-0.125;-200;-200;3231;206;0;
23777;2024.12.30 09:30;-28;-0.4375;-200;-200;3231;206;0;
23778;2024.12.30 09:45;-28;-0.875;-200;-200;3231;206;0;
23779;2024.12.30 10:00;-28;-1;-200;-200;3231;206;0;
23780;2024.12.30 10:15;-28;-1.3125;-200;-200;3231;206;0;
23781;2024.12.30 10:30;-28;-1.625;-200;-200;3231;206;0;
23782;2024.12.30 10:45;-28;-1.75;-200;-200;3231;206;0;
23783;2024.12.30 11:00;-28;-1.875;-200;-200;3231;206;0;
23784;2024.12.30 11:15;-28;-1.875;-200;-200;3231;206;0;
23785;2024.12.30 11:30;-28;-2;-200;-200;3231;206;0;
23786;2024.12.30 11:45;-28;-1.5625;-200;-200;3231;206;0;
23787;2024.12.30 12:00;-28;-1.5625;-200;-200;3231;206;0;
23788;2024.12.30 12:15;-28;-1.5;-200;-200;3231;206;0;
23789;2024.12.30 12:30;-28;-1.25;-200;-200;3231;206;0;
23790;2024.12.30 12:45;-28;-1.25;-200;-200;3231;206;0;
23791;2024.12.30 13:00;-28;-1.1875;-200;-200;3231;206;0;
23792;2024.12.30 13:15;-28;-1.4375;-200;-200;3231;206;0;
23793;2024.12.30 13:30;-28;-1.5;-200;-200;3231;206;0;
23794;2024.12.30 13:45;-28;-1.625;-200;-200;3231;206;0;
23795;2024.12.30 14:00;-28;-1.75;-200;-200;3231;206;0;
23796;2024.12.30 14:15;-28;-1.875;-200;-200;3231;206;0;
23797;2024.12.30 14:30;-28;-2;-200;-200;3231;206;0;
23798;2024.12.30 14:45;-28;-2.0625;-200;-200;3231;206;0;
23799;2024.12.30 15:00;-28;-1.875;-200;-200;3231;206;0;
23800;2024.12.30 15:15;-28;-1.625;-200;-200;3231;206;0;
23801;2024.12.30 15:30;-28;-1.125;-200;-200;3231;206;0;
23802;2024.12.30 15:45;-28;-0.875;-200;-200;3231;206;0;
23803;2024.12.30 16:00;-28;-0.5;-200;-200;3231;206;0;
23804;2024.12.30 16:15;-28;-0.125;-200;-200;3231;206;0;
23805;2024.12.30 16:30;-28;0.25;-200;-200;3231;206;0;
23806;2024.12.30 16:45;-28;0.25;-200;-200;3231;206;0;
23807;2024.12.30 17:00;-28;0.4375;-200;-200;3231;206;0;
23808;2024.12.30 17:15;-28;0.6875;-200;-200;3231;206;0;
23809;2024.12.30 17:30;-28;0.9375;-200;-200;3231;206;0;
23810;2024.12.30 17:45;-28;0.75;-200;-200;3231;206;0;
23811;2024.12.30 18:00;-28;0.75;-200;-200;3231;206;0;
23812;2024.12.30 18:15;-28;1.25;-200;-200;3231;206;0;
23813;2024.12.30 18:30;-28;1.1875;-200;-200;3231;206;0;
23814;2024.12.30 18:45;-28;1.5625;-200;-200;3231;206;0;
23815;2024.12.30 19:00;-28;1.75;-200;-200;3231;206;0;
23816;2024.12.30 19:15;-28;2.25;-200;-200;3231;206;0;
23817;2024.12.30 19:30;-28;1.75;-200;-200;3231;206;0;
23818;2024.12.30 19:45;-28;2;-200;-200;3231;206;0;
23819;2024.12.30 20:00;-28;3;-200;-200;3231;206;0;
23820;2024.12.30 20:15;-28;5.75;-200;-200;3232;206;0;
23821;2024.12.30 20:30;-28;5.875;-200;-200;3232;206;0;
23822;2024.12.30 20:45;-28;3.75;-200;-200;3232;206;0;
23823;2024.12.30 21:00;-28;3.3125;-200;-200;3231;206;0;
23824;2024.12.30 21:15;-28;2.625;-200;-200;3231;206;0;
23825;2024.12.30 21:30;-28;2.375;-200;-200;3231;206;0;
23826;2024.12.30 21:45;-28;2.1875;-200;-200;3231;206;0;
23827;2024.12.30 22:00;-28;2.1875;-200;-200;3231;206;0;
23828;2024.12.30 22:15;-28;1.75;-200;-200;3231;206;0;
23829;2024.12.30 22:30;-28;1.75;-200;-200;3231;206;0;
23830;2024.12.30 22:45;-28;1.3125;-200;-200;3231;206;0;
23831;2024.12.30 23:00;-28;1.125;-200;-200;3231;206;0;
23832;2024.12.30 23:15;-28;0.75;-200;-200;3231;206;0;
23833;2024.12.30 23:30;-28;0.5;-200;-200;3231;206;0;
23834;2024.12.30 23:45;-28;0;-200;-200;3231;206;0;
23835;2024.12.31 00:00;-28;-0.5;-200;-200;3231;206;0;
23836;2024.12.31 00:15;-28;-0.875;-200;-200;3231;206;0;
23837;2024.12.31 00:30;-28;-1.1875;-200;-200;3231;206;0;
23838;2024.12.31 00:45;-28;-1.5625;-200;-200;3231;206;0;
23839;2024.12.31 01:00;-28;-1.875;-200;-200;3231;206;0;
23840;2024.12.31 01:15;-28;-2;-200;-200;3231;206;0;
23841;2024.12.31 01:30;-28;-2.4375;-200;-200;3231;206;0;
23842;2024.12.31 01:45;-28;-2.75;-200;-200;3231;206;0;
23843;2024.12.31 02:00;-28;-2.75;-200;-200;3231;206;0;
23844;2024.12.31 02:15;-28;-3.25;-200;-200;3231;206;0;
23845;2024.12.31 02:30;-28;-3.5;-200;-200;3231;206;0;
23846;2024.12.31 02:45;-28;-3.5;-200;-200;3231;206;0;
23847;2024.12.31 03:00;-28;-3.75;-200;-200;3231;206;0;
23848;2024.12.31 03:15;-28;-3.875;-200;-200;3231;206;0;
23849;2024.12.31 03:30;-28;-3.625;-200;-200;3231;206;0;
23850;2024.12.31 03:45;-28;-4.0625;-200;-200;3231;206;0;
23851;2024.12.31 04:00;-28;-4.3125;-200;-200;3231;206;0;
23852;2024.12.31 04:15;-28;-4.4375;-200;-200;3231;206;0;
23853;2024.12.31 04:30;-28;-4.5625;-200;-200;3231;206;0;
23854;2024.12.31 04:45;-28;-4.4375;-200;-200;3231;206;0;
23855;2024.12.31 05:00;-28;-4.3125;-200;-200;3231;206;0;
23856;2024.12.31 05:15;-28;-4.375;-200;-200;3231;206;0;
23857;2024.12.31 05:30;-28;-4.625;-200;-200;3231;206;0;
23858;2024.12.31 05:45;-28;-4.6875;-200;-200;3231;206;0;
23859;2024.12.31 06:00;-28;-4.75;-200;-200;3231;206;0;
23860;2024.12.31 06:15;-28;-5.25;-200;-200;3231;206;0;
23861;2024.12.31 06:30;-28;-5.25;-200;-200;3231;206;0;
23862;2024.12.31 06:45;-28;-5.375;-200;-200;3231;206;0;
23863;2024.12.31 07:00;-28;-5.5;-200;-200;3230;206;0;
23864;2024.12.31 07:15;-28;-5.8125;-200;-200;3230;206;0;
23865;2024.12.31 07:30;-28;-6;-200;-200;3230;206;0;
23866;2024.12.31 07:45;-28;-6.25;-200;-200;3230;206;0;
23867;2024.12.31 08:00;-28;-6.5;-200;-200;3230;206;0;
23868;2024.12.31 08:15;-28;-6.625;-200;-200;3230;206;0;
23869;2024.12.31 08:30;-28;-6.75;-200;-200;3230;206;0;
23870;2024.12.31 08:45;-28;-6.625;-200;-200;3230;206;0;
23871;2024.12.31 09:00;-28;-6.5625;-200;-200;3230;206;0;
23872;2024.12.31 09:15;-28;-6.875;-200;-200;3230;206;0;
23873;2024.12.31 09:30;-28;-7.125;-200;-200;3230;206;0;
23874;2024.12.31 09:45;-28;-7.25;-200;-200;3230;206;0;
23875;2024.12.31 10:00;-28;-7.5;-200;-200;3230;206;0;
23876;2024.12.31 10:15;-28;-7.4375;-200;-200;3230;206;0;
23877;2024.12.31 10:30;-28;-7.8125;-200;-200;3230;206;0;
23878;2024.12.31 10:45;-28;-7.75;-200;-200;3230;206;0;
23879;2024.12.31 11:00;-28;-7.6875;-200;-200;3230;206;0;
23880;2024.12.31 11:15;-28;-7.6875;-200;-200;3230;206;0;
23881;2024.12.31 11:30;-28;-7.625;-200;-200;3230;206;0;
23882;2024.12.31 11:45;-28;-7.8125;-200;-200;3230;206;0;
23883;2024.12.31 12:00;-28;-8.125;-200;-200;3230;206;0;
23884;2024.12.31 12:15;-28;-8.25;-200;-200;3230;206;0;
23885;2024.12.31 12:30;-28;-8.0625;-200;-200;3230;206;0;
23886;2024.12.31 12:45;-28;-7.625;-200;-200;3230;206;0;
23887;2024.12.31 13:00;-28;-7.0625;-200;-200;3230;206;0;
23888;2024.12.31 13:15;-28;-6.5;-200;-200;3230;206;0;
23889;2024.12.31 13:30;-28;-5.625;-200;-200;3230;206;0;
23890;2024.12.31 13:45;-28;-4.5;-200;-200;3230;206;0;
23891;2024.12.31 14:00;-28;-4.125;-200;-200;3230;206;0;
23892;2024.12.31 14:15;-28;-4.4375;-200;-200;3230;206;0;
23893;2024.12.31 14:30;-28;-4.25;-200;-200;3230;206;0;
23894;2024.12.31 14:45;-28;-3.5;-200;-200;3230;206;0;
23895;2024.12.31 15:00;-28;-3.1875;-200;-200;3230;206;0;
23896;2024.12.31 15:15;-28;-3;-200;-200;3231;206;0;
23897;2024.12.31 15:30;-28;-2.875;-200;-200;3231;206;0;
23898;2024.12.31 15:45;-28;-2.625;-200;-200;3231;206;0;
23899;2024.12.31 16:00;-28;-2.375;-200;-200;3231;206;0;
23900;2024.12.31 16:15;-28;-2.125;-200;-200;3231;206;0;
23901;2024.12.31 16:30;-28;-1.75;-200;-200;3231;206;0;
23902;2024.12.31 16:45;-28;-1.6875;-200;-200;3231;206;0;
23903;2024.12.31 17:00;-28;-1.625;-200;-200;3231;206;0;
23904;2024.12.31 17:15;-28;-1;-200;-200;3231;206;0;
23905;2024.12.31 17:30;-28;-1.125;-200;-200;3231;206;0;
23906;2024.12.31 17:45;-28;-0.5625;-200;-200;3231;206;0;
23907;2024.12.31 18:00;-28;-0.4375;-200;-200;3231;206;0;
23908;2024.12.31 18:15;-28;-0.125;-200;-200;3231;206;0;
23909;2024.12.31 18:30;-28;-0.0625;-200;-200;3231;206;0;
23910;2024.12.31 18:45;-28;-0.125;-200;-200;3231;206;0;
23911;2024.12.31 19:00;-28;1;-200;-200;3231;206;0;
23912;2024.12.31 19:15;-28;1.25;-200;-200;3231;206;0;
23913;2024.12.31 19:30;-28;1.5;-200;-200;3231;206;0;
23914;2024.12.31 19:45;-28;1.5;-200;-200;3231;206;0;
23915;2024.12.31 20:00;-28;1.75;-200;-200;3231;206;0;
23916;2024.12.31 20:15;-28;3.6875;-200;-200;3231;206;0;
23917;2024.12.31 20:30;-28;5.875;-200;-200;3232;206;0;
23918;2024.12.31 20:45;-28;3.9375;-200;-200;3231;206;0;
23919;2024.12.31 21:00;-28;2.4375;-200;-200;3231;206;0;
23920;2024.12.31 21:15;-28;1.75;-200;-200;3231;206;0;
23921;2024.12.31 21:30;-28;1.25;-200;-200;3231;206;0;
23922;2024.12.31 21:45;-28;2;-200;-200;3231;206;0;
23923;2024.12.31 22:00;-28;1.6875;-200;-200;3231;206;0;
23924;2024.12.31 22:15;-28;1;-200;-200;3231;206;0;
23925;2024.12.31 22:30;-28;0.75;-200;-200;3231;206;0;
23926;2024.12.31 22:45;-28;0.4375;-200;-200;3231;206;0;
23927;2024.12.31 23:00;-28;0;-200;-200;3231;206;0;
23928;2024.12.31 23:15;-28;-0.375;-200;-200;3231;206;0;
23929;2024.12.31 23:30;-28;-0.75;-200;-200;3231;206;0;
23930;2024.12.31 23:45;-28;-1.125;-200;-200;3231;206;0;
23931;2025.01.01 00:00;-28;-1.8125;-200;-200;3231;206;0;
23932;2025.01.01 00:15;-28;-2.375;-200;-200;3231;206;0;
23933;2025.01.01 00:30;-28;-2.875;-200;-200;3231;206;0;
23934;2025.01.01 00:45;-28;-3.4375;-200;-200;3231;206;0;
23935;2025.01.01 01:00;-28;-3.75;-200;-200;3231;206;0;
23936;2025.01.01 01:15;-28;-3.625;-200;-200;3231;206;0;
23937;2025.01.01 01:30;-28;-3.5;-200;-200;3231;206;0;
23938;2025.01.01 01:45;-28;-4;-200;-200;3231;206;0;
23939;2025.01.01 02:00;-28;-3.875;-200;-200;3231;206;0;
23940;2025.01.01 02:15;-28;-3.125;-200;-200;3231;206;0;
23941;2025.01.01 02:30;-28;-3.125;-200;-200;3231;206;0;
23942;2025.01.01 02:45;-28;-3.8125;-200;-200;3231;206;0;
23943;2025.01.01 03:00;-28;-3.625;-200;-200;3231;206;0;
23944;2025.01.01 03:15;-28;-4;-200;-200;3231;206;0;
23945;2025.01.01 03:30;-28;-4.25;-200;-200;3231;206;0;
23946;2025.01.01 03:45;-28;-4.5;-200;-200;3230;206;0;
23947;2025.01.01 04:00;-28;-4.4375;-200;-200;3231;206;0;
23948;2025.01.01 04:15;-28;-4.875;-200;-200;3231;206;0;
23949;2025.01.01 04:30;-28;-5;-200;-200;3231;206;0;
23950;2025.01.01 04:45;-28;-5.25;-200;-200;3231;206;0;
23951;2025.01.01 05:00;-28;-5.5;-200;-200;3230;206;0;
23952;2025.01.01 05:15;-28;-6;-200;-200;3230;206;0;
23953;2025.01.01 05:30;-28;-6.5;-200;-200;3230;206;0;
23954;2025.01.01 05:45;-28;-6.875;-200;-200;3230;206;0;
23955;2025.01.01 06:00;-28;-7.5;-200;-200;3230;206;0;
23956;2025.01.01 06:15;-28;-8;-200;-200;3230;206;0;
23957;2025.01.01 06:30;-28;-8.0625;-200;-200;3230;206;0;
23958;2025.01.01 06:45;-28;-8.1875;-200;-200;3230;206;0;
23959;2025.01.01 07:00;-28;-7.5;-200;-200;3230;206;0;
23960;2025.01.01 07:15;-28;-7.0625;-200;-200;3230;206;0;
23961;2025.01.01 07:30;-28;-7;-200;-200;3230;206;0;
23962;2025.01.01 07:45;-28;-6.6875;-200;-200;3230;206;0;
23963;2025.01.01 08:00;-28;-6.75;-200;-200;3230;206;0;
23964;2025.01.01 08:15;-28;-7.0625;-200;-200;3230;206;0;
23965;2025.01.01 08:30;-28;-7.25;-200;-200;3230;206;0;
23966;2025.01.01 08:45;-28;-7.75;-200;-200;3230;206;0;
23967;2025.01.01 09:00;-28;-7.875;-200;-200;3230;206;0;
23968;2025.01.01 09:15;-28;-7.125;-200;-200;3230;206;0;
23969;2025.01.01 09:30;-28;-7.5;-200;-200;3230;206;0;
23970;2025.01.01 09:45;-28;-8.1875;-200;-200;3230;206;0;
23971;2025.01.01 10:00;-28;-8.375;-200;-200;3230;206;0;
23972;2025.01.01 10:15;-28;-8.5625;-200;-200;3230;206;0;
23973;2025.01.01 10:30;-28;-8.625;-200;-200;3230;206;0;
23974;2025.01.01 10:45;-28;-8.125;-200;-200;3230;206;0;
23975;2025.01.01 11:00;-28;-8;-200;-200;3230;206;0;
23976;2025.01.01 11:15;-28;-7.75;-200;-200;3230;206;0;
23977;2025.01.01 11:30;-28;-7.875;-200;-200;3230;206;0;
23978;2025.01.01 11:45;-28;-7.625;-200;-200;3230;206;0;
23979;2025.01.01 12:00;-28;-7.875;-200;-200;3230;206;0;
23980;2025.01.01 12:15;-28;-8.25;-200;-200;3230;206;0;
23981;2025.01.01 12:30;-28;-7.875;-200;-200;3230;206;0;
23982;2025.01.01 12:45;-28;-8.375;-200;-200;3230;206;0;
23983;2025.01.01 13:00;-28;-8.5;-200;-200;3230;206;0;
23984;2025.01.01 13:15;-28;-8.5;-200;-200;3230;206;0;
23985;2025.01.01 13:30;-28;-8.625;-200;-200;3230;206;0;
23986;2025.01.01 13:45;-28;-9.25;-200;-200;3230;206;0;
23987;2025.01.01 14:00;-28;-9.375;-200;-200;3230;206;0;
23988;2025.01.01 14:15;-28;-9.5;-200;-200;3230;206;0;
23989;2025.01.01 14:30;-28;-9.375;-200;-200;3230;206;0;
23990;2025.01.01 14:45;-28;-9.25;-200;-200;3230;206;0;
23991;2025.01.01 15:00;-28;-8.625;-200;-200;3230;206;0;
23992;2025.01.01 15:15;-28;-7.875;-200;-200;3230;206;0;
23993;2025.01.01 15:30;-28;-6.625;-200;-200;3230;206;0;
23994;2025.01.01 15:45;-28;-5.25;-200;-200;3230;206;0;
23995;2025.01.01 16:00;-28;-4.25;-200;-200;3231;206;0;
23996;2025.01.01 16:15;-28;-3.25;-200;-200;3231;206;0;
23997;2025.01.01 16:30;-28;-2.25;-200;-200;3231;206;0;
23998;2025.01.01 16:45;-28;-1.5625;-200;-200;3231;206;0;
23999;2025.01.01 17:00;-28;-1.1875;-200;-200;3231;206;0;
24000;2025.01.01 17:15;-28;-0.5;-200;-200;3231;206;0;
24001;2025.01.01 17:30;-28;-0.25;-200;-200;3231;206;0;
24002;2025.01.01 17:45;-28;0.3125;-200;-200;3231;206;0;
24003;2025.01.01 18:00;-28;1;-200;-200;3231;206;0;
24004;2025.01.01 18:15;-28;1.25;-200;-200;3231;206;0;
24005;2025.01.01 18:30;-28;1.5;-200;-200;3231;206;0;
24006;2025.01.01 18:45;-28;2.625;-200;-200;3231;206;0;
24007;2025.01.01 19:00;-28;2.625;-200;-200;3231;206;0;
24008;2025.01.01 19:15;-28;2.625;-200;-200;3231;206;0;
24009;2025.01.01 19:30;-28;2.3125;-200;-200;3231;206;0;
24010;2025.01.01 19:45;-28;2.1875;-200;-200;3231;206;0;
24011;2025.01.01 20:00;-28;2.375;-200;-200;3231;206;0;
24012;2025.01.01 20:15;-28;4.8125;-200;-200;3231;206;0;
24013;2025.01.01 20:30;-28;5.4375;-200;-200;3231;206;0;
24014;2025.01.01 20:45;-28;4;-200;-200;3231;206;0;
24015;2025.01.01 21:00;-28;2.875;-200;-200;3231;206;0;
24016;2025.01.01 21:15;-28;2.125;-200;-200;3231;206;0;
24017;2025.01.01 21:30;-28;2;-200;-200;3231;206;0;
24018;2025.01.01 21:45;-28;2.4375;-200;-200;3231;206;0;
24019;2025.01.01 22:00;-28;2;-200;-200;3231;206;0;
24020;2025.01.01 22:15;-28;1.625;-200;-200;3231;206;0;
24021;2025.01.01 22:30;-28;1.625;-200;-200;3231;206;0;
24022;2025.01.01 22:45;-28;1;-200;-200;3231;206;0;
24023;2025.01.01 23:00;-28;0.9375;-200;-200;3231;206;0;
24024;2025.01.01 23:15;-28;0.375;-200;-200;3231;206;0;
24025;2025.01.01 23:30;-28;-0.25;-200;-200;3231;206;0;
24026;2025.01.01 23:45;-28;-0.625;-200;-200;3231;206;0;
24027;2025.01.02 00:00;-28;-1.125;-200;-200;3231;206;0;
24028;2025.01.02 00:15;-28;-1.5625;-200;-200;3231;206;0;
24029;2025.01.02 00:30;-28;-1.5;-200;-200;3231;206;0;
24030;2025.01.02 00:45;-28;-1.875;-200;-200;3231;206;0;
24031;2025.01.02 01:00;-28;-2.75;-200;-200;3231;206;0;
24032;2025.01.02 01:15;-28;-3;-200;-200;3231;206;0;
24033;2025.01.02 01:30;-28;-3.125;-200;-200;3231;206;0;
24034;2025.01.02 01:45;-28;-3.25;-200;-200;3231;206;0;
24035;2025.01.02 02:00;-28;-3.375;-200;-200;3231;206;0;
24036;2025.01.02 02:15;-28;-3.75;-200;-200;3231;206;0;
24037;2025.01.02 02:30;-28;-4.0625;-200;-200;3231;206;0;
24038;2025.01.02 02:45;-28;-4.1875;-200;-200;3231;206;0;
24039;2025.01.02 03:00;-28;-4.75;-200;-200;3231;206;0;
24040;2025.01.02 03:15;-28;-5.125;-200;-200;3231;206;0;
24041;2025.01.02 03:30;-28;-5.3125;-200;-200;3231;206;0;
24042;2025.01.02 03:45;-28;-5.5;-200;-200;3231;206;0;
24043;2025.01.02 04:00;-28;-5.625;-200;-200;3231;206;0;
24044;2025.01.02 04:15;-28;-5.8125;-200;-200;3231;206;0;
24045;2025.01.02 04:30;-28;-6;-200;-200;3231;206;0;
24046;2025.01.02 04:45;-28;-5.875;-200;-200;3231;206;0;
24047;2025.01.02 05:00;-28;-6;-200;-200;3231;206;0;
24048;2025.01.02 05:15;-28;-4.8125;-200;-200;3231;206;0;
24049;2025.01.02 05:30;-28;-4.375;-200;-200;3231;206;0;
24050;2025.01.02 05:45;-28;-4.375;-200;-200;3231;206;0;
24051;2025.01.02 06:00;-28;-4.25;-200;-200;3231;206;0;
24052;2025.01.02 06:15;-28;-4.5;-200;-200;3231;206;0;
24053;2025.01.02 06:30;-28;-4.625;-200;-200;3231;206;0;
24054;2025.01.02 06:45;-28;-4.5;-200;-200;3230;206;0;
24055;2025.01.02 07:00;-28;-4.375;-200;-200;3230;206;0;
24056;2025.01.02 07:15;-28;-4.375;-200;-200;3231;206;0;
24057;2025.01.02 07:30;-28;-4.375;-200;-200;3231;206;0;
24058;2025.01.02 07:45;-28;-4.125;-200;-200;3231;206;0;
24059;2025.01.02 08:00;-28;-4.0625;-200;-200;3231;206;0;
24060;2025.01.02 08:15;-28;-4;-200;-200;3231;206;0;
24061;2025.01.02 08:30;-28;-3.875;-200;-200;3231;206;0;
24062;2025.01.02 08:45;-28;-3.25;-200;-200;3231;206;0;
24063;2025.01.02 09:00;-28;-2.75;-200;-200;3231;206;0;
24064;2025.01.02 09:15;-28;-2.875;-200;-200;3231;206;0;
24065;2025.01.02 09:30;-28;-2.8125;-200;-200;3231;206;0;
24066;2025.01.02 09:45;-28;-2.8125;-200;-200;3231;206;0;
24067;2025.01.02 10:00;-28;-2.9375;-200;-200;3231;206;0;
24068;2025.01.02 10:15;-28;-3.25;-200;-200;3231;206;0;
24069;2025.01.02 10:30;-28;-3;-200;-200;3231;206;0;
24070;2025.01.02 10:45;-28;-2.5;-200;-200;3231;206;0;
24071;2025.01.02 11:00;-28;-1.875;-200;-200;3231;206;0;
24072;2025.01.02 11:15;-28;-3;-200;-200;3231;206;0;
24073;2025.01.02 11:30;-28;-3.375;-200;-200;3231;206;0;
24074;2025.01.02 11:45;-28;-3.6875;-200;-200;3231;206;0;
24075;2025.01.02 12:00;-28;-3.625;-200;-200;3231;206;0;
24076;2025.01.02 12:15;-28;-3.6875;-200;-200;3231;206;0;
24077;2025.01.02 12:30;-28;-3.75;-200;-200;3231;206;0;
24078;2025.01.02 12:45;-28;-3.875;-200;-200;3231;206;0;
24079;2025.01.02 13:00;-28;-4;-200;-200;3231;206;0;
24080;2025.01.02 13:15;-28;-3.75;-200;-200;3231;206;0;
24081;2025.01.02 13:30;-28;-4.375;-200;-200;3231;206;0;
24082;2025.01.02 13:45;-28;-4.375;-200;-200;3231;206;0;
24083;2025.01.02 14:00;-28;-3.875;-200;-200;3231;206;0;
24084;2025.01.02 14:15;-28;-2.8125;-200;-200;3231;206;0;
24085;2025.01.02 14:30;-28;-1.9375;-200;-200;3231;206;0;
24086;2025.01.02 14:45;-28;-1.5;-200;-200;3231;206;0;
24087;2025.01.02 15:00;-28;-0.5;-200;-200;3231;206;0;
24088;2025.01.02 15:15;-28;-0.375;-200;-200;3231;206;0;
24089;2025.01.02 15:30;-28;0.5625;-200;-200;3231;206;0;
24090;2025.01.02 15:45;-28;1.25;-200;-200;3231;206;0;
24091;2025.01.02 16:00;-28;1.75;-200;-200;3231;206;0;
24092;2025.01.02 16:15;-28;2.375;-200;-200;3231;206;0;
24093;2025.01.02 16:30;-28;2.875;-200;-200;3231;206;0;
24094;2025.01.02 16:45;-28;3.4375;-200;-200;3231;206;0;
24095;2025.01.02 17:00;-28;4.0625;-200;-200;3231;206;0;
24096;2025.01.02 17:15;-28;4.6875;-200;-200;3231;206;0;
24097;2025.01.02 17:30;-28;5.25;-200;-200;3231;206;0;
24098;2025.01.02 17:45;-28;5.4375;-200;-200;3231;206;0;
24099;2025.01.02 18:00;-28;5.875;-200;-200;3231;206;0;
24100;2025.01.02 18:15;-28;6.5625;-200;-200;3231;206;0;
24101;2025.01.02 18:30;-28;6.5;-200;-200;3231;206;0;
24102;2025.01.02 18:45;-28;7;-200;-200;3231;206;0;
24103;2025.01.02 19:00;-28;6.5;-200;-200;3231;206;0;
24104;2025.01.02 19:15;-28;6.625;-200;-200;3231;206;0;
24105;2025.01.02 19:30;-28;6.125;-200;-200;3231;206;0;
24106;2025.01.02 19:45;-28;6.25;-200;-200;3231;206;0;
24107;2025.01.02 20:00;-28;7.0625;-200;-200;3231;206;0;
24108;2025.01.02 20:15;-28;8.3125;-200;-200;3232;206;0;
24109;2025.01.02 20:30;-28;9.6875;-200;-200;3232;206;0;
24110;2025.01.02 20:45;-28;9.4375;-200;-200;3232;206;0;
24111;2025.01.02 21:00;-28;8.25;-200;-200;3232;206;0;
24112;2025.01.02 21:15;-28;7.3125;-200;-200;3232;206;0;
24113;2025.01.02 21:30;-28;7.125;-200;-200;3232;206;0;
24114;2025.01.02 21:45;-28;6.75;-200;-200;3232;206;0;
24115;2025.01.02 22:00;-28;6.9375;-200;-200;3232;206;0;
24116;2025.01.02 22:15;-28;6.625;-200;-200;3232;206;0;
24117;2025.01.02 22:30;-28;6.125;-200;-200;3232;206;0;
24118;2025.01.02 22:45;-28;5.75;-200;-200;3232;206;0;
24119;2025.01.02 23:00;-28;5.125;-200;-200;3231;206;0;
24120;2025.01.02 23:15;-28;4.375;-200;-200;3231;206;0;
24121;2025.01.02 23:30;-28;3.25;-200;-200;3231;206;0;
24122;2025.01.02 23:45;-28;2.5625;-200;-200;3231;206;0;
24123;2025.01.03 00:00;-28;1.625;-200;-200;3231;206;0;
24124;2025.01.03 00:15;-28;0.625;-200;-200;3231;206;0;
24125;2025.01.03 00:30;-28;0;-200;-200;3231;206;0;
24126;2025.01.03 00:45;-28;-0.75;-200;-200;3231;206;0;
24127;2025.01.03 01:00;-28;-0.9375;-200;-200;3231;206;0;
24128;2025.01.03 01:15;-28;-1.75;-200;-200;3231;206;0;
24129;2025.01.03 01:30;-28;-1.375;-200;-200;3231;206;0;
24130;2025.01.03 01:45;-28;-1.8125;-200;-200;3231;206;0;
24131;2025.01.03 02:00;-28;-1.875;-200;-200;3231;206;0;
24132;2025.01.03 02:15;-28;-2.0625;-200;-200;3231;206;0;
24133;2025.01.03 02:30;-28;-2;-200;-200;3231;206;0;
24134;2025.01.03 02:45;-28;-2.375;-200;-200;3231;206;0;
24135;2025.01.03 03:00;-28;-2.25;-200;-200;3231;206;0;
24136;2025.01.03 03:15;-28;-2.6875;-200;-200;3231;206;0;
24137;2025.01.03 03:30;-28;-2.375;-200;-200;3231;206;0;
24138;2025.01.03 03:45;-28;-2;-200;-200;3231;206;0;
24139;2025.01.03 04:00;-28;-1.6875;-200;-200;3231;206;0;
24140;2025.01.03 04:15;-28;-1.875;-200;-200;3231;206;0;
24141;2025.01.03 04:30;-28;-1.75;-200;-200;3231;206;0;
24142;2025.01.03 04:45;-28;-1.75;-200;-200;3231;206;0;
24143;2025.01.03 05:00;-28;-1.375;-200;-200;3231;206;0;
24144;2025.01.03 05:15;-28;-1.25;-200;-200;3231;206;0;
24145;2025.01.03 05:30;-28;-1.75;-200;-200;3231;206;0;
24146;2025.01.03 05:45;-28;-1.5;-200;-200;3231;206;0;
24147;2025.01.03 06:00;-28;-1.9375;-200;-200;3231;206;0;
24148;2025.01.03 06:15;-28;-1.1875;-200;-200;3231;206;0;
24149;2025.01.03 06:30;-28;-1;-200;-200;3231;206;0;
24150;2025.01.03 06:45;-28;-1;-200;-200;3231;206;0;
24151;2025.01.03 07:00;-28;-0.6875;-200;-200;3231;206;0;
24152;2025.01.03 07:15;-28;-1.9375;-200;-200;3231;206;0;
24153;2025.01.03 07:30;-28;-2.5;-200;-200;3231;206;0;
24154;2025.01.03 07:45;-28;-2.8125;-200;-200;3231;206;0;
24155;2025.01.03 08:00;-28;-3.125;-200;-200;3231;206;0;
24156;2025.01.03 08:15;-28;-3.375;-200;-200;3231;206;0;
24157;2025.01.03 08:30;-28;-3.6875;-200;-200;3231;206;0;
24158;2025.01.03 08:45;-28;-4.0625;-200;-200;3231;206;0;
24159;2025.01.03 09:00;-28;-4.1875;-200;-200;3231;206;0;
24160;2025.01.03 09:15;-28;-4;-200;-200;3231;206;0;
24161;2025.01.03 09:30;-28;-4.125;-200;-200;3231;206;0;
24162;2025.01.03 09:45;-28;-4.1875;-200;-200;3231;206;0;
24163;2025.01.03 10:00;-28;-4.375;-200;-200;3231;206;0;
24164;2025.01.03 10:15;-28;-4.5;-200;-200;3231;206;0;
24165;2025.01.03 10:30;-28;-4.375;-200;-200;3231;206;0;
24166;2025.01.03 10:45;-28;-4.25;-200;-200;3231;206;0;
24167;2025.01.03 11:00;-28;-4.25;-200;-200;3231;206;0;
24168;2025.01.03 11:15;-28;-4.25;-200;-200;3231;206;0;
24169;2025.01.03 11:30;-28;-4.1875;-200;-200;3231;206;0;
24170;2025.01.03 11:45;-28;-4.25;-200;-200;3231;206;0;
24171;2025.01.03 12:00;-28;-4.25;-200;-200;3231;206;0;
24172;2025.01.03 12:15;-28;-4.375;-200;-200;3231;206;0;
24173;2025.01.03 12:30;-28;-4.375;-200;-200;3231;206;0;
24174;2025.01.03 12:45;-28;-4;-200;-200;3231;206;0;
24175;2025.01.03 13:00;-28;-4;-200;-200;3231;206;0;
24176;2025.01.03 13:15;-28;-4;-200;-200;3231;206;0;
24177;2025.01.03 13:30;-28;-3.75;-200;-200;3231;206;0;
24178;2025.01.03 13:45;-28;-3.8125;-200;-200;3231;206;0;
24179;2025.01.03 14:00;-28;-4;-200;-200;3231;206;0;
24180;2025.01.03 14:15;-28;-3.625;-200;-200;3231;206;0;
24181;2025.01.03 14:30;-28;-3.75;-200;-200;3231;206;0;
24182;2025.01.03 14:45;-28;-3.75;-200;-200;3231;206;0;
24183;2025.01.03 15:00;-28;-3.25;-200;-200;3231;206;0;
24184;2025.01.03 15:15;-28;-2.5;-200;-200;3231;206;0;
24185;2025.01.03 15:30;-28;-1.1875;-200;-200;3231;206;0;
24186;2025.01.03 15:45;-28;0;-200;-200;3231;206;0;
24187;2025.01.03 16:00;-28;1.75;-200;-200;3231;206;0;
24188;2025.01.03 16:15;-28;3.4375;-200;-200;3231;206;0;
24189;2025.01.03 16:30;-28;4.5;-200;-200;3231;206;0;
24190;2025.01.03 16:45;-28;5.375;-200;-200;3231;206;0;
24191;2025.01.03 17:00;-28;6.1875;-200;-200;3231;206;0;
24192;2025.01.03 17:15;-28;6.875;-200;-200;3231;206;0;
24193;2025.01.03 17:30;-28;7;-200;-200;3231;206;0;
24194;2025.01.03 17:45;-28;7.3125;-200;-200;3231;206;0;
24195;2025.01.03 18:00;-28;7.8125;-200;-200;3231;206;0;
24196;2025.01.03 18:15;-28;8.25;-200;-200;3231;206;0;
24197;2025.01.03 18:30;-28;8.25;-200;-200;3231;206;0;
24198;2025.01.03 18:45;-28;8.8125;-200;-200;3231;206;0;
24199;2025.01.03 19:00;-28;8.9375;-200;-200;3231;206;0;
24200;2025.01.03 19:15;-28;8.875;-200;-200;3231;206;0;
24201;2025.01.03 19:30;-28;9.1875;-200;-200;3231;206;0;
24202;2025.01.03 19:45;-28;9.1875;-200;-200;3231;206;0;
24203;2025.01.03 20:00;-28;10.625;-200;-200;3232;206;0;
24204;2025.01.03 20:15;-28;12.875;-200;-200;3233;206;0;
24205;2025.01.03 20:30;-28;13.875;-200;-200;3233;206;0;
24206;2025.01.03 20:45;-28;11.6875;-200;-200;3233;206;0;
24207;2025.01.03 21:00;-28;10.9375;-200;-200;3233;206;0;
24208;2025.01.03 21:15;-28;9.5;-200;-200;3232;206;0;
24209;2025.01.03 21:30;-28;9.375;-200;-200;3232;206;0;
24210;2025.01.03 21:45;-28;9.0625;-200;-200;3232;206;0;
24211;2025.01.03 22:00;-28;9.3125;-200;-200;3232;206;0;
24212;2025.01.03 22:15;-28;8.5;-200;-200;3232;206;0;
24213;2025.01.03 22:30;-28;8;-200;-200;3232;206;0;
24214;2025.01.03 22:45;-28;7.75;-200;-200;3232;206;0;
24215;2025.01.03 23:00;-28;7.125;-200;-200;3232;206;0;
24216;2025.01.03 23:15;-28;6.25;-200;-200;3232;206;0;
24217;2025.01.03 23:30;-28;5.25;-200;-200;3232;206;0;
24218;2025.01.03 23:45;-28;4.375;-200;-200;3232;206;0;
24219;2025.01.04 00:00;-28;3.5;-200;-200;3231;206;0;
24220;2025.01.04 00:15;-28;2.625;-200;-200;3231;206;0;
24221;2025.01.04 00:30;-28;1.75;-200;-200;3231;206;0;
24222;2025.01.04 00:45;-28;1.25;-200;-200;3231;206;0;
24223;2025.01.04 01:00;-28;0.8125;-200;-200;3231;206;0;
24224;2025.01.04 01:15;-28;0.5;-200;-200;3231;206;0;
24225;2025.01.04 01:30;-28;0.0625;-200;-200;3231;206;0;
24226;2025.01.04 01:45;-28;-0.25;-200;-200;3231;206;0;
24227;2025.01.04 02:00;-28;-0.5625;-200;-200;3231;206;0;
24228;2025.01.04 02:15;-28;-0.875;-200;-200;3231;206;0;
24229;2025.01.04 02:30;-28;-0.875;-200;-200;3231;206;0;
24230;2025.01.04 02:45;-28;-1.125;-200;-200;3231;206;0;
24231;2025.01.04 03:00;-28;-1.1875;-200;-200;3231;206;0;
24232;2025.01.04 03:15;-28;-1.375;-200;-200;3231;206;0;
24233;2025.01.04 03:30;-28;-1.5;-200;-200;3231;206;0;
24234;2025.01.04 03:45;-28;-1.5;-200;-200;3231;206;0;
24235;2025.01.04 04:00;-28;-1.5625;-200;-200;3231;206;0;
24236;2025.01.04 04:15;-28;-1.375;-200;-200;3231;206;0;
24237;2025.01.04 04:30;-28;-1.1875;-200;-200;3231;206;0;
24238;2025.01.04 04:45;-28;-0.625;-200;-200;3231;206;0;
24239;2025.01.04 05:00;-28;-0.3125;-200;-200;3231;206;0;
24240;2025.01.04 05:15;-28;-0.25;-200;-200;3231;206;0;
24241;2025.01.04 05:30;-28;-0.125;-200;-200;3231;206;0;
24242;2025.01.04 05:45;-28;-0.4375;-200;-200;3231;206;0;
24243;2025.01.04 06:00;-28;-0.625;-200;-200;3231;206;0;
24244;2025.01.04 06:15;-28;-0.625;-200;-200;3231;206;0;
24245;2025.01.04 06:30;-28;-0.875;-200;-200;3231;206;0;
24246;2025.01.04 06:45;-28;-0.9375;-200;-200;3231;206;0;
24247;2025.01.04 07:00;-28;-0.9375;-200;-200;3231;206;0;
24248;2025.01.04 07:15;-28;-0.8125;-200;-200;3231;206;0;
24249;2025.01.04 07:30;-28;-0.8125;-200;-200;3231;206;0;
24250;2025.01.04 07:45;-28;-0.4375;-200;-200;3231;206;0;
24251;2025.01.04 08:00;-28;-0.6875;-200;-200;3231;206;0;
24252;2025.01.04 08:15;-28;-0.5;-200;-200;3231;206;0;
24253;2025.01.04 08:30;-28;-0.4375;-200;-200;3231;206;0;
24254;2025.01.04 08:45;-28;-0.375;-200;-200;3231;206;0;
24255;2025.01.04 09:00;-28;-0.0625;-200;-200;3231;206;0;
24256;2025.01.04 09:15;-28;-0.125;-200;-200;3231;206;0;
24257;2025.01.04 09:30;-28;-0.125;-200;-200;3231;206;0;
24258;2025.01.04 09:45;-28;-0.5625;-200;-200;3231;206;0;
24259;2025.01.04 10:00;-28;0;-200;-200;3231;206;0;
24260;2025.01.04 10:15;-28;-0.25;-200;-200;3231;206;0;
24261;2025.01.04 10:30;-28;-0.5;-200;-200;3231;206;0;
24262;2025.01.04 10:45;-28;-0.625;-200;-200;3231;206;0;
24263;2025.01.04 11:00;-28;-0.8125;-200;-200;3231;206;0;
24264;2025.01.04 11:15;-28;-0.8125;-200;-200;3231;206;0;
24265;2025.01.04 11:30;-28;-0.6875;-200;-200;3231;206;0;
24266;2025.01.04 11:45;-28;-0.6875;-200;-200;3231;206;0;
24267;2025.01.04 12:00;-28;-0.5;-200;-200;3231;206;0;
24268;2025.01.04 12:15;-28;-0.625;-200;-200;3231;206;0;
24269;2025.01.04 12:30;-28;-0.4375;-200;-200;3231;206;0;
24270;2025.01.04 12:45;-28;0;-200;-200;3231;206;0;
24271;2025.01.04 13:00;-28;0;-200;-200;3231;206;0;
24272;2025.01.04 13:15;-28;0.25;-200;-200;3231;206;0;
24273;2025.01.04 13:30;-28;0;-200;-200;3231;206;0;
24274;2025.01.04 13:45;-28;-0.375;-200;-200;3231;206;0;
24275;2025.01.04 14:00;-28;-0.625;-200;-200;3231;206;0;
24276;2025.01.04 14:15;-28;-0.9375;-200;-200;3231;206;0;
24277;2025.01.04 14:30;-28;-0.75;-200;-200;3231;206;0;
24278;2025.01.04 14:45;-28;-0.125;-200;-200;3231;206;0;
24279;2025.01.04 15:00;-28;0.875;-200;-200;3231;206;0;
24280;2025.01.04 15:15;-28;0.625;-200;-200;3231;206;0;
24281;2025.01.04 15:30;-28;0;-200;-200;3231;206;0;
24282;2025.01.04 15:45;-28;0.625;-200;-200;3231;206;0;
24283;2025.01.04 16:00;-28;2;-200;-200;3231;206;0;
24284;2025.01.04 16:15;-28;2.8125;-200;-200;3231;206;0;
24285;2025.01.04 16:30;-28;2.875;-200;-200;3231;206;0;
24286;2025.01.04 16:45;-28;3.5;-200;-200;3231;206;0;
24287;2025.01.04 17:00;-28;3.875;-200;-200;3231;206;0;
24288;2025.01.04 17:15;-28;4.625;-200;-200;3231;206;0;
24289;2025.01.04 17:30;-28;4.75;-200;-200;3231;206;0;
24290;2025.01.04 17:45;-28;4.625;-200;-200;3231;206;0;
24291;2025.01.04 18:00;-28;4.625;-200;-200;3231;206;0;
24292;2025.01.04 18:15;-28;4.875;-200;-200;3231;206;0;
24293;2025.01.04 18:30;-28;4.5;-200;-200;3231;206;0;
24294;2025.01.04 18:45;-28;4.875;-200;-200;3231;206;0;
24295;2025.01.04 19:00;-28;6;-200;-200;3231;206;0;
24296;2025.01.04 19:15;-28;5.3125;-200;-200;3231;206;0;
24297;2025.01.04 19:30;-28;4.75;-200;-200;3231;206;0;
24298;2025.01.04 19:45;-28;4.6875;-200;-200;3231;206;0;
24299;2025.01.04 20:00;-28;4.875;-200;-200;3231;206;0;
24300;2025.01.04 20:15;-28;5.625;-200;-200;3231;206;0;
24301;2025.01.04 20:30;-28;6.1875;-200;-200;3232;206;0;
24302;2025.01.04 20:45;-28;7.1875;-200;-200;3232;206;0;
24303;2025.01.04 21:00;-28;6;-200;-200;3232;206;0;
24304;2025.01.04 21:15;-28;5.125;-200;-200;3232;206;0;
24305;2025.01.04 21:30;-28;4.25;-200;-200;3232;206;0;
24306;2025.01.04 21:45;-28;4;-200;-200;3232;206;0;
24307;2025.01.04 22:00;-28;3.5625;-200;-200;3231;206;0;
24308;2025.01.04 22:15;-28;3.3125;-200;-200;3231;206;0;
24309;2025.01.04 22:30;-28;3;-200;-200;3231;206;0;
24310;2025.01.04 22:45;-28;2.625;-200;-200;3231;206;0;
24311;2025.01.04 23:00;-28;2.375;-200;-200;3231;206;0;
24312;2025.01.04 23:15;-28;1.8125;-200;-200;3231;206;0;
24313;2025.01.04 23:30;-28;1.25;-200;-200;3231;206;0;
24314;2025.01.04 23:45;-28;0.625;-200;-200;3231;206;0;
24315;2025.01.05 00:00;-28;-0.625;-200;-200;3231;206;0;
24316;2025.01.05 00:15;-28;-1.1875;-200;-200;3231;206;0;
24317;2025.01.05 00:30;-28;-1.375;-200;-200;3231;206;0;
24318;2025.01.05 00:45;-28;-1.5;-200;-200;3231;206;0;
24319;2025.01.05 01:00;-28;-2.25;-200;-200;3231;206;0;
24320;2025.01.05 01:15;-28;-2.6875;-200;-200;3231;206;0;
24321;2025.01.05 01:30;-28;-3.125;-200;-200;3231;206;0;
24322;2025.01.05 01:45;-28;-3.625;-200;-200;3231;206;0;
24323;2025.01.05 02:00;-28;-4;-200;-200;3231;206;0;
24324;2025.01.05 02:15;-28;-4.25;-200;-200;3231;206;0;
24325;2025.01.05 02:30;-28;-4.5;-200;-200;3231;206;0;
24326;2025.01.05 02:45;-28;-4.75;-200;-200;3231;206;0;
24327;2025.01.05 03:00;-28;-5;-200;-200;3231;206;0;
24328;2025.01.05 03:15;-28;-5.125;-200;-200;3231;206;0;
24329;2025.01.05 03:30;-28;-5.375;-200;-200;3231;206;0;
24330;2025.01.05 03:45;-28;-5.625;-200;-200;3231;206;0;
24331;2025.01.05 04:00;-28;-5.875;-200;-200;3231;206;0;
24332;2025.01.05 04:15;-28;-6.0625;-200;-200;3231;206;0;
24333;2025.01.05 04:30;-28;-6.1875;-200;-200;3231;206;0;
24334;2025.01.05 04:45;-28;-6.25;-200;-200;3231;206;0;
24335;2025.01.05 05:00;-28;-6.25;-200;-200;3231;206;0;
24336;2025.01.05 05:15;-28;-6.25;-200;-200;3231;206;0;
24337;2025.01.05 05:30;-28;-6.4375;-200;-200;3231;206;0;
24338;2025.01.05 05:45;-28;-6.5625;-200;-200;3231;206;0;
24339;2025.01.05 06:00;-28;-6.625;-200;-200;3231;206;0;
24340;2025.01.05 06:15;-28;-6.6875;-200;-200;3231;206;0;
24341;2025.01.05 06:30;-28;-6.75;-200;-200;3231;206;0;
24342;2025.01.05 06:45;-28;-7;-200;-200;3231;206;0;
24343;2025.01.05 07:00;-28;-7.375;-200;-200;3231;206;0;
24344;2025.01.05 07:15;-28;-7.375;-200;-200;3231;206;0;
24345;2025.01.05 07:30;-28;-7.5;-200;-200;3230;206;0;
24346;2025.01.05 07:45;-28;-7;-200;-200;3230;206;0;
24347;2025.01.05 08:00;-28;-7.25;-200;-200;3231;206;0;
24348;2025.01.05 08:15;-28;-7.5;-200;-200;3231;206;0;
24349;2025.01.05 08:30;-28;-7.75;-200;-200;3230;206;0;
24350;2025.01.05 08:45;-28;-7.8125;-200;-200;3230;206;0;
24351;2025.01.05 09:00;-28;-7.875;-200;-200;3230;206;0;
24352;2025.01.05 09:15;-28;-8.0625;-200;-200;3230;206;0;
24353;2025.01.05 09:30;-28;-8.125;-200;-200;3230;206;0;
24354;2025.01.05 09:45;-28;-8.125;-200;-200;3230;206;0;
24355;2025.01.05 10:00;-28;-8.125;-200;-200;3230;206;0;
24356;2025.01.05 10:15;-28;-8.125;-200;-200;3230;206;0;
24357;2025.01.05 10:30;-28;-8.25;-200;-200;3230;206;0;
24358;2025.01.05 10:45;-28;-8.4375;-200;-200;3230;206;0;
24359;2025.01.05 11:00;-28;-8.6875;-200;-200;3230;206;0;
24360;2025.01.05 11:15;-28;-8.8125;-200;-200;3230;206;0;
24361;2025.01.05 11:30;-28;-8.75;-200;-200;3230;206;0;
24362;2025.01.05 11:45;-28;-8.625;-200;-200;3230;206;0;
24363;2025.01.05 12:00;-28;-8.375;-200;-200;3230;206;0;
24364;2025.01.05 12:15;-28;-8.1875;-200;-200;3230;206;0;
24365;2025.01.05 12:30;-28;-8;-200;-200;3230;206;0;
24366;2025.01.05 12:45;-28;-7.75;-200;-200;3230;206;0;
24367;2025.01.05 13:00;-28;-7.875;-200;-200;3230;206;0;
24368;2025.01.05 13:15;-28;-7.875;-200;-200;3230;206;0;
24369;2025.01.05 13:30;-28;-7.9375;-200;-200;3230;206;0;
24370;2025.01.05 13:45;-28;-8.1875;-200;-200;3230;206;0;
24371;2025.01.05 14:00;-28;-8.5;-200;-200;3230;206;0;
24372;2025.01.05 14:15;-28;-8.6875;-200;-200;3230;206;0;
24373;2025.01.05 14:30;-28;-8.625;-200;-200;3230;206;0;
24374;2025.01.05 14:45;-28;-8.75;-200;-200;3230;206;0;
24375;2025.01.05 15:00;-28;-8.5;-200;-200;3230;206;0;
24376;2025.01.05 15:15;-28;-8.0625;-200;-200;3230;206;0;
24377;2025.01.05 15:30;-28;-6.8125;-200;-200;3230;206;0;
24378;2025.01.05 15:45;-28;-5.375;-200;-200;3230;206;0;
24379;2025.01.05 16:00;-28;-4.625;-200;-200;3231;206;0;
24380;2025.01.05 16:15;-28;-4;-200;-200;3231;206;0;
24381;2025.01.05 16:30;-28;-3.5625;-200;-200;3231;206;0;
24382;2025.01.05 16:45;-28;-3.0625;-200;-200;3231;206;0;
24383;2025.01.05 17:00;-28;-2.5625;-200;-200;3231;206;0;
24384;2025.01.05 17:15;-28;-2.25;-200;-200;3231;206;0;
24385;2025.01.05 17:30;-28;-1.875;-200;-200;3231;206;0;
24386;2025.01.05 17:45;-28;-1.5;-200;-200;3231;206;0;
24387;2025.01.05 18:00;-28;-1;-200;-200;3231;206;0;
24388;2025.01.05 18:15;-28;-0.3125;-200;-200;3231;206;0;
24389;2025.01.05 18:30;-28;0.1875;-200;-200;3231;206;0;
24390;2025.01.05 18:45;-28;0.375;-200;-200;3231;206;0;
24391;2025.01.05 19:00;-28;0.875;-200;-200;3231;206;0;
24392;2025.01.05 19:15;-28;0.875;-200;-200;3231;206;0;
24393;2025.01.05 19:30;-28;0.625;-200;-200;3231;206;0;
24394;2025.01.05 19:45;-28;0.75;-200;-200;3231;206;0;
24395;2025.01.05 20:00;-28;1.625;-200;-200;3231;206;0;
24396;2025.01.05 20:15;-28;3.625;-200;-200;3232;206;0;
24397;2025.01.05 20:30;-28;4.9375;-200;-200;3232;206;0;
24398;2025.01.05 20:45;-28;3.0625;-200;-200;3232;206;0;
24399;2025.01.05 21:00;-28;1.5;-200;-200;3231;206;0;
24400;2025.01.05 21:15;-28;-0.25;-200;-200;3231;206;0;
24401;2025.01.05 21:30;-28;-0.625;-200;-200;3231;206;0;
24402;2025.01.05 21:45;-28;-0.5;-200;-200;3231;206;0;
24403;2025.01.05 22:00;-28;-0.125;-200;-200;3231;206;0;
24404;2025.01.05 22:15;-28;-0.875;-200;-200;3231;206;0;
24405;2025.01.05 22:30;-28;-1.25;-200;-200;3231;206;0;
24406;2025.01.05 22:45;-28;-1.625;-200;-200;3231;206;0;
24407;2025.01.05 23:00;-28;-1.875;-200;-200;3231;206;0;
24408;2025.01.05 23:15;-28;-2.1875;-200;-200;3231;206;0;
24409;2025.01.05 23:30;-28;-2.625;-200;-200;3231;206;0;
24410;2025.01.05 23:45;-28;-3;-200;-200;3231;206;0;
24411;2025.01.06 00:00;-28;-3.4375;-200;-200;3231;206;0;
24412;2025.01.06 00:15;-28;-3.8125;-200;-200;3231;206;0;
24413;2025.01.06 00:30;-28;-4.25;-200;-200;3231;206;0;
24414;2025.01.06 00:45;-28;-4.625;-200;-200;3231;206;0;
24415;2025.01.06 01:00;-28;-5.125;-200;-200;3231;206;0;
24416;2025.01.06 01:15;-28;-5.5;-200;-200;3231;206;0;
24417;2025.01.06 01:30;-28;-6;-200;-200;3231;206;0;
24418;2025.01.06 01:45;-28;-6.375;-200;-200;3231;206;0;
24419;2025.01.06 02:00;-28;-6;-200;-200;3231;206;0;
24420;2025.01.06 02:15;-28;-6;-200;-200;3231;206;0;
24421;2025.01.06 02:30;-28;-6.125;-200;-200;3231;206;0;
24422;2025.01.06 02:45;-28;-6;-200;-200;3231;206;0;
24423;2025.01.06 03:00;-28;-6;-200;-200;3231;206;0;
24424;2025.01.06 03:15;-28;-6.5;-200;-200;3231;206;0;
24425;2025.01.06 03:30;-28;-7;-200;-200;3231;206;0;
24426;2025.01.06 03:45;-28;-7.375;-200;-200;3231;206;0;
24427;2025.01.06 04:00;-28;-7.8125;-200;-200;3231;206;0;
24428;2025.01.06 04:15;-28;-8;-200;-200;3230;206;0;
24429;2025.01.06 04:30;-28;-8.125;-200;-200;3231;206;0;
24430;2025.01.06 04:45;-28;-8.625;-200;-200;3230;206;0;
24431;2025.01.06 05:00;-28;-8.75;-200;-200;3230;206;0;
24432;2025.01.06 05:15;-28;-9;-200;-200;3230;206;0;
24433;2025.01.06 05:30;-28;-9.125;-200;-200;3230;206;0;
24434;2025.01.06 05:45;-28;-9.25;-200;-200;3230;206;0;
24435;2025.01.06 06:00;-28;-9.0625;-200;-200;3230;206;0;
24436;2025.01.06 06:15;-28;-9.375;-200;-200;3230;206;0;
24437;2025.01.06 06:30;-28;-9.0625;-200;-200;3230;206;0;
24438;2025.01.06 06:45;-28;-8.125;-200;-200;3230;206;0;
24439;2025.01.06 07:00;-28;-7.625;-200;-200;3230;206;0;
24440;2025.01.06 07:15;-28;-7.625;-200;-200;3230;206;0;
24441;2025.01.06 07:30;-28;-7.375;-200;-200;3231;206;0;
24442;2025.01.06 07:45;-28;-7.625;-200;-200;3231;206;0;
24443;2025.01.06 08:00;-28;-7.25;-200;-200;3231;206;0;
24444;2025.01.06 08:15;-28;-7.25;-200;-200;3231;206;0;
24445;2025.01.06 08:30;-28;-7.25;-200;-200;3230;206;0;
24446;2025.01.06 08:45;-28;-7.25;-200;-200;3231;206;0;
24447;2025.01.06 09:00;-28;-7.125;-200;-200;3231;206;0;
24448;2025.01.06 09:15;-28;-6.9375;-200;-200;3231;206;0;
24449;2025.01.06 09:30;-28;-6.625;-200;-200;3231;206;0;
24450;2025.01.06 09:45;-28;-6.75;-200;-200;3231;206;0;
24451;2025.01.06 10:00;-28;-6.9375;-200;-200;3231;206;0;
24452;2025.01.06 10:15;-28;-7;-200;-200;3231;206;0;
24453;2025.01.06 10:30;-28;-7.0625;-200;-200;3231;206;0;
24454;2025.01.06 10:45;-28;-7.125;-200;-200;3231;206;0;
24455;2025.01.06 11:00;-28;-7.375;-200;-200;3231;206;0;
24456;2025.01.06 11:15;-28;-7.9375;-200;-200;3231;206;0;
24457;2025.01.06 11:30;-28;-8.25;-200;-200;3230;206;0;
24458;2025.01.06 11:45;-28;-8.625;-200;-200;3231;206;0;
24459;2025.01.06 12:00;-28;-8.875;-200;-200;3231;206;0;
24460;2025.01.06 12:15;-28;-8.875;-200;-200;3231;206;0;
24461;2025.01.06 12:30;-28;-9.25;-200;-200;3230;206;0;
24462;2025.01.06 12:45;-28;-9.0625;-200;-200;3230;206;0;
24463;2025.01.06 13:00;-28;-9.1875;-200;-200;3230;206;0;
24464;2025.01.06 13:15;-28;-8.5;-200;-200;3230;206;0;
24465;2025.01.06 13:30;-28;-8.75;-200;-200;3231;206;0;
24466;2025.01.06 13:45;-28;-8.8125;-200;-200;3230;206;0;
24467;2025.01.06 14:00;-28;-8.8125;-200;-200;3230;206;0;
24468;2025.01.06 14:15;-28;-8.875;-200;-200;3230;206;0;
24469;2025.01.06 14:30;-28;-8.9375;-200;-200;3230;206;0;
24470;2025.01.06 14:45;-28;-8.875;-200;-200;3230;206;0;
24471;2025.01.06 15:00;-28;-8.125;-200;-200;3230;206;0;
24472;2025.01.06 15:15;-28;-6.9375;-200;-200;3231;206;0;
24473;2025.01.06 15:30;-28;-5.875;-200;-200;3231;206;0;
24474;2025.01.06 15:45;-28;-5;-200;-200;3231;206;0;
24475;2025.01.06 16:00;-28;-3.625;-200;-200;3231;206;0;
24476;2025.01.06 16:15;-28;-3.375;-200;-200;3231;206;0;
24477;2025.01.06 16:30;-28;-3.125;-200;-200;3231;206;0;
24478;2025.01.06 16:45;-28;-2.6875;-200;-200;3231;206;0;
24479;2025.01.06 17:00;-28;-2.375;-200;-200;3231;206;0;
24480;2025.01.06 17:15;-28;-2;-200;-200;3231;206;0;
24481;2025.01.06 17:30;-28;-1.875;-200;-200;3231;206;0;
24482;2025.01.06 17:45;-28;-1.75;-200;-200;3231;206;0;
24483;2025.01.06 18:00;-28;-1.625;-200;-200;3231;206;0;
24484;2025.01.06 18:15;-28;-1.3125;-200;-200;3231;206;0;
24485;2025.01.06 18:30;-28;-1.125;-200;-200;3231;206;0;
24486;2025.01.06 18:45;-28;-1.25;-200;-200;3231;206;0;
24487;2025.01.06 19:00;-28;-1.1875;-200;-200;3231;206;0;
24488;2025.01.06 19:15;-28;-1.25;-200;-200;3231;206;0;
24489;2025.01.06 19:30;-28;-1.25;-200;-200;3231;206;0;
24490;2025.01.06 19:45;-28;-1.25;-200;-200;3231;206;0;
24491;2025.01.06 20:00;-28;-1.1875;-200;-200;3231;206;0;
24492;2025.01.06 20:15;-28;-1.4375;-200;-200;3231;206;0;
24493;2025.01.06 20:30;-28;-1;-200;-200;3231;206;0;
24494;2025.01.06 20:45;-28;-1;-200;-200;3231;206;0;
24495;2025.01.06 21:00;-28;-0.25;-200;-200;3231;206;0;
24496;2025.01.06 21:15;-28;-0.625;-200;-200;3231;206;0;
24497;2025.01.06 21:30;-28;-1.0625;-200;-200;3231;206;0;
24498;2025.01.06 21:45;-28;-1.375;-200;-200;3231;206;0;
24499;2025.01.06 22:00;-28;-1.5;-200;-200;3231;206;0;
24500;2025.01.06 22:15;-28;-2;-200;-200;3231;206;0;
24501;2025.01.06 22:30;-28;-2.1875;-200;-200;3231;206;0;
24502;2025.01.06 22:45;-28;-2.125;-200;-200;3231;206;0;
24503;2025.01.06 23:00;-28;-1.9375;-200;-200;3231;206;0;
24504;2025.01.06 23:15;-28;-2.1875;-200;-200;3231;206;0;
24505;2025.01.06 23:30;-28;-2.375;-200;-200;3231;206;0;
24506;2025.01.06 23:45;-28;-2.5625;-200;-200;3231;206;0;
24507;2025.01.07 00:00;-28;-3;-200;-200;3231;206;0;
24508;2025.01.07 00:15;-28;-3.375;-200;-200;3231;206;0;
24509;2025.01.07 00:30;-28;-4;-200;-200;3231;206;0;
24510;2025.01.07 00:45;-28;-4.5625;-200;-200;3231;206;0;
24511;2025.01.07 01:00;-28;-4.8125;-200;-200;3231;206;0;
24512;2025.01.07 01:15;-28;-4.875;-200;-200;3231;206;0;
24513;2025.01.07 01:30;-28;-4.875;-200;-200;3231;206;0;
24514;2025.01.07 01:45;-28;-5;-200;-200;3231;206;0;
24515;2025.01.07 02:00;-28;-5.625;-200;-200;3231;206;0;
24516;2025.01.07 02:15;-28;-6.25;-200;-200;3231;206;0;
24517;2025.01.07 02:30;-28;-6.75;-200;-200;3231;206;0;
24518;2025.01.07 02:45;-28;-7;-200;-200;3231;206;0;
24519;2025.01.07 03:00;-28;-7.375;-200;-200;3231;206;0;
24520;2025.01.07 03:15;-28;-7.5;-200;-200;3231;206;0;
24521;2025.01.07 03:30;-28;-7.5;-200;-200;3231;206;0;
24522;2025.01.07 03:45;-28;-7.5625;-200;-200;3231;206;0;
24523;2025.01.07 04:00;-28;-7.875;-200;-200;3231;206;0;
24524;2025.01.07 04:15;-28;-8;-200;-200;3231;206;0;
24525;2025.01.07 04:30;-28;-7.625;-200;-200;3231;206;0;
24526;2025.01.07 04:45;-28;-7.5625;-200;-200;3231;206;0;
24527;2025.01.07 05:00;-28;-7.75;-200;-200;3231;206;0;
24528;2025.01.07 05:15;-28;-7.75;-200;-200;3231;206;0;
24529;2025.01.07 05:30;-28;-7.875;-200;-200;3231;206;0;
24530;2025.01.07 05:45;-28;-7.875;-200;-200;3231;206;0;
24531;2025.01.07 06:00;-28;-7.9375;-200;-200;3231;206;0;
24532;2025.01.07 06:15;-28;-8.25;-200;-200;3231;206;0;
24533;2025.01.07 06:30;-28;-8.25;-200;-200;3231;206;0;
24534;2025.01.07 06:45;-28;-8.1875;-200;-200;3231;206;0;
24535;2025.01.07 07:00;-28;-7.5;-200;-200;3231;206;0;
24536;2025.01.07 07:15;-28;-7.375;-200;-200;3231;206;0;
24537;2025.01.07 07:30;-28;-6.75;-200;-200;3231;206;0;
24538;2025.01.07 07:45;-28;-6.625;-200;-200;3231;206;0;
24539;2025.01.07 08:00;-28;-6.4375;-200;-200;3231;206;0;
24540;2025.01.07 08:15;-28;-6.3125;-200;-200;3231;206;0;
24541;2025.01.07 08:30;-28;-5.75;-200;-200;3231;206;0;
24542;2025.01.07 08:45;-28;-5.5;-200;-200;3231;206;0;
24543;2025.01.07 09:00;-28;-6.375;-200;-200;3231;206;0;
24544;2025.01.07 09:15;-28;-6.8125;-200;-200;3231;206;0;
24545;2025.01.07 09:30;-28;-6.75;-200;-200;3231;206;0;
24546;2025.01.07 09:45;-28;-6.75;-200;-200;3231;206;0;
24547;2025.01.07 10:00;-28;-6.8125;-200;-200;3231;206;0;
24548;2025.01.07 10:15;-28;-7;-200;-200;3231;206;0;
24549;2025.01.07 10:30;-28;-6.875;-200;-200;3231;206;0;
24550;2025.01.07 10:45;-28;-6.6875;-200;-200;3231;206;0;
24551;2025.01.07 11:00;-28;-6.6875;-200;-200;3231;206;0;
24552;2025.01.07 11:15;-28;-6.5;-200;-200;3231;206;0;
24553;2025.01.07 11:30;-28;-6.5;-200;-200;3231;206;0;
24554;2025.01.07 11:45;-28;-6.4375;-200;-200;3231;206;0;
24555;2025.01.07 12:00;-28;-6.125;-200;-200;3231;206;0;
24556;2025.01.07 12:15;-28;-5.9375;-200;-200;3231;206;0;
24557;2025.01.07 12:30;-28;-6.1875;-200;-200;3231;206;0;
24558;2025.01.07 12:45;-28;-6.5;-200;-200;3231;206;0;
24559;2025.01.07 13:00;-28;-6.75;-200;-200;3231;206;0;
24560;2025.01.07 13:15;-28;-7;-200;-200;3231;206;0;
24561;2025.01.07 13:30;-28;-7.375;-200;-200;3231;206;0;
24562;2025.01.07 13:45;-28;-7.875;-200;-200;3231;206;0;
24563;2025.01.07 14:00;-28;-8.4375;-200;-200;3230;206;0;
24564;2025.01.07 14:15;-28;-8.8125;-200;-200;3230;206;0;
24565;2025.01.07 14:30;-28;-9.0625;-200;-200;3230;206;0;
24566;2025.01.07 14:45;-28;-9.0625;-200;-200;3230;206;0;
24567;2025.01.07 15:00;-28;-8.8125;-200;-200;3230;206;0;
24568;2025.01.07 15:15;-28;-8.8125;-200;-200;3230;206;0;
24569;2025.01.07 15:30;-28;-7.875;-200;-200;3230;206;0;
24570;2025.01.07 15:45;-28;-7.75;-200;-200;3230;206;0;
24571;2025.01.07 16:00;-28;-7.625;-200;-200;3230;206;0;
24572;2025.01.07 16:15;-28;-8.0625;-200;-200;3230;206;0;
24573;2025.01.07 16:30;-28;-7.3125;-200;-200;3230;206;0;
24574;2025.01.07 16:45;-28;-7.0625;-200;-200;3230;206;0;
24575;2025.01.07 17:00;-28;-5.625;-200;-200;3231;206;0;
24576;2025.01.07 17:15;-28;-5.125;-200;-200;3231;206;0;
24577;2025.01.07 17:30;-28;-4.4375;-200;-200;3231;206;0;
24578;2025.01.07 17:45;-28;-4.75;-200;-200;3231;206;0;
24579;2025.01.07 18:00;-28;-3.75;-200;-200;3231;206;0;
24580;2025.01.07 18:15;-28;-3.25;-200;-200;3231;206;0;
24581;2025.01.07 18:30;-28;-3.25;-200;-200;3231;206;0;
24582;2025.01.07 18:45;-28;-3.125;-200;-200;3231;206;0;
24583;2025.01.07 19:00;-28;-3;-200;-200;3231;206;0;
24584;2025.01.07 19:15;-28;-3;-200;-200;3231;206;0;
24585;2025.01.07 19:30;-28;-3.5;-200;-200;3231;206;0;
24586;2025.01.07 19:45;-28;-3.3125;-200;-200;3231;206;0;
24587;2025.01.07 20:00;-28;-2.125;-200;-200;3231;206;0;
24588;2025.01.07 20:15;-28;-0.375;-200;-200;3231;206;0;
24589;2025.01.07 20:30;-28;0.8125;-200;-200;3231;206;0;
24590;2025.01.07 20:45;-28;-1.5625;-200;-200;3231;206;0;
24591;2025.01.07 21:00;-28;-2.4375;-200;-200;3231;206;0;
24592;2025.01.07 21:15;-28;-4.375;-200;-200;3231;206;0;
24593;2025.01.07 21:30;-28;-5.375;-200;-200;3231;206;0;
24594;2025.01.07 21:45;-28;-5.625;-200;-200;3231;206;0;
24595;2025.01.07 22:00;-28;-5.25;-200;-200;3231;206;0;
24596;2025.01.07 22:15;-28;-6.125;-200;-200;3231;206;0;
24597;2025.01.07 22:30;-28;-6.875;-200;-200;3231;206;0;
24598;2025.01.07 22:45;-28;-7;-200;-200;3231;206;0;
24599;2025.01.07 23:00;-28;-7.4375;-200;-200;3230;206;0;
24600;2025.01.07 23:15;-28;-7.8125;-200;-200;3230;206;0;
24601;2025.01.07 23:30;-28;-8.625;-200;-200;3230;206;0;
24602;2025.01.07 23:45;-28;-8.875;-200;-200;3230;206;0;
24603;2025.01.08 00:00;-28;-9.1875;-200;-200;3230;206;0;
24604;2025.01.08 00:15;-28;-9.375;-200;-200;3230;206;0;
24605;2025.01.08 00:30;-28;-9.625;-200;-200;3230;206;0;
24606;2025.01.08 00:45;-28;-9.875;-200;-200;3230;206;0;
24607;2025.01.08 01:00;-28;-9.875;-200;-200;3230;206;0;
24608;2025.01.08 01:15;-28;-9.875;-200;-200;3230;206;0;
24609;2025.01.08 01:30;-28;-9.6875;-200;-200;3230;206;0;
24610;2025.01.08 01:45;-28;-9.625;-200;-200;3230;206;0;
24611;2025.01.08 02:00;-28;-9.625;-200;-200;3230;206;0;
24612;2025.01.08 02:15;-28;-9.625;-200;-200;3230;206;0;
24613;2025.01.08 02:30;-28;-9.75;-200;-200;3230;206;0;
24614;2025.01.08 02:45;-28;-9.9375;-200;-200;3230;206;0;
24615;2025.01.08 03:00;-28;-9.75;-200;-200;3230;206;0;
24616;2025.01.08 03:15;-28;-9.5625;-200;-200;3230;206;0;
24617;2025.01.08 03:30;-28;-9.5;-200;-200;3230;206;0;
24618;2025.01.08 03:45;-28;-9.375;-200;-200;3230;206;0;
24619;2025.01.08 04:00;-28;-9.375;-200;-200;3230;206;0;
24620;2025.01.08 04:15;-28;-9.375;-200;-200;3230;206;0;
24621;2025.01.08 04:30;-28;-9.375;-200;-200;3230;206;0;
24622;2025.01.08 04:45;-28;-9.5;-200;-200;3230;206;0;
24623;2025.01.08 05:00;-28;-9.625;-200;-200;3230;206;0;
24624;2025.01.08 05:15;-28;-9.625;-200;-200;3230;206;0;
24625;2025.01.08 05:30;-28;-9.8125;-200;-200;3230;206;0;
24626;2025.01.08 05:45;-28;-9.875;-200;-200;3230;206;0;
24627;2025.01.08 06:00;-28;-10;-200;-200;3230;206;0;
24628;2025.01.08 06:15;-28;-9.9375;-200;-200;3230;206;0;
24629;2025.01.08 06:30;-28;-10;-200;-200;3230;206;0;
24630;2025.01.08 06:45;-28;-10.125;-200;-200;3230;206;0;
24631;2025.01.08 07:00;-28;-10.375;-200;-200;3230;206;0;
24632;2025.01.08 07:15;-28;-10.375;-200;-200;3230;206;0;
24633;2025.01.08 07:30;-28;-10.125;-200;-200;3230;206;0;
24634;2025.01.08 07:45;-28;-10;-200;-200;3230;206;0;
24635;2025.01.08 08:00;-28;-10.125;-200;-200;3230;206;0;
24636;2025.01.08 08:15;-28;-10.1875;-200;-200;3230;206;0;
24637;2025.01.08 08:30;-28;-10.0625;-200;-200;3230;206;0;
24638;2025.01.08 08:45;-28;-10.3125;-200;-200;3230;206;0;
24639;2025.01.08 09:00;-28;-10.625;-200;-200;3230;206;0;
24640;2025.01.08 09:15;-28;-10.875;-200;-200;3230;206;0;
24641;2025.01.08 09:30;-28;-10.8125;-200;-200;3230;206;0;
24642;2025.01.08 09:45;-28;-10.875;-200;-200;3230;206;0;
24643;2025.01.08 10:00;-28;-10.75;-200;-200;3230;206;0;
24644;2025.01.08 10:15;-28;-10.75;-200;-200;3230;206;0;
24645;2025.01.08 10:30;-28;-11;-200;-200;3230;206;0;
24646;2025.01.08 10:45;-28;-11.375;-200;-200;3230;206;0;
24647;2025.01.08 11:00;-28;-11.375;-200;-200;3230;206;0;
24648;2025.01.08 11:15;-28;-11.4375;-200;-200;3230;206;0;
24649;2025.01.08 11:30;-28;-11.4375;-200;-200;3230;206;0;
24650;2025.01.08 11:45;-28;-11.5;-200;-200;3230;206;0;
24651;2025.01.08 12:00;-28;-11.625;-200;-200;3230;206;0;
24652;2025.01.08 12:15;-28;-11.8125;-200;-200;3230;206;0;
24653;2025.01.08 12:30;-28;-12.125;-200;-200;3230;206;0;
24654;2025.01.08 12:45;-28;-12.375;-200;-200;3230;206;0;
24655;2025.01.08 13:00;-28;-12.5;-200;-200;3230;206;0;
24656;2025.01.08 13:15;-28;-12.625;-200;-200;3230;206;0;
24657;2025.01.08 13:30;-28;-12.0625;-200;-200;3230;206;0;
24658;2025.01.08 13:45;-28;-11.8125;-200;-200;3230;206;0;
24659;2025.01.08 14:00;-28;-11.6875;-200;-200;3230;206;0;
24660;2025.01.08 14:15;-28;-11.5;-200;-200;3230;206;0;
24661;2025.01.08 14:30;-28;-11.4375;-200;-200;3230;206;0;
24662;2025.01.08 14:45;-28;-11.25;-200;-200;3230;206;0;
24663;2025.01.08 15:00;-28;-10.625;-200;-200;3230;206;0;
24664;2025.01.08 15:15;-28;-9.9375;-200;-200;3230;206;0;
24665;2025.01.08 15:30;-28;-9;-200;-200;3230;206;0;
24666;2025.01.08 15:45;-28;-8.3125;-200;-200;3230;206;0;
24667;2025.01.08 16:00;-28;-8.125;-200;-200;3230;206;0;
24668;2025.01.08 16:15;-28;-7.25;-200;-200;3230;206;0;
24669;2025.01.08 16:30;-28;-6.5;-200;-200;3230;206;0;
24670;2025.01.08 16:45;-28;-5.875;-200;-200;3230;206;0;
24671;2025.01.08 17:00;-28;-5.25;-200;-200;3230;206;0;
24672;2025.01.08 17:15;-28;-4.375;-200;-200;3230;206;0;
24673;2025.01.08 17:30;-28;-3.6875;-200;-200;3230;206;0;
24674;2025.01.08 17:45;-28;-3.125;-200;-200;3230;206;0;
24675;2025.01.08 18:00;-28;-3;-200;-200;3230;206;0;
24676;2025.01.08 18:15;-28;-2.3125;-200;-200;3230;206;0;
24677;2025.01.08 18:30;-28;-2.25;-200;-200;3230;206;0;
24678;2025.01.08 18:45;-28;-1.625;-200;-200;3230;206;0;
24679;2025.01.08 19:00;-28;-1.125;-200;-200;3231;206;0;
24680;2025.01.08 19:15;-28;-0.75;-200;-200;3231;206;0;
24681;2025.01.08 19:30;-28;-0.75;-200;-200;3231;206;0;
24682;2025.01.08 19:45;-28;0.0625;-200;-200;3231;206;0;
24683;2025.01.08 20:00;-28;1.75;-200;-200;3231;206;0;
24684;2025.01.08 20:15;-28;4.875;-200;-200;3231;206;0;
24685;2025.01.08 20:30;-28;7.5;-200;-200;3232;206;0;
24686;2025.01.08 20:45;-28;4.125;-200;-200;3232;206;0;
24687;2025.01.08 21:00;-28;0.0625;-200;-200;3231;206;0;
24688;2025.01.08 21:15;-28;-2.3125;-200;-200;3231;206;0;
24689;2025.01.08 21:30;-28;-2.8125;-200;-200;3231;206;0;
24690;2025.01.08 21:45;-28;-2.875;-200;-200;3231;206;0;
24691;2025.01.08 22:00;-28;-1.9375;-200;-200;3231;206;0;
24692;2025.01.08 22:15;-28;-2.75;-200;-200;3231;206;0;
24693;2025.01.08 22:30;-28;-3.125;-200;-200;3231;206;0;
24694;2025.01.08 22:45;-28;-3.125;-200;-200;3231;206;0;
24695;2025.01.08 23:00;-28;-3.125;-200;-200;3231;206;0;
24696;2025.01.08 23:15;-28;-3.4375;-200;-200;3231;206;0;
24697;2025.01.08 23:30;-28;-3.8125;-200;-200;3231;206;0;
24698;2025.01.08 23:45;-28;-4.0625;-200;-200;3231;206;0;
24699;2025.01.09 00:00;-28;-4.875;-200;-200;3231;206;0;
24700;2025.01.09 00:15;-28;-5.8125;-200;-200;3230;206;0;
24701;2025.01.09 00:30;-28;-6.375;-200;-200;3230;206;0;
24702;2025.01.09 00:45;-28;-6.875;-200;-200;3230;206;0;
24703;2025.01.09 01:00;-28;-7.25;-200;-200;3230;206;0;
24704;2025.01.09 01:15;-28;-7.625;-200;-200;3230;206;0;
24705;2025.01.09 01:30;-28;-7.8125;-200;-200;3230;206;0;
24706;2025.01.09 01:45;-28;-8.125;-200;-200;3230;206;0;
24707;2025.01.09 02:00;-28;-7.6875;-200;-200;3230;206;0;
24708;2025.01.09 02:15;-28;-7.9375;-200;-200;3230;206;0;
24709;2025.01.09 02:30;-28;-8.5;-200;-200;3230;206;0;
24710;2025.01.09 02:45;-28;-8.75;-200;-200;3230;206;0;
24711;2025.01.09 03:00;-28;-8.625;-200;-200;3230;206;0;
24712;2025.01.09 03:15;-28;-8.875;-200;-200;3230;206;0;
24713;2025.01.09 03:30;-28;-9;-200;-200;3230;206;0;
24714;2025.01.09 03:45;-28;-9.125;-200;-200;3230;206;0;
24715;2025.01.09 04:00;-28;-9.125;-200;-200;3230;206;0;
24716;2025.01.09 04:15;-28;-8.75;-200;-200;3230;206;0;
24717;2025.01.09 04:30;-28;-9.125;-200;-200;3230;206;0;
24718;2025.01.09 04:45;-28;-9.25;-200;-200;3230;206;0;
24719;2025.01.09 05:00;-28;-9.0625;-200;-200;3230;206;0;
24720;2025.01.09 05:15;-28;-9.0625;-200;-200;3230;206;0;
24721;2025.01.09 05:30;-28;-9.125;-200;-200;3230;206;0;
24722;2025.01.09 05:45;-28;-9.3125;-200;-200;3230;206;0;
24723;2025.01.09 06:00;-28;-9.25;-200;-200;3230;206;0;
24724;2025.01.09 06:15;-28;-8.75;-200;-200;3230;206;0;
24725;2025.01.09 06:30;-28;-8.1875;-200;-200;3230;206;0;
24726;2025.01.09 06:45;-28;-8.25;-200;-200;3230;206;0;
24727;2025.01.09 07:00;-28;-8;-200;-200;3230;206;0;
24728;2025.01.09 07:15;-28;-8.375;-200;-200;3230;206;0;
24729;2025.01.09 07:30;-28;-8.5;-200;-200;3230;206;0;
24730;2025.01.09 07:45;-28;-8.5;-200;-200;3230;206;0;
24731;2025.01.09 08:00;-28;-8.625;-200;-200;3230;206;0;
24732;2025.01.09 08:15;-28;-8.5;-200;-200;3230;206;0;
24733;2025.01.09 08:30;-28;-8.625;-200;-200;3230;206;0;
24734;2025.01.09 08:45;-28;-8.0625;-200;-200;3230;206;0;
24735;2025.01.09 09:00;-28;-7.9375;-200;-200;3230;206;0;
24736;2025.01.09 09:15;-28;-7.5;-200;-200;3230;206;0;
24737;2025.01.09 09:30;-28;-7.75;-200;-200;3230;206;0;
24738;2025.01.09 09:45;-28;-7.625;-200;-200;3230;206;0;
24739;2025.01.09 10:00;-28;-7.375;-200;-200;3230;206;0;
24740;2025.01.09 10:15;-28;-7.375;-200;-200;3230;206;0;
24741;2025.01.09 10:30;-28;-7.375;-200;-200;3230;206;0;
24742;2025.01.09 10:45;-28;-7.5625;-200;-200;3230;206;0;
24743;2025.01.09 11:00;-28;-7.625;-200;-200;3230;206;0;
24744;2025.01.09 11:15;-28;-7.5625;-200;-200;3230;206;0;
24745;2025.01.09 11:30;-28;-7.625;-200;-200;3230;206;0;
24746;2025.01.09 11:45;-28;-7.75;-200;-200;3230;206;0;
24747;2025.01.09 12:00;-28;-7.25;-200;-200;3230;206;0;
24748;2025.01.09 12:15;-28;-7.125;-200;-200;3230;206;0;
24749;2025.01.09 12:30;-28;-7.125;-200;-200;3230;206;0;
24750;2025.01.09 12:45;-28;-7.1875;-200;-200;3230;206;0;
24751;2025.01.09 13:00;-28;-7.375;-200;-200;3230;206;0;
24752;2025.01.09 13:15;-28;-7.5;-200;-200;3230;206;0;
24753;2025.01.09 13:30;-28;-7.5;-200;-200;3230;206;0;
24754;2025.01.09 13:45;-28;-7.375;-200;-200;3230;206;0;
24755;2025.01.09 14:00;-28;-7.3125;-200;-200;3230;206;0;
24756;2025.01.09 14:15;-28;-7.625;-200;-200;3230;206;0;
24757;2025.01.09 14:30;-28;-7.5625;-200;-200;3230;206;0;
24758;2025.01.09 14:45;-28;-7.625;-200;-200;3230;206;0;
24759;2025.01.09 15:00;-28;-7.5;-200;-200;3230;206;0;
24760;2025.01.09 15:15;-28;-7.25;-200;-200;3230;206;0;
24761;2025.01.09 15:30;-28;-6.8125;-200;-200;3230;206;0;
24762;2025.01.09 15:45;-28;-7.0625;-200;-200;3230;206;0;
24763;2025.01.09 16:00;-28;-6.75;-200;-200;3230;206;0;
24764;2025.01.09 16:15;-28;-5.8125;-200;-200;3230;206;0;
24765;2025.01.09 16:30;-28;-6.125;-200;-200;3230;206;0;
24766;2025.01.09 16:45;-28;-5.875;-200;-200;3230;206;0;
24767;2025.01.09 17:00;-28;-5.5;-200;-200;3230;206;0;
24768;2025.01.09 17:15;-28;-5.0625;-200;-200;3230;206;0;
24769;2025.01.09 17:30;-28;-4.875;-200;-200;3230;206;0;
24770;2025.01.09 17:45;-28;-4.75;-200;-200;3230;206;0;
24771;2025.01.09 18:00;-28;-4.75;-200;-200;3230;206;0;
24772;2025.01.09 18:15;-28;-4.875;-200;-200;3230;206;0;
24773;2025.01.09 18:30;-28;-5.1875;-200;-200;3230;206;0;
24774;2025.01.09 18:45;-28;-5.25;-200;-200;3230;206;0;
24775;2025.01.09 19:00;-28;-5.3125;-200;-200;3230;206;0;
24776;2025.01.09 19:15;-28;-4.8125;-200;-200;3230;206;0;
24777;2025.01.09 19:30;-28;-3.875;-200;-200;3231;206;0;
24778;2025.01.09 19:45;-28;-4.1875;-200;-200;3230;206;0;
24779;2025.01.09 20:00;-28;-4.125;-200;-200;3231;206;0;
24780;2025.01.09 20:15;-28;-4.375;-200;-200;3231;206;0;
24781;2025.01.09 20:30;-28;-4.875;-200;-200;3230;206;0;
24782;2025.01.09 20:45;-28;-4.625;-200;-200;3231;206;0;
24783;2025.01.09 21:00;-28;-4.4375;-200;-200;3230;206;0;
24784;2025.01.09 21:15;-28;-4.75;-200;-200;3230;206;0;
24785;2025.01.09 21:30;-28;-4.875;-200;-200;3230;206;0;
24786;2025.01.09 21:45;-28;-4.75;-200;-200;3230;206;0;
24787;2025.01.09 22:00;-28;-4.625;-200;-200;3230;206;0;
24788;2025.01.09 22:15;-28;-5.5;-200;-200;3231;206;0;
24789;2025.01.09 22:30;-28;-6.25;-200;-200;3230;206;0;
24790;2025.01.09 22:45;-28;-6.625;-200;-200;3230;206;0;
24791;2025.01.09 23:00;-28;-6.5;-200;-200;3230;206;0;
24792;2025.01.09 23:15;-28;-6.8125;-200;-200;3230;206;0;
24793;2025.01.09 23:30;-28;-6.875;-200;-200;3230;206;0;
24794;2025.01.09 23:45;-28;-7.25;-200;-200;3230;206;0;
24795;2025.01.10 00:00;-28;-7.75;-200;-200;3230;206;0;
24796;2025.01.10 00:15;-28;-8.25;-200;-200;3230;206;0;
24797;2025.01.10 00:30;-28;-8.625;-200;-200;3230;206;0;
24798;2025.01.10 00:45;-28;-8.75;-200;-200;3230;206;0;
24799;2025.01.10 01:00;-28;-8.75;-200;-200;3230;206;0;
24800;2025.01.10 01:15;-28;-8.875;-200;-200;3230;206;0;
24801;2025.01.10 01:30;-28;-8.875;-200;-200;3230;206;0;
24802;2025.01.10 01:45;-28;-9.0625;-200;-200;3230;206;0;
24803;2025.01.10 02:00;-28;-9.125;-200;-200;3230;206;0;
24804;2025.01.10 02:15;-28;-9.125;-200;-200;3230;206;0;
24805;2025.01.10 02:30;-28;-9.375;-200;-200;3230;206;0;
24806;2025.01.10 02:45;-28;-9.375;-200;-200;3230;206;0;
24807;2025.01.10 03:00;-28;-9.25;-200;-200;3230;206;0;
24808;2025.01.10 03:15;-28;-9.3125;-200;-200;3230;206;0;
24809;2025.01.10 03:30;-28;-9.5;-200;-200;3230;206;0;
24810;2025.01.10 03:45;-28;-9.75;-200;-200;3230;206;0;
24811;2025.01.10 04:00;-28;-9.5625;-200;-200;3230;206;0;
24812;2025.01.10 04:15;-28;-9.6875;-200;-200;3230;206;0;
24813;2025.01.10 04:30;-28;-9.75;-200;-200;3230;206;0;
24814;2025.01.10 04:45;-28;-9.75;-200;-200;3230;206;0;
24815;2025.01.10 05:00;-28;-9.75;-200;-200;3230;206;0;
24816;2025.01.10 05:15;-28;-9.875;-200;-200;3230;206;0;
24817;2025.01.10 05:30;-28;-10;-200;-200;3230;206;0;
24818;2025.01.10 05:45;-28;-10.125;-200;-200;3230;206;0;
24819;2025.01.10 06:00;-28;-10.1875;-200;-200;3230;206;0;
24820;2025.01.10 06:15;-28;-10.3125;-200;-200;3230;206;0;
24821;2025.01.10 06:30;-28;-10.625;-200;-200;3230;206;0;
24822;2025.01.10 06:45;-28;-10.9375;-200;-200;3230;206;0;
24823;2025.01.10 07:00;-28;-11.125;-200;-200;3230;206;0;
24824;2025.01.10 07:15;-28;-11.125;-200;-200;3230;206;0;
24825;2025.01.10 07:30;-28;-11;-200;-200;3230;206;0;
24826;2025.01.10 07:45;-28;-10.875;-200;-200;3230;206;0;
24827;2025.01.10 08:00;-28;-11;-200;-200;3230;206;0;
24828;2025.01.10 08:15;-28;-11.25;-200;-200;3230;206;0;
24829;2025.01.10 08:30;-28;-11.9375;-200;-200;3230;206;0;
24830;2025.01.10 08:45;-28;-12.3125;-200;-200;3230;206;0;
24831;2025.01.10 09:00;-28;-12.75;-200;-200;3230;206;0;
24832;2025.01.10 09:15;-28;-12.8125;-200;-200;3230;206;0;
24833;2025.01.10 09:30;-28;-12.4375;-200;-200;3230;206;0;
24834;2025.01.10 09:45;-28;-12.75;-200;-200;3230;206;0;
24835;2025.01.10 10:00;-28;-13.25;-200;-200;3230;206;0;
24836;2025.01.10 10:15;-28;-13.75;-200;-200;3230;206;0;
24837;2025.01.10 10:30;-28;-13.75;-200;-200;3230;206;0;
24838;2025.01.10 10:45;-28;-13.875;-200;-200;3230;206;0;
24839;2025.01.10 11:00;-28;-13.625;-200;-200;3230;206;0;
24840;2025.01.10 11:15;-28;-14;-200;-200;3230;206;0;
24841;2025.01.10 11:30;-28;-13.875;-200;-200;3230;206;0;
24842;2025.01.10 11:45;-28;-13.75;-200;-200;3229;206;0;
24843;2025.01.10 12:00;-28;-13.875;-200;-200;3229;206;0;
24844;2025.01.10 12:15;-28;-14.0625;-200;-200;3229;206;0;
24845;2025.01.10 12:30;-28;-14.3125;-200;-200;3229;206;0;
24846;2025.01.10 12:45;-28;-14.6875;-200;-200;3229;206;0;
24847;2025.01.10 13:00;-28;-14.5;-200;-200;3229;206;0;
24848;2025.01.10 13:15;-28;-14.4375;-200;-200;3229;206;0;
24849;2025.01.10 13:30;-28;-14.6875;-200;-200;3229;206;0;
24850;2025.01.10 13:45;-28;-14.875;-200;-200;3229;206;0;
24851;2025.01.10 14:00;-28;-14.8125;-200;-200;3229;206;0;
24852;2025.01.10 14:15;-28;-14.75;-200;-200;3229;206;0;
24853;2025.01.10 14:30;-28;-15.0625;-200;-200;3229;206;0;
24854;2025.01.10 14:45;-28;-15.25;-200;-200;3228;206;0;
24855;2025.01.10 15:00;-28;-14.875;-200;-200;3228;206;0;
24856;2025.01.10 15:15;-28;-13.4375;-200;-200;3227;206;0;
24857;2025.01.10 15:30;-28;-11.75;-200;-200;3227;206;0;
24858;2025.01.10 15:45;-28;-10.25;-200;-200;3226;206;0;
24859;2025.01.10 16:00;-28;-9.625;-200;-200;3226;206;0;
24860;2025.01.10 16:15;-28;-9.125;-200;-200;3226;206;0;
24861;2025.01.10 16:30;-28;-8.625;-200;-200;3226;206;0;
24862;2025.01.10 16:45;-28;-8.0625;-200;-200;3226;206;0;
24863;2025.01.10 17:00;-28;-7.625;-200;-200;3226;206;0;
24864;2025.01.10 17:15;-28;-7.125;-200;-200;3226;206;0;
24865;2025.01.10 17:30;-28;-6.25;-200;-200;3226;206;0;
24866;2025.01.10 17:45;-28;-6.5;-200;-200;3226;206;0;
24867;2025.01.10 18:00;-28;-5.5;-200;-200;3226;206;0;
24868;2025.01.10 18:15;-28;-4.625;-200;-200;3226;206;0;
24869;2025.01.10 18:30;-28;-5;-200;-200;3226;206;0;
24870;2025.01.10 18:45;-28;-4.25;-200;-200;3226;206;0;
24871;2025.01.10 19:00;-28;-4;-200;-200;3226;206;0;
24872;2025.01.10 19:15;-28;-3.875;-200;-200;3226;206;0;
24873;2025.01.10 19:30;-28;-4.25;-200;-200;3226;206;0;
24874;2025.01.10 19:45;-28;-3.75;-200;-200;3226;206;0;
24875;2025.01.10 20:00;-28;-2.375;-200;-200;3226;206;0;
24876;2025.01.10 20:15;-28;-0.125;-200;-200;3226;206;0;
24877;2025.01.10 20:30;-28;2.5;-200;-200;3226;206;0;
24878;2025.01.10 20:45;-28;0.75;-200;-200;3226;206;0;
24879;2025.01.10 21:00;-28;-1.75;-200;-200;3225;206;0;
24880;2025.01.10 21:15;-28;-2.6875;-200;-200;3224;206;0;
24881;2025.01.10 21:30;-28;-3.125;-200;-200;3224;206;0;
24882;2025.01.10 21:45;-28;-2.75;-200;-200;3224;206;0;
24883;2025.01.10 22:00;-28;-1.4375;-200;-200;3224;206;0;
24884;2025.01.10 22:15;-28;-2.625;-200;-200;3224;206;0;
24885;2025.01.10 22:30;-28;-3.125;-200;-200;3224;206;0;
24886;2025.01.10 22:45;-28;-3.5;-200;-200;3224;206;0;
24887;2025.01.10 23:00;-28;-3.125;-200;-200;3224;206;0;
24888;2025.01.10 23:15;-28;-3.5625;-200;-200;3224;206;0;
24889;2025.01.10 23:30;-28;-3.75;-200;-200;3224;206;0;
24890;2025.01.10 23:45;-28;-4;-200;-200;3224;206;0;
24891;2025.01.11 00:00;-28;-4.9375;-200;-200;3224;206;0;
24892;2025.01.11 00:15;-28;-5.6875;-200;-200;3224;206;0;
24893;2025.01.11 00:30;-28;-6.5;-200;-200;3224;206;0;
24894;2025.01.11 00:45;-28;-6.875;-200;-200;3223;206;0;
24895;2025.01.11 01:00;-28;-7.375;-200;-200;3223;206;0;
24896;2025.01.11 01:15;-28;-7.6875;-200;-200;3223;206;0;
24897;2025.01.11 01:30;-28;-8;-200;-200;3223;206;0;
24898;2025.01.11 01:45;-28;-8.25;-200;-200;3223;206;0;
24899;2025.01.11 02:00;-28;-8.375;-200;-200;3223;206;0;
24900;2025.01.11 02:15;-28;-9;-200;-200;3222;206;0;
24901;2025.01.11 02:30;-28;-8.625;-200;-200;3223;206;0;
24902;2025.01.11 02:45;-28;-7.9375;-200;-200;3222;206;0;
24903;2025.01.11 03:00;-28;-7.375;-200;-200;3222;206;0;
24904;2025.01.11 03:15;-28;-7.6875;-200;-200;3222;206;0;
24905;2025.01.11 03:30;-28;-8;-200;-200;3222;206;0;
24906;2025.01.11 03:45;-28;-8.0625;-200;-200;3222;206;0;
24907;2025.01.11 04:00;-28;-7.625;-200;-200;3222;206;0;
24908;2025.01.11 04:15;-28;-7.25;-200;-200;3222;206;0;
24909;2025.01.11 04:30;-28;-7.375;-200;-200;3222;206;0;
24910;2025.01.11 04:45;-28;-7.3125;-200;-200;3222;206;0;
24911;2025.01.11 05:00;-28;-7.125;-200;-200;3222;206;0;
24912;2025.01.11 05:15;-28;-7.0625;-200;-200;3222;206;0;
24913;2025.01.11 05:30;-28;-7.9375;-200;-200;3222;206;0;
24914;2025.01.11 05:45;-28;-7.75;-200;-200;3222;206;0;
24915;2025.01.11 06:00;-28;-7.375;-200;-200;3222;206;0;
24916;2025.01.11 06:15;-28;-7.8125;-200;-200;3222;206;0;
24917;2025.01.11 06:30;-28;-8.375;-200;-200;3222;206;0;
24918;2025.01.11 06:45;-28;-8.125;-200;-200;3222;206;0;
24919;2025.01.11 07:00;-28;-9.375;-200;-200;3221;206;0;
24920;2025.01.11 07:15;-28;-9.5;-200;-200;3221;206;0;
24921;2025.01.11 07:30;-28;-8.875;-200;-200;3221;206;0;
24922;2025.01.11 07:45;-28;-7.75;-200;-200;3221;206;0;
24923;2025.01.11 08:00;-28;-7.875;-200;-200;3221;206;0;
24924;2025.01.11 08:15;-28;-7.8125;-200;-200;3221;206;0;
24925;2025.01.11 08:30;-28;-7.5625;-200;-200;3221;206;0;
24926;2025.01.11 08:45;-28;-7.1875;-200;-200;3221;206;0;
24927;2025.01.11 09:00;-28;-6.875;-200;-200;3221;206;0;
24928;2025.01.11 09:15;-28;-6.4375;-200;-200;3221;206;0;
24929;2025.01.11 09:30;-28;-5.5625;-200;-200;3221;206;0;
24930;2025.01.11 09:45;-28;-5;-200;-200;3221;206;0;
24931;2025.01.11 10:00;-28;-5.375;-200;-200;3221;206;0;
24932;2025.01.11 10:15;-28;-5.75;-200;-200;3221;206;0;
24933;2025.01.11 10:30;-28;-5.75;-200;-200;3221;206;0;
24934;2025.01.11 10:45;-28;-5.4375;-200;-200;3221;206;0;
24935;2025.01.11 11:00;-28;-5.375;-200;-200;3221;206;0;
24936;2025.01.11 11:15;-28;-5.3125;-200;-200;3221;206;0;
24937;2025.01.11 11:30;-28;-5.8125;-200;-200;3221;206;0;
24938;2025.01.11 11:45;-28;-6.125;-200;-200;3221;206;0;
24939;2025.01.11 12:00;-28;-6.8125;-200;-200;3221;206;0;
24940;2025.01.11 12:15;-28;-6.875;-200;-200;3221;206;0;
24941;2025.01.11 12:30;-28;-6.875;-200;-200;3221;206;0;
24942;2025.01.11 12:45;-28;-6.0625;-200;-200;3221;206;0;
24943;2025.01.11 13:00;-28;-6.3125;-200;-200;3221;206;0;
24944;2025.01.11 13:15;-28;-7;-200;-200;3221;206;0;
24945;2025.01.11 13:30;-28;-6.75;-200;-200;3221;206;0;
24946;2025.01.11 13:45;-28;-6.625;-200;-200;3221;206;0;
24947;2025.01.11 14:00;-28;-6.125;-200;-200;3221;206;0;
24948;2025.01.11 14:15;-28;-6.125;-200;-200;3221;206;0;
24949;2025.01.11 14:30;-28;-6.5;-200;-200;3221;206;0;
24950;2025.01.11 14:45;-28;-7;-200;-200;3221;206;0;
24951;2025.01.11 15:00;-28;-6.125;-200;-200;3221;206;0;
24952;2025.01.11 15:15;-28;-5.25;-200;-200;3221;206;0;
24953;2025.01.11 15:30;-28;-4.3125;-200;-200;3221;206;0;
24954;2025.01.11 15:45;-28;-3.75;-200;-200;3221;206;0;
24955;2025.01.11 16:00;-28;-3.25;-200;-200;3222;206;0;
24956;2025.01.11 16:15;-28;-2.75;-200;-200;3222;206;0;
24957;2025.01.11 16:30;-28;-1.75;-200;-200;3222;206;0;
24958;2025.01.11 16:45;-28;-1.3125;-200;-200;3222;206;0;
24959;2025.01.11 17:00;-28;-0.75;-200;-200;3222;206;0;
24960;2025.01.11 17:15;-28;-0.3125;-200;-200;3222;206;0;
24961;2025.01.11 17:30;-28;-0.125;-200;-200;3222;206;0;
24962;2025.01.11 17:45;-28;-0.1875;-200;-200;3222;206;0;
24963;2025.01.11 18:00;-28;0.25;-200;-200;3222;206;0;
24964;2025.01.11 18:15;-28;0.25;-200;-200;3222;206;0;
24965;2025.01.11 18:30;-28;-0.25;-200;-200;3222;206;0;
24966;2025.01.11 18:45;-28;-0.125;-200;-200;3222;206;0;
24967;2025.01.11 19:00;-28;-0.3125;-200;-200;3222;206;0;
24968;2025.01.11 19:15;-28;-0.5625;-200;-200;3222;206;0;
24969;2025.01.11 19:30;-28;-0.5;-200;-200;3222;206;0;
24970;2025.01.11 19:45;-28;-0.3125;-200;-200;3222;206;0;
24971;2025.01.11 20:00;-28;0.375;-200;-200;3223;206;0;
24972;2025.01.11 20:15;-28;1.875;-200;-200;3223;206;0;
24973;2025.01.11 20:30;-28;3.1875;-200;-200;3223;206;0;
24974;2025.01.11 20:45;-28;2;-200;-200;3223;206;0;
24975;2025.01.11 21:00;-28;0.25;-200;-200;3223;206;0;
24976;2025.01.11 21:15;-28;-0.375;-200;-200;3223;206;0;
24977;2025.01.11 21:30;-28;-1;-200;-200;3223;206;0;
24978;2025.01.11 21:45;-28;-0.5;-200;-200;3223;206;0;
24979;2025.01.11 22:00;-28;-1;-200;-200;3223;206;0;
24980;2025.01.11 22:15;-28;-2.125;-200;-200;3222;206;0;
24981;2025.01.11 22:30;-28;-2.5;-200;-200;3222;206;0;
24982;2025.01.11 22:45;-28;-2.75;-200;-200;3222;206;0;
24983;2025.01.11 23:00;-28;-2.625;-200;-200;3222;206;0;
24984;2025.01.11 23:15;-28;-3.125;-200;-200;3222;206;0;
24985;2025.01.11 23:30;-28;-3.25;-200;-200;3222;206;0;
24986;2025.01.11 23:45;-28;-4;-200;-200;3222;206;0;
24987;2025.01.12 00:00;-28;-5.0625;-200;-200;3222;206;0;
24988;2025.01.12 00:15;-28;-5.625;-200;-200;3222;206;0;
24989;2025.01.12 00:30;-28;-6.125;-200;-200;3222;206;0;
24990;2025.01.12 00:45;-28;-6.5625;-200;-200;3222;206;0;
24991;2025.01.12 01:00;-28;-7;-200;-200;3222;206;0;
24992;2025.01.12 01:15;-28;-7.25;-200;-200;3222;206;0;
24993;2025.01.12 01:30;-28;-7.5;-200;-200;3222;206;0;
24994;2025.01.12 01:45;-28;-7.875;-200;-200;3222;206;0;
24995;2025.01.12 02:00;-28;-8.125;-200;-200;3222;206;0;
24996;2025.01.12 02:15;-28;-8.5625;-200;-200;3222;206;0;
24997;2025.01.12 02:30;-28;-8.625;-200;-200;3221;206;0;
24998;2025.01.12 02:45;-28;-8.625;-200;-200;3221;206;0;
24999;2025.01.12 03:00;-28;-8.5;-200;-200;3221;206;0;
25000;2025.01.12 03:15;-28;-8.8125;-200;-200;3221;206;0;
25001;2025.01.12 03:30;-28;-9.25;-200;-200;3221;206;0;
25002;2025.01.12 03:45;-28;-9.75;-200;-200;3221;206;0;
25003;2025.01.12 04:00;-28;-10.5;-200;-200;3221;206;0;
25004;2025.01.12 04:15;-28;-11;-200;-200;3221;206;0;
25005;2025.01.12 04:30;-28;-10.75;-200;-200;3221;206;0;
25006;2025.01.12 04:45;-28;-10.5;-200;-200;3221;206;0;
25007;2025.01.12 05:00;-28;-11;-200;-200;3221;206;0;
25008;2025.01.12 05:15;-28;-11.25;-200;-200;3221;206;0;
25009;2025.01.12 05:30;-28;-11.75;-200;-200;3220;206;0;
25010;2025.01.12 05:45;-28;-11.375;-200;-200;3220;206;0;
25011;2025.01.12 06:00;-28;-11.125;-200;-200;3220;206;0;
25012;2025.01.12 06:15;-28;-11.75;-200;-200;3220;206;0;
25013;2025.01.12 06:30;-28;-11.75;-200;-200;3220;206;0;
25014;2025.01.12 06:45;-28;-11.5;-200;-200;3220;206;0;
25015;2025.01.12 07:00;-28;-11.5;-200;-200;3220;206;0;
25016;2025.01.12 07:15;-28;-11.5625;-200;-200;3220;206;0;
25017;2025.01.12 07:30;-28;-11.875;-200;-200;3220;206;0;
25018;2025.01.12 07:45;-28;-12;-200;-200;3220;206;0;
25019;2025.01.12 08:00;-28;-12.25;-200;-200;3220;206;0;
25020;2025.01.12 08:15;-28;-12.625;-200;-200;3220;206;0;
25021;2025.01.12 08:30;-28;-12.625;-200;-200;3219;206;0;
25022;2025.01.12 08:45;-28;-13.125;-200;-200;3220;206;0;
25023;2025.01.12 09:00;-28;-13;-200;-200;3219;206;0;
25024;2025.01.12 09:15;-28;-13;-200;-200;3219;206;0;
25025;2025.01.12 09:30;-28;-12.625;-200;-200;3219;206;0;
25026;2025.01.12 09:45;-28;-12;-200;-200;3219;206;0;
25027;2025.01.12 10:00;-28;-12;-200;-200;3218;206;0;
25028;2025.01.12 10:15;-28;-11.5;-200;-200;3219;206;0;
25029;2025.01.12 10:30;-28;-11.625;-200;-200;3219;206;0;
25030;2025.01.12 10:45;-28;-11.6875;-200;-200;3219;206;0;
25031;2025.01.12 11:00;-28;-11.75;-200;-200;3218;206;0;
25032;2025.01.12 11:15;-28;-12.125;-200;-200;3218;206;0;
25033;2025.01.12 11:30;-28;-12.125;-200;-200;3218;206;0;
25034;2025.01.12 11:45;-28;-12.125;-200;-200;3218;206;0;
25035;2025.01.12 12:00;-28;-12.5;-200;-200;3218;206;0;
25036;2025.01.12 12:15;-28;-12.75;-200;-200;3218;206;0;
25037;2025.01.12 12:30;-28;-12.8125;-200;-200;3218;206;0;
25038;2025.01.12 12:45;-28;-13;-200;-200;3218;206;0;
25039;2025.01.12 13:00;-28;-13.6875;-200;-200;3218;206;0;
25040;2025.01.12 13:15;-28;-14.125;-200;-200;3218;206;0;
25041;2025.01.12 13:30;-28;-14;-200;-200;3217;206;0;
25042;2025.01.12 13:45;-28;-14.25;-200;-200;3217;206;0;
25043;2025.01.12 14:00;-28;-14.25;-200;-200;3216;206;0;
25044;2025.01.12 14:15;-28;-14.3125;-200;-200;3216;206;0;
25045;2025.01.12 14:30;-28;-14.375;-200;-200;3215;206;0;
25046;2025.01.12 14:45;-28;-14.3125;-200;-200;3215;206;0;
25047;2025.01.12 15:00;-28;-13.625;-200;-200;3215;206;0;
25048;2025.01.12 15:15;-28;-12.5;-200;-200;3214;206;0;
25049;2025.01.12 15:30;-28;-11.375;-200;-200;3214;206;0;
25050;2025.01.12 15:45;-28;-10.3125;-200;-200;3213;206;0;
25051;2025.01.12 16:00;-28;-8.9375;-200;-200;3213;206;0;
25052;2025.01.12 16:15;-28;-8.5;-200;-200;3212;206;0;
25053;2025.01.12 16:30;-28;-8;-200;-200;3212;206;0;
25054;2025.01.12 16:45;-28;-7.25;-200;-200;3212;206;0;
25055;2025.01.12 17:00;-28;-6.8125;-200;-200;3212;206;0;
25056;2025.01.12 17:15;-28;-5.875;-200;-200;3212;206;0;
25057;2025.01.12 17:30;-28;-5.875;-200;-200;3212;206;0;
25058;2025.01.12 17:45;-28;-4.875;-200;-200;3212;206;0;
25059;2025.01.12 18:00;-28;-4.0625;-200;-200;3212;206;0;
25060;2025.01.12 18:15;-28;-3.25;-200;-200;3212;206;0;
25061;2025.01.12 18:30;-28;-3.625;-200;-200;3212;206;0;
25062;2025.01.12 18:45;-28;-3.9375;-200;-200;3212;206;0;
25063;2025.01.12 19:00;-28;-3.8125;-200;-200;3212;206;0;
25064;2025.01.12 19:15;-28;-4.3125;-200;-200;3212;206;0;
25065;2025.01.12 19:30;-28;-5.25;-200;-200;3212;206;0;
25066;2025.01.12 19:45;-28;-5.375;-200;-200;3212;206;0;
25067;2025.01.12 20:00;-28;-5.625;-200;-200;3212;206;0;
25068;2025.01.12 20:15;-28;-5.6875;-200;-200;3212;206;0;
25069;2025.01.12 20:30;-28;-6.1875;-200;-200;3212;206;0;
25070;2025.01.12 20:45;-28;-5.5;-200;-200;3212;206;0;
25071;2025.01.12 21:00;-28;-4.8125;-200;-200;3212;206;0;
25072;2025.01.12 21:15;-28;-6.375;-200;-200;3212;206;0;
25073;2025.01.12 21:30;-28;-6;-200;-200;3212;206;0;
25074;2025.01.12 21:45;-28;-5.8125;-200;-200;3212;206;0;
25075;2025.01.12 22:00;-28;-6.625;-200;-200;3212;206;0;
25076;2025.01.12 22:15;-28;-6.625;-200;-200;3212;206;0;
25077;2025.01.12 22:30;-28;-5.75;-200;-200;3212;206;0;
25078;2025.01.12 22:45;-28;-6.9375;-200;-200;3212;206;0;
25079;2025.01.12 23:00;-28;-7.375;-200;-200;3212;206;0;
25080;2025.01.12 23:15;-28;-7.1875;-200;-200;3212;206;0;
25081;2025.01.12 23:30;-28;-7.125;-200;-200;3212;206;0;
25082;2025.01.12 23:45;-28;-8.125;-200;-200;3212;206;0;
25083;2025.01.13 00:00;-28;-8.5;-200;-200;3211;206;0;
25084;2025.01.13 00:15;-28;-8.75;-200;-200;3211;206;0;
25085;2025.01.13 00:30;-28;-9.125;-200;-200;3211;206;0;
25086;2025.01.13 00:45;-28;-9.375;-200;-200;3211;206;0;
25087;2025.01.13 01:00;-28;-9.4375;-200;-200;3211;206;0;
25088;2025.01.13 01:15;-28;-9.25;-200;-200;3211;206;0;
25089;2025.01.13 01:30;-28;-9.6875;-200;-200;3211;206;0;
25090;2025.01.13 01:45;-28;-9.875;-200;-200;3211;206;0;
25091;2025.01.13 02:00;-28;-10.125;-200;-200;3211;206;0;
25092;2025.01.13 02:15;-28;-10.125;-200;-200;3211;206;0;
25093;2025.01.13 02:30;-28;-10.25;-200;-200;3211;206;0;
25094;2025.01.13 02:45;-28;-10.375;-200;-200;3211;206;0;
25095;2025.01.13 03:00;-28;-10.125;-200;-200;3211;206;0;
25096;2025.01.13 03:15;-28;-10.125;-200;-200;3211;206;0;
25097;2025.01.13 03:30;-28;-10.3125;-200;-200;3211;206;0;
25098;2025.01.13 03:45;-28;-11;-200;-200;3211;206;0;
25099;2025.01.13 04:00;-28;-11.5625;-200;-200;3211;206;0;
25100;2025.01.13 04:15;-28;-11.875;-200;-200;3211;206;0;
25101;2025.01.13 04:30;-28;-11.375;-200;-200;3211;206;0;
25102;2025.01.13 04:45;-28;-11;-200;-200;3211;206;0;
25103;2025.01.13 05:00;-28;-10.875;-200;-200;3210;206;0;
25104;2025.01.13 05:15;-28;-10.875;-200;-200;3210;206;0;
25105;2025.01.13 05:30;-28;-11;-200;-200;3210;206;0;
25106;2025.01.13 05:45;-28;-11.125;-200;-200;3210;206;0;
25107;2025.01.13 06:00;-28;-11.625;-200;-200;3210;206;0;
25108;2025.01.13 06:15;-28;-11.6875;-200;-200;3210;206;0;
25109;2025.01.13 06:30;-28;-11.625;-200;-200;3210;206;0;
25110;2025.01.13 06:45;-28;-12;-200;-200;3210;206;0;
25111;2025.01.13 07:00;-28;-12;-200;-200;3210;206;0;
25112;2025.01.13 07:15;-28;-12.125;-200;-200;3210;206;0;
25113;2025.01.13 07:30;-28;-11.75;-200;-200;3210;206;0;
25114;2025.01.13 07:45;-28;-11.75;-200;-200;3210;206;0;
25115;2025.01.13 08:00;-28;-11.6875;-200;-200;3210;206;0;
25116;2025.01.13 08:15;-28;-11.75;-200;-200;3210;206;0;
25117;2025.01.13 08:30;-28;-11.5;-200;-200;3210;206;0;
25118;2025.01.13 08:45;-28;-11.625;-200;-200;3210;206;0;
25119;2025.01.13 09:00;-28;-11.875;-200;-200;3210;206;0;
25120;2025.01.13 09:15;-28;-12;-200;-200;3210;206;0;
25121;2025.01.13 09:30;-28;-12;-200;-200;3210;206;0;
25122;2025.01.13 09:45;-28;-11.5;-200;-200;3210;206;0;
25123;2025.01.13 10:00;-28;-11.375;-200;-200;3210;206;0;
25124;2025.01.13 10:15;-28;-11.75;-200;-200;3210;206;0;
25125;2025.01.13 10:30;-28;-11.4375;-200;-200;3210;206;0;
25126;2025.01.13 10:45;-28;-11.4375;-200;-200;3210;206;0;
25127;2025.01.13 11:00;-28;-11.1875;-200;-200;3210;206;0;
25128;2025.01.13 11:15;-28;-10.875;-200;-200;3210;206;0;
25129;2025.01.13 11:30;-28;-10.625;-200;-200;3210;206;0;
25130;2025.01.13 11:45;-28;-10;-200;-200;3209;206;0;
25131;2025.01.13 12:00;-28;-9.625;-200;-200;3210;206;0;
25132;2025.01.13 12:15;-28;-9.5625;-200;-200;3209;206;0;
25133;2025.01.13 12:30;-28;-9.5;-200;-200;3210;206;0;
25134;2025.01.13 12:45;-28;-9.5;-200;-200;3210;206;0;
25135;2025.01.13 13:00;-28;-9.375;-200;-200;3210;206;0;
25136;2025.01.13 13:15;-28;-9.75;-200;-200;3210;206;0;
25137;2025.01.13 13:30;-28;-9.8125;-200;-200;3210;206;0;
25138;2025.01.13 13:45;-28;-9.8125;-200;-200;3210;206;0;
25139;2025.01.13 14:00;-28;-9.8125;-200;-200;3210;206;0;
25140;2025.01.13 14:15;-28;-9.5;-200;-200;3210;206;0;
25141;2025.01.13 14:30;-28;-9.375;-200;-200;3210;206;0;
25142;2025.01.13 14:45;-28;-9.25;-200;-200;3210;206;0;
25143;2025.01.13 15:00;-28;-9;-200;-200;3210;206;0;
25144;2025.01.13 15:15;-28;-8.25;-200;-200;3210;206;0;
25145;2025.01.13 15:30;-28;-7.875;-200;-200;3210;206;0;
25146;2025.01.13 15:45;-28;-7.8125;-200;-200;3210;206;0;
25147;2025.01.13 16:00;-28;-7.8125;-200;-200;3210;206;0;
25148;2025.01.13 16:15;-28;-7.75;-200;-200;3210;206;0;
25149;2025.01.13 16:30;-28;-7.375;-200;-200;3210;206;0;
25150;2025.01.13 16:45;-28;-7.3125;-200;-200;3210;206;0;
25151;2025.01.13 17:00;-28;-7;-200;-200;3210;206;0;
25152;2025.01.13 17:15;-28;-6.375;-200;-200;3211;206;0;
25153;2025.01.13 17:30;-28;-6.375;-200;-200;3211;206;0;
25154;2025.01.13 17:45;-28;-4.75;-200;-200;3211;206;0;
25155;2025.01.13 18:00;-28;-4.75;-200;-200;3211;206;0;
25156;2025.01.13 18:15;-28;-5.125;-200;-200;3211;206;0;
25157;2025.01.13 18:30;-28;-5.8125;-200;-200;3211;206;0;
25158;2025.01.13 18:45;-28;-5.875;-200;-200;3211;206;0;
25159;2025.01.13 19:00;-28;-6;-200;-200;3211;206;0;
25160;2025.01.13 19:15;-28;-5.5625;-200;-200;3211;206;0;
25161;2025.01.13 19:30;-28;-5.25;-200;-200;3211;206;0;
25162;2025.01.13 19:45;-28;-6;-200;-200;3211;206;0;
25163;2025.01.13 20:00;-28;-5.875;-200;-200;3211;206;0;
25164;2025.01.13 20:15;-28;-4.375;-200;-200;3211;206;0;
25165;2025.01.13 20:30;-28;-4.5;-200;-200;3211;206;0;
25166;2025.01.13 20:45;-28;-4;-200;-200;3211;206;0;
25167;2025.01.13 21:00;-28;-2.8125;-200;-200;3212;206;0;
25168;2025.01.13 21:15;-28;-3.5;-200;-200;3212;206;0;
25169;2025.01.13 21:30;-28;-3.625;-200;-200;3212;206;0;
25170;2025.01.13 21:45;-28;-4.5625;-200;-200;3211;206;0;
25171;2025.01.13 22:00;-28;-5;-200;-200;3211;206;0;
25172;2025.01.13 22:15;-28;-6;-200;-200;3211;206;0;
25173;2025.01.13 22:30;-28;-6.375;-200;-200;3211;206;0;
25174;2025.01.13 22:45;-28;-6.0625;-200;-200;3211;206;0;
25175;2025.01.13 23:00;-28;-5.875;-200;-200;3211;206;0;
25176;2025.01.13 23:15;-28;-6.125;-200;-200;3211;206;0;
25177;2025.01.13 23:30;-28;-6.5;-200;-200;3211;206;0;
25178;2025.01.13 23:45;-28;-6.875;-200;-200;3211;206;0;
25179;2025.01.14 00:00;-28;-7.375;-200;-200;3211;206;0;
25180;2025.01.14 00:15;-28;-8;-200;-200;3211;206;0;
25181;2025.01.14 00:30;-28;-8.4375;-200;-200;3211;206;0;
25182;2025.01.14 00:45;-28;-9;-200;-200;3210;206;0;
25183;2025.01.14 01:00;-28;-9.125;-200;-200;3210;206;0;
25184;2025.01.14 01:15;-28;-9;-200;-200;3210;206;0;
25185;2025.01.14 01:30;-28;-9;-200;-200;3210;206;0;
25186;2025.01.14 01:45;-28;-8.875;-200;-200;3210;206;0;
25187;2025.01.14 02:00;-28;-9.0625;-200;-200;3210;206;0;
25188;2025.01.14 02:15;-28;-9.75;-200;-200;3210;206;0;
25189;2025.01.14 02:30;-28;-10.5;-200;-200;3210;206;0;
25190;2025.01.14 02:45;-28;-11.25;-200;-200;3210;206;0;
25191;2025.01.14 03:00;-28;-11.875;-200;-200;3210;206;0;
25192;2025.01.14 03:15;-28;-12.3125;-200;-200;3210;206;0;
25193;2025.01.14 03:30;-28;-12.625;-200;-200;3209;206;0;
25194;2025.01.14 03:45;-28;-13;-200;-200;3209;206;0;
25195;2025.01.14 04:00;-28;-13.125;-200;-200;3209;206;0;
25196;2025.01.14 04:15;-28;-12.8125;-200;-200;3209;206;0;
25197;2025.01.14 04:30;-28;-12.875;-200;-200;3209;206;0;
25198;2025.01.14 04:45;-28;-13.1875;-200;-200;3209;206;0;
25199;2025.01.14 05:00;-28;-13.25;-200;-200;3209;206;0;
25200;2025.01.14 05:15;-28;-13.375;-200;-200;3209;206;0;
25201;2025.01.14 05:30;-28;-12.9375;-200;-200;3209;206;0;
25202;2025.01.14 05:45;-28;-13;-200;-200;3209;206;0;
25203;2025.01.14 06:00;-28;-12.9375;-200;-200;3209;206;0;
25204;2025.01.14 06:15;-28;-12.5;-200;-200;3209;206;0;
25205;2025.01.14 06:30;-28;-12.1875;-200;-200;3209;206;0;
25206;2025.01.14 06:45;-28;-12.25;-200;-200;3209;206;0;
25207;2025.01.14 07:00;-28;-12.3125;-200;-200;3209;206;0;
25208;2025.01.14 07:15;-28;-12.4375;-200;-200;3209;206;0;
25209;2025.01.14 07:30;-28;-12.3125;-200;-200;3209;206;0;
25210;2025.01.14 07:45;-28;-12.125;-200;-200;3209;206;0;
25211;2025.01.14 08:00;-28;-12;-200;-200;3209;206;0;
25212;2025.01.14 08:15;-28;-12.5;-200;-200;3209;206;0;
25213;2025.01.14 08:30;-28;-12.875;-200;-200;3209;206;0;
25214;2025.01.14 08:45;-28;-13.25;-200;-200;3209;206;0;
25215;2025.01.14 09:00;-28;-13.5;-200;-200;3209;206;0;
25216;2025.01.14 09:15;-28;-13.5;-200;-200;3209;206;0;
25217;2025.01.14 09:30;-28;-13.75;-200;-200;3209;206;0;
25218;2025.01.14 09:45;-28;-14;-200;-200;3209;206;0;
25219;2025.01.14 10:00;-28;-14.375;-200;-200;3209;206;0;
25220;2025.01.14 10:15;-28;-14.1875;-200;-200;3209;206;0;
25221;2025.01.14 10:30;-28;-14;-200;-200;3208;206;0;
25222;2025.01.14 10:45;-28;-13.875;-200;-200;3208;206;0;
25223;2025.01.14 11:00;-28;-14.25;-200;-200;3208;206;0;
25224;2025.01.14 11:15;-28;-14.125;-200;-200;3208;206;0;
25225;2025.01.14 11:30;-28;-14;-200;-200;3208;206;0;
25226;2025.01.14 11:45;-28;-13.75;-200;-200;3209;206;0;
25227;2025.01.14 12:00;-28;-14.25;-200;-200;3208;206;0;
25228;2025.01.14 12:15;-28;-14.125;-200;-200;3208;206;0;
25229;2025.01.14 12:30;-28;-14.375;-200;-200;3208;206;0;
25230;2025.01.14 12:45;-28;-14.6875;-200;-200;3208;206;0;
25231;2025.01.14 13:00;-28;-14.625;-200;-200;3208;206;0;
25232;2025.01.14 13:15;-28;-14.8125;-200;-200;3208;206;0;
25233;2025.01.14 13:30;-28;-15;-200;-200;3207;206;0;
25234;2025.01.14 13:45;-28;-15.125;-200;-200;3207;206;0;
25235;2025.01.14 14:00;-28;-15.375;-200;-200;3207;206;0;
25236;2025.01.14 14:15;-28;-15.375;-200;-200;3207;206;0;
25237;2025.01.14 14:30;-28;-15;-200;-200;3207;206;0;
25238;2025.01.14 14:45;-28;-15;-200;-200;3207;206;0;
25239;2025.01.14 15:00;-28;-14.375;-200;-200;3207;206;0;
25240;2025.01.14 15:15;-28;-12.8125;-200;-200;3207;206;0;
25241;2025.01.14 15:30;-28;-11.25;-200;-200;3206;206;0;
25242;2025.01.14 15:45;-28;-10.125;-200;-200;3206;206;0;
25243;2025.01.14 16:00;-28;-9.5;-200;-200;3206;206;0;
25244;2025.01.14 16:15;-28;-9;-200;-200;3206;206;0;
25245;2025.01.14 16:30;-28;-8.375;-200;-200;3206;206;0;
25246;2025.01.14 16:45;-28;-7.875;-200;-200;3206;206;0;
25247;2025.01.14 17:00;-28;-7.5625;-200;-200;3206;206;0;
25248;2025.01.14 17:15;-28;-7.25;-200;-200;3206;206;0;
25249;2025.01.14 17:30;-28;-6.375;-200;-200;3206;206;0;
25250;2025.01.14 17:45;-28;-6.5;-200;-200;3206;206;0;
25251;2025.01.14 18:00;-28;-6.875;-200;-200;3206;206;0;
25252;2025.01.14 18:15;-28;-5.625;-200;-200;3206;206;0;
25253;2025.01.14 18:30;-28;-4.875;-200;-200;3206;206;0;
25254;2025.01.14 18:45;-28;-4.5;-200;-200;3206;206;0;
25255;2025.01.14 19:00;-28;-4.125;-200;-200;3206;206;0;
25256;2025.01.14 19:15;-28;-4.5;-200;-200;3205;206;0;
25257;2025.01.14 19:30;-28;-4.75;-200;-200;3205;206;0;
25258;2025.01.14 19:45;-28;-4.5;-200;-200;3206;206;0;
25259;2025.01.14 20:00;-28;-3.125;-200;-200;3206;206;0;
25260;2025.01.14 20:15;-28;-0.625;-200;-200;3205;206;0;
25261;2025.01.14 20:30;-28;1.3125;-200;-200;3205;206;0;
25262;2025.01.14 20:45;-28;1.25;-200;-200;3205;206;0;
25263;2025.01.14 21:00;-28;-1.625;-200;-200;3204;206;0;
25264;2025.01.14 21:15;-28;-3.5625;-200;-200;3203;206;0;
25265;2025.01.14 21:30;-28;-4.125;-200;-200;3202;206;0;
25266;2025.01.14 21:45;-28;-3.375;-200;-200;3202;206;0;
25267;2025.01.14 22:00;-28;-2.3125;-200;-200;3203;206;0;
25268;2025.01.14 22:15;-28;-3.875;-200;-200;3202;206;0;
25269;2025.01.14 22:30;-28;-4.6875;-200;-200;3202;206;0;
25270;2025.01.14 22:45;-28;-5;-200;-200;3202;206;0;
25271;2025.01.14 23:00;-28;-5.1875;-200;-200;3202;206;0;
25272;2025.01.14 23:15;-28;-5.375;-200;-200;3202;206;0;
25273;2025.01.14 23:30;-28;-5.25;-200;-200;3202;206;0;
25274;2025.01.14 23:45;-28;-6;-200;-200;3201;206;0;
25275;2025.01.15 00:00;-28;-6.875;-200;-200;3201;206;0;
25276;2025.01.15 00:15;-28;-7.5625;-200;-200;3201;206;0;
25277;2025.01.15 00:30;-28;-8.25;-200;-200;3201;206;0;
25278;2025.01.15 00:45;-28;-8.875;-200;-200;3201;206;0;
25279;2025.01.15 01:00;-28;-9.625;-200;-200;3201;206;0;
25280;2025.01.15 01:15;-28;-10.375;-200;-200;3201;206;0;
25281;2025.01.15 01:30;-28;-11.0625;-200;-200;3200;206;0;
25282;2025.01.15 01:45;-28;-11.4375;-200;-200;3200;206;0;
25283;2025.01.15 02:00;-28;-12;-200;-200;3200;206;0;
25284;2025.01.15 02:15;-28;-12.25;-200;-200;3200;206;0;
25285;2025.01.15 02:30;-28;-12.625;-200;-200;3200;206;0;
25286;2025.01.15 02:45;-28;-13;-200;-200;3200;206;0;
25287;2025.01.15 03:00;-28;-13.125;-200;-200;3200;206;0;
25288;2025.01.15 03:15;-28;-13.125;-200;-200;3200;206;0;
25289;2025.01.15 03:30;-28;-13.25;-200;-200;3200;206;0;
25290;2025.01.15 03:45;-28;-12.625;-200;-200;3199;206;0;
25291;2025.01.15 04:00;-28;-12.625;-200;-200;3199;206;0;
25292;2025.01.15 04:15;-28;-13.3125;-200;-200;3199;206;0;
25293;2025.01.15 04:30;-28;-13.5625;-200;-200;3199;206;0;
25294;2025.01.15 04:45;-28;-14;-200;-200;3199;206;0;
25295;2025.01.15 05:00;-28;-14.1875;-200;-200;3199;206;0;
25296;2025.01.15 05:15;-28;-14.25;-200;-200;3199;206;0;
25297;2025.01.15 05:30;-28;-14.3125;-200;-200;3199;206;0;
25298;2025.01.15 05:45;-28;-14.375;-200;-200;3199;206;0;
25299;2025.01.15 06:00;-28;-14.5;-200;-200;3199;206;0;
25300;2025.01.15 06:15;-28;-14.5625;-200;-200;3199;206;0;
25301;2025.01.15 06:30;-28;-14.5;-200;-200;3199;206;0;
25302;2025.01.15 06:45;-28;-14.625;-200;-200;3199;206;0;
25303;2025.01.15 07:00;-28;-14.25;-200;-200;3198;206;0;
25304;2025.01.15 07:15;-28;-14.5625;-200;-200;3198;206;0;
25305;2025.01.15 07:30;-28;-14.625;-200;-200;3198;206;0;
25306;2025.01.15 07:45;-28;-14.8125;-200;-200;3198;206;0;
25307;2025.01.15 08:00;-28;-14.875;-200;-200;3198;206;0;
25308;2025.01.15 08:15;-28;-14.875;-200;-200;3198;206;0;
25309;2025.01.15 08:30;-28;-14.8125;-200;-200;3198;206;0;
25310;2025.01.15 08:45;-28;-14.75;-200;-200;3198;206;0;
25311;2025.01.15 09:00;-28;-14.875;-200;-200;3198;206;0;
25312;2025.01.15 09:15;-28;-15;-200;-200;3198;206;0;
25313;2025.01.15 09:30;-28;-14.9375;-200;-200;3198;206;0;
25314;2025.01.15 09:45;-28;-14.625;-200;-200;3198;206;0;
25315;2025.01.15 10:00;-28;-14.625;-200;-200;3198;206;0;
25316;2025.01.15 10:15;-28;-14.75;-200;-200;3198;206;0;
25317;2025.01.15 10:30;-28;-14.3125;-200;-200;3198;206;0;
25318;2025.01.15 10:45;-28;-13.4375;-200;-200;3198;206;0;
25319;2025.01.15 11:00;-28;-13.3125;-200;-200;3198;206;0;
25320;2025.01.15 11:15;-28;-13.3125;-200;-200;3198;206;0;
25321;2025.01.15 11:30;-28;-14;-200;-200;3198;206;0;
25322;2025.01.15 11:45;-28;-13.9375;-200;-200;3198;206;0;
25323;2025.01.15 12:00;-28;-13.5;-200;-200;3198;206;0;
25324;2025.01.15 12:15;-28;-13.875;-200;-200;3198;206;0;
25325;2025.01.15 12:30;-28;-14.25;-200;-200;3198;206;0;
25326;2025.01.15 12:45;-28;-14.125;-200;-200;3198;206;0;
25327;2025.01.15 13:00;-28;-13.75;-200;-200;3198;206;0;
25328;2025.01.15 13:15;-28;-13.5625;-200;-200;3198;206;0;
25329;2025.01.15 13:30;-28;-13.625;-200;-200;3198;206;0;
25330;2025.01.15 13:45;-28;-14.25;-200;-200;3198;206;0;
25331;2025.01.15 14:00;-28;-13.4375;-200;-200;3198;206;0;
25332;2025.01.15 14:15;-28;-12.625;-200;-200;3197;206;0;
25333;2025.01.15 14:30;-28;-11.875;-200;-200;3197;206;0;
25334;2025.01.15 14:45;-28;-11.4375;-200;-200;3197;206;0;
25335;2025.01.15 15:00;-28;-10.5625;-200;-200;3196;206;0;
25336;2025.01.15 15:15;-28;-9.125;-200;-200;3196;206;0;
25337;2025.01.15 15:30;-28;-8.5;-200;-200;3196;206;0;
25338;2025.01.15 15:45;-28;-7.5;-200;-200;3195;206;0;
25339;2025.01.15 16:00;-28;-7;-200;-200;3195;206;0;
25340;2025.01.15 16:15;-28;-6.375;-200;-200;3195;206;0;
25341;2025.01.15 16:30;-28;-5.5;-200;-200;3195;206;0;
25342;2025.01.15 16:45;-28;-4.4375;-200;-200;3195;206;0;
25343;2025.01.15 17:00;-28;-3.625;-200;-200;3195;206;0;
25344;2025.01.15 17:15;-28;-3.5;-200;-200;3195;206;0;
25345;2025.01.15 17:30;-28;-2;-200;-200;3195;206;0;
25346;2025.01.15 17:45;-28;-1.375;-200;-200;3195;206;0;
25347;2025.01.15 18:00;-28;-0.8125;-200;-200;3195;206;0;
25348;2025.01.15 18:15;-28;0.6875;-200;-200;3195;206;0;
25349;2025.01.15 18:30;-28;1.125;-200;-200;3195;206;0;
25350;2025.01.15 18:45;-28;1.4375;-200;-200;3195;206;0;
25351;2025.01.15 19:00;-28;2.125;-200;-200;3195;206;0;
25352;2025.01.15 19:15;-28;1.875;-200;-200;3195;206;0;
25353;2025.01.15 19:30;-28;2;-200;-200;3195;206;0;
25354;2025.01.15 19:45;-28;2.4375;-200;-200;3196;206;0;
25355;2025.01.15 20:00;-28;4.375;-200;-200;3196;206;0;
25356;2025.01.15 20:15;-28;6.5;-200;-200;3164;206;0;
25357;2025.01.15 20:30;-28;8.0625;-200;-200;3164;206;0;
25358;2025.01.15 20:45;-28;7.375;-200;-200;3164;206;0;
25359;2025.01.15 21:00;-28;4.25;-200;-200;3163;206;0;
25360;2025.01.15 21:15;-28;2;-200;-200;3163;206;0;
25361;2025.01.15 21:30;-28;1.3125;-200;-200;3163;206;0;
25362;2025.01.15 21:45;-28;1.75;-200;-200;3162;206;0;
25363;2025.01.15 22:00;-28;3.875;-200;-200;3163;206;0;
25364;2025.01.15 22:15;-28;1.875;-200;-200;3162;206;0;
25365;2025.01.15 22:30;-28;0.9375;-200;-200;3162;206;0;
25366;2025.01.15 22:45;-28;0.625;-200;-200;3162;206;0;
25367;2025.01.15 23:00;-28;0.75;-200;-200;3162;206;0;
25368;2025.01.15 23:15;-28;0.125;-200;-200;3162;206;0;
25369;2025.01.15 23:30;-28;-0.25;-200;-200;3162;206;0;
25370;2025.01.15 23:45;-28;-0.875;-200;-200;3162;206;0;
25371;2025.01.16 00:00;-28;-1.875;-200;-200;3162;206;0;
25372;2025.01.16 00:15;-28;-3.25;-200;-200;3162;206;0;
25373;2025.01.16 00:30;-28;-3.875;-200;-200;3162;206;0;
25374;2025.01.16 00:45;-28;-4.625;-200;-200;3162;206;0;
25375;2025.01.16 01:00;-28;-4.75;-200;-200;3162;206;0;
25376;2025.01.16 01:15;-28;-4.875;-200;-200;3162;206;0;
25377;2025.01.16 01:30;-28;-5.3125;-200;-200;3162;206;0;
25378;2025.01.16 01:45;-28;-5.1875;-200;-200;3162;206;0;
25379;2025.01.16 02:00;-28;-5.125;-200;-200;3162;206;0;
25380;2025.01.16 02:15;-28;-4.75;-200;-200;3162;206;0;
25381;2025.01.16 02:30;-28;-4.3125;-200;-200;3162;206;0;
25382;2025.01.16 02:45;-28;-4.5625;-200;-200;3162;206;0;
25383;2025.01.16 03:00;-28;-4.75;-200;-200;3162;206;0;
25384;2025.01.16 03:15;-28;-4.6875;-200;-200;3162;206;0;
25385;2025.01.16 03:30;-28;-3.75;-200;-200;3162;206;0;
25386;2025.01.16 03:45;-28;-3.25;-200;-200;3162;206;0;
25387;2025.01.16 04:00;-28;-3.75;-200;-200;3162;206;0;
25388;2025.01.16 04:15;-28;-3.75;-200;-200;3162;206;0;
25389;2025.01.16 04:30;-28;-3.0625;-200;-200;3162;206;0;
25390;2025.01.16 04:45;-28;-2.6875;-200;-200;3162;206;0;
25391;2025.01.16 05:00;-28;-2.5;-200;-200;3162;206;0;
25392;2025.01.16 05:15;-28;-2.25;-200;-200;3162;206;0;
25393;2025.01.16 05:30;-28;-2.125;-200;-200;3162;206;0;
25394;2025.01.16 05:45;-28;-2.5;-200;-200;3162;206;0;
25395;2025.01.16 06:00;-28;-2.625;-200;-200;3162;206;0;
25396;2025.01.16 06:15;-28;-3.5;-200;-200;3162;206;0;
25397;2025.01.16 06:30;-28;-3.25;-200;-200;3162;206;0;
25398;2025.01.16 06:45;-28;-3.4375;-200;-200;3162;206;0;
25399;2025.01.16 07:00;-28;-3.5625;-200;-200;3162;206;0;
25400;2025.01.16 07:15;-28;-3.625;-200;-200;3162;206;0;
25401;2025.01.16 07:30;-28;-4.125;-200;-200;3162;206;0;
25402;2025.01.16 07:45;-28;-4.0625;-200;-200;3162;206;0;
25403;2025.01.16 08:00;-28;-4.75;-200;-200;3162;206;0;
25404;2025.01.16 08:15;-28;-4.9375;-200;-200;3161;206;0;
25405;2025.01.16 08:30;-28;-5.375;-200;-200;3162;206;0;
25406;2025.01.16 08:45;-28;-5.4375;-200;-200;3161;206;0;
25407;2025.01.16 09:00;-28;-5.5;-200;-200;3161;206;0;
25408;2025.01.16 09:15;-28;-5.125;-200;-200;3161;206;0;
25409;2025.01.16 09:30;-28;-5.0625;-200;-200;3162;206;0;
25410;2025.01.16 09:45;-28;-5.375;-200;-200;3161;206;0;
25411;2025.01.16 10:00;-28;-5.125;-200;-200;3161;206;0;
25412;2025.01.16 10:15;-28;-5.25;-200;-200;3161;206;0;
25413;2025.01.16 10:30;-28;-5.875;-200;-200;3161;206;0;
25414;2025.01.16 10:45;-28;-6.5;-200;-200;3161;206;0;
25415;2025.01.16 11:00;-28;-6.125;-200;-200;3161;206;0;
25416;2025.01.16 11:15;-28;-6.4375;-200;-200;3161;206;0;
25417;2025.01.16 11:30;-28;-6.75;-200;-200;3161;206;0;
25418;2025.01.16 11:45;-28;-6.5625;-200;-200;3161;206;0;
25419;2025.01.16 12:00;-28;-6.625;-200;-200;3161;206;0;
25420;2025.01.16 12:15;-28;-6.6875;-200;-200;3161;206;0;
25421;2025.01.16 12:30;-28;-6.6875;-200;-200;3161;206;0;
25422;2025.01.16 12:45;-28;-6.9375;-200;-200;3161;206;0;
25423;2025.01.16 13:00;-28;-7.25;-200;-200;3161;206;0;
25424;2025.01.16 13:15;-28;-7.1875;-200;-200;3161;206;0;
25425;2025.01.16 13:30;-28;-7.1875;-200;-200;3161;206;0;
25426;2025.01.16 13:45;-28;-7.625;-200;-200;3161;206;0;
25427;2025.01.16 14:00;-28;-7.875;-200;-200;3161;206;0;
25428;2025.01.16 14:15;-28;-7.5;-200;-200;3161;206;0;
25429;2025.01.16 14:30;-28;-7.75;-200;-200;3161;206;0;
25430;2025.01.16 14:45;-28;-7;-200;-200;3161;206;0;
25431;2025.01.16 15:00;-28;-6.1875;-200;-200;3161;206;0;
25432;2025.01.16 15:15;-28;-5.125;-200;-200;3161;206;0;
25433;2025.01.16 15:30;-28;-3.375;-200;-200;3161;206;0;
25434;2025.01.16 15:45;-28;-1.9375;-200;-200;3162;206;0;
25435;2025.01.16 16:00;-28;-0.75;-200;-200;3161;206;0;
25436;2025.01.16 16:15;-28;0;-200;-200;3162;206;0;
25437;2025.01.16 16:30;-28;0.75;-200;-200;3162;206;0;
25438;2025.01.16 16:45;-28;1.25;-200;-200;3162;206;0;
25439;2025.01.16 17:00;-28;1.8125;-200;-200;3162;206;0;
25440;2025.01.16 17:15;-28;2.375;-200;-200;3162;206;0;
25441;2025.01.16 17:30;-28;3.25;-200;-200;3162;206;0;
25442;2025.01.16 17:45;-28;3.75;-200;-200;3162;206;0;
25443;2025.01.16 18:00;-28;3.8125;-200;-200;3162;206;0;
25444;2025.01.16 18:15;-28;4.5;-200;-200;3162;206;0;
25445;2025.01.16 18:30;-28;4.625;-200;-200;3162;206;0;
25446;2025.01.16 18:45;-28;4.8125;-200;-200;3162;206;0;
25447;2025.01.16 19:00;-28;5.25;-200;-200;3162;206;0;
25448;2025.01.16 19:15;-28;5.0625;-200;-200;3162;206;0;
25449;2025.01.16 19:30;-28;5.125;-200;-200;3162;206;0;
25450;2025.01.16 19:45;-28;5.375;-200;-200;3162;206;0;
25451;2025.01.16 20:00;-28;7.25;-200;-200;3163;206;0;
25452;2025.01.16 20:15;-28;10.125;-200;-200;3163;206;0;
25453;2025.01.16 20:30;-28;11.4375;-200;-200;3163;206;0;
25454;2025.01.16 20:45;-28;10.875;-200;-200;3163;206;0;
25455;2025.01.16 21:00;-28;7.125;-200;-200;3162;206;0;
25456;2025.01.16 21:15;-28;5.625;-200;-200;3162;206;0;
25457;2025.01.16 21:30;-28;5.125;-200;-200;3162;206;0;
25458;2025.01.16 21:45;-28;4.9375;-200;-200;3162;206;0;
25459;2025.01.16 22:00;-28;6.6875;-200;-200;3162;206;0;
25460;2025.01.16 22:15;-28;5.125;-200;-200;3162;206;0;
25461;2025.01.16 22:30;-28;4.4375;-200;-200;3162;206;0;
25462;2025.01.16 22:45;-28;4.125;-200;-200;3162;206;0;
25463;2025.01.16 23:00;-28;4;-200;-200;3162;206;0;
25464;2025.01.16 23:15;-28;3.5;-200;-200;3162;206;0;
25465;2025.01.16 23:30;-28;3.25;-200;-200;3162;206;0;
25466;2025.01.16 23:45;-28;2.25;-200;-200;3162;206;0;
25467;2025.01.17 00:00;-28;0.75;-200;-200;3162;206;0;
25468;2025.01.17 00:15;-28;-0.8125;-200;-200;3161;206;0;
25469;2025.01.17 00:30;-28;-1.625;-200;-200;3161;206;0;
25470;2025.01.17 00:45;-28;-2.375;-200;-200;3161;206;0;
25471;2025.01.17 01:00;-28;-2.625;-200;-200;3161;206;0;
25472;2025.01.17 01:15;-28;-3.1875;-200;-200;3161;206;0;
25473;2025.01.17 01:30;-28;-3.5625;-200;-200;3161;206;0;
25474;2025.01.17 01:45;-28;-3.8125;-200;-200;3161;206;0;
25475;2025.01.17 02:00;-28;-4.1875;-200;-200;3161;206;0;
25476;2025.01.17 02:15;-28;-4.25;-200;-200;3161;206;0;
25477;2025.01.17 02:30;-28;-4.3125;-200;-200;3161;206;0;
25478;2025.01.17 02:45;-28;-4.3125;-200;-200;3161;206;0;
25479;2025.01.17 03:00;-28;-4.125;-200;-200;3161;206;0;
25480;2025.01.17 03:15;-28;-4.5;-200;-200;3161;206;0;
25481;2025.01.17 03:30;-28;-4.9375;-200;-200;3161;206;0;
25482;2025.01.17 03:45;-28;-4.8125;-200;-200;3161;206;0;
25483;2025.01.17 04:00;-28;-4.9375;-200;-200;3161;206;0;
25484;2025.01.17 04:15;-28;-5.375;-200;-200;3161;206;0;
25485;2025.01.17 04:30;-28;-5.6875;-200;-200;3161;206;0;
25486;2025.01.17 04:45;-28;-5.5;-200;-200;3161;206;0;
25487;2025.01.17 05:00;-28;-5.6875;-200;-200;3161;206;0;
25488;2025.01.17 05:15;-28;-5.5;-200;-200;3161;206;0;
25489;2025.01.17 05:30;-28;-5.8125;-200;-200;3161;206;0;
25490;2025.01.17 05:45;-28;-5.625;-200;-200;3161;206;0;
25491;2025.01.17 06:00;-28;-5.625;-200;-200;3161;206;0;
25492;2025.01.17 06:15;-28;-5.875;-200;-200;3161;206;0;
25493;2025.01.17 06:30;-28;-6;-200;-200;3161;206;0;
25494;2025.01.17 06:45;-28;-6.125;-200;-200;3161;206;0;
25495;2025.01.17 07:00;-28;-6.125;-200;-200;3161;206;0;
25496;2025.01.17 07:15;-28;-6.125;-200;-200;3161;206;0;
25497;2025.01.17 07:30;-28;-6.125;-200;-200;3161;206;0;
25498;2025.01.17 07:45;-28;-6.1875;-200;-200;3161;206;0;
25499;2025.01.17 08:00;-28;-5.75;-200;-200;3161;206;0;
25500;2025.01.17 08:15;-28;-6;-200;-200;3161;206;0;
25501;2025.01.17 08:30;-28;-6;-200;-200;3161;206;0;
25502;2025.01.17 08:45;-28;-6.125;-200;-200;3161;206;0;
25503;2025.01.17 09:00;-28;-6.3125;-200;-200;3161;206;0;
25504;2025.01.17 09:15;-28;-6.125;-200;-200;3161;206;0;
25505;2025.01.17 09:30;-28;-5.625;-200;-200;3161;206;0;
25506;2025.01.17 09:45;-28;-5.375;-200;-200;3161;206;0;
25507;2025.01.17 10:00;-28;-5.125;-200;-200;3161;206;0;
25508;2025.01.17 10:15;-28;-4.4375;-200;-200;3161;206;0;
25509;2025.01.17 10:30;-28;-3.625;-200;-200;3161;206;0;
25510;2025.01.17 10:45;-28;-3.0625;-200;-200;3161;206;0;
25511;2025.01.17 11:00;-28;-2.75;-200;-200;3161;206;0;
25512;2025.01.17 11:15;-28;-3;-200;-200;3161;206;0;
25513;2025.01.17 11:30;-28;-2.875;-200;-200;3161;206;0;
25514;2025.01.17 11:45;-28;-3.4375;-200;-200;3161;206;0;
25515;2025.01.17 12:00;-28;-3.625;-200;-200;3161;206;0;
25516;2025.01.17 12:15;-28;-3.75;-200;-200;3161;206;0;
25517;2025.01.17 12:30;-28;-3.5;-200;-200;3161;206;0;
25518;2025.01.17 12:45;-28;-3.25;-200;-200;3161;206;0;
25519;2025.01.17 13:00;-28;-3.25;-200;-200;3161;206;0;
25520;2025.01.17 13:15;-28;-3.25;-200;-200;3161;206;0;
25521;2025.01.17 13:30;-28;-3.625;-200;-200;3161;206;0;
25522;2025.01.17 13:45;-28;-3.875;-200;-200;3161;206;0;
25523;2025.01.17 14:00;-28;-4.125;-200;-200;3161;206;0;
25524;2025.01.17 14:15;-28;-5.25;-200;-200;3161;206;0;
25525;2025.01.17 14:30;-28;-5.625;-200;-200;3161;206;0;
25526;2025.01.17 14:45;-28;-5.375;-200;-200;3161;206;0;
25527;2025.01.17 15:00;-28;-4.625;-200;-200;3161;206;0;
25528;2025.01.17 15:15;-28;-3.875;-200;-200;3161;206;0;
25529;2025.01.17 15:30;-28;-3.625;-200;-200;3161;206;0;
25530;2025.01.17 15:45;-28;-3.0625;-200;-200;3161;206;0;
25531;2025.01.17 16:00;-28;-2.625;-200;-200;3161;206;0;
25532;2025.01.17 16:15;-28;-2.5;-200;-200;3161;206;0;
25533;2025.01.17 16:30;-28;-2.25;-200;-200;3161;206;0;
25534;2025.01.17 16:45;-28;-2;-200;-200;3161;206;0;
25535;2025.01.17 17:00;-28;-1.75;-200;-200;3161;206;0;
25536;2025.01.17 17:15;-28;-1.375;-200;-200;3161;206;0;
25537;2025.01.17 17:30;-28;-0.875;-200;-200;3161;206;0;
25538;2025.01.17 17:45;-28;-0.875;-200;-200;3161;206;0;
25539;2025.01.17 18:00;-28;-0.8125;-200;-200;3161;206;0;
25540;2025.01.17 18:15;-28;-0.25;-200;-200;3161;206;0;
25541;2025.01.17 18:30;-28;-0.25;-200;-200;3161;206;0;
25542;2025.01.17 18:45;-28;0.125;-200;-200;3161;206;0;
25543;2025.01.17 19:00;-28;0.3125;-200;-200;3161;206;0;
25544;2025.01.17 19:15;-28;0.5;-200;-200;3161;206;0;
25545;2025.01.17 19:30;-28;0.5;-200;-200;3161;206;0;
25546;2025.01.17 19:45;-28;0.75;-200;-200;3161;206;0;
25547;2025.01.17 20:00;-28;2.4375;-200;-200;3161;206;0;
25548;2025.01.17 20:15;-28;4.0625;-200;-200;3162;206;0;
25549;2025.01.17 20:30;-28;5.375;-200;-200;3162;206;0;
25550;2025.01.17 20:45;-28;6;-200;-200;3162;206;0;
25551;2025.01.17 21:00;-28;2.875;-200;-200;3162;206;0;
25552;2025.01.17 21:15;-28;0.875;-200;-200;3161;206;0;
25553;2025.01.17 21:30;-28;0.875;-200;-200;3161;206;0;
25554;2025.01.17 21:45;-28;0.75;-200;-200;3161;206;0;
25555;2025.01.17 22:00;-28;1.5;-200;-200;3161;206;0;
25556;2025.01.17 22:15;-28;0.5;-200;-200;3161;206;0;
25557;2025.01.17 22:30;-28;0.1875;-200;-200;3161;206;0;
25558;2025.01.17 22:45;-28;0;-200;-200;3161;206;0;
25559;2025.01.17 23:00;-28;-0.1875;-200;-200;3161;206;0;
25560;2025.01.17 23:15;-28;-0.5625;-200;-200;3161;206;0;
25561;2025.01.17 23:30;-28;-0.375;-200;-200;3161;206;0;
25562;2025.01.17 23:45;-28;-0.75;-200;-200;3161;206;0;
25563;2025.01.18 00:00;-28;-1.625;-200;-200;3161;206;0;
25564;2025.01.18 00:15;-28;-2.25;-200;-200;3161;206;0;
25565;2025.01.18 00:30;-28;-2.75;-200;-200;3161;206;0;
25566;2025.01.18 00:45;-28;-3.125;-200;-200;3161;206;0;
25567;2025.01.18 01:00;-28;-3.125;-200;-200;3161;206;0;
25568;2025.01.18 01:15;-28;-3.25;-200;-200;3161;206;0;
25569;2025.01.18 01:30;-28;-3.375;-200;-200;3161;206;0;
25570;2025.01.18 01:45;-28;-3.4375;-200;-200;3161;206;0;
25571;2025.01.18 02:00;-28;-3.875;-200;-200;3161;206;0;
25572;2025.01.18 02:15;-28;-3.875;-200;-200;3161;206;0;
25573;2025.01.18 02:30;-28;-3.8125;-200;-200;3161;206;0;
25574;2025.01.18 02:45;-28;-4.125;-200;-200;3161;206;0;
25575;2025.01.18 03:00;-28;-3.625;-200;-200;3161;206;0;
25576;2025.01.18 03:15;-28;-3.1875;-200;-200;3161;206;0;
25577;2025.01.18 03:30;-28;-3.125;-200;-200;3161;206;0;
25578;2025.01.18 03:45;-28;-3.0625;-200;-200;3161;206;0;
25579;2025.01.18 04:00;-28;-3.3125;-200;-200;3161;206;0;
25580;2025.01.18 04:15;-28;-3.625;-200;-200;3161;206;0;
25581;2025.01.18 04:30;-28;-3.875;-200;-200;3161;206;0;
25582;2025.01.18 04:45;-28;-4;-200;-200;3161;206;0;
25583;2025.01.18 05:00;-28;-4.25;-200;-200;3161;206;0;
25584;2025.01.18 05:15;-28;-4.625;-200;-200;3161;206;0;
25585;2025.01.18 05:30;-28;-5;-200;-200;3161;206;0;
25586;2025.01.18 05:45;-28;-5.25;-200;-200;3161;206;0;
25587;2025.01.18 06:00;-28;-5.9375;-200;-200;3161;206;0;
25588;2025.01.18 06:15;-28;-6.375;-200;-200;3160;206;0;
25589;2025.01.18 06:30;-28;-6.625;-200;-200;3160;206;0;
25590;2025.01.18 06:45;-28;-7;-200;-200;3160;206;0;
25591;2025.01.18 07:00;-28;-7.375;-200;-200;3160;206;0;
25592;2025.01.18 07:15;-28;-7.5625;-200;-200;3160;206;0;
25593;2025.01.18 07:30;-28;-8.1875;-200;-200;3160;206;0;
25594;2025.01.18 07:45;-28;-7.875;-200;-200;3160;206;0;
25595;2025.01.18 08:00;-28;-8;-200;-200;3160;206;0;
25596;2025.01.18 08:15;-28;-6.875;-200;-200;3160;206;0;
25597;2025.01.18 08:30;-28;-7.6875;-200;-200;3160;206;0;
25598;2025.01.18 08:45;-28;-7.625;-200;-200;3160;206;0;
25599;2025.01.18 09:00;-28;-7.8125;-200;-200;3160;206;0;
25600;2025.01.18 09:15;-28;-8.0625;-200;-200;3160;206;0;
25601;2025.01.18 09:30;-28;-8.6875;-200;-200;3160;206;0;
25602;2025.01.18 09:45;-28;-9.3125;-200;-200;3160;206;0;
25603;2025.01.18 10:00;-28;-9.4375;-200;-200;3160;206;0;
25604;2025.01.18 10:15;-28;-9.375;-200;-200;3160;206;0;
25605;2025.01.18 10:30;-28;-9.4375;-200;-200;3160;206;0;
25606;2025.01.18 10:45;-28;-9.625;-200;-200;3160;206;0;
25607;2025.01.18 11:00;-28;-9.6875;-200;-200;3160;206;0;
25608;2025.01.18 11:15;-28;-9.9375;-200;-200;3160;206;0;
25609;2025.01.18 11:30;-28;-10.0625;-200;-200;3160;206;0;
25610;2025.01.18 11:45;-28;-9.875;-200;-200;3160;206;0;
25611;2025.01.18 12:00;-28;-9.625;-200;-200;3160;206;0;
25612;2025.01.18 12:15;-28;-9;-200;-200;3160;206;0;
25613;2025.01.18 12:30;-28;-8.625;-200;-200;3160;206;0;
25614;2025.01.18 12:45;-28;-8.5625;-200;-200;3160;206;0;
25615;2025.01.18 13:00;-28;-8.75;-200;-200;3160;206;0;
25616;2025.01.18 13:15;-28;-9;-200;-200;3160;206;0;
25617;2025.01.18 13:30;-28;-9.1875;-200;-200;3160;206;0;
25618;2025.01.18 13:45;-28;-9.25;-200;-200;3160;206;0;
25619;2025.01.18 14:00;-28;-9.3125;-200;-200;3160;206;0;
25620;2025.01.18 14:15;-28;-9.125;-200;-200;3160;206;0;
25621;2025.01.18 14:30;-28;-9.375;-200;-200;3160;206;0;
25622;2025.01.18 14:45;-28;-9.125;-200;-200;3160;206;0;
25623;2025.01.18 15:00;-28;-9.125;-200;-200;3160;206;0;
25624;2025.01.18 15:15;-28;-8.8125;-200;-200;3160;206;0;
25625;2025.01.18 15:30;-28;-8.5;-200;-200;3160;206;0;
25626;2025.01.18 15:45;-28;-8.3125;-200;-200;3160;206;0;
25627;2025.01.18 16:00;-28;-7.8125;-200;-200;3160;206;0;
25628;2025.01.18 16:15;-28;-7.5;-200;-200;3160;206;0;
25629;2025.01.18 16:30;-28;-7.125;-200;-200;3160;206;0;
25630;2025.01.18 16:45;-28;-6.875;-200;-200;3160;206;0;
25631;2025.01.18 17:00;-28;-6.4375;-200;-200;3160;206;0;
25632;2025.01.18 17:15;-28;-6.375;-200;-200;3160;206;0;
25633;2025.01.18 17:30;-28;-6.5;-200;-200;3160;206;0;
25634;2025.01.18 17:45;-28;-6.3125;-200;-200;3160;206;0;
25635;2025.01.18 18:00;-28;-6.125;-200;-200;3160;206;0;
25636;2025.01.18 18:15;-28;-5.75;-200;-200;3160;206;0;
25637;2025.01.18 18:30;-28;-5.5625;-200;-200;3160;206;0;
25638;2025.01.18 18:45;-28;-5.75;-200;-200;3160;206;0;
25639;2025.01.18 19:00;-28;-5.125;-200;-200;3160;206;0;
25640;2025.01.18 19:15;-28;-5.9375;-200;-200;3160;206;0;
25641;2025.01.18 19:30;-28;-6;-200;-200;3160;206;0;
25642;2025.01.18 19:45;-28;-5.9375;-200;-200;3160;206;0;
25643;2025.01.18 20:00;-28;-6.5;-200;-200;3160;206;0;
25644;2025.01.18 20:15;-28;-6.0625;-200;-200;3160;206;0;
25645;2025.01.18 20:30;-28;-6.375;-200;-200;3160;206;0;
25646;2025.01.18 20:45;-28;-6.8125;-200;-200;3160;206;0;
25647;2025.01.18 21:00;-28;-7;-200;-200;3160;206;0;
25648;2025.01.18 21:15;-28;-7.375;-200;-200;3160;206;0;
25649;2025.01.18 21:30;-28;-7;-200;-200;3160;206;0;
25650;2025.01.18 21:45;-28;-7.0625;-200;-200;3160;206;0;
25651;2025.01.18 22:00;-28;-7.25;-200;-200;3160;206;0;
25652;2025.01.18 22:15;-28;-7.75;-200;-200;3160;206;0;
25653;2025.01.18 22:30;-28;-8;-200;-200;3160;206;0;
25654;2025.01.18 22:45;-28;-8.25;-200;-200;3160;206;0;
25655;2025.01.18 23:00;-28;-8.25;-200;-200;3160;206;0;
25656;2025.01.18 23:15;-28;-8.375;-200;-200;3160;206;0;
25657;2025.01.18 23:30;-28;-8.75;-200;-200;3160;206;0;
25658;2025.01.18 23:45;-28;-8.3125;-200;-200;3160;206;0;
25659;2025.01.19 00:00;-28;-9.375;-200;-200;3160;206;0;
25660;2025.01.19 00:15;-28;-10.125;-200;-200;3160;206;0;
25661;2025.01.19 00:30;-28;-10.5;-200;-200;3160;206;0;
25662;2025.01.19 00:45;-28;-11;-200;-200;3160;206;0;
25663;2025.01.19 01:00;-28;-11.125;-200;-200;3160;206;0;
25664;2025.01.19 01:15;-28;-11.5;-200;-200;3160;206;0;
25665;2025.01.19 01:30;-28;-11.8125;-200;-200;3160;206;0;
25666;2025.01.19 01:45;-28;-12;-200;-200;3159;206;0;
25667;2025.01.19 02:00;-28;-12.375;-200;-200;3159;206;0;
25668;2025.01.19 02:15;-28;-12.375;-200;-200;3159;206;0;
25669;2025.01.19 02:30;-28;-12.625;-200;-200;3159;206;0;
25670;2025.01.19 02:45;-28;-12.9375;-200;-200;3159;206;0;
25671;2025.01.19 03:00;-28;-13.3125;-200;-200;3159;206;0;
25672;2025.01.19 03:15;-28;-13.125;-200;-200;3159;206;0;
25673;2025.01.19 03:30;-28;-13.125;-200;-200;3159;206;0;
25674;2025.01.19 03:45;-28;-13.625;-200;-200;3159;206;0;
25675;2025.01.19 04:00;-28;-13.625;-200;-200;3159;206;0;
25676;2025.01.19 04:15;-28;-13.625;-200;-200;3159;206;0;
25677;2025.01.19 04:30;-28;-13.8125;-200;-200;3159;206;0;
25678;2025.01.19 04:45;-28;-13.875;-200;-200;3159;206;0;
25679;2025.01.19 05:00;-28;-14.25;-200;-200;3159;206;0;
25680;2025.01.19 05:15;-28;-14.8125;-200;-200;3159;206;0;
25681;2025.01.19 05:30;-28;-15.625;-200;-200;3159;206;0;
25682;2025.01.19 05:45;-28;-16;-200;-200;3159;206;0;
25683;2025.01.19 06:00;-28;-16.375;-200;-200;3158;206;0;
25684;2025.01.19 06:15;-28;-16.75;-200;-200;3158;206;0;
25685;2025.01.19 06:30;-28;-16.9375;-200;-200;3158;206;0;
25686;2025.01.19 06:45;-28;-17.5;-200;-200;3158;206;0;
25687;2025.01.19 07:00;-28;-17.25;-200;-200;3158;206;0;
25688;2025.01.19 07:15;-28;-17.125;-200;-200;3157;206;0;
25689;2025.01.19 07:30;-28;-16.75;-200;-200;3157;206;0;
25690;2025.01.19 07:45;-28;-16.125;-200;-200;3157;206;0;
25691;2025.01.19 08:00;-28;-16.125;-200;-200;3157;206;0;
25692;2025.01.19 08:15;-28;-16.4375;-200;-200;3157;206;0;
25693;2025.01.19 08:30;-28;-16.375;-200;-200;3157;206;0;
25694;2025.01.19 08:45;-28;-15.5;-200;-200;3157;206;0;
25695;2025.01.19 09:00;-28;-14.75;-200;-200;3157;206;0;
25696;2025.01.19 09:15;-28;-14.8125;-200;-200;3157;206;0;
25697;2025.01.19 09:30;-28;-14.5625;-200;-200;3156;206;0;
25698;2025.01.19 09:45;-28;-14.5;-200;-200;3157;206;0;
25699;2025.01.19 10:00;-28;-14.8125;-200;-200;3156;206;0;
25700;2025.01.19 10:15;-28;-15.4375;-200;-200;3156;206;0;
25701;2025.01.19 10:30;-28;-16.375;-200;-200;3156;206;0;
25702;2025.01.19 10:45;-28;-17.125;-200;-200;3156;206;0;
25703;2025.01.19 11:00;-28;-17.3125;-200;-200;3156;206;0;
25704;2025.01.19 11:15;-28;-17.375;-200;-200;3156;206;0;
25705;2025.01.19 11:30;-28;-17.625;-200;-200;3156;206;0;
25706;2025.01.19 11:45;-28;-17.75;-200;-200;3156;206;0;
25707;2025.01.19 12:00;-28;-18.375;-200;-200;3155;206;0;
25708;2025.01.19 12:15;-28;-19;-200;-200;3155;206;0;
25709;2025.01.19 12:30;-28;-18.9375;-200;-200;3155;206;0;
25710;2025.01.19 12:45;-28;-18.875;-200;-200;3155;206;0;
25711;2025.01.19 13:00;-28;-19.25;-200;-200;3155;206;0;
25712;2025.01.19 13:15;-28;-18.75;-200;-200;3155;206;0;
25713;2025.01.19 13:30;-28;-18.75;-200;-200;3155;206;0;
25714;2025.01.19 13:45;-28;-18.8125;-200;-200;3154;206;0;
25715;2025.01.19 14:00;-28;-19.125;-200;-200;3154;206;0;
25716;2025.01.19 14:15;-28;-19.0625;-200;-200;3154;206;0;
25717;2025.01.19 14:30;-28;-18.9375;-200;-200;3154;206;0;
25718;2025.01.19 14:45;-28;-18;-200;-200;3154;206;0;
25719;2025.01.19 15:00;-28;-16.5;-200;-200;3154;206;0;
25720;2025.01.19 15:15;-28;-15.25;-200;-200;3154;206;0;
25721;2025.01.19 15:30;-28;-14.125;-200;-200;3154;206;0;
25722;2025.01.19 15:45;-28;-13.5;-200;-200;3153;206;0;
25723;2025.01.19 16:00;-28;-13.0625;-200;-200;3153;206;0;
25724;2025.01.19 16:15;-28;-12.375;-200;-200;3153;206;0;
25725;2025.01.19 16:30;-28;-12;-200;-200;3153;206;0;
25726;2025.01.19 16:45;-28;-11.375;-200;-200;3153;206;0;
25727;2025.01.19 17:00;-28;-10.625;-200;-200;3153;206;0;
25728;2025.01.19 17:15;-28;-10.4375;-200;-200;3153;206;0;
25729;2025.01.19 17:30;-28;-9.3125;-200;-200;3153;206;0;
25730;2025.01.19 17:45;-28;-8.625;-200;-200;3153;206;0;
25731;2025.01.19 18:00;-28;-8.375;-200;-200;3153;206;0;
25732;2025.01.19 18:15;-28;-7.6875;-200;-200;3153;206;0;
25733;2025.01.19 18:30;-28;-7.125;-200;-200;3153;206;0;
25734;2025.01.19 18:45;-28;-6.875;-200;-200;3153;206;0;
25735;2025.01.19 19:00;-28;-7;-200;-200;3153;206;0;
25736;2025.01.19 19:15;-28;-6.375;-200;-200;3153;206;0;
25737;2025.01.19 19:30;-28;-6.625;-200;-200;3153;206;0;
25738;2025.01.19 19:45;-28;-6.25;-200;-200;3153;206;0;
25739;2025.01.19 20:00;-28;-5.625;-200;-200;3153;206;0;
25740;2025.01.19 20:15;-28;-5;-200;-200;3153;206;0;
25741;2025.01.19 20:30;-28;-5.125;-200;-200;3153;206;0;
25742;2025.01.19 20:45;-28;-5.25;-200;-200;3153;206;0;
25743;2025.01.19 21:00;-28;-5.125;-200;-200;3153;206;0;
25744;2025.01.19 21:15;-28;-5.75;-200;-200;3153;206;0;
25745;2025.01.19 21:30;-28;-5.5;-200;-200;3153;206;0;
25746;2025.01.19 21:45;-28;-6.0625;-200;-200;3153;206;0;
25747;2025.01.19 22:00;-28;-6;-200;-200;3153;206;0;
25748;2025.01.19 22:15;-28;-6.4375;-200;-200;3153;206;0;
25749;2025.01.19 22:30;-28;-6.75;-200;-200;3153;206;0;
25750;2025.01.19 22:45;-28;-6.8125;-200;-200;3153;206;0;
25751;2025.01.19 23:00;-28;-8.0625;-200;-200;3153;206;0;
25752;2025.01.19 23:15;-28;-8.5;-200;-200;3153;206;0;
25753;2025.01.19 23:30;-28;-8.6875;-200;-200;3153;206;0;
25754;2025.01.19 23:45;-28;-8.9375;-200;-200;3153;206;0;
25755;2025.01.20 00:00;-28;-9.125;-200;-200;3153;206;0;
25756;2025.01.20 00:15;-28;-9.3125;-200;-200;3153;206;0;
25757;2025.01.20 00:30;-28;-9.625;-200;-200;3153;206;0;
25758;2025.01.20 00:45;-28;-9.625;-200;-200;3152;206;0;
25759;2025.01.20 01:00;-28;-9.625;-200;-200;3152;206;0;
25760;2025.01.20 01:15;-28;-9.5625;-200;-200;3152;206;0;
25761;2025.01.20 01:30;-28;-9.5625;-200;-200;3152;206;0;
25762;2025.01.20 01:45;-28;-9.5;-200;-200;3152;206;0;
25763;2025.01.20 02:00;-28;-9.5;-200;-200;3152;206;0;
25764;2025.01.20 02:15;-28;-9.5625;-200;-200;3152;206;0;
25765;2025.01.20 02:30;-28;-9.625;-200;-200;3152;206;0;
25766;2025.01.20 02:45;-28;-9.875;-200;-200;3152;206;0;
25767;2025.01.20 03:00;-28;-10.125;-200;-200;3152;206;0;
25768;2025.01.20 03:15;-28;-10.25;-200;-200;3152;206;0;
25769;2025.01.20 03:30;-28;-10.25;-200;-200;3152;206;0;
25770;2025.01.20 03:45;-28;-10.375;-200;-200;3152;206;0;
25771;2025.01.20 04:00;-28;-10.6875;-200;-200;3152;206;0;
25772;2025.01.20 04:15;-28;-11.25;-200;-200;3152;206;0;
25773;2025.01.20 04:30;-28;-11.5625;-200;-200;3152;206;0;
25774;2025.01.20 04:45;-28;-11.5;-200;-200;3152;206;0;
25775;2025.01.20 05:00;-28;-11.375;-200;-200;3152;206;0;
25776;2025.01.20 05:15;-28;-11.9375;-200;-200;3152;206;0;
25777;2025.01.20 05:30;-28;-12.5;-200;-200;3152;206;0;
25778;2025.01.20 05:45;-28;-13;-200;-200;3152;206;0;
25779;2025.01.20 06:00;-28;-13;-200;-200;3152;206;0;
25780;2025.01.20 06:15;-28;-13.1875;-200;-200;3152;206;0;
25781;2025.01.20 06:30;-28;-13.5;-200;-200;3152;206;0;
25782;2025.01.20 06:45;-28;-13.4375;-200;-200;3152;206;0;
25783;2025.01.20 07:00;-28;-12.625;-200;-200;3152;206;0;
25784;2025.01.20 07:15;-28;-12.75;-200;-200;3152;206;0;
25785;2025.01.20 07:30;-28;-13.0625;-200;-200;3152;206;0;
25786;2025.01.20 07:45;-28;-13.25;-200;-200;3152;206;0;
25787;2025.01.20 08:00;-28;-13.375;-200;-200;3152;206;0;
25788;2025.01.20 08:15;-28;-13.625;-200;-200;3152;206;0;
25789;2025.01.20 08:30;-28;-13.625;-200;-200;3152;206;0;
25790;2025.01.20 08:45;-28;-13.9375;-200;-200;3152;206;0;
25791;2025.01.20 09:00;-28;-14.4375;-200;-200;3151;206;0;
25792;2025.01.20 09:15;-28;-14.125;-200;-200;3151;206;0;
25793;2025.01.20 09:30;-28;-14.375;-200;-200;3151;206;0;
25794;2025.01.20 09:45;-28;-15;-200;-200;3151;206;0;
25795;2025.01.20 10:00;-28;-15.1875;-200;-200;3151;206;0;
25796;2025.01.20 10:15;-28;-15.375;-200;-200;3151;206;0;
25797;2025.01.20 10:30;-28;-15.625;-200;-200;3151;206;0;
25798;2025.01.20 10:45;-28;-15.25;-200;-200;3151;206;0;
25799;2025.01.20 11:00;-28;-14.625;-200;-200;3151;206;0;
25800;2025.01.20 11:15;-28;-14.75;-200;-200;3151;206;0;
25801;2025.01.20 11:30;-28;-14.6875;-200;-200;3151;206;0;
25802;2025.01.20 11:45;-28;-14.625;-200;-200;3151;206;0;
25803;2025.01.20 12:00;-28;-15.0625;-200;-200;3151;206;0;
25804;2025.01.20 12:15;-28;-15.5;-200;-200;3151;206;0;
25805;2025.01.20 12:30;-28;-15.625;-200;-200;3151;206;0;
25806;2025.01.20 12:45;-28;-16.125;-200;-200;3151;206;0;
25807;2025.01.20 13:00;-28;-15.8125;-200;-200;3151;206;0;
25808;2025.01.20 13:15;-28;-14.8125;-200;-200;3151;206;0;
25809;2025.01.20 13:30;-28;-14.5;-200;-200;3151;206;0;
25810;2025.01.20 13:45;-28;-14.75;-200;-200;3151;206;0;
25811;2025.01.20 14:00;-28;-15;-200;-200;3151;206;0;
25812;2025.01.20 14:15;-28;-14.9375;-200;-200;3151;206;0;
25813;2025.01.20 14:30;-28;-15.1875;-200;-200;3151;206;0;
25814;2025.01.20 14:45;-28;-14.6875;-200;-200;3151;206;0;
25815;2025.01.20 15:00;-28;-13.6875;-200;-200;3151;206;0;
25816;2025.01.20 15:15;-28;-12.75;-200;-200;3151;206;0;
25817;2025.01.20 15:30;-28;-12.625;-200;-200;3151;206;0;
25818;2025.01.20 15:45;-28;-11.5;-200;-200;3151;206;0;
25819;2025.01.20 16:00;-28;-11.1875;-200;-200;3151;206;0;
25820;2025.01.20 16:15;-28;-11;-200;-200;3151;206;0;
25821;2025.01.20 16:30;-28;-10.625;-200;-200;3151;206;0;
25822;2025.01.20 16:45;-28;-10.1875;-200;-200;3151;206;0;
25823;2025.01.20 17:00;-28;-10.125;-200;-200;3151;206;0;
25824;2025.01.20 17:15;-28;-9.25;-200;-200;3151;206;0;
25825;2025.01.20 17:30;-28;-9.5;-200;-200;3151;206;0;
25826;2025.01.20 17:45;-28;-9.25;-200;-200;3151;206;0;
25827;2025.01.20 18:00;-28;-9.25;-200;-200;3151;206;0;
25828;2025.01.20 18:15;-28;-8.125;-200;-200;3151;206;0;
25829;2025.01.20 18:30;-28;-8.25;-200;-200;3151;206;0;
25830;2025.01.20 18:45;-28;-7.875;-200;-200;3151;206;0;
25831;2025.01.20 19:00;-28;-8;-200;-200;3151;206;0;
25832;2025.01.20 19:15;-28;-8.1875;-200;-200;3151;206;0;
25833;2025.01.20 19:30;-28;-9;-200;-200;3151;206;0;
25834;2025.01.20 19:45;-28;-8.625;-200;-200;3151;206;0;
25835;2025.01.20 20:00;-28;-7.8125;-200;-200;3151;206;0;
25836;2025.01.20 20:15;-28;-5.5;-200;-200;3151;206;0;
25837;2025.01.20 20:30;-28;-5.0625;-200;-200;3151;206;0;
25838;2025.01.20 20:45;-28;-4.5;-200;-200;3151;206;0;
25839;2025.01.20 21:00;-28;-7.125;-200;-200;3151;206;0;
25840;2025.01.20 21:15;-28;-9;-200;-200;3150;206;0;
25841;2025.01.20 21:30;-28;-9.25;-200;-200;3150;206;0;
25842;2025.01.20 21:45;-28;-9.375;-200;-200;3150;206;0;
25843;2025.01.20 22:00;-28;-8.5;-200;-200;3150;206;0;
25844;2025.01.20 22:15;-28;-9.625;-200;-200;3149;206;0;
25845;2025.01.20 22:30;-28;-9.8125;-200;-200;3149;206;0;
25846;2025.01.20 22:45;-28;-10.0625;-200;-200;3149;206;0;
25847;2025.01.20 23:00;-28;-10.125;-200;-200;3149;206;0;
25848;2025.01.20 23:15;-28;-10.375;-200;-200;3149;206;0;
25849;2025.01.20 23:30;-28;-10.875;-200;-200;3149;206;0;
25850;2025.01.20 23:45;-28;-11;-200;-200;3149;206;0;
25851;2025.01.21 00:00;-28;-11.5625;-200;-200;3149;206;0;
25852;2025.01.21 00:15;-28;-11.875;-200;-200;3149;206;0;
25853;2025.01.21 00:30;-28;-12.125;-200;-200;3149;206;0;
25854;2025.01.21 00:45;-28;-12.375;-200;-200;3149;206;0;
25855;2025.01.21 01:00;-28;-12.8125;-200;-200;3149;206;0;
25856;2025.01.21 01:15;-28;-13.5;-200;-200;3149;206;0;
25857;2025.01.21 01:30;-28;-13.8125;-200;-200;3149;206;0;
25858;2025.01.21 01:45;-28;-14.6875;-200;-200;3149;206;0;
25859;2025.01.21 02:00;-28;-14.9375;-200;-200;3149;206;0;
25860;2025.01.21 02:15;-28;-15.25;-200;-200;3148;206;0;
25861;2025.01.21 02:30;-28;-15.3125;-200;-200;3148;206;0;
25862;2025.01.21 02:45;-28;-15.3125;-200;-200;3148;206;0;
25863;2025.01.21 03:00;-28;-15.625;-200;-200;3148;206;0;
25864;2025.01.21 03:15;-28;-16.0625;-200;-200;3148;206;0;
25865;2025.01.21 03:30;-28;-16.25;-200;-200;3148;206;0;
25866;2025.01.21 03:45;-28;-16.4375;-200;-200;3148;206;0;
25867;2025.01.21 04:00;-28;-16.75;-200;-200;3148;206;0;
25868;2025.01.21 04:15;-28;-17.125;-200;-200;3148;206;0;
25869;2025.01.21 04:30;-28;-17.875;-200;-200;3148;206;0;
25870;2025.01.21 04:45;-28;-17.875;-200;-200;3148;206;0;
25871;2025.01.21 05:00;-28;-18;-200;-200;3148;206;0;
25872;2025.01.21 05:15;-28;-17.3125;-200;-200;3148;206;0;
25873;2025.01.21 05:30;-28;-17.125;-200;-200;3148;206;0;
25874;2025.01.21 05:45;-28;-17.5625;-200;-200;3148;206;0;
25875;2025.01.21 06:00;-28;-17.5;-200;-200;3148;206;0;
25876;2025.01.21 06:15;-28;-17.5;-200;-200;3148;206;0;
25877;2025.01.21 06:30;-28;-17.75;-200;-200;3148;206;0;
25878;2025.01.21 06:45;-28;-18.0625;-200;-200;3148;206;0;
25879;2025.01.21 07:00;-28;-18.5625;-200;-200;3148;206;0;
25880;2025.01.21 07:15;-28;-19.0625;-200;-200;3148;206;0;
25881;2025.01.21 07:30;-28;-19.375;-200;-200;3148;206;0;
25882;2025.01.21 07:45;-28;-19.625;-200;-200;3147;206;0;
25883;2025.01.21 08:00;-28;-19.9375;-200;-200;3147;206;0;
25884;2025.01.21 08:15;-28;-20.125;-200;-200;3147;206;0;
25885;2025.01.21 08:30;-28;-20.5;-200;-200;3147;206;0;
25886;2025.01.21 08:45;-28;-20.125;-200;-200;3147;206;0;
25887;2025.01.21 09:00;-28;-20.125;-200;-200;3147;206;0;
25888;2025.01.21 09:15;-28;-20.375;-200;-200;3147;206;0;
25889;2025.01.21 09:30;-28;-20.4375;-200;-200;3147;206;0;
25890;2025.01.21 09:45;-28;-20.25;-200;-200;3147;206;0;
25891;2025.01.21 10:00;-28;-19.0625;-200;-200;3147;206;0;
25892;2025.01.21 10:15;-28;-18.5;-200;-200;3147;206;0;
25893;2025.01.21 10:30;-28;-17.1875;-200;-200;3146;206;0;
25894;2025.01.21 10:45;-28;-16.375;-200;-200;3146;206;0;
25895;2025.01.21 11:00;-28;-15.375;-200;-200;3146;206;0;
25896;2025.01.21 11:15;-28;-15.1875;-200;-200;3146;206;0;
25897;2025.01.21 11:30;-28;-15.25;-200;-200;3146;206;0;
25898;2025.01.21 11:45;-28;-15.0625;-200;-200;3146;206;0;
25899;2025.01.21 12:00;-28;-14.5;-200;-200;3146;206;0;
25900;2025.01.21 12:15;-28;-14.625;-200;-200;3146;206;0;
25901;2025.01.21 12:30;-28;-14.4375;-200;-200;3146;206;0;
25902;2025.01.21 12:45;-28;-14.5;-200;-200;3146;206;0;
25903;2025.01.21 13:00;-28;-14.5;-200;-200;3146;206;0;
25904;2025.01.21 13:15;-28;-14.375;-200;-200;3146;206;0;
25905;2025.01.21 13:30;-28;-13.9375;-200;-200;3146;206;0;
25906;2025.01.21 13:45;-28;-13.9375;-200;-200;3146;206;0;
25907;2025.01.21 14:00;-28;-14;-200;-200;3146;206;0;
25908;2025.01.21 14:15;-28;-14.25;-200;-200;3146;206;0;
25909;2025.01.21 14:30;-28;-14.125;-200;-200;3146;206;0;
25910;2025.01.21 14:45;-28;-13.875;-200;-200;3146;206;0;
25911;2025.01.21 15:00;-28;-13.6875;-200;-200;3146;206;0;
25912;2025.01.21 15:15;-28;-13.4375;-200;-200;3146;206;0;
25913;2025.01.21 15:30;-28;-12.875;-200;-200;3145;206;0;
25914;2025.01.21 15:45;-28;-11.6875;-200;-200;3146;206;0;
25915;2025.01.21 16:00;-28;-10.8125;-200;-200;3146;206;0;
25916;2025.01.21 16:15;-28;-9.9375;-200;-200;3145;206;0;
25917;2025.01.21 16:30;-28;-9.5;-200;-200;3145;206;0;
25918;2025.01.21 16:45;-28;-9.3125;-200;-200;3145;206;0;
25919;2025.01.21 17:00;-28;-8.75;-200;-200;3146;206;0;
25920;2025.01.21 17:15;-28;-7.4375;-200;-200;3145;206;0;
25921;2025.01.21 17:30;-28;-6.0625;-200;-200;3145;206;0;
25922;2025.01.21 17:45;-28;-6;-200;-200;3145;206;0;
25923;2025.01.21 18:00;-28;-5.25;-200;-200;3145;206;0;
25924;2025.01.21 18:15;-28;-3.875;-200;-200;3145;206;0;
25925;2025.01.21 18:30;-28;-3.1875;-200;-200;3146;206;0;
25926;2025.01.21 18:45;-28;-3.5625;-200;-200;3146;206;0;
25927;2025.01.21 19:00;-28;-3.25;-200;-200;3146;206;0;
25928;2025.01.21 19:15;-28;-3;-200;-200;3146;206;0;
25929;2025.01.21 19:30;-28;-2.625;-200;-200;3146;206;0;
25930;2025.01.21 19:45;-28;-1.625;-200;-200;3146;206;0;
25931;2025.01.21 20:00;-28;-1.125;-200;-200;3146;206;0;
25932;2025.01.21 20:15;-28;1.875;-200;-200;3147;206;0;
25933;2025.01.21 20:30;-28;4.5;-200;-200;3147;206;0;
25934;2025.01.21 20:45;-28;6;-200;-200;3147;206;0;
25935;2025.01.21 21:00;-28;1.375;-200;-200;3146;206;0;
25936;2025.01.21 21:15;-28;-0.8125;-200;-200;3145;206;0;
25937;2025.01.21 21:30;-28;-1.75;-200;-200;3145;206;0;
25938;2025.01.21 21:45;-28;-1.5625;-200;-200;3145;206;0;
25939;2025.01.21 22:00;-28;-0.625;-200;-200;3145;206;0;
25940;2025.01.21 22:15;-28;-1.375;-200;-200;3145;206;0;
25941;2025.01.21 22:30;-28;-1.5;-200;-200;3145;206;0;
25942;2025.01.21 22:45;-28;-1.8125;-200;-200;3145;206;0;
25943;2025.01.21 23:00;-28;-2;-200;-200;3145;206;0;
25944;2025.01.21 23:15;-28;-2.0625;-200;-200;3145;206;0;
25945;2025.01.21 23:30;-28;-2.5;-200;-200;3145;206;0;
25946;2025.01.21 23:45;-28;-1.6875;-200;-200;3145;206;0;
25947;2025.01.22 00:00;-28;-3.4375;-200;-200;3145;206;2;
25948;2025.01.22 00:15;-28;-4.75;-200;-200;3144;206;2;
25949;2025.01.22 00:30;-28;-5.375;-200;-200;3144;206;2;
25950;2025.01.22 00:45;-28;-6.1875;-200;-200;3144;206;2;
25951;2025.01.22 01:00;-28;-7;-200;-200;3144;206;2;
25952;2025.01.22 01:15;-28;-7.75;-200;-200;3144;206;2;
25953;2025.01.22 01:30;-28;-8.25;-200;-200;3144;206;2;
25954;2025.01.22 01:45;-28;-7.875;-200;-200;3144;206;2;
25955;2025.01.22 02:00;-28;-8.5625;-200;-200;3144;206;2;
25956;2025.01.22 02:15;-28;-8.125;-200;-200;3144;206;2;
25957;2025.01.22 02:30;-28;-8.5;-200;-200;3143;206;2;
25958;2025.01.22 02:45;-28;-8.3125;-200;-200;3143;206;2;
25959;2025.01.22 03:00;-28;-8.125;-200;-200;3144;206;2;
25960;2025.01.22 03:15;-28;-8.5;-200;-200;3144;206;2;
25961;2025.01.22 03:30;-28;-8.875;-200;-200;3144;206;2;
25962;2025.01.22 03:45;-28;-8.875;-200;-200;3144;206;2;
25963;2025.01.22 04:00;-28;-9.5625;-200;-200;3143;206;2;
25964;2025.01.22 04:15;-28;-9.875;-200;-200;3143;206;2;
25965;2025.01.22 04:30;-28;-9.9375;-200;-200;3143;206;2;
25966;2025.01.22 04:45;-28;-9.25;-200;-200;3143;206;2;
25967;2025.01.22 05:00;-28;-9;-200;-200;3143;206;2;
25968;2025.01.22 05:15;-28;-8.875;-200;-200;3143;206;2;
25969;2025.01.22 05:30;-28;-8.125;-200;-200;3143;206;2;
25970;2025.01.22 05:45;-28;-7.3125;-200;-200;3143;206;2;
25971;2025.01.22 06:00;-28;-7.875;-200;-200;3143;206;2;
25972;2025.01.22 06:15;-28;-7.375;-200;-200;3143;206;2;
25973;2025.01.22 06:30;-28;-8.25;-200;-200;3143;206;2;
25974;2025.01.22 06:45;-28;-8.75;-200;-200;3143;206;2;
25975;2025.01.22 07:00;-28;-9.8125;-200;-200;3143;206;2;
25976;2025.01.22 07:15;-28;-9.5;-200;-200;3143;206;2;
25977;2025.01.22 07:30;-28;-7.875;-200;-200;3143;206;2;
25978;2025.01.22 07:45;-28;-7.125;-200;-200;3143;206;2;
25979;2025.01.22 08:00;-28;-6.9375;-200;-200;3143;206;2;
25980;2025.01.22 08:15;-28;-7;-200;-200;3143;206;2;
25981;2025.01.22 08:30;-28;-7.25;-200;-200;3143;206;2;
25982;2025.01.22 08:45;-28;-8.4375;-200;-200;3143;206;2;
25983;2025.01.22 09:00;-28;-8.5625;-200;-200;3143;206;2;
25984;2025.01.22 09:15;-28;-9.25;-200;-200;3143;206;2;
25985;2025.01.22 09:30;-28;-9;-200;-200;3143;206;2;
25986;2025.01.22 09:45;-28;-9.5;-200;-200;3143;206;2;
25987;2025.01.22 10:00;-28;-9.625;-200;-200;3143;206;2;
25988;2025.01.22 10:15;-28;-9.75;-200;-200;3143;206;2;
25989;2025.01.22 10:30;-28;-8.625;-200;-200;3143;206;2;
25990;2025.01.22 10:45;-28;-8;-200;-200;3143;206;2;
25991;2025.01.22 11:00;-28;-8.125;-200;-200;3143;206;2;
25992;2025.01.22 11:15;-28;-8.375;-200;-200;3143;206;2;
25993;2025.01.22 11:30;-28;-8.375;-200;-200;3143;206;2;
25994;2025.01.22 11:45;-28;-8.625;-200;-200;3143;206;2;
25995;2025.01.22 12:00;-28;-8.3125;-200;-200;3143;206;2;
25996;2025.01.22 12:15;-28;-8.625;-200;-200;3143;206;2;
25997;2025.01.22 12:30;-28;-8.875;-200;-200;3143;206;2;
25998;2025.01.22 12:45;-28;-9;-200;-200;3143;206;2;
25999;2025.01.22 13:00;-28;-8.5;-200;-200;3143;206;2;
26000;2025.01.22 13:15;-28;-7.9375;-200;-200;3143;206;2;
26001;2025.01.22 13:30;-28;-8.1875;-200;-200;3143;206;2;
26002;2025.01.22 13:45;-28;-8.3125;-200;-200;3143;206;2;
26003;2025.01.22 14:00;-28;-8.625;-200;-200;3143;206;2;
26004;2025.01.22 14:15;-28;-9.1875;-200;-200;3143;206;2;
26005;2025.01.22 14:30;-28;-9.0625;-200;-200;3143;206;2;
26006;2025.01.22 14:45;-28;-8.5;-200;-200;3143;206;2;
26007;2025.01.22 15:00;-28;-8.125;-200;-200;3143;206;2;
26008;2025.01.22 15:15;-28;-7.0625;-200;-200;3143;206;2;
26009;2025.01.22 15:30;-28;-6.0625;-200;-200;3143;206;2;
26010;2025.01.22 15:45;-28;-5.0625;-200;-200;3143;206;2;
26011;2025.01.22 16:00;-28;-4.5625;-200;-200;3143;206;2;
26012;2025.01.22 16:15;-28;-4.25;-200;-200;3143;206;2;
26013;2025.01.22 16:30;-28;-3.875;-200;-200;3143;206;2;
26014;2025.01.22 16:45;-28;-3.6875;-200;-200;3143;206;2;
26015;2025.01.22 17:00;-28;-3.375;-200;-200;3144;206;2;
26016;2025.01.22 17:15;-28;-3.5625;-200;-200;3144;206;2;
26017;2025.01.22 17:30;-28;-3.25;-200;-200;3144;206;2;
26018;2025.01.22 17:45;-28;-3.375;-200;-200;3144;206;2;
26019;2025.01.22 18:00;-28;-3.1875;-200;-200;3144;206;2;
26020;2025.01.22 18:15;-28;-3;-200;-200;3144;206;2;
26021;2025.01.22 18:30;-28;-2.625;-200;-200;3144;206;2;
26022;2025.01.22 18:45;-28;-3.1875;-200;-200;3144;206;2;
26023;2025.01.22 19:00;-28;-3.375;-200;-200;3144;206;2;
26024;2025.01.22 19:15;-28;-3.5;-200;-200;3144;206;2;
26025;2025.01.22 19:30;-28;-4.25;-200;-200;3144;206;2;
26026;2025.01.22 19:45;-28;-3.625;-200;-200;3144;206;2;
26027;2025.01.22 20:00;-28;-2.8125;-200;-200;3144;206;2;
26028;2025.01.22 20:15;-28;-0.5;-200;-200;3145;206;2;
26029;2025.01.22 20:30;-28;-0.125;-200;-200;3145;206;2;
26030;2025.01.22 20:45;-28;1.375;-200;-200;3146;206;2;
26031;2025.01.22 21:00;-28;-2.375;-200;-200;3145;206;2;
26032;2025.01.22 21:15;-28;-3.8125;-200;-200;3144;206;2;
26033;2025.01.22 21:30;-28;-4.25;-200;-200;3144;206;2;
26034;2025.01.22 21:45;-28;-4.375;-200;-200;3144;206;2;
26035;2025.01.22 22:00;-28;-3.6875;-200;-200;3144;206;2;
26036;2025.01.22 22:15;-28;-4.625;-200;-200;3144;206;2;
26037;2025.01.22 22:30;-28;-4.8125;-200;-200;3143;206;2;
26038;2025.01.22 22:45;-28;-5.125;-200;-200;3143;206;2;
26039;2025.01.22 23:00;-28;-5.4375;-200;-200;3143;206;2;
26040;2025.01.22 23:15;-28;-5.75;-200;-200;3143;206;2;
26041;2025.01.22 23:30;-28;-5.8125;-200;-200;3143;206;2;
26042;2025.01.22 23:45;-28;-5.125;-200;-200;3143;206;2;
26043;2025.01.23 00:00;-28;-6.625;-200;-200;3143;206;2;
26044;2025.01.23 00:15;-28;-7.3125;-200;-200;3143;206;2;
26045;2025.01.23 00:30;-28;-7.75;-200;-200;3143;206;2;
26046;2025.01.23 00:45;-28;-8.1875;-200;-200;3143;206;2;
26047;2025.01.23 01:00;-28;-8.625;-200;-200;3143;206;2;
26048;2025.01.23 01:15;-28;-9.125;-200;-200;3143;206;2;
26049;2025.01.23 01:30;-28;-9.5;-200;-200;3143;206;2;
26050;2025.01.23 01:45;-28;-9.625;-200;-200;3143;206;2;
26051;2025.01.23 02:00;-28;-10.125;-200;-200;3143;206;2;
26052;2025.01.23 02:15;-28;-10.625;-200;-200;3143;206;2;
26053;2025.01.23 02:30;-28;-11.125;-200;-200;3143;206;2;
26054;2025.01.23 02:45;-28;-11.375;-200;-200;3143;206;2;
26055;2025.01.23 03:00;-28;-12.0625;-200;-200;3143;206;2;
26056;2025.01.23 03:15;-28;-12.375;-200;-200;3143;206;2;
26057;2025.01.23 03:30;-28;-13.125;-200;-200;3142;206;2;
26058;2025.01.23 03:45;-28;-13.4375;-200;-200;3142;206;2;
26059;2025.01.23 04:00;-28;-13.875;-200;-200;3142;206;2;
26060;2025.01.23 04:15;-28;-13.875;-200;-200;3142;206;2;
26061;2025.01.23 04:30;-28;-14.25;-200;-200;3142;206;2;
26062;2025.01.23 04:45;-28;-14.4375;-200;-200;3142;206;2;
26063;2025.01.23 05:00;-28;-14.8125;-200;-200;3142;206;2;
26064;2025.01.23 05:15;-28;-15;-200;-200;3142;206;2;
26065;2025.01.23 05:30;-28;-15.375;-200;-200;3142;206;2;
26066;2025.01.23 05:45;-28;-15;-200;-200;3142;206;2;
26067;2025.01.23 06:00;-28;-13.5625;-200;-200;3142;206;2;
26068;2025.01.23 06:15;-28;-13.625;-200;-200;3142;206;2;
26069;2025.01.23 06:30;-28;-14;-200;-200;3142;206;2;
26070;2025.01.23 06:45;-28;-14.5;-200;-200;3142;206;2;
26071;2025.01.23 07:00;-28;-14.9375;-200;-200;3142;206;2;
26072;2025.01.23 07:15;-28;-15.375;-200;-200;3142;206;2;
26073;2025.01.23 07:30;-28;-15.375;-200;-200;3142;206;2;
26074;2025.01.23 07:45;-28;-15.5;-200;-200;3142;206;2;
26075;2025.01.23 08:00;-28;-15.5;-200;-200;3142;206;2;
26076;2025.01.23 08:15;-28;-16.25;-200;-200;3142;206;2;
26077;2025.01.23 08:30;-28;-16.375;-200;-200;3142;206;2;
26078;2025.01.23 08:45;-28;-15.25;-200;-200;3142;206;2;
26079;2025.01.23 09:00;-28;-14.875;-200;-200;3142;206;2;
26080;2025.01.23 09:15;-28;-14.75;-200;-200;3141;206;2;
26081;2025.01.23 09:30;-28;-14.875;-200;-200;3141;206;2;
26082;2025.01.23 09:45;-28;-15.5;-200;-200;3141;206;2;
26083;2025.01.23 10:00;-28;-15.5;-200;-200;3141;206;2;
26084;2025.01.23 10:15;-28;-15.0625;-200;-200;3141;206;2;
26085;2025.01.23 10:30;-28;-15.25;-200;-200;3142;206;2;
26086;2025.01.23 10:45;-28;-15.4375;-200;-200;3141;206;2;
26087;2025.01.23 11:00;-28;-15.75;-200;-200;3141;206;2;
26088;2025.01.23 11:15;-28;-15.75;-200;-200;3142;206;2;
26089;2025.01.23 11:30;-28;-15.875;-200;-200;3142;206;2;
26090;2025.01.23 11:45;-28;-15.8125;-200;-200;3141;206;2;
26091;2025.01.23 12:00;-28;-15.3125;-200;-200;3141;206;2;
26092;2025.01.23 12:15;-28;-14.75;-200;-200;3142;206;2;
26093;2025.01.23 12:30;-28;-14.5;-200;-200;3141;206;2;
26094;2025.01.23 12:45;-28;-14.375;-200;-200;3142;206;2;
26095;2025.01.23 13:00;-28;-14.375;-200;-200;3141;206;2;
26096;2025.01.23 13:15;-28;-14.5;-200;-200;3142;206;2;
26097;2025.01.23 13:30;-28;-14.5625;-200;-200;3142;206;2;
26098;2025.01.23 13:45;-28;-14.625;-200;-200;3142;206;2;
26099;2025.01.23 14:00;-28;-14.8125;-200;-200;3142;206;2;
26100;2025.01.23 14:15;-28;-15;-200;-200;3142;206;2;
26101;2025.01.23 14:30;-28;-15.375;-200;-200;3142;206;2;
26102;2025.01.23 14:45;-28;-15.5;-200;-200;3142;206;2;
26103;2025.01.23 15:00;-28;-15.625;-200;-200;3142;206;2;
26104;2025.01.23 15:15;-28;-15.5625;-200;-200;3142;206;2;
26105;2025.01.23 15:30;-28;-15.125;-200;-200;3142;206;2;
26106;2025.01.23 15:45;-28;-13.625;-200;-200;3141;206;2;
26107;2025.01.23 16:00;-28;-12.375;-200;-200;3141;206;2;
26108;2025.01.23 16:15;-28;-11.5625;-200;-200;3141;206;2;
26109;2025.01.23 16:30;-28;-11.0625;-200;-200;3142;206;2;
26110;2025.01.23 16:45;-28;-10.8125;-200;-200;3142;206;2;
26111;2025.01.23 17:00;-28;-10.75;-200;-200;3141;206;2;
26112;2025.01.23 17:15;-28;-10;-200;-200;3142;206;2;
26113;2025.01.23 17:30;-28;-9.9375;-200;-200;3142;206;2;
26114;2025.01.23 17:45;-28;-9.5;-200;-200;3141;206;2;
26115;2025.01.23 18:00;-28;-9.375;-200;-200;3141;206;2;
26116;2025.01.23 18:15;-28;-9.125;-200;-200;3141;206;2;
26117;2025.01.23 18:30;-28;-8.6875;-200;-200;3142;206;2;
26118;2025.01.23 18:45;-28;-8.3125;-200;-200;3141;206;2;
26119;2025.01.23 19:00;-28;-7.75;-200;-200;3142;206;2;
26120;2025.01.23 19:15;-28;-8.0625;-200;-200;3142;206;2;
26121;2025.01.23 19:30;-28;-8.625;-200;-200;3142;206;2;
26122;2025.01.23 19:45;-28;-7.9375;-200;-200;3142;206;2;
26123;2025.01.23 20:00;-28;-6.8125;-200;-200;3142;206;2;
26124;2025.01.23 20:15;-28;-4.75;-200;-200;3142;206;2;
26125;2025.01.23 20:30;-28;-1.625;-200;-200;3143;206;2;
26126;2025.01.23 20:45;-28;-1.4375;-200;-200;3143;206;2;
26127;2025.01.23 21:00;-28;-4.875;-200;-200;3142;206;2;
26128;2025.01.23 21:15;-28;-7;-200;-200;3141;206;2;
26129;2025.01.23 21:30;-28;-7.25;-200;-200;3141;206;2;
26130;2025.01.23 21:45;-28;-6.5625;-200;-200;3141;206;2;
26131;2025.01.23 22:00;-28;-6.125;-200;-200;3141;206;2;
26132;2025.01.23 22:15;-28;-7;-200;-200;3141;206;2;
26133;2025.01.23 22:30;-28;-7.25;-200;-200;3141;206;2;
26134;2025.01.23 22:45;-28;-7.4375;-200;-200;3141;206;2;
26135;2025.01.23 23:00;-28;-7.5625;-200;-200;3141;206;2;
26136;2025.01.23 23:15;-28;-7.375;-200;-200;3141;206;2;
26137;2025.01.23 23:30;-28;-7.5625;-200;-200;3141;206;2;
26138;2025.01.23 23:45;-28;-6.3125;-200;-200;3141;206;2;
26139;2025.01.24 00:00;-28;-7.75;-200;-200;3141;206;2;
26140;2025.01.24 00:15;-28;-9.0625;-200;-200;3140;206;2;
26141;2025.01.24 00:30;-28;-9.9375;-200;-200;3140;206;2;
26142;2025.01.24 00:45;-28;-10.5625;-200;-200;3140;206;2;
26143;2025.01.24 01:00;-28;-11.125;-200;-200;3140;206;2;
26144;2025.01.24 01:15;-28;-11.5625;-200;-200;3140;206;2;
26145;2025.01.24 01:30;-28;-11.75;-200;-200;3140;206;2;
26146;2025.01.24 01:45;-28;-12.1875;-200;-200;3140;206;2;
26147;2025.01.24 02:00;-28;-12.625;-200;-200;3140;206;2;
26148;2025.01.24 02:15;-28;-12.875;-200;-200;3139;206;2;
26149;2025.01.24 02:30;-28;-13;-200;-200;3140;206;2;
26150;2025.01.24 02:45;-28;-13.4375;-200;-200;3139;206;2;
26151;2025.01.24 03:00;-28;-13.3125;-200;-200;3140;206;2;
26152;2025.01.24 03:15;-28;-12.8125;-200;-200;3139;206;2;
26153;2025.01.24 03:30;-28;-12.875;-200;-200;3139;206;2;
26154;2025.01.24 03:45;-28;-13.375;-200;-200;3139;206;2;
26155;2025.01.24 04:00;-28;-13.125;-200;-200;3139;206;2;
26156;2025.01.24 04:15;-28;-13.125;-200;-200;3139;206;2;
26157;2025.01.24 04:30;-28;-13.4375;-200;-200;3139;206;2;
26158;2025.01.24 04:45;-28;-13.875;-200;-200;3139;206;2;
26159;2025.01.24 05:00;-28;-12.1875;-200;-200;3139;206;2;
26160;2025.01.24 05:15;-28;-11;-200;-200;3139;206;2;
26161;2025.01.24 05:30;-28;-12.375;-200;-200;3139;206;2;
26162;2025.01.24 05:45;-28;-12.6875;-200;-200;3139;206;2;
26163;2025.01.24 06:00;-28;-12.875;-200;-200;3139;206;2;
26164;2025.01.24 06:15;-28;-13;-200;-200;3139;206;2;
26165;2025.01.24 06:30;-28;-13.5;-200;-200;3139;206;2;
26166;2025.01.24 06:45;-28;-13.625;-200;-200;3139;206;2;
26167;2025.01.24 07:00;-28;-13.75;-200;-200;3139;206;2;
26168;2025.01.24 07:15;-28;-13.75;-200;-200;3139;206;2;
26169;2025.01.24 07:30;-28;-14.5;-200;-200;3139;206;2;
26170;2025.01.24 07:45;-28;-14.875;-200;-200;3139;206;2;
26171;2025.01.24 08:00;-28;-15;-200;-200;3139;206;2;
26172;2025.01.24 08:15;-28;-13.9375;-200;-200;3139;206;2;
26173;2025.01.24 08:30;-28;-13.625;-200;-200;3139;206;2;
26174;2025.01.24 08:45;-28;-13;-200;-200;3139;206;2;
26175;2025.01.24 09:00;-28;-13.75;-200;-200;3139;206;2;
26176;2025.01.24 09:15;-28;-13.4375;-200;-200;3139;206;2;
26177;2025.01.24 09:30;-28;-11.1875;-200;-200;3139;206;2;
26178;2025.01.24 09:45;-28;-10.5;-200;-200;3139;206;2;
26179;2025.01.24 10:00;-28;-9.4375;-200;-200;3139;206;2;
26180;2025.01.24 10:15;-28;-8.5625;-200;-200;3139;206;2;
26181;2025.01.24 10:30;-28;-7.5;-200;-200;3139;206;2;
26182;2025.01.24 10:45;-28;-8.1875;-200;-200;3139;206;2;
26183;2025.01.24 11:00;-28;-9.125;-200;-200;3139;206;2;
26184;2025.01.24 11:15;-28;-9.75;-200;-200;3139;206;2;
26185;2025.01.24 11:30;-28;-9.625;-200;-200;3139;206;2;
26186;2025.01.24 11:45;-28;-8.9375;-200;-200;3139;206;2;
26187;2025.01.24 12:00;-28;-8.75;-200;-200;3139;206;2;
26188;2025.01.24 12:15;-28;-8.5;-200;-200;3139;206;2;
26189;2025.01.24 12:30;-28;-8.8125;-200;-200;3139;206;2;
26190;2025.01.24 12:45;-28;-9.1875;-200;-200;3139;206;2;
26191;2025.01.24 13:00;-28;-9.4375;-200;-200;3139;206;2;
26192;2025.01.24 13:15;-28;-9.4375;-200;-200;3139;206;2;
26193;2025.01.24 13:30;-28;-8.875;-200;-200;3139;206;2;
26194;2025.01.24 13:45;-28;-8.75;-200;-200;3139;206;2;
26195;2025.01.24 14:00;-28;-8.625;-200;-200;3139;206;2;
26196;2025.01.24 14:15;-28;-8.625;-200;-200;3139;206;2;
26197;2025.01.24 14:30;-28;-8.5;-200;-200;3139;206;2;
26198;2025.01.24 14:45;-28;-8.25;-200;-200;3139;206;2;
26199;2025.01.24 15:00;-28;-7.5625;-200;-200;3139;206;2;
26200;2025.01.24 15:15;-28;-6.8125;-200;-200;3139;206;2;
26201;2025.01.24 15:30;-28;-6;-200;-200;3139;206;2;
26202;2025.01.24 15:45;-28;-4.125;-200;-200;3140;206;2;
26203;2025.01.24 16:00;-28;-3.1875;-200;-200;3140;206;2;
26204;2025.01.24 16:15;-28;-2.375;-200;-200;3140;206;2;
26205;2025.01.24 16:30;-28;-2.0625;-200;-200;3140;206;2;
26206;2025.01.24 16:45;-28;-1.5;-200;-200;3140;206;2;
26207;2025.01.24 17:00;-28;-1.1875;-200;-200;3140;206;2;
26208;2025.01.24 17:15;-28;-1.0625;-200;-200;3140;206;2;
26209;2025.01.24 17:30;-28;-0.125;-200;-200;3140;206;2;
26210;2025.01.24 17:45;-28;0.875;-200;-200;3140;206;2;
26211;2025.01.24 18:00;-28;1.25;-200;-200;3140;206;2;
26212;2025.01.24 18:15;-28;2;-200;-200;3141;206;2;
26213;2025.01.24 18:30;-28;2.625;-200;-200;3141;206;2;
26214;2025.01.24 18:45;-28;2.5;-200;-200;3141;206;2;
26215;2025.01.24 19:00;-28;2.6875;-200;-200;3141;206;2;
26216;2025.01.24 19:15;-28;2.375;-200;-200;3141;206;2;
26217;2025.01.24 19:30;-28;2.125;-200;-200;3141;206;2;
26218;2025.01.24 19:45;-28;2.6875;-200;-200;3141;206;2;
26219;2025.01.24 20:00;-28;3.0625;-200;-200;3141;206;2;
26220;2025.01.24 20:15;-28;5;-200;-200;3141;206;2;
26221;2025.01.24 20:30;-28;7.5;-200;-200;3143;206;2;
26222;2025.01.24 20:45;-28;6.125;-200;-200;3143;206;2;
26223;2025.01.24 21:00;-28;4.125;-200;-200;3142;206;2;
26224;2025.01.24 21:15;-28;2.75;-200;-200;3142;206;2;
26225;2025.01.24 21:30;-28;2.4375;-200;-200;3141;206;2;
26226;2025.01.24 21:45;-28;2.6875;-200;-200;3141;206;2;
26227;2025.01.24 22:00;-28;3.125;-200;-200;3141;206;2;
26228;2025.01.24 22:15;-28;2.25;-200;-200;3141;206;2;
26229;2025.01.24 22:30;-28;2;-200;-200;3141;206;2;
26230;2025.01.24 22:45;-28;2.25;-200;-200;3141;206;2;
26231;2025.01.24 23:00;-28;2.125;-200;-200;3141;206;2;
26232;2025.01.24 23:15;-28;2.25;-200;-200;3141;206;2;
26233;2025.01.24 23:30;-28;1.8125;-200;-200;3141;206;2;
26234;2025.01.24 23:45;-28;2.25;-200;-200;3141;206;2;
26235;2025.01.25 00:00;-28;0.625;-200;-200;3141;206;2;
26236;2025.01.25 00:15;-28;-0.125;-200;-200;3141;206;2;
26237;2025.01.25 00:30;-28;-1.5;-200;-200;3141;206;2;
26238;2025.01.25 00:45;-28;-3.0625;-200;-200;3140;206;2;
26239;2025.01.25 01:00;-28;-3.9375;-200;-200;3140;206;2;
26240;2025.01.25 01:15;-28;-4.3125;-200;-200;3140;206;2;
26241;2025.01.25 01:30;-28;-4.75;-200;-200;3140;206;2;
26242;2025.01.25 01:45;-28;-5;-200;-200;3140;206;2;
26243;2025.01.25 02:00;-28;-5.3125;-200;-200;3140;206;2;
26244;2025.01.25 02:15;-28;-5.75;-200;-200;3140;206;2;
26245;2025.01.25 02:30;-28;-5.9375;-200;-200;3140;206;2;
26246;2025.01.25 02:45;-28;-6.25;-200;-200;3140;206;2;
26247;2025.01.25 03:00;-28;-6.4375;-200;-200;3140;206;2;
26248;2025.01.25 03:15;-28;-6.5;-200;-200;3140;206;2;
26249;2025.01.25 03:30;-28;-6.5;-200;-200;3140;206;2;
26250;2025.01.25 03:45;-28;-6.5;-200;-200;3140;206;2;
26251;2025.01.25 04:00;-28;-6.625;-200;-200;3140;206;2;
26252;2025.01.25 04:15;-28;-6.375;-200;-200;3140;206;2;
26253;2025.01.25 04:30;-28;-6.1875;-200;-200;3140;206;2;
26254;2025.01.25 04:45;-28;-6.0625;-200;-200;3140;206;2;
26255;2025.01.25 05:00;-28;-6.25;-200;-200;3140;206;2;
26256;2025.01.25 05:15;-28;-6.25;-200;-200;3140;206;2;
26257;2025.01.25 05:30;-28;-6.375;-200;-200;3140;206;2;
26258;2025.01.25 05:45;-28;-6.5;-200;-200;3140;206;2;
26259;2025.01.25 06:00;-28;-6.75;-200;-200;3140;206;2;
26260;2025.01.25 06:15;-28;-6.875;-200;-200;3140;206;2;
26261;2025.01.25 06:30;-28;-6;-200;-200;3140;206;2;
26262;2025.01.25 06:45;-28;-6.25;-200;-200;3140;206;2;
26263;2025.01.25 07:00;-28;-6.3125;-200;-200;3140;206;2;
26264;2025.01.25 07:15;-28;-6.5;-200;-200;3140;206;2;
26265;2025.01.25 07:30;-28;-6.625;-200;-200;3140;206;2;
26266;2025.01.25 07:45;-28;-6.75;-200;-200;3140;206;2;
26267;2025.01.25 08:00;-28;-6.75;-200;-200;3140;206;2;
26268;2025.01.25 08:15;-28;-6.5;-200;-200;3140;206;2;
26269;2025.01.25 08:30;-28;-6.125;-200;-200;3140;206;2;
26270;2025.01.25 08:45;-28;-6.375;-200;-200;3140;206;2;
26271;2025.01.25 09:00;-28;-6.5625;-200;-200;3140;206;2;
26272;2025.01.25 09:15;-28;-6.5625;-200;-200;3140;206;2;
26273;2025.01.25 09:30;-28;-6.5;-200;-200;3140;206;2;
26274;2025.01.25 09:45;-28;-6.125;-200;-200;3140;206;2;
26275;2025.01.25 10:00;-28;-6.0625;-200;-200;3140;206;2;
26276;2025.01.25 10:15;-28;-5.75;-200;-200;3140;206;2;
26277;2025.01.25 10:30;-28;-5.5625;-200;-200;3140;206;2;
26278;2025.01.25 10:45;-28;-6;-200;-200;3140;206;2;
26279;2025.01.25 11:00;-28;-6.375;-200;-200;3140;206;2;
26280;2025.01.25 11:15;-28;-6.0625;-200;-200;3140;206;2;
26281;2025.01.25 11:30;-28;-6;-200;-200;3140;206;2;
26282;2025.01.25 11:45;-28;-5.75;-200;-200;3140;206;2;
26283;2025.01.25 12:00;-28;-5.6875;-200;-200;3140;206;2;
26284;2025.01.25 12:15;-28;-5.875;-200;-200;3140;206;2;
26285;2025.01.25 12:30;-28;-5.875;-200;-200;3140;206;2;
26286;2025.01.25 12:45;-28;-6.1875;-200;-200;3140;206;2;
26287;2025.01.25 13:00;-28;-5.75;-200;-200;3140;206;2;
26288;2025.01.25 13:15;-28;-4.875;-200;-200;3140;206;2;
26289;2025.01.25 13:30;-28;-5.0625;-200;-200;3140;206;2;
26290;2025.01.25 13:45;-28;-5.6875;-200;-200;3140;206;2;
26291;2025.01.25 14:00;-28;-6.25;-200;-200;3140;206;2;
26292;2025.01.25 14:15;-28;-6.5;-200;-200;3140;206;2;
26293;2025.01.25 14:30;-28;-6.5;-200;-200;3140;206;2;
26294;2025.01.25 14:45;-28;-6.375;-200;-200;3140;206;2;
26295;2025.01.25 15:00;-28;-5.9375;-200;-200;3140;206;2;
26296;2025.01.25 15:15;-28;-5.125;-200;-200;3140;206;2;
26297;2025.01.25 15:30;-28;-3.75;-200;-200;3140;206;2;
26298;2025.01.25 15:45;-28;-2.3125;-200;-200;3140;206;2;
26299;2025.01.25 16:00;-28;-2.25;-200;-200;3140;206;2;
26300;2025.01.25 16:15;-28;-2.4375;-200;-200;3140;206;2;
26301;2025.01.25 16:30;-28;-2.125;-200;-200;3140;206;2;
26302;2025.01.25 16:45;-28;-1.375;-200;-200;3140;206;2;
26303;2025.01.25 17:00;-28;-0.625;-200;-200;3140;206;2;
26304;2025.01.25 17:15;-28;-0.875;-200;-200;3140;206;2;
26305;2025.01.25 17:30;-28;-0.75;-200;-200;3140;206;2;
26306;2025.01.25 17:45;-28;-0.5;-200;-200;3140;206;2;
26307;2025.01.25 18:00;-28;-0.6875;-200;-200;3140;206;2;
26308;2025.01.25 18:15;-28;-0.9375;-200;-200;3140;206;2;
26309;2025.01.25 18:30;-28;-0.5;-200;-200;3140;206;2;
26310;2025.01.25 18:45;-28;-0.375;-200;-200;3140;206;2;
26311;2025.01.25 19:00;-28;-0.125;-200;-200;3140;206;2;
26312;2025.01.25 19:15;-28;0.125;-200;-200;3140;206;2;
26313;2025.01.25 19:30;-28;0.75;-200;-200;3140;206;2;
26314;2025.01.25 19:45;-28;0.625;-200;-200;3140;206;2;
26315;2025.01.25 20:00;-28;0.0625;-200;-200;3140;206;2;
26316;2025.01.25 20:15;-28;-0.125;-200;-200;3140;206;2;
26317;2025.01.25 20:30;-28;-0.1875;-200;-200;3140;206;2;
26318;2025.01.25 20:45;-28;-0.625;-200;-200;3140;206;2;
26319;2025.01.25 21:00;-28;-0.875;-200;-200;3140;206;2;
26320;2025.01.25 21:15;-28;-1.125;-200;-200;3140;206;2;
26321;2025.01.25 21:30;-28;-1.375;-200;-200;3140;206;2;
26322;2025.01.25 21:45;-28;-1.375;-200;-200;3140;206;2;
26323;2025.01.25 22:00;-28;-1.6875;-200;-200;3140;206;2;
26324;2025.01.25 22:15;-28;-1.75;-200;-200;3140;206;2;
26325;2025.01.25 22:30;-28;-1.75;-200;-200;3140;206;2;
26326;2025.01.25 22:45;-28;-1.875;-200;-200;3140;206;2;
26327;2025.01.25 23:00;-28;-2.25;-200;-200;3140;206;2;
26328;2025.01.25 23:15;-28;-2.3125;-200;-200;3140;206;2;
26329;2025.01.25 23:30;-28;-2.3125;-200;-200;3140;206;2;
26330;2025.01.25 23:45;-28;-2.25;-200;-200;3140;206;2;
26331;2025.01.26 00:00;-28;-2.25;-200;-200;3140;206;2;
26332;2025.01.26 00:15;-28;-2.25;-200;-200;3140;206;2;
26333;2025.01.26 00:30;-28;-2.25;-200;-200;3140;206;2;
26334;2025.01.26 00:45;-28;-2.125;-200;-200;3140;206;2;
26335;2025.01.26 01:00;-28;-2.375;-200;-200;3140;206;2;
26336;2025.01.26 01:15;-28;-2.375;-200;-200;3140;206;2;
26337;2025.01.26 01:30;-28;-2.5;-200;-200;3140;206;2;
26338;2025.01.26 01:45;-28;-2.5;-200;-200;3140;206;2;
26339;2025.01.26 02:00;-28;-2.625;-200;-200;3140;206;2;
26340;2025.01.26 02:15;-28;-2.625;-200;-200;3140;206;2;
26341;2025.01.26 02:30;-28;-2.875;-200;-200;3140;206;2;
26342;2025.01.26 02:45;-28;-2.75;-200;-200;3140;206;2;
26343;2025.01.26 03:00;-28;-2.75;-200;-200;3140;206;2;
26344;2025.01.26 03:15;-28;-2.9375;-200;-200;3140;206;2;
26345;2025.01.26 03:30;-28;-2.875;-200;-200;3140;206;2;
26346;2025.01.26 03:45;-28;-2.625;-200;-200;3140;206;2;
26347;2025.01.26 04:00;-28;-2.75;-200;-200;3140;206;2;
26348;2025.01.26 04:15;-28;-2.75;-200;-200;3140;206;2;
26349;2025.01.26 04:30;-28;-2.9375;-200;-200;3140;206;2;
26350;2025.01.26 04:45;-28;-3.125;-200;-200;3140;206;2;
26351;2025.01.26 05:00;-28;-3.25;-200;-200;3140;206;2;
26352;2025.01.26 05:15;-28;-3.375;-200;-200;3140;206;2;
26353;2025.01.26 05:30;-28;-3.375;-200;-200;3140;206;2;
26354;2025.01.26 05:45;-28;-3.4375;-200;-200;3140;206;2;
26355;2025.01.26 06:00;-28;-3.4375;-200;-200;3140;206;2;
26356;2025.01.26 06:15;-28;-3.5;-200;-200;3140;206;2;
26357;2025.01.26 06:30;-28;-3.6875;-200;-200;3140;206;2;
26358;2025.01.26 06:45;-28;-3.75;-200;-200;3140;206;2;
26359;2025.01.26 07:00;-28;-3.8125;-200;-200;3140;206;2;
26360;2025.01.26 07:15;-28;-4;-200;-200;3140;206;2;
26361;2025.01.26 07:30;-28;-4;-200;-200;3140;206;2;
26362;2025.01.26 07:45;-28;-4.0625;-200;-200;3140;206;2;
26363;2025.01.26 08:00;-28;-4.125;-200;-200;3140;206;2;
26364;2025.01.26 08:15;-28;-4.125;-200;-200;3140;206;2;
26365;2025.01.26 08:30;-28;-4.125;-200;-200;3140;206;2;
26366;2025.01.26 08:45;-28;-4.125;-200;-200;3140;206;2;
26367;2025.01.26 09:00;-28;-4.375;-200;-200;3140;206;2;
26368;2025.01.26 09:15;-28;-4.25;-200;-200;3140;206;2;
26369;2025.01.26 09:30;-28;-4.3125;-200;-200;3140;206;2;
26370;2025.01.26 09:45;-28;-4.1875;-200;-200;3140;206;2;
26371;2025.01.26 10:00;-28;-4.25;-200;-200;3140;206;2;
26372;2025.01.26 10:15;-28;-4.25;-200;-200;3140;206;2;
26373;2025.01.26 10:30;-28;-4.3125;-200;-200;3140;206;2;
26374;2025.01.26 10:45;-28;-4.125;-200;-200;3140;206;2;
26375;2025.01.26 11:00;-28;-4.5;-200;-200;3140;206;2;
26376;2025.01.26 11:15;-28;-4.625;-200;-200;3140;206;2;
26377;2025.01.26 11:30;-28;-5;-200;-200;3140;206;2;
26378;2025.01.26 11:45;-28;-5.625;-200;-200;3140;206;2;
26379;2025.01.26 12:00;-28;-6;-200;-200;3140;206;2;
26380;2025.01.26 12:15;-28;-6.625;-200;-200;3140;206;2;
26381;2025.01.26 12:30;-28;-7.125;-200;-200;3140;206;2;
26382;2025.01.26 12:45;-28;-7.625;-200;-200;3140;206;2;
26383;2025.01.26 13:00;-28;-8;-200;-200;3139;206;2;
26384;2025.01.26 13:15;-28;-8.25;-200;-200;3139;206;2;
26385;2025.01.26 13:30;-28;-8.75;-200;-200;3139;206;2;
26386;2025.01.26 13:45;-28;-9;-200;-200;3139;206;2;
26387;2025.01.26 14:00;-28;-9.3125;-200;-200;3139;206;2;
26388;2025.01.26 14:15;-28;-9.25;-200;-200;3139;206;2;
26389;2025.01.26 14:30;-28;-9.1875;-200;-200;3139;206;2;
26390;2025.01.26 14:45;-28;-8.875;-200;-200;3139;206;2;
26391;2025.01.26 15:00;-28;-7.75;-200;-200;3139;206;2;
26392;2025.01.26 15:15;-28;-6.75;-200;-200;3139;206;2;
26393;2025.01.26 15:30;-28;-5.5625;-200;-200;3140;206;2;
26394;2025.01.26 15:45;-28;-4.375;-200;-200;3140;206;2;
26395;2025.01.26 16:00;-28;-4;-200;-200;3140;206;2;
26396;2025.01.26 16:15;-28;-3.4375;-200;-200;3140;206;2;
26397;2025.01.26 16:30;-28;-2;-200;-200;3140;206;2;
26398;2025.01.26 16:45;-28;-1.4375;-200;-200;3140;206;2;
26399;2025.01.26 17:00;-28;-1;-200;-200;3140;206;2;
26400;2025.01.26 17:15;-28;-1.375;-200;-200;3140;206;2;
26401;2025.01.26 17:30;-28;-0.375;-200;-200;3140;206;2;
26402;2025.01.26 17:45;-28;0.625;-200;-200;3140;206;2;
26403;2025.01.26 18:00;-28;1.125;-200;-200;3140;206;2;
26404;2025.01.26 18:15;-28;1.875;-200;-200;3140;206;2;
26405;2025.01.26 18:30;-28;2.875;-200;-200;3140;206;2;
26406;2025.01.26 18:45;-28;2.75;-200;-200;3140;206;2;
26407;2025.01.26 19:00;-28;2;-200;-200;3141;206;2;
26408;2025.01.26 19:15;-28;1.75;-200;-200;3140;206;2;
26409;2025.01.26 19:30;-28;2.125;-200;-200;3141;206;2;
26410;2025.01.26 19:45;-28;2.125;-200;-200;3141;206;2;
26411;2025.01.26 20:00;-28;2.625;-200;-200;3140;206;2;
26412;2025.01.26 20:15;-28;3.5625;-200;-200;3141;206;2;
26413;2025.01.26 20:30;-28;6.125;-200;-200;3142;206;2;
26414;2025.01.26 20:45;-28;5.25;-200;-200;3142;206;2;
26415;2025.01.26 21:00;-28;3.9375;-200;-200;3142;206;2;
26416;2025.01.26 21:15;-28;1.75;-200;-200;3141;206;2;
26417;2025.01.26 21:30;-28;2.1875;-200;-200;3141;206;2;
26418;2025.01.26 21:45;-28;2.375;-200;-200;3141;206;2;
26419;2025.01.26 22:00;-28;2.625;-200;-200;3141;206;2;
26420;2025.01.26 22:15;-28;1.9375;-200;-200;3141;206;2;
26421;2025.01.26 22:30;-28;1.875;-200;-200;3141;206;2;
26422;2025.01.26 22:45;-28;1.6875;-200;-200;3141;206;2;
26423;2025.01.26 23:00;-28;1.6875;-200;-200;3141;206;2;
26424;2025.01.26 23:15;-28;1.5;-200;-200;3141;206;2;
26425;2025.01.26 23:30;-28;1.9375;-200;-200;3141;206;2;
26426;2025.01.26 23:45;-28;1.125;-200;-200;3141;206;2;
26427;2025.01.27 00:00;-28;0.25;-200;-200;3141;206;2;
26428;2025.01.27 00:15;-28;-0.75;-200;-200;3141;206;2;
26429;2025.01.27 00:30;-28;-2.0625;-200;-200;3140;206;2;
26430;2025.01.27 00:45;-28;-3.25;-200;-200;3140;206;2;
26431;2025.01.27 01:00;-28;-3.875;-200;-200;3140;206;2;
26432;2025.01.27 01:15;-28;-4.25;-200;-200;3140;206;2;
26433;2025.01.27 01:30;-28;-4.4375;-200;-200;3140;206;2;
26434;2025.01.27 01:45;-28;-4.625;-200;-200;3140;206;2;
26435;2025.01.27 02:00;-28;-5;-200;-200;3140;206;2;
26436;2025.01.27 02:15;-28;-5.25;-200;-200;3140;206;2;
26437;2025.01.27 02:30;-28;-5.25;-200;-200;3140;206;2;
26438;2025.01.27 02:45;-28;-5.625;-200;-200;3140;206;2;
26439;2025.01.27 03:00;-28;-5.25;-200;-200;3140;206;2;
26440;2025.01.27 03:15;-28;-5.3125;-200;-200;3140;206;2;
26441;2025.01.27 03:30;-28;-5.375;-200;-200;3140;206;2;
26442;2025.01.27 03:45;-28;-5.0625;-200;-200;3140;206;2;
26443;2025.01.27 04:00;-28;-5.5625;-200;-200;3140;206;2;
26444;2025.01.27 04:15;-28;-5.75;-200;-200;3140;206;2;
26445;2025.01.27 04:30;-28;-6;-200;-200;3140;206;2;
26446;2025.01.27 04:45;-28;-6.25;-200;-200;3140;206;2;
26447;2025.01.27 05:00;-28;-5.625;-200;-200;3140;206;2;
26448;2025.01.27 05:15;-28;-5.625;-200;-200;3140;206;2;
26449;2025.01.27 05:30;-28;-5.75;-200;-200;3140;206;2;
26450;2025.01.27 05:45;-28;-5.875;-200;-200;3140;206;2;
26451;2025.01.27 06:00;-28;-5.75;-200;-200;3140;206;2;
26452;2025.01.27 06:15;-28;-5.375;-200;-200;3140;206;2;
26453;2025.01.27 06:30;-28;-5;-200;-200;3140;206;2;
26454;2025.01.27 06:45;-28;-4.875;-200;-200;3140;206;2;
26455;2025.01.27 07:00;-28;-4.5;-200;-200;3140;206;2;
26456;2025.01.27 07:15;-28;-4.625;-200;-200;3140;206;2;
26457;2025.01.27 07:30;-28;-4.625;-200;-200;3140;206;2;
26458;2025.01.27 07:45;-28;-4.6875;-200;-200;3140;206;2;
26459;2025.01.27 08:00;-28;-4.875;-200;-200;3140;206;2;
26460;2025.01.27 08:15;-28;-4.5;-200;-200;3140;206;2;
26461;2025.01.27 08:30;-28;-4.8125;-200;-200;3140;206;2;
26462;2025.01.27 08:45;-28;-5.125;-200;-200;3140;206;2;
26463;2025.01.27 09:00;-28;-5.125;-200;-200;3140;206;2;
26464;2025.01.27 09:15;-28;-5.625;-200;-200;3140;206;2;
26465;2025.01.27 09:30;-28;-6;-200;-200;3140;206;2;
26466;2025.01.27 09:45;-28;-6.125;-200;-200;3140;206;2;
26467;2025.01.27 10:00;-28;-6.5625;-200;-200;3140;206;2;
26468;2025.01.27 10:15;-28;-7.0625;-200;-200;3140;206;2;
26469;2025.01.27 10:30;-28;-7;-200;-200;3140;206;2;
26470;2025.01.27 10:45;-28;-7;-200;-200;3140;206;2;
26471;2025.01.27 11:00;-28;-7.125;-200;-200;3140;206;2;
26472;2025.01.27 11:15;-28;-7.375;-200;-200;3140;206;2;
26473;2025.01.27 11:30;-28;-6.875;-200;-200;3140;206;2;
26474;2025.01.27 11:45;-28;-7.25;-200;-200;3140;206;2;
26475;2025.01.27 12:00;-28;-7.5;-200;-200;3140;206;2;
26476;2025.01.27 12:15;-28;-7.125;-200;-200;3140;206;2;
26477;2025.01.27 12:30;-28;-7;-200;-200;3140;206;2;
26478;2025.01.27 12:45;-28;-6.875;-200;-200;3140;206;2;
26479;2025.01.27 13:00;-28;-7.0625;-200;-200;3140;206;2;
26480;2025.01.27 13:15;-28;-7;-200;-200;3140;206;2;
26481;2025.01.27 13:30;-28;-7.375;-200;-200;3140;206;2;
26482;2025.01.27 13:45;-28;-7.375;-200;-200;3140;206;2;
26483;2025.01.27 14:00;-28;-7.25;-200;-200;3140;206;2;
26484;2025.01.27 14:15;-28;-6.875;-200;-200;3140;206;2;
26485;2025.01.27 14:30;-28;-6.75;-200;-200;3140;206;2;
26486;2025.01.27 14:45;-28;-6.3125;-200;-200;3140;206;2;
26487;2025.01.27 15:00;-28;-5.125;-200;-200;3140;206;2;
26488;2025.01.27 15:15;-28;-4.25;-200;-200;3140;206;2;
26489;2025.01.27 15:30;-28;-3.125;-200;-200;3140;206;2;
26490;2025.01.27 15:45;-28;-1.9375;-200;-200;3140;206;2;
26491;2025.01.27 16:00;-28;-1;-200;-200;3140;206;2;
26492;2025.01.27 16:15;-28;-0.25;-200;-200;3140;206;2;
26493;2025.01.27 16:30;-28;0.3125;-200;-200;3140;206;2;
26494;2025.01.27 16:45;-28;0.625;-200;-200;3140;206;2;
26495;2025.01.27 17:00;-28;1.125;-200;-200;3140;206;2;
26496;2025.01.27 17:15;-28;1.375;-200;-200;3140;206;2;
26497;2025.01.27 17:30;-28;1.875;-200;-200;3140;206;2;
26498;2025.01.27 17:45;-28;2.1875;-200;-200;3140;206;2;
26499;2025.01.27 18:00;-28;2.4375;-200;-200;3140;206;2;
26500;2025.01.27 18:15;-28;2.875;-200;-200;3141;206;2;
26501;2025.01.27 18:30;-28;3.5;-200;-200;3141;206;2;
26502;2025.01.27 18:45;-28;3.625;-200;-200;3141;206;2;
26503;2025.01.27 19:00;-28;4.3125;-200;-200;3141;206;2;
26504;2025.01.27 19:15;-28;3.625;-200;-200;3141;206;2;
26505;2025.01.27 19:30;-28;3.25;-200;-200;3141;206;2;
26506;2025.01.27 19:45;-28;3.375;-200;-200;3141;206;2;
26507;2025.01.27 20:00;-28;4.25;-200;-200;3141;206;2;
26508;2025.01.27 20:15;-28;5.25;-200;-200;3141;206;2;
26509;2025.01.27 20:30;-28;8.25;-200;-200;3143;206;2;
26510;2025.01.27 20:45;-28;9.625;-200;-200;3144;206;2;
26511;2025.01.27 21:00;-28;6.875;-200;-200;3143;206;2;
26512;2025.01.27 21:15;-28;3.75;-200;-200;3142;206;2;
26513;2025.01.27 21:30;-28;3.125;-200;-200;3141;206;2;
26514;2025.01.27 21:45;-28;3.125;-200;-200;3141;206;2;
26515;2025.01.27 22:00;-28;4.375;-200;-200;3142;206;2;
26516;2025.01.27 22:15;-28;3.125;-200;-200;3141;206;2;
26517;2025.01.27 22:30;-28;2.5625;-200;-200;3141;206;2;
26518;2025.01.27 22:45;-28;2.1875;-200;-200;3141;206;2;
26519;2025.01.27 23:00;-28;2;-200;-200;3141;206;2;
26520;2025.01.27 23:15;-28;1.8125;-200;-200;3141;206;2;
26521;2025.01.27 23:30;-28;2.875;-200;-200;3141;206;2;
26522;2025.01.27 23:45;-28;1.625;-200;-200;3141;206;2;
26523;2025.01.28 00:00;-28;0.5;-200;-200;3141;206;0;
26524;2025.01.28 00:15;-28;0;-200;-200;3141;206;0;
26525;2025.01.28 00:30;-28;-0.125;-200;-200;3141;206;0;
26526;2025.01.28 00:45;-28;-0.625;-200;-200;3141;206;0;
26527;2025.01.28 01:00;-28;-1.25;-200;-200;3141;206;0;
26528;2025.01.28 01:15;-28;-2;-200;-200;3140;206;0;
26529;2025.01.28 01:30;-28;-2.375;-200;-200;3140;206;0;
26530;2025.01.28 01:45;-28;-2.5;-200;-200;3140;206;0;
26531;2025.01.28 02:00;-28;-2.5625;-200;-200;3140;206;0;
26532;2025.01.28 02:15;-28;-2;-200;-200;3140;206;0;
26533;2025.01.28 02:30;-28;-1.75;-200;-200;3140;206;0;
26534;2025.01.28 02:45;-28;-1.875;-200;-200;3140;206;0;
26535;2025.01.28 03:00;-28;-1.8125;-200;-200;3140;206;0;
26536;2025.01.28 03:15;-28;-1.75;-200;-200;3140;206;0;
26537;2025.01.28 03:30;-28;-1.875;-200;-200;3140;206;0;
26538;2025.01.28 03:45;-28;-1.875;-200;-200;3140;206;0;
26539;2025.01.28 04:00;-28;-1.9375;-200;-200;3140;206;0;
26540;2025.01.28 04:15;-28;-2.25;-200;-200;3140;206;0;
26541;2025.01.28 04:30;-28;-2.625;-200;-200;3140;206;0;
26542;2025.01.28 04:45;-28;-2.5;-200;-200;3140;206;0;
26543;2025.01.28 05:00;-28;-2.5;-200;-200;3140;206;0;
26544;2025.01.28 05:15;-28;-2.625;-200;-200;3140;206;0;
26545;2025.01.28 05:30;-28;-2.875;-200;-200;3140;206;0;
26546;2025.01.28 05:45;-28;-3.125;-200;-200;3140;206;0;
26547;2025.01.28 06:00;-28;-3.625;-200;-200;3140;206;0;
26548;2025.01.28 06:15;-28;-3.8125;-200;-200;3140;206;0;
26549;2025.01.28 06:30;-28;-4;-200;-200;3140;206;0;
26550;2025.01.28 06:45;-28;-4.25;-200;-200;3140;206;0;
26551;2025.01.28 07:00;-28;-4.5;-200;-200;3140;206;0;
26552;2025.01.28 07:15;-28;-4.625;-200;-200;3140;206;0;
26553;2025.01.28 07:30;-28;-4.8125;-200;-200;3140;206;0;
26554;2025.01.28 07:45;-28;-5.25;-200;-200;3140;206;0;
26555;2025.01.28 08:00;-28;-5.625;-200;-200;3140;206;0;
26556;2025.01.28 08:15;-28;-6;-200;-200;3140;206;0;
26557;2025.01.28 08:30;-28;-6;-200;-200;3140;206;0;
26558;2025.01.28 08:45;-28;-6.1875;-200;-200;3140;206;0;
26559;2025.01.28 09:00;-28;-6.25;-200;-200;3140;206;0;
26560;2025.01.28 09:15;-28;-6.375;-200;-200;3140;206;0;
26561;2025.01.28 09:30;-28;-6.3125;-200;-200;3140;206;0;
26562;2025.01.28 09:45;-28;-6.3125;-200;-200;3140;206;0;
26563;2025.01.28 10:00;-28;-6.5;-200;-200;3140;206;0;
26564;2025.01.28 10:15;-28;-6.4375;-200;-200;3140;206;0;
26565;2025.01.28 10:30;-28;-5.875;-200;-200;3140;206;0;
26566;2025.01.28 10:45;-28;-5.25;-200;-200;3140;206;0;
26567;2025.01.28 11:00;-28;-5.125;-200;-200;3140;206;0;
26568;2025.01.28 11:15;-28;-4.9375;-200;-200;3140;206;0;
26569;2025.01.28 11:30;-28;-4.9375;-200;-200;3140;206;0;
26570;2025.01.28 11:45;-28;-5.5625;-200;-200;3140;206;0;
26571;2025.01.28 12:00;-28;-5.6875;-200;-200;3140;206;0;
26572;2025.01.28 12:15;-28;-5.75;-200;-200;3140;206;0;
26573;2025.01.28 12:30;-28;-5.8125;-200;-200;3140;206;0;
26574;2025.01.28 12:45;-28;-5.5;-200;-200;3140;206;0;
26575;2025.01.28 13:00;-28;-5.875;-200;-200;3140;206;0;
26576;2025.01.28 13:15;-28;-6.375;-200;-200;3140;206;0;
26577;2025.01.28 13:30;-28;-5.875;-200;-200;3140;206;0;
26578;2025.01.28 13:45;-28;-6;-200;-200;3140;206;0;
26579;2025.01.28 14:00;-28;-6.3125;-200;-200;3140;206;0;
26580;2025.01.28 14:15;-28;-5.25;-200;-200;3140;206;0;
26581;2025.01.28 14:30;-28;-5.125;-200;-200;3140;206;0;
26582;2025.01.28 14:45;-28;-4.6875;-200;-200;3140;206;0;
26583;2025.01.28 15:00;-28;-4.1875;-200;-200;3140;206;0;
26584;2025.01.28 15:15;-28;-3.75;-200;-200;3140;206;0;
26585;2025.01.28 15:30;-28;-3.25;-200;-200;3140;206;0;
26586;2025.01.28 15:45;-28;-2.375;-200;-200;3140;206;0;
26587;2025.01.28 16:00;-28;-1.125;-200;-200;3140;206;0;
26588;2025.01.28 16:15;-28;-0.75;-200;-200;3140;206;0;
26589;2025.01.28 16:30;-28;-0.5625;-200;-200;3140;206;0;
26590;2025.01.28 16:45;-28;0.0625;-200;-200;3140;206;0;
26591;2025.01.28 17:00;-28;-0.125;-200;-200;3140;206;0;
26592;2025.01.28 17:15;-28;0.5;-200;-200;3140;206;0;
26593;2025.01.28 17:30;-28;1;-200;-200;3141;206;0;
26594;2025.01.28 17:45;-28;2.25;-200;-200;3141;206;0;
26595;2025.01.28 18:00;-28;3.5;-200;-200;3141;206;0;
26596;2025.01.28 18:15;-28;3.25;-200;-200;3141;206;0;
26597;2025.01.28 18:30;-28;3.125;-200;-200;3141;206;0;
26598;2025.01.28 18:45;-28;3.25;-200;-200;3141;206;0;
26599;2025.01.28 19:00;-28;3.9375;-200;-200;3141;206;0;
26600;2025.01.28 19:15;-28;3.375;-200;-200;3141;206;0;
26601;2025.01.28 19:30;-28;3.5625;-200;-200;3141;206;0;
26602;2025.01.28 19:45;-28;3.125;-200;-200;3141;206;0;
26603;2025.01.28 20:00;-28;3.625;-200;-200;3141;206;0;
26604;2025.01.28 20:15;-28;4.5;-200;-200;3141;206;0;
26605;2025.01.28 20:30;-28;9;-200;-200;3143;206;0;
26606;2025.01.28 20:45;-28;7.875;-200;-200;3143;206;0;
26607;2025.01.28 21:00;-28;6.375;-200;-200;3143;206;0;
26608;2025.01.28 21:15;-28;3.8125;-200;-200;3142;206;0;
26609;2025.01.28 21:30;-28;3.375;-200;-200;3142;206;0;
26610;2025.01.28 21:45;-28;3.6875;-200;-200;3142;206;0;
26611;2025.01.28 22:00;-28;5.25;-200;-200;3142;206;0;
26612;2025.01.28 22:15;-28;2.875;-200;-200;3142;206;0;
26613;2025.01.28 22:30;-28;2.25;-200;-200;3141;206;0;
26614;2025.01.28 22:45;-28;2;-200;-200;3141;206;0;
26615;2025.01.28 23:00;-28;2;-200;-200;3141;206;0;
26616;2025.01.28 23:15;-28;1.25;-200;-200;3141;206;0;
26617;2025.01.28 23:30;-28;1;-200;-200;3141;206;0;
26618;2025.01.28 23:45;-28;0.6875;-200;-200;3141;206;0;
26619;2025.01.29 00:00;-28;0.125;-200;-200;3141;206;0;
26620;2025.01.29 00:15;-28;-0.375;-200;-200;3141;206;0;
26621;2025.01.29 00:30;-28;-0.9375;-200;-200;3141;206;0;
26622;2025.01.29 00:45;-28;-0.9375;-200;-200;3141;206;0;
26623;2025.01.29 01:00;-28;-0.8125;-200;-200;3141;206;0;
26624;2025.01.29 01:15;-28;-1.5;-200;-200;3141;206;0;
26625;2025.01.29 01:30;-28;-1.4375;-200;-200;3141;206;0;
26626;2025.01.29 01:45;-28;-1.25;-200;-200;3141;206;0;
26627;2025.01.29 02:00;-28;-1;-200;-200;3141;206;0;
26628;2025.01.29 02:15;-28;-1.125;-200;-200;3141;206;0;
26629;2025.01.29 02:30;-28;-1.0625;-200;-200;3141;206;0;
26630;2025.01.29 02:45;-28;-1.125;-200;-200;3141;206;0;
26631;2025.01.29 03:00;-28;-1.4375;-200;-200;3141;206;0;
26632;2025.01.29 03:15;-28;-1.4375;-200;-200;3141;206;0;
26633;2025.01.29 03:30;-28;-1.625;-200;-200;3141;206;0;
26634;2025.01.29 03:45;-28;-1.625;-200;-200;3141;206;0;
26635;2025.01.29 04:00;-28;-1.8125;-200;-200;3141;206;0;
26636;2025.01.29 04:15;-28;-1.875;-200;-200;3141;206;0;
26637;2025.01.29 04:30;-28;-1.625;-200;-200;3141;206;0;
26638;2025.01.29 04:45;-28;-1.625;-200;-200;3141;206;0;
26639;2025.01.29 05:00;-28;-2.25;-200;-200;3141;206;0;
26640;2025.01.29 05:15;-28;-2.1875;-200;-200;3141;206;0;
26641;2025.01.29 05:30;-28;-1.8125;-200;-200;3141;206;0;
26642;2025.01.29 05:45;-28;-1.375;-200;-200;3141;206;0;
26643;2025.01.29 06:00;-28;-1.4375;-200;-200;3141;206;0;
26644;2025.01.29 06:15;-28;-1.625;-200;-200;3141;206;0;
26645;2025.01.29 06:30;-28;-1.9375;-200;-200;3141;206;0;
26646;2025.01.29 06:45;-28;-1.75;-200;-200;3141;206;0;
26647;2025.01.29 07:00;-28;-1.75;-200;-200;3141;206;0;
26648;2025.01.29 07:15;-28;-1.0625;-200;-200;3141;206;0;
26649;2025.01.29 07:30;-28;-0.75;-200;-200;3141;206;0;
26650;2025.01.29 07:45;-28;-1.25;-200;-200;3141;206;0;
26651;2025.01.29 08:00;-28;-1.8125;-200;-200;3141;206;0;
26652;2025.01.29 08:15;-28;-2.5;-200;-200;3141;206;0;
26653;2025.01.29 08:30;-28;-2.9375;-200;-200;3141;206;0;
26654;2025.01.29 08:45;-28;-3.375;-200;-200;3141;206;0;
26655;2025.01.29 09:00;-28;-3.375;-200;-200;3141;206;0;
26656;2025.01.29 09:15;-28;-3.5;-200;-200;3140;206;0;
26657;2025.01.29 09:30;-28;-4.125;-200;-200;3141;206;0;
26658;2025.01.29 09:45;-28;-4.25;-200;-200;3140;206;0;
26659;2025.01.29 10:00;-28;-4.625;-200;-200;3140;206;0;
26660;2025.01.29 10:15;-28;-4.375;-200;-200;3140;206;0;
26661;2025.01.29 10:30;-28;-4.6875;-200;-200;3140;206;0;
26662;2025.01.29 10:45;-28;-4.75;-200;-200;3140;206;0;
26663;2025.01.29 11:00;-28;-4.875;-200;-200;3140;206;0;
26664;2025.01.29 11:15;-28;-5.5;-200;-200;3140;206;0;
26665;2025.01.29 11:30;-28;-5.125;-200;-200;3140;206;0;
26666;2025.01.29 11:45;-28;-4.625;-200;-200;3140;206;0;
26667;2025.01.29 12:00;-28;-4.375;-200;-200;3140;206;0;
26668;2025.01.29 12:15;-28;-4.3125;-200;-200;3140;206;0;
26669;2025.01.29 12:30;-28;-4.25;-200;-200;3140;206;0;
26670;2025.01.29 12:45;-28;-4.625;-200;-200;3140;206;0;
26671;2025.01.29 13:00;-28;-4.75;-200;-200;3140;206;0;
26672;2025.01.29 13:15;-28;-4.75;-200;-200;3140;206;0;
26673;2025.01.29 13:30;-28;-4.6875;-200;-200;3140;206;0;
26674;2025.01.29 13:45;-28;-4.375;-200;-200;3140;206;0;
26675;2025.01.29 14:00;-28;-4.375;-200;-200;3140;206;0;
26676;2025.01.29 14:15;-28;-4.375;-200;-200;3140;206;0;
26677;2025.01.29 14:30;-28;-4.5;-200;-200;3140;206;0;
26678;2025.01.29 14:45;-28;-4;-200;-200;3140;206;0;
26679;2025.01.29 15:00;-28;-3.875;-200;-200;3140;206;0;
26680;2025.01.29 15:15;-28;-3.625;-200;-200;3140;206;0;
26681;2025.01.29 15:30;-28;-3.5;-200;-200;3140;206;0;
26682;2025.01.29 15:45;-28;-3.5;-200;-200;3140;206;0;
26683;2025.01.29 16:00;-28;-3.5;-200;-200;3140;206;0;
26684;2025.01.29 16:15;-28;-3.1875;-200;-200;3140;206;0;
26685;2025.01.29 16:30;-28;-3;-200;-200;3140;206;0;
26686;2025.01.29 16:45;-28;-2.75;-200;-200;3140;206;0;
26687;2025.01.29 17:00;-28;-2.5;-200;-200;3140;206;0;
26688;2025.01.29 17:15;-28;-3.75;-200;-200;3140;206;0;
26689;2025.01.29 17:30;-28;-4.3125;-200;-200;3140;206;0;
26690;2025.01.29 17:45;-28;-4.5;-200;-200;3140;206;0;
26691;2025.01.29 18:00;-28;-4.25;-200;-200;3140;206;0;
26692;2025.01.29 18:15;-28;-2.8125;-200;-200;3140;206;0;
26693;2025.01.29 18:30;-28;-4;-200;-200;3140;206;0;
26694;2025.01.29 18:45;-28;-4.125;-200;-200;3140;206;0;
26695;2025.01.29 19:00;-28;-4.375;-200;-200;3140;206;0;
26696;2025.01.29 19:15;-28;-4.625;-200;-200;3140;206;0;
26697;2025.01.29 19:30;-28;-4.625;-200;-200;3140;206;0;
26698;2025.01.29 19:45;-28;-4.8125;-200;-200;3140;206;0;
26699;2025.01.29 20:00;-28;-5.0625;-200;-200;3140;206;0;
26700;2025.01.29 20:15;-28;-5.0625;-200;-200;3140;206;0;
26701;2025.01.29 20:30;-28;-5.4375;-200;-200;3140;206;0;
26702;2025.01.29 20:45;-28;-4.5625;-200;-200;3140;206;0;
26703;2025.01.29 21:00;-28;-4.875;-200;-200;3140;206;0;
26704;2025.01.29 21:15;-28;-5.625;-200;-200;3140;206;0;
26705;2025.01.29 21:30;-28;-5.75;-200;-200;3140;206;0;
26706;2025.01.29 21:45;-28;-6;-200;-200;3140;206;0;
26707;2025.01.29 22:00;-28;-6.5;-200;-200;3140;206;0;
26708;2025.01.29 22:15;-28;-5.4375;-200;-200;3140;206;0;
26709;2025.01.29 22:30;-28;-5.6875;-200;-200;3140;206;0;
26710;2025.01.29 22:45;-28;-5.875;-200;-200;3140;206;0;
26711;2025.01.29 23:00;-28;-6.375;-200;-200;3140;206;0;
26712;2025.01.29 23:15;-28;-6.5;-200;-200;3140;206;0;
26713;2025.01.29 23:30;-28;-6.875;-200;-200;3140;206;0;
26714;2025.01.29 23:45;-28;-7.125;-200;-200;3140;206;0;
26715;2025.01.30 00:00;-28;-7.375;-200;-200;3140;206;0;
26716;2025.01.30 00:15;-28;-7.8125;-200;-200;3140;206;0;
26717;2025.01.30 00:30;-28;-8;-200;-200;3140;206;0;
26718;2025.01.30 00:45;-28;-8;-200;-200;3140;206;0;
26719;2025.01.30 01:00;-28;-8.125;-200;-200;3140;206;0;
26720;2025.01.30 01:15;-28;-8.125;-200;-200;3140;206;0;
26721;2025.01.30 01:30;-28;-8;-200;-200;3140;206;0;
26722;2025.01.30 01:45;-28;-8;-200;-200;3140;206;0;
26723;2025.01.30 02:00;-28;-8;-200;-200;3140;206;0;
26724;2025.01.30 02:15;-28;-8.0625;-200;-200;3140;206;0;
26725;2025.01.30 02:30;-28;-8.0625;-200;-200;3140;206;0;
26726;2025.01.30 02:45;-28;-8.0625;-200;-200;3140;206;0;
26727;2025.01.30 03:00;-28;-8.125;-200;-200;3140;206;0;
26728;2025.01.30 03:15;-28;-8.125;-200;-200;3140;206;0;
26729;2025.01.30 03:30;-28;-8.125;-200;-200;3140;206;0;
26730;2025.01.30 03:45;-28;-8.125;-200;-200;3140;206;0;
26731;2025.01.30 04:00;-28;-8.125;-200;-200;3140;206;0;
26732;2025.01.30 04:15;-28;-8.0625;-200;-200;3140;206;0;
26733;2025.01.30 04:30;-28;-8.125;-200;-200;3140;206;0;
26734;2025.01.30 04:45;-28;-8.0625;-200;-200;3140;206;0;
26735;2025.01.30 05:00;-28;-8;-200;-200;3139;206;0;
26736;2025.01.30 05:15;-28;-8;-200;-200;3139;206;0;
26737;2025.01.30 05:30;-28;-8;-200;-200;3139;206;0;
26738;2025.01.30 05:45;-28;-8;-200;-200;3139;206;0;
26739;2025.01.30 06:00;-28;-8;-200;-200;3140;206;0;
26740;2025.01.30 06:15;-28;-7.9375;-200;-200;3139;206;0;
26741;2025.01.30 06:30;-28;-8;-200;-200;3139;206;0;
26742;2025.01.30 06:45;-28;-8;-200;-200;3139;206;0;
26743;2025.01.30 07:00;-28;-8;-200;-200;3139;206;0;
26744;2025.01.30 07:15;-28;-8.0625;-200;-200;3139;206;0;
26745;2025.01.30 07:30;-28;-8.0625;-200;-200;3139;206;0;
26746;2025.01.30 07:45;-28;-8.0625;-200;-200;3139;206;0;
26747;2025.01.30 08:00;-28;-8.125;-200;-200;3139;206;0;
26748;2025.01.30 08:15;-28;-8.125;-200;-200;3139;206;0;
26749;2025.01.30 08:30;-28;-8.125;-200;-200;3139;206;0;
26750;2025.01.30 08:45;-28;-8.125;-200;-200;3139;206;0;
26751;2025.01.30 09:00;-28;-8.25;-200;-200;3139;206;0;
26752;2025.01.30 09:15;-28;-8.25;-200;-200;3139;206;0;
26753;2025.01.30 09:30;-28;-8.4375;-200;-200;3139;206;0;
26754;2025.01.30 09:45;-28;-8.75;-200;-200;3139;206;0;
26755;2025.01.30 10:00;-28;-8.875;-200;-200;3139;206;0;
26756;2025.01.30 10:15;-28;-9.125;-200;-200;3139;206;0;
26757;2025.01.30 10:30;-28;-9.0625;-200;-200;3139;206;0;
26758;2025.01.30 10:45;-28;-9;-200;-200;3139;206;0;
26759;2025.01.30 11:00;-28;-8.875;-200;-200;3139;206;0;
26760;2025.01.30 11:15;-28;-8.9375;-200;-200;3139;206;0;
26761;2025.01.30 11:30;-28;-9;-200;-200;3139;206;0;
26762;2025.01.30 11:45;-28;-9.0625;-200;-200;3139;206;0;
26763;2025.01.30 12:00;-28;-9.125;-200;-200;3139;206;0;
26764;2025.01.30 12:15;-28;-9.125;-200;-200;3139;206;0;
26765;2025.01.30 12:30;-28;-9.25;-200;-200;3139;206;0;
26766;2025.01.30 12:45;-28;-9.25;-200;-200;3139;206;0;
26767;2025.01.30 13:00;-28;-9.3125;-200;-200;3139;206;0;
26768;2025.01.30 13:15;-28;-9.375;-200;-200;3139;206;0;
26769;2025.01.30 13:30;-28;-9.25;-200;-200;3139;206;0;
26770;2025.01.30 13:45;-28;-9.25;-200;-200;3139;206;0;
26771;2025.01.30 14:00;-28;-9.25;-200;-200;3139;206;0;
26772;2025.01.30 14:15;-28;-9.125;-200;-200;3139;206;0;
26773;2025.01.30 14:30;-28;-9;-200;-200;3139;206;0;
26774;2025.01.30 14:45;-28;-8.6875;-200;-200;3139;206;0;
26775;2025.01.30 15:00;-28;-8.25;-200;-200;3139;206;0;
26776;2025.01.30 15:15;-28;-8;-200;-200;3139;206;0;
26777;2025.01.30 15:30;-28;-7.5;-200;-200;3139;206;0;
26778;2025.01.30 15:45;-28;-7.5;-200;-200;3139;206;0;
26779;2025.01.30 16:00;-28;-7.5;-200;-200;3139;206;0;
26780;2025.01.30 16:15;-28;-7.25;-200;-200;3139;206;0;
26781;2025.01.30 16:30;-28;-6.125;-200;-200;3139;206;0;
26782;2025.01.30 16:45;-28;-6;-200;-200;3139;206;0;
26783;2025.01.30 17:00;-28;-5.625;-200;-200;3139;206;0;
26784;2025.01.30 17:15;-28;-5.125;-200;-200;3139;206;0;
26785;2025.01.30 17:30;-28;-5.25;-200;-200;3140;206;0;
26786;2025.01.30 17:45;-28;-4.875;-200;-200;3140;206;0;
26787;2025.01.30 18:00;-28;-4.125;-200;-200;3140;206;0;
26788;2025.01.30 18:15;-28;-3.5;-200;-200;3140;206;0;
26789;2025.01.30 18:30;-28;-3.875;-200;-200;3140;206;0;
26790;2025.01.30 18:45;-28;-3.5;-200;-200;3140;206;0;
26791;2025.01.30 19:00;-28;-4.5;-200;-200;3140;206;0;
26792;2025.01.30 19:15;-28;-3.75;-200;-200;3140;206;0;
26793;2025.01.30 19:30;-28;-3.75;-200;-200;3140;206;0;
26794;2025.01.30 19:45;-28;-3.375;-200;-200;3140;206;0;
26795;2025.01.30 20:00;-28;-3.0625;-200;-200;3140;206;0;
26796;2025.01.30 20:15;-28;-1.75;-200;-200;3140;206;0;
26797;2025.01.30 20:30;-28;0.875;-200;-200;3141;206;0;
26798;2025.01.30 20:45;-28;-0.1875;-200;-200;3141;206;0;
26799;2025.01.30 21:00;-28;-1.125;-200;-200;3141;206;0;
26800;2025.01.30 21:15;-28;-2.625;-200;-200;3140;206;0;
26801;2025.01.30 21:30;-28;-2.625;-200;-200;3140;206;0;
26802;2025.01.30 21:45;-28;-2;-200;-200;3140;206;0;
26803;2025.01.30 22:00;-28;0;-200;-200;3140;206;0;
26804;2025.01.30 22:15;-28;-2.625;-200;-200;3140;206;0;
26805;2025.01.30 22:30;-28;-3;-200;-200;3140;206;0;
26806;2025.01.30 22:45;-28;-2.875;-200;-200;3140;206;0;
26807;2025.01.30 23:00;-28;-2.375;-200;-200;3140;206;0;
26808;2025.01.30 23:15;-28;-2.1875;-200;-200;3140;206;0;
26809;2025.01.30 23:30;-28;0.75;-200;-200;3141;206;0;
26810;2025.01.30 23:45;-28;-1.5;-200;-200;3141;206;0;
26811;2025.01.31 00:00;-28;-2.9375;-200;-200;3140;206;0;
26812;2025.01.31 00:15;-28;-3.75;-200;-200;3140;206;0;
26813;2025.01.31 00:30;-28;-4.75;-200;-200;3140;206;0;
26814;2025.01.31 00:45;-28;-5.5;-200;-200;3140;206;0;
26815;2025.01.31 01:00;-28;-6;-200;-200;3140;206;0;
26816;2025.01.31 01:15;-28;-6.5;-200;-200;3140;206;0;
26817;2025.01.31 01:30;-28;-6.75;-200;-200;3140;206;0;
26818;2025.01.31 01:45;-28;-6.75;-200;-200;3140;206;0;
26819;2025.01.31 02:00;-28;-6.6875;-200;-200;3140;206;0;
26820;2025.01.31 02:15;-28;-6.75;-200;-200;3140;206;0;
26821;2025.01.31 02:30;-28;-6.5;-200;-200;3140;206;0;
26822;2025.01.31 02:45;-28;-6.375;-200;-200;3140;206;0;
26823;2025.01.31 03:00;-28;-6.5;-200;-200;3140;206;0;
26824;2025.01.31 03:15;-28;-6.375;-200;-200;3140;206;0;
26825;2025.01.31 03:30;-28;-6.375;-200;-200;3140;206;0;
26826;2025.01.31 03:45;-28;-6.1875;-200;-200;3140;206;0;
26827;2025.01.31 04:00;-28;-5.75;-200;-200;3140;206;0;
26828;2025.01.31 04:15;-28;-5.125;-200;-200;3140;206;0;
26829;2025.01.31 04:30;-28;-4.5625;-200;-200;3140;206;0;
26830;2025.01.31 04:45;-28;-4.5;-200;-200;3140;206;0;
26831;2025.01.31 05:00;-28;-4.875;-200;-200;3140;206;0;
26832;2025.01.31 05:15;-28;-4.875;-200;-200;3140;206;0;
26833;2025.01.31 05:30;-28;-4.75;-200;-200;3140;206;0;
26834;2025.01.31 05:45;-28;-5;-200;-200;3140;206;0;
26835;2025.01.31 06:00;-28;-4.875;-200;-200;3140;206;0;
26836;2025.01.31 06:15;-28;-4.25;-200;-200;3140;206;0;
26837;2025.01.31 06:30;-28;-4.4375;-200;-200;3140;206;0;
26838;2025.01.31 06:45;-28;-4.375;-200;-200;3140;206;0;
26839;2025.01.31 07:00;-28;-4.25;-200;-200;3140;206;0;
26840;2025.01.31 07:15;-28;-4.625;-200;-200;3140;206;0;
26841;2025.01.31 07:30;-28;-4.875;-200;-200;3140;206;0;
26842;2025.01.31 07:45;-28;-5.375;-200;-200;3140;206;0;
26843;2025.01.31 08:00;-28;-6;-200;-200;3140;206;0;
26844;2025.01.31 08:15;-28;-6;-200;-200;3140;206;0;
26845;2025.01.31 08:30;-28;-5.5625;-200;-200;3140;206;0;
26846;2025.01.31 08:45;-28;-6.25;-200;-200;3140;206;0;
26847;2025.01.31 09:00;-28;-6.5625;-200;-200;3140;206;0;
26848;2025.01.31 09:15;-28;-7.25;-200;-200;3140;206;0;
26849;2025.01.31 09:30;-28;-7.75;-200;-200;3140;206;0;
26850;2025.01.31 09:45;-28;-7.8125;-200;-200;3139;206;0;
26851;2025.01.31 10:00;-28;-7.8125;-200;-200;3140;206;0;
26852;2025.01.31 10:15;-28;-7.75;-200;-200;3140;206;0;
26853;2025.01.31 10:30;-28;-8.3125;-200;-200;3140;206;0;
26854;2025.01.31 10:45;-28;-8.125;-200;-200;3140;206;0;
26855;2025.01.31 11:00;-28;-8.5;-200;-200;3140;206;0;
26856;2025.01.31 11:15;-28;-8.875;-200;-200;3139;206;0;
26857;2025.01.31 11:30;-28;-9;-200;-200;3139;206;0;
26858;2025.01.31 11:45;-28;-6.6875;-200;-200;3139;206;0;
26859;2025.01.31 12:00;-28;-5.0625;-200;-200;3140;206;0;
26860;2025.01.31 12:15;-28;-4.5;-200;-200;3140;206;0;
26861;2025.01.31 12:30;-28;-6;-200;-200;3140;206;0;
26862;2025.01.31 12:45;-28;-6.125;-200;-200;3140;206;0;
26863;2025.01.31 13:00;-28;-6.375;-200;-200;3140;206;0;
26864;2025.01.31 13:15;-28;-6.875;-200;-200;3140;206;0;
26865;2025.01.31 13:30;-28;-7;-200;-200;3140;206;0;
26866;2025.01.31 13:45;-28;-7.3125;-200;-200;3140;206;0;
26867;2025.01.31 14:00;-28;-7.375;-200;-200;3140;206;0;
26868;2025.01.31 14:15;-28;-7.75;-200;-200;3140;206;0;
26869;2025.01.31 14:30;-28;-6.625;-200;-200;3139;206;0;
26870;2025.01.31 14:45;-28;-5;-200;-200;3140;206;0;
26871;2025.01.31 15:00;-28;-4;-200;-200;3140;206;0;
26872;2025.01.31 15:15;-28;-2.375;-200;-200;3140;206;0;
26873;2025.01.31 15:30;-28;-0.875;-200;-200;3140;206;0;
26874;2025.01.31 15:45;-28;0.25;-200;-200;3140;206;0;
26875;2025.01.31 16:00;-28;1.625;-200;-200;3140;206;0;
26876;2025.01.31 16:15;-28;2.125;-200;-200;3140;206;0;
26877;2025.01.31 16:30;-28;2.875;-200;-200;3141;206;0;
26878;2025.01.31 16:45;-28;3.3125;-200;-200;3141;206;0;
26879;2025.01.31 17:00;-28;3.125;-200;-200;3141;206;0;
26880;2025.01.31 17:15;-28;3.75;-200;-200;3141;206;0;
26881;2025.01.31 17:30;-28;4.5;-200;-200;3141;206;0;
26882;2025.01.31 17:45;-28;4.75;-200;-200;3141;206;0;
26883;2025.01.31 18:00;-28;5.1875;-200;-200;3141;206;0;
26884;2025.01.31 18:15;-28;6;-200;-200;3142;206;0;
26885;2025.01.31 18:30;-28;6.375;-200;-200;3142;206;0;
26886;2025.01.31 18:45;-28;6.875;-200;-200;3142;206;0;
26887;2025.01.31 19:00;-28;6.6875;-200;-200;3142;206;0;
26888;2025.01.31 19:15;-28;6.1875;-200;-200;3142;206;0;
26889;2025.01.31 19:30;-28;6.125;-200;-200;3142;206;0;
26890;2025.01.31 19:45;-28;6;-200;-200;3142;206;0;
26891;2025.01.31 20:00;-28;6.6875;-200;-200;3142;206;0;
26892;2025.01.31 20:15;-28;7.5;-200;-200;3142;206;0;
26893;2025.01.31 20:30;-28;11.25;-200;-200;3144;206;0;
26894;2025.01.31 20:45;-28;11;-200;-200;3144;206;0;
26895;2025.01.31 21:00;-28;9.5;-200;-200;3144;206;0;
26896;2025.01.31 21:15;-28;6.875;-200;-200;3143;206;0;
26897;2025.01.31 21:30;-28;6.25;-200;-200;3143;206;0;
26898;2025.01.31 21:45;-28;6.125;-200;-200;3143;206;0;
26899;2025.01.31 22:00;-28;7.5;-200;-200;3142;206;0;
26900;2025.01.31 22:15;-28;6;-200;-200;3142;206;0;
26901;2025.01.31 22:30;-28;5.375;-200;-200;3142;206;0;
26902;2025.01.31 22:45;-28;5.1875;-200;-200;3142;206;0;
26903;2025.01.31 23:00;-28;5.375;-200;-200;3142;206;0;
26904;2025.01.31 23:15;-28;5.125;-200;-200;3142;206;0;
26905;2025.01.31 23:30;-28;7;-200;-200;3143;206;0;
26906;2025.01.31 23:45;-28;4.5;-200;-200;3142;206;0;
26907;2025.02.01 00:00;-28;3.125;-200;-200;3142;206;0;
26908;2025.02.01 00:15;-28;2;-200;-200;3142;206;0;
26909;2025.02.01 00:30;-28;0;-200;-200;3142;206;0;
26910;2025.02.01 00:45;-28;-1.3125;-200;-200;3141;206;0;
26911;2025.02.01 01:00;-28;-2.4375;-200;-200;3141;206;0;
26912;2025.02.01 01:15;-28;-3.25;-200;-200;3141;206;0;
26913;2025.02.01 01:30;-28;-3.75;-200;-200;3141;206;0;
26914;2025.02.01 01:45;-28;-3.75;-200;-200;3141;206;0;
26915;2025.02.01 02:00;-28;-4.1875;-200;-200;3141;206;0;
26916;2025.02.01 02:15;-28;-3.5;-200;-200;3141;206;0;
26917;2025.02.01 02:30;-28;-3.875;-200;-200;3141;206;0;
26918;2025.02.01 02:45;-28;-4.375;-200;-200;3141;206;0;
26919;2025.02.01 03:00;-28;-4.75;-200;-200;3141;206;0;
26920;2025.02.01 03:15;-28;-5;-200;-200;3141;206;0;
26921;2025.02.01 03:30;-28;-5.1875;-200;-200;3141;206;0;
26922;2025.02.01 03:45;-28;-5.125;-200;-200;3141;206;0;
26923;2025.02.01 04:00;-28;-5.1875;-200;-200;3141;206;0;
26924;2025.02.01 04:15;-28;-5.25;-200;-200;3141;206;0;
26925;2025.02.01 04:30;-28;-5.375;-200;-200;3141;206;0;
26926;2025.02.01 04:45;-28;-5.625;-200;-200;3140;206;0;
26927;2025.02.01 05:00;-28;-5.75;-200;-200;3141;206;0;
26928;2025.02.01 05:15;-28;-5.9375;-200;-200;3141;206;0;
26929;2025.02.01 05:30;-28;-6;-200;-200;3141;206;0;
26930;2025.02.01 05:45;-28;-5.75;-200;-200;3141;206;0;
26931;2025.02.01 06:00;-28;-5.75;-200;-200;3141;206;0;
26932;2025.02.01 06:15;-28;-5.6875;-200;-200;3141;206;0;
26933;2025.02.01 06:30;-28;-5.875;-200;-200;3140;206;0;
26934;2025.02.01 06:45;-28;-5.75;-200;-200;3140;206;0;
26935;2025.02.01 07:00;-28;-5.875;-200;-200;3141;206;0;
26936;2025.02.01 07:15;-28;-5.875;-200;-200;3141;206;0;
26937;2025.02.01 07:30;-28;-5.8125;-200;-200;3141;206;0;
26938;2025.02.01 07:45;-28;-5.75;-200;-200;3140;206;0;
26939;2025.02.01 08:00;-28;-5.8125;-200;-200;3141;206;0;
26940;2025.02.01 08:15;-28;-5.75;-200;-200;3141;206;0;
26941;2025.02.01 08:30;-28;-5.875;-200;-200;3140;206;0;
26942;2025.02.01 08:45;-28;-6;-200;-200;3140;206;0;
26943;2025.02.01 09:00;-28;-6.125;-200;-200;3140;206;0;
26944;2025.02.01 09:15;-28;-6.3125;-200;-200;3140;206;0;
26945;2025.02.01 09:30;-28;-6.4375;-200;-200;3140;206;0;
26946;2025.02.01 09:45;-28;-6.625;-200;-200;3140;206;0;
26947;2025.02.01 10:00;-28;-6.625;-200;-200;3140;206;0;
26948;2025.02.01 10:15;-28;-6.375;-200;-200;3140;206;0;
26949;2025.02.01 10:30;-28;-6.375;-200;-200;3140;206;0;
26950;2025.02.01 10:45;-28;-6.375;-200;-200;3140;206;0;
26951;2025.02.01 11:00;-28;-6.625;-200;-200;3140;206;0;
26952;2025.02.01 11:15;-28;-6;-200;-200;3140;206;0;
26953;2025.02.01 11:30;-28;-5.875;-200;-200;3140;206;0;
26954;2025.02.01 11:45;-28;-5.9375;-200;-200;3140;206;0;
26955;2025.02.01 12:00;-28;-5.625;-200;-200;3140;206;0;
26956;2025.02.01 12:15;-28;-5.5625;-200;-200;3140;206;0;
26957;2025.02.01 12:30;-28;-5.125;-200;-200;3140;206;0;
26958;2025.02.01 12:45;-28;-5.375;-200;-200;3140;206;0;
26959;2025.02.01 13:00;-28;-4.875;-200;-200;3140;206;0;
26960;2025.02.01 13:15;-28;-4.8125;-200;-200;3141;206;0;
26961;2025.02.01 13:30;-28;-4.5;-200;-200;3140;206;0;
26962;2025.02.01 13:45;-28;-4.25;-200;-200;3140;206;0;
26963;2025.02.01 14:00;-28;-3.6875;-200;-200;3140;206;0;
26964;2025.02.01 14:15;-28;-3.75;-200;-200;3141;206;0;
26965;2025.02.01 14:30;-28;-2.625;-200;-200;3141;206;0;
26966;2025.02.01 14:45;-28;-1.625;-200;-200;3141;206;0;
26967;2025.02.01 15:00;-28;-0.75;-200;-200;3141;206;0;
26968;2025.02.01 15:15;-28;0;-200;-200;3141;206;0;
26969;2025.02.01 15:30;-28;0.375;-200;-200;3141;206;0;
26970;2025.02.01 15:45;-28;0.375;-200;-200;3141;206;0;
26971;2025.02.01 16:00;-28;0.75;-200;-200;3141;206;0;
26972;2025.02.01 16:15;-28;0.875;-200;-200;3141;206;0;
26973;2025.02.01 16:30;-28;1.25;-200;-200;3141;206;0;
26974;2025.02.01 16:45;-28;2;-200;-200;3141;206;0;
26975;2025.02.01 17:00;-28;2.5;-200;-200;3141;206;0;
26976;2025.02.01 17:15;-28;2.625;-200;-200;3141;206;0;
26977;2025.02.01 17:30;-28;3.375;-200;-200;3141;206;0;
26978;2025.02.01 17:45;-28;4.25;-200;-200;3142;206;0;
26979;2025.02.01 18:00;-28;4.875;-200;-200;3142;206;0;
26980;2025.02.01 18:15;-28;5.5;-200;-200;3142;206;0;
26981;2025.02.01 18:30;-28;5.875;-200;-200;3142;206;0;
26982;2025.02.01 18:45;-28;6;-200;-200;3142;206;0;
26983;2025.02.01 19:00;-28;6.125;-200;-200;3142;206;0;
26984;2025.02.01 19:15;-28;6.5;-200;-200;3142;206;0;
26985;2025.02.01 19:30;-28;6.8125;-200;-200;3142;206;0;
26986;2025.02.01 19:45;-28;6.5625;-200;-200;3142;206;0;
26987;2025.02.01 20:00;-28;7;-200;-200;3142;206;0;
26988;2025.02.01 20:15;-28;9.125;-200;-200;3143;206;0;
26989;2025.02.01 20:30;-28;9.625;-200;-200;3143;206;0;
26990;2025.02.01 20:45;-28;8.5;-200;-200;3143;206;0;
26991;2025.02.01 21:00;-28;7.4375;-200;-200;3143;206;0;
26992;2025.02.01 21:15;-28;6.375;-200;-200;3143;206;0;
26993;2025.02.01 21:30;-28;6.25;-200;-200;3143;206;0;
26994;2025.02.01 21:45;-28;6.8125;-200;-200;3143;206;0;
26995;2025.02.01 22:00;-28;8.1875;-200;-200;3143;206;0;
26996;2025.02.01 22:15;-28;6.625;-200;-200;3143;206;0;
26997;2025.02.01 22:30;-28;6.375;-200;-200;3143;206;0;
26998;2025.02.01 22:45;-28;6.4375;-200;-200;3143;206;0;
26999;2025.02.01 23:00;-28;6.625;-200;-200;3143;206;0;
27000;2025.02.01 23:15;-28;6.25;-200;-200;3143;206;0;
27001;2025.02.01 23:30;-28;6.4375;-200;-200;3143;206;0;
27002;2025.02.01 23:45;-28;5.625;-200;-200;3143;206;0;
27003;2025.02.02 00:00;-28;4.75;-200;-200;3143;206;0;
27004;2025.02.02 00:15;-28;3.875;-200;-200;3143;206;0;
27005;2025.02.02 00:30;-28;3.3125;-200;-200;3143;206;0;
27006;2025.02.02 00:45;-28;2;-200;-200;3143;206;0;
27007;2025.02.02 01:00;-28;1.625;-200;-200;3143;206;0;
27008;2025.02.02 01:15;-28;1.375;-200;-200;3143;206;0;
27009;2025.02.02 01:30;-28;1.25;-200;-200;3143;206;0;
27010;2025.02.02 01:45;-28;1.375;-200;-200;3143;206;0;
27011;2025.02.02 02:00;-28;1.375;-200;-200;3143;206;0;
27012;2025.02.02 02:15;-28;0.875;-200;-200;3143;206;0;
27013;2025.02.02 02:30;-28;0.5;-200;-200;3143;206;0;
27014;2025.02.02 02:45;-28;0.3125;-200;-200;3143;206;0;
27015;2025.02.02 03:00;-28;0.3125;-200;-200;3142;206;0;
27016;2025.02.02 03:15;-28;0.125;-200;-200;3143;206;0;
27017;2025.02.02 03:30;-28;0;-200;-200;3143;206;0;
27018;2025.02.02 03:45;-28;0.5625;-200;-200;3143;206;0;
27019;2025.02.02 04:00;-28;0.5;-200;-200;3143;206;0;
27020;2025.02.02 04:15;-28;0.3125;-200;-200;3143;206;0;
27021;2025.02.02 04:30;-28;0.25;-200;-200;3143;206;0;
27022;2025.02.02 04:45;-28;0.5;-200;-200;3143;206;0;
27023;2025.02.02 05:00;-28;0.1875;-200;-200;3143;206;0;
27024;2025.02.02 05:15;-28;0;-200;-200;3143;206;0;
27025;2025.02.02 05:30;-28;-0.125;-200;-200;3143;206;0;
27026;2025.02.02 05:45;-28;-0.75;-200;-200;3143;206;0;
27027;2025.02.02 06:00;-28;-0.75;-200;-200;3142;206;0;
27028;2025.02.02 06:15;-28;-0.5;-200;-200;3143;206;0;
27029;2025.02.02 06:30;-28;-0.5;-200;-200;3142;206;0;
27030;2025.02.02 06:45;-28;-0.75;-200;-200;3143;206;0;
27031;2025.02.02 07:00;-28;-0.875;-200;-200;3142;206;0;
27032;2025.02.02 07:15;-28;-0.625;-200;-200;3142;206;0;
27033;2025.02.02 07:30;-28;-1.25;-200;-200;3142;206;0;
27034;2025.02.02 07:45;-28;-1.625;-200;-200;3142;206;0;
27035;2025.02.02 08:00;-28;-2.3125;-200;-200;3142;206;0;
27036;2025.02.02 08:15;-28;-2.4375;-200;-200;3143;206;0;
27037;2025.02.02 08:30;-28;-2.6875;-200;-200;3142;206;0;
27038;2025.02.02 08:45;-28;-3;-200;-200;3142;206;0;
27039;2025.02.02 09:00;-28;-2.5;-200;-200;3143;206;0;
27040;2025.02.02 09:15;-28;-2.1875;-200;-200;3143;206;0;
27041;2025.02.02 09:30;-28;-2.125;-200;-200;3143;206;0;
27042;2025.02.02 09:45;-28;-1.8125;-200;-200;3143;206;0;
27043;2025.02.02 10:00;-28;-1.25;-200;-200;3143;206;0;
27044;2025.02.02 10:15;-28;-1;-200;-200;3143;206;0;
27045;2025.02.02 10:30;-28;-0.5625;-200;-200;3143;206;0;
27046;2025.02.02 10:45;-28;-0.1875;-200;-200;3143;206;0;
27047;2025.02.02 11:00;-28;-0.125;-200;-200;3143;206;0;
27048;2025.02.02 11:15;-28;0;-200;-200;3143;206;0;
27049;2025.02.02 11:30;-28;-0.25;-200;-200;3143;206;0;
27050;2025.02.02 11:45;-28;-0.375;-200;-200;3143;206;0;
27051;2025.02.02 12:00;-28;-0.25;-200;-200;3143;206;0;
27052;2025.02.02 12:15;-28;-0.375;-200;-200;3143;206;0;
27053;2025.02.02 12:30;-28;-0.375;-200;-200;3143;206;0;
27054;2025.02.02 12:45;-28;-0.375;-200;-200;3143;206;0;
27055;2025.02.02 13:00;-28;-0.625;-200;-200;3143;206;0;
27056;2025.02.02 13:15;-28;-1.1875;-200;-200;3143;206;0;
27057;2025.02.02 13:30;-28;-1.0625;-200;-200;3143;206;0;
27058;2025.02.02 13:45;-28;-1.375;-200;-200;3143;206;0;
27059;2025.02.02 14:00;-28;-2;-200;-200;3143;206;0;
27060;2025.02.02 14:15;-28;-2.125;-200;-200;3143;206;0;
27061;2025.02.02 14:30;-28;-1.5;-200;-200;3143;206;0;
27062;2025.02.02 14:45;-28;-1.1875;-200;-200;3143;206;0;
27063;2025.02.02 15:00;-28;-0.5625;-200;-200;3143;206;0;
27064;2025.02.02 15:15;-28;-0.3125;-200;-200;3143;206;0;
27065;2025.02.02 15:30;-28;0.5625;-200;-200;3143;206;0;
27066;2025.02.02 15:45;-28;2.625;-200;-200;3144;206;0;
27067;2025.02.02 16:00;-28;4.25;-200;-200;3144;206;0;
27068;2025.02.02 16:15;-28;5.125;-200;-200;3144;206;0;
27069;2025.02.02 16:30;-28;5.75;-200;-200;3145;206;0;
27070;2025.02.02 16:45;-28;6.5;-200;-200;3145;206;0;
27071;2025.02.02 17:00;-28;6.8125;-200;-200;3145;206;0;
27072;2025.02.02 17:15;-28;6.875;-200;-200;3145;206;0;
27073;2025.02.02 17:30;-28;7.4375;-200;-200;3145;206;0;
27074;2025.02.02 17:45;-28;8;-200;-200;3145;206;0;
27075;2025.02.02 18:00;-28;8.5;-200;-200;3145;206;0;
27076;2025.02.02 18:15;-28;9.0625;-200;-200;3146;206;0;
27077;2025.02.02 18:30;-28;9.6875;-200;-200;3146;206;0;
27078;2025.02.02 18:45;-28;9.875;-200;-200;3146;206;0;
27079;2025.02.02 19:00;-28;10;-200;-200;3146;206;0;
27080;2025.02.02 19:15;-28;10.25;-200;-200;3146;206;0;
27081;2025.02.02 19:30;-28;10.25;-200;-200;3146;206;0;
27082;2025.02.02 19:45;-28;10.4375;-200;-200;3146;206;0;
27083;2025.02.02 20:00;-28;11.125;-200;-200;3146;206;0;
27084;2025.02.02 20:15;-28;12.375;-200;-200;3146;206;0;
27085;2025.02.02 20:30;-28;15.25;-200;-200;3147;206;0;
27086;2025.02.02 20:45;-28;14.4375;-200;-200;3148;206;0;
27087;2025.02.02 21:00;-28;12.5;-200;-200;3147;206;0;
27088;2025.02.02 21:15;-28;11.375;-200;-200;3147;206;0;
27089;2025.02.02 21:30;-28;10.75;-200;-200;3147;206;0;
27090;2025.02.02 21:45;-28;10.875;-200;-200;3147;206;0;
27091;2025.02.02 22:00;-28;11.375;-200;-200;3147;206;0;
27092;2025.02.02 22:15;-28;10.5;-200;-200;3147;206;0;
27093;2025.02.02 22:30;-28;10.25;-200;-200;3146;206;0;
27094;2025.02.02 22:45;-28;10.25;-200;-200;3146;206;0;
27095;2025.02.02 23:00;-28;10.3125;-200;-200;3146;206;0;
27096;2025.02.02 23:15;-28;10.3125;-200;-200;3146;206;0;
27097;2025.02.02 23:30;-28;12.25;-200;-200;3147;206;0;
27098;2025.02.02 23:45;-28;9.6875;-200;-200;3147;206;0;
27099;2025.02.03 00:00;-28;9.375;-200;-200;3146;206;0;
27100;2025.02.03 00:15;-28;8.1875;-200;-200;3146;206;0;
27101;2025.02.03 00:30;-28;7.125;-200;-200;3146;206;0;
27102;2025.02.03 00:45;-28;6.5;-200;-200;3146;206;0;
27103;2025.02.03 01:00;-28;4.75;-200;-200;3146;206;0;
27104;2025.02.03 01:15;-28;3.75;-200;-200;3145;206;0;
27105;2025.02.03 01:30;-28;3.1875;-200;-200;3145;206;0;
27106;2025.02.03 01:45;-28;3.25;-200;-200;3145;206;0;
27107;2025.02.03 02:00;-28;3.3125;-200;-200;3145;206;0;
27108;2025.02.03 02:15;-28;3.1875;-200;-200;3146;206;0;
27109;2025.02.03 02:30;-28;3.1875;-200;-200;3145;206;0;
27110;2025.02.03 02:45;-28;2.3125;-200;-200;3145;206;0;
27111;2025.02.03 03:00;-28;2.125;-200;-200;3145;206;0;
27112;2025.02.03 03:15;-28;1.625;-200;-200;3145;206;0;
27113;2025.02.03 03:30;-28;1.875;-200;-200;3146;206;0;
27114;2025.02.03 03:45;-28;1.3125;-200;-200;3146;206;0;
27115;2025.02.03 04:00;-28;1.125;-200;-200;3146;206;0;
27116;2025.02.03 04:15;-28;1;-200;-200;3146;206;0;
27117;2025.02.03 04:30;-28;0.9375;-200;-200;3146;206;0;
27118;2025.02.03 04:45;-28;0.625;-200;-200;3146;206;0;
27119;2025.02.03 05:00;-28;0.6875;-200;-200;3146;206;0;
27120;2025.02.03 05:15;-28;0.25;-200;-200;3146;206;0;
27121;2025.02.03 05:30;-28;0.1875;-200;-200;3146;206;0;
27122;2025.02.03 05:45;-28;-0.3125;-200;-200;3146;206;0;
27123;2025.02.03 06:00;-28;-0.6875;-200;-200;3146;206;0;
27124;2025.02.03 06:15;-28;-1;-200;-200;3146;206;0;
27125;2025.02.03 06:30;-28;-0.9375;-200;-200;3146;206;0;
27126;2025.02.03 06:45;-28;-1;-200;-200;3146;206;0;
27127;2025.02.03 07:00;-28;-0.625;-200;-200;3146;206;0;
27128;2025.02.03 07:15;-28;0;-200;-200;3146;206;0;
27129;2025.02.03 07:30;-28;-0.25;-200;-200;3146;206;0;
27130;2025.02.03 07:45;-28;-0.5;-200;-200;3146;206;0;
27131;2025.02.03 08:00;-28;-0.4375;-200;-200;3146;206;0;
27132;2025.02.03 08:15;-28;-0.25;-200;-200;3146;206;0;
27133;2025.02.03 08:30;-28;0.5;-200;-200;3146;206;0;
27134;2025.02.03 08:45;-28;0.8125;-200;-200;3146;206;0;
27135;2025.02.03 09:00;-28;0.8125;-200;-200;3147;206;0;
27136;2025.02.03 09:15;-28;1.375;-200;-200;3146;206;0;
27137;2025.02.03 09:30;-28;1.875;-200;-200;3147;206;0;
27138;2025.02.03 09:45;-28;1.625;-200;-200;3147;206;0;
27139;2025.02.03 10:00;-28;1.75;-200;-200;3147;206;0;
27140;2025.02.03 10:15;-28;2.125;-200;-200;3147;206;0;
27141;2025.02.03 10:30;-28;1.75;-200;-200;3147;206;0;
27142;2025.02.03 10:45;-28;1.375;-200;-200;3147;206;0;
27143;2025.02.03 11:00;-28;1.0625;-200;-200;3147;206;0;
27144;2025.02.03 11:15;-28;0.875;-200;-200;3147;206;0;
27145;2025.02.03 11:30;-28;0.25;-200;-200;3147;206;0;
27146;2025.02.03 11:45;-28;0.125;-200;-200;3147;206;0;
27147;2025.02.03 12:00;-28;-0.0625;-200;-200;3147;206;0;
27148;2025.02.03 12:15;-28;-0.375;-200;-200;3147;206;0;
27149;2025.02.03 12:30;-28;-0.375;-200;-200;3148;206;0;
27150;2025.02.03 12:45;-28;0;-200;-200;3147;206;0;
27151;2025.02.03 13:00;-28;-0.25;-200;-200;3148;206;0;
27152;2025.02.03 13:15;-28;-0.625;-200;-200;3147;206;0;
27153;2025.02.03 13:30;-28;-1.25;-200;-200;3148;206;0;
27154;2025.02.03 13:45;-28;-1.25;-200;-200;3148;206;0;
27155;2025.02.03 14:00;-28;-1.5;-200;-200;3148;206;0;
27156;2025.02.03 14:15;-28;-1.5;-200;-200;3148;206;0;
27157;2025.02.03 14:30;-28;-1.75;-200;-200;3148;206;0;
27158;2025.02.03 14:45;-28;-1.125;-200;-200;3148;206;0;
27159;2025.02.03 15:00;-28;-0.25;-200;-200;3148;206;0;
27160;2025.02.03 15:15;-28;1.375;-200;-200;3148;206;0;
27161;2025.02.03 15:30;-28;3.375;-200;-200;3149;206;0;
27162;2025.02.03 15:45;-28;5;-200;-200;3149;206;0;
27163;2025.02.03 16:00;-28;6.25;-200;-200;3149;206;0;
27164;2025.02.03 16:15;-28;7.1875;-200;-200;3149;206;0;
27165;2025.02.03 16:30;-28;7.75;-200;-200;3149;206;0;
27166;2025.02.03 16:45;-28;8.25;-200;-200;3149;206;0;
27167;2025.02.03 17:00;-28;8.5;-200;-200;3149;206;0;
27168;2025.02.03 17:15;-28;9.25;-200;-200;3149;206;0;
27169;2025.02.03 17:30;-28;9.75;-200;-200;3150;206;0;
27170;2025.02.03 17:45;-28;10.625;-200;-200;3150;206;0;
27171;2025.02.03 18:00;-28;11.4375;-200;-200;3150;206;0;
27172;2025.02.03 18:15;-28;11.8125;-200;-200;3150;206;0;
27173;2025.02.03 18:30;-28;12.6875;-200;-200;3150;206;0;
27174;2025.02.03 18:45;-28;12.75;-200;-200;3150;206;0;
27175;2025.02.03 19:00;-28;12.6875;-200;-200;3150;206;0;
27176;2025.02.03 19:15;-28;12.5625;-200;-200;3150;206;0;
27177;2025.02.03 19:30;-28;12.75;-200;-200;3150;206;0;
27178;2025.02.03 19:45;-28;13.25;-200;-200;3150;206;0;
27179;2025.02.03 20:00;-28;13.3125;-200;-200;3150;206;0;
27180;2025.02.03 20:15;-28;13.875;-200;-200;3150;206;0;
27181;2025.02.03 20:30;-28;15.5;-200;-200;3151;206;0;
27182;2025.02.03 20:45;-28;14.125;-200;-200;3151;206;0;
27183;2025.02.03 21:00;-28;14.4375;-200;-200;3151;206;0;
27184;2025.02.03 21:15;-28;12.75;-200;-200;3151;206;0;
27185;2025.02.03 21:30;-28;12.8125;-200;-200;3151;206;0;
27186;2025.02.03 21:45;-28;13.125;-200;-200;3151;206;0;
27187;2025.02.03 22:00;-28;13.6875;-200;-200;3151;206;0;
27188;2025.02.03 22:15;-28;13.1875;-200;-200;3151;206;0;
27189;2025.02.03 22:30;-28;13.125;-200;-200;3151;206;0;
27190;2025.02.03 22:45;-28;12.875;-200;-200;3151;206;0;
27191;2025.02.03 23:00;-28;13.125;-200;-200;3151;206;0;
27192;2025.02.03 23:15;-28;12.75;-200;-200;3150;206;0;
27193;2025.02.03 23:30;-28;12.5;-200;-200;3150;206;0;
27194;2025.02.03 23:45;-28;10.625;-200;-200;3150;206;0;
27195;2025.02.04 00:00;-28;10.125;-200;-200;3150;206;0;
27196;2025.02.04 00:15;-28;9.4375;-200;-200;3150;206;0;
27197;2025.02.04 00:30;-28;7.6875;-200;-200;3150;206;0;
27198;2025.02.04 00:45;-28;6.0625;-200;-200;3150;206;0;
27199;2025.02.04 01:00;-28;5;-200;-200;3149;206;0;
27200;2025.02.04 01:15;-28;4.25;-200;-200;3149;206;0;
27201;2025.02.04 01:30;-28;3.625;-200;-200;3149;206;0;
27202;2025.02.04 01:45;-28;3.25;-200;-200;3149;206;0;
27203;2025.02.04 02:00;-28;2.9375;-200;-200;3149;206;0;
27204;2025.02.04 02:15;-28;3;-200;-200;3149;206;0;
27205;2025.02.04 02:30;-28;2.6875;-200;-200;3149;206;0;
27206;2025.02.04 02:45;-28;2.125;-200;-200;3149;206;0;
27207;2025.02.04 03:00;-28;2.0625;-200;-200;3149;206;0;
27208;2025.02.04 03:15;-28;1.9375;-200;-200;3149;206;0;
27209;2025.02.04 03:30;-28;1.75;-200;-200;3149;206;0;
27210;2025.02.04 03:45;-28;2;-200;-200;3149;206;0;
27211;2025.02.04 04:00;-28;2.5;-200;-200;3149;206;0;
27212;2025.02.04 04:15;-28;2.875;-200;-200;3149;206;0;
27213;2025.02.04 04:30;-28;3.625;-200;-200;3149;206;0;
27214;2025.02.04 04:45;-28;3.875;-200;-200;3149;206;0;
27215;2025.02.04 05:00;-28;4.25;-200;-200;3149;206;0;
27216;2025.02.04 05:15;-28;4.5;-200;-200;3149;206;0;
27217;2025.02.04 05:30;-28;4.4375;-200;-200;3149;206;0;
27218;2025.02.04 05:45;-28;4.5;-200;-200;3149;206;0;
27219;2025.02.04 06:00;-28;4.125;-200;-200;3149;206;0;
27220;2025.02.04 06:15;-28;4;-200;-200;3149;206;0;
27221;2025.02.04 06:30;-28;4.3125;-200;-200;3149;206;0;
27222;2025.02.04 06:45;-28;4.375;-200;-200;3149;206;0;
27223;2025.02.04 07:00;-28;4.5625;-200;-200;3149;206;0;
27224;2025.02.04 07:15;-28;4.25;-200;-200;3149;206;0;
27225;2025.02.04 07:30;-28;4.375;-200;-200;3149;206;0;
27226;2025.02.04 07:45;-28;3.8125;-200;-200;3149;206;0;
27227;2025.02.04 08:00;-28;4.25;-200;-200;3149;206;0;
27228;2025.02.04 08:15;-28;3.9375;-200;-200;3149;206;0;
27229;2025.02.04 08:30;-28;3.5;-200;-200;3149;206;0;
27230;2025.02.04 08:45;-28;3.625;-200;-200;3149;206;0;
27231;2025.02.04 09:00;-28;3.5625;-200;-200;3149;206;0;
27232;2025.02.04 09:15;-28;2.9375;-200;-200;3149;206;0;
27233;2025.02.04 09:30;-28;3.5;-200;-200;3149;206;0;
27234;2025.02.04 09:45;-28;3.625;-200;-200;3149;206;0;
27235;2025.02.04 10:00;-28;3.375;-200;-200;3149;206;0;
27236;2025.02.04 10:15;-28;2.9375;-200;-200;3149;206;0;
27237;2025.02.04 10:30;-28;2.75;-200;-200;3149;206;0;
27238;2025.02.04 10:45;-28;3;-200;-200;3149;206;0;
27239;2025.02.04 11:00;-28;2.875;-200;-200;3149;206;0;
27240;2025.02.04 11:15;-28;2.6875;-200;-200;3149;206;0;
27241;2025.02.04 11:30;-28;2.25;-200;-200;3149;206;0;
27242;2025.02.04 11:45;-28;1.75;-200;-200;3149;206;0;
27243;2025.02.04 12:00;-28;1.5625;-200;-200;3149;206;0;
27244;2025.02.04 12:15;-28;1.5;-200;-200;3149;206;0;
27245;2025.02.04 12:30;-28;1.1875;-200;-200;3149;206;0;
27246;2025.02.04 12:45;-28;0.8125;-200;-200;3149;206;0;
27247;2025.02.04 13:00;-28;0.375;-200;-200;3149;206;0;
27248;2025.02.04 13:15;-28;0.375;-200;-200;3149;206;0;
27249;2025.02.04 13:30;-28;0.375;-200;-200;3149;206;0;
27250;2025.02.04 13:45;-28;0.25;-200;-200;3149;206;0;
27251;2025.02.04 14:00;-28;0.25;-200;-200;3149;206;0;
27252;2025.02.04 14:15;-28;0.3125;-200;-200;3149;206;0;
27253;2025.02.04 14:30;-28;0.625;-200;-200;3149;206;0;
27254;2025.02.04 14:45;-28;1.125;-200;-200;3149;206;0;
27255;2025.02.04 15:00;-28;1.8125;-200;-200;3149;206;0;
27256;2025.02.04 15:15;-28;2.375;-200;-200;3149;206;0;
27257;2025.02.04 15:30;-28;3.75;-200;-200;3149;206;0;
27258;2025.02.04 15:45;-28;6.625;-200;-200;3149;206;0;
27259;2025.02.04 16:00;-28;7.125;-200;-200;3149;206;0;
27260;2025.02.04 16:15;-28;7.75;-200;-200;3149;206;0;
27261;2025.02.04 16:30;-28;8.4375;-200;-200;3149;206;0;
27262;2025.02.04 16:45;-28;8.75;-200;-200;3149;206;0;
27263;2025.02.04 17:00;-28;8.875;-200;-200;3149;206;0;
27264;2025.02.04 17:15;-28;9.25;-200;-200;3149;206;0;
27265;2025.02.04 17:30;-28;9.75;-200;-200;3150;206;0;
27266;2025.02.04 17:45;-28;10.125;-200;-200;3149;206;0;
27267;2025.02.04 18:00;-28;10.5;-200;-200;3150;206;0;
27268;2025.02.04 18:15;-28;11;-200;-200;3150;206;0;
27269;2025.02.04 18:30;-28;11.25;-200;-200;3150;206;0;
27270;2025.02.04 18:45;-28;11.3125;-200;-200;3150;206;0;
27271;2025.02.04 19:00;-28;11.5;-200;-200;3150;206;0;
27272;2025.02.04 19:15;-28;11.625;-200;-200;3150;206;0;
27273;2025.02.04 19:30;-28;11.375;-200;-200;3150;206;0;
27274;2025.02.04 19:45;-28;11.375;-200;-200;3150;206;0;
27275;2025.02.04 20:00;-28;12;-200;-200;3150;206;0;
27276;2025.02.04 20:15;-28;12.875;-200;-200;3150;206;0;
27277;2025.02.04 20:30;-28;13;-200;-200;3150;206;0;
27278;2025.02.04 20:45;-28;13.0625;-200;-200;3151;206;0;
27279;2025.02.04 21:00;-28;13;-200;-200;3150;206;0;
27280;2025.02.04 21:15;-28;11.25;-200;-200;3150;206;0;
27281;2025.02.04 21:30;-28;10.375;-200;-200;3150;206;0;
27282;2025.02.04 21:45;-28;10.875;-200;-200;3150;206;0;
27283;2025.02.04 22:00;-28;11.25;-200;-200;3150;206;0;
27284;2025.02.04 22:15;-28;10.5625;-200;-200;3150;206;0;
27285;2025.02.04 22:30;-28;10.375;-200;-200;3150;206;0;
27286;2025.02.04 22:45;-28;10.3125;-200;-200;3150;206;0;
27287;2025.02.04 23:00;-28;9.625;-200;-200;3150;206;0;
27288;2025.02.04 23:15;-28;9.875;-200;-200;3150;206;0;
27289;2025.02.04 23:30;-28;10.25;-200;-200;3150;206;0;
27290;2025.02.04 23:45;-28;9.1875;-200;-200;3150;206;0;
27291;2025.02.05 00:00;-28;9.3125;-200;-200;3150;206;0;
27292;2025.02.05 00:15;-28;8.5;-200;-200;3150;206;0;
27293;2025.02.05 00:30;-28;7.875;-200;-200;3150;206;0;
27294;2025.02.05 00:45;-28;6.875;-200;-200;3150;206;0;
27295;2025.02.05 01:00;-28;6.3125;-200;-200;3149;206;0;
27296;2025.02.05 01:15;-28;5.5;-200;-200;3149;206;0;
27297;2025.02.05 01:30;-28;4.9375;-200;-200;3149;206;0;
27298;2025.02.05 01:45;-28;4.4375;-200;-200;3149;206;0;
27299;2025.02.05 02:00;-28;4.25;-200;-200;3149;206;0;
27300;2025.02.05 02:15;-28;3.875;-200;-200;3149;206;0;
27301;2025.02.05 02:30;-28;3.6875;-200;-200;3149;206;0;
27302;2025.02.05 02:45;-28;4.375;-200;-200;3149;206;0;
27303;2025.02.05 03:00;-28;4.5;-200;-200;3149;206;0;
27304;2025.02.05 03:15;-28;4.25;-200;-200;3149;206;0;
27305;2025.02.05 03:30;-28;5;-200;-200;3149;206;0;
27306;2025.02.05 03:45;-28;5.25;-200;-200;3149;206;0;
27307;2025.02.05 04:00;-28;5.875;-200;-200;3149;206;0;
27308;2025.02.05 04:15;-28;6;-200;-200;3149;206;0;
27309;2025.02.05 04:30;-28;5.625;-200;-200;3149;206;0;
27310;2025.02.05 04:45;-28;4.125;-200;-200;3149;206;0;
27311;2025.02.05 05:00;-28;3.25;-200;-200;3149;206;0;
27312;2025.02.05 05:15;-28;4.125;-200;-200;3149;206;0;
27313;2025.02.05 05:30;-28;4.1875;-200;-200;3149;206;0;
27314;2025.02.05 05:45;-28;3.875;-200;-200;3149;206;0;
27315;2025.02.05 06:00;-28;3.3125;-200;-200;3149;206;0;
27316;2025.02.05 06:15;-28;3.0625;-200;-200;3149;206;0;
27317;2025.02.05 06:30;-28;3.375;-200;-200;3149;206;0;
27318;2025.02.05 06:45;-28;3;-200;-200;3149;206;0;
27319;2025.02.05 07:00;-28;2.5;-200;-200;3149;206;0;
27320;2025.02.05 07:15;-28;1.75;-200;-200;3149;206;0;
27321;2025.02.05 07:30;-28;1.125;-200;-200;3149;206;0;
27322;2025.02.05 07:45;-28;0.25;-200;-200;3149;206;0;
27323;2025.02.05 08:00;-28;-0.5625;-200;-200;3149;206;0;
27324;2025.02.05 08:15;-28;-0.8125;-200;-200;3149;206;0;
27325;2025.02.05 08:30;-28;-1;-200;-200;3149;206;0;
27326;2025.02.05 08:45;-28;-1;-200;-200;3149;206;0;
27327;2025.02.05 09:00;-28;-1.5;-200;-200;3149;206;0;
27328;2025.02.05 09:15;-28;-1.875;-200;-200;3149;206;0;
27329;2025.02.05 09:30;-28;-1.5625;-200;-200;3149;206;0;
27330;2025.02.05 09:45;-28;-1.3125;-200;-200;3149;206;0;
27331;2025.02.05 10:00;-28;-0.0625;-200;-200;3149;206;0;
27332;2025.02.05 10:15;-28;1.375;-200;-200;3149;206;0;
27333;2025.02.05 10:30;-28;1.125;-200;-200;3149;206;0;
27334;2025.02.05 10:45;-28;1.25;-200;-200;3149;206;0;
27335;2025.02.05 11:00;-28;1.4375;-200;-200;3149;206;0;
27336;2025.02.05 11:15;-28;1.875;-200;-200;3149;206;0;
27337;2025.02.05 11:30;-28;1.25;-200;-200;3149;206;0;
27338;2025.02.05 11:45;-28;0.875;-200;-200;3149;206;0;
27339;2025.02.05 12:00;-28;1;-200;-200;3149;206;0;
27340;2025.02.05 12:15;-28;1;-200;-200;3149;206;0;
27341;2025.02.05 12:30;-28;0.625;-200;-200;3149;206;0;
27342;2025.02.05 12:45;-28;0;-200;-200;3149;206;0;
27343;2025.02.05 13:00;-28;-0.375;-200;-200;3149;206;0;
27344;2025.02.05 13:15;-28;-0.8125;-200;-200;3149;206;0;
27345;2025.02.05 13:30;-28;-0.6875;-200;-200;3149;206;0;
27346;2025.02.05 13:45;-28;-1.6875;-200;-200;3149;206;0;
27347;2025.02.05 14:00;-28;-2.625;-200;-200;3149;206;0;
27348;2025.02.05 14:15;-28;-2.75;-200;-200;3149;206;0;
27349;2025.02.05 14:30;-28;-2.5;-200;-200;3149;206;0;
27350;2025.02.05 14:45;-28;-1.25;-200;-200;3149;206;0;
27351;2025.02.05 15:00;-28;0.1875;-200;-200;3149;206;0;
27352;2025.02.05 15:15;-28;1.125;-200;-200;3149;206;0;
27353;2025.02.05 15:30;-28;2.625;-200;-200;3149;206;0;
27354;2025.02.05 15:45;-28;3.375;-200;-200;3149;206;0;
27355;2025.02.05 16:00;-28;3.875;-200;-200;3149;206;0;
27356;2025.02.05 16:15;-28;4.5;-200;-200;3149;206;0;
27357;2025.02.05 16:30;-28;4.875;-200;-200;3149;206;0;
27358;2025.02.05 16:45;-28;5.25;-200;-200;3149;206;0;
27359;2025.02.05 17:00;-28;5.6875;-200;-200;3149;206;0;
27360;2025.02.05 17:15;-28;6.125;-200;-200;3149;206;0;
27361;2025.02.05 17:30;-28;6.375;-200;-200;3149;206;0;
27362;2025.02.05 17:45;-28;6.875;-200;-200;3149;206;0;
27363;2025.02.05 18:00;-28;7;-200;-200;3149;206;0;
27364;2025.02.05 18:15;-28;7.375;-200;-200;3149;206;0;
27365;2025.02.05 18:30;-28;7.625;-200;-200;3149;206;0;
27366;2025.02.05 18:45;-28;7.5;-200;-200;3177;206;0;
27367;2025.02.05 19:00;-28;7.6875;-200;-200;3177;206;0;
27368;2025.02.05 19:15;-28;8.375;-200;-200;3177;206;0;
27369;2025.02.05 19:30;-28;8.5625;-200;-200;3177;206;0;
27370;2025.02.05 19:45;-28;8.875;-200;-200;3177;206;0;
27371;2025.02.05 20:00;-28;9.5;-200;-200;3177;206;0;
27372;2025.02.05 20:15;-28;10.3125;-200;-200;3177;206;0;
27373;2025.02.05 20:30;-28;12.625;-200;-200;3178;206;0;
27374;2025.02.05 20:45;-28;11.625;-200;-200;3178;206;0;
27375;2025.02.05 21:00;-28;10.6875;-200;-200;3177;206;0;
27376;2025.02.05 21:15;-28;9.75;-200;-200;3177;206;0;
27377;2025.02.05 21:30;-28;9.5;-200;-200;3177;206;0;
27378;2025.02.05 21:45;-28;10;-200;-200;3177;206;0;
27379;2025.02.05 22:00;-28;9.875;-200;-200;3177;206;0;
27380;2025.02.05 22:15;-28;9.5;-200;-200;3177;206;0;
27381;2025.02.05 22:30;-28;9.1875;-200;-200;3177;206;0;
27382;2025.02.05 22:45;-28;9;-200;-200;3177;206;0;
27383;2025.02.05 23:00;-28;9.4375;-200;-200;3177;206;0;
27384;2025.02.05 23:15;-28;9.125;-200;-200;3177;206;0;
27385;2025.02.05 23:30;-28;8.9375;-200;-200;3177;206;0;
27386;2025.02.05 23:45;-28;8.3125;-200;-200;3177;206;0;
27387;2025.02.06 00:00;-28;8;-200;-200;3177;206;0;
27388;2025.02.06 00:15;-28;7.25;-200;-200;3177;206;0;
27389;2025.02.06 00:30;-28;6.75;-200;-200;3176;206;0;
27390;2025.02.06 00:45;-28;6;-200;-200;3176;206;0;
27391;2025.02.06 01:00;-28;5.75;-200;-200;3176;206;0;
27392;2025.02.06 01:15;-28;5.375;-200;-200;3176;206;0;
27393;2025.02.06 01:30;-28;5.25;-200;-200;3176;206;0;
27394;2025.02.06 01:45;-28;4.75;-200;-200;3176;206;0;
27395;2025.02.06 02:00;-28;4.625;-200;-200;3176;206;0;
27396;2025.02.06 02:15;-28;4.1875;-200;-200;3176;206;0;
27397;2025.02.06 02:30;-28;3.75;-200;-200;3176;206;0;
27398;2025.02.06 02:45;-28;3.375;-200;-200;3176;206;0;
27399;2025.02.06 03:00;-28;3.1875;-200;-200;3176;206;0;
27400;2025.02.06 03:15;-28;3.125;-200;-200;3176;206;0;
27401;2025.02.06 03:30;-28;3;-200;-200;3176;206;0;
27402;2025.02.06 03:45;-28;2.5;-200;-200;3176;206;0;
27403;2025.02.06 04:00;-28;2.5;-200;-200;3176;206;0;
27404;2025.02.06 04:15;-28;2;-200;-200;3176;206;0;
27405;2025.02.06 04:30;-28;2.25;-200;-200;3176;206;0;
27406;2025.02.06 04:45;-28;1.3125;-200;-200;3176;206;0;
27407;2025.02.06 05:00;-28;1.4375;-200;-200;3176;206;0;
27408;2025.02.06 05:15;-28;1.75;-200;-200;3176;206;0;
27409;2025.02.06 05:30;-28;0.8125;-200;-200;3176;206;0;
27410;2025.02.06 05:45;-28;-0.125;-200;-200;3176;206;0;
27411;2025.02.06 06:00;-28;-0.75;-200;-200;3175;206;0;
27412;2025.02.06 06:15;-28;-0.875;-200;-200;3175;206;0;
27413;2025.02.06 06:30;-28;-1;-200;-200;3175;206;0;
27414;2025.02.06 06:45;-28;-0.8125;-200;-200;3175;206;0;
27415;2025.02.06 07:00;-28;-0.875;-200;-200;3175;206;0;
27416;2025.02.06 07:15;-28;-0.875;-200;-200;3175;206;0;
27417;2025.02.06 07:30;-28;-1.3125;-200;-200;3175;206;0;
27418;2025.02.06 07:45;-28;-1.75;-200;-200;3175;206;0;
27419;2025.02.06 08:00;-28;-1.625;-200;-200;3175;206;0;
27420;2025.02.06 08:15;-28;-1.375;-200;-200;3175;206;0;
27421;2025.02.06 08:30;-28;-1.5625;-200;-200;3175;206;0;
27422;2025.02.06 08:45;-28;-1.5;-200;-200;3175;206;0;
27423;2025.02.06 09:00;-28;-1.375;-200;-200;3175;206;0;
27424;2025.02.06 09:15;-28;-1.1875;-200;-200;3175;206;0;
27425;2025.02.06 09:30;-28;-1.125;-200;-200;3175;206;0;
27426;2025.02.06 09:45;-28;-1.0625;-200;-200;3175;206;0;
27427;2025.02.06 10:00;-28;-1;-200;-200;3175;206;0;
27428;2025.02.06 10:15;-28;-0.875;-200;-200;3175;206;0;
27429;2025.02.06 10:30;-28;-0.625;-200;-200;3175;206;0;
27430;2025.02.06 10:45;-28;-1.375;-200;-200;3175;206;0;
27431;2025.02.06 11:00;-28;-1.625;-200;-200;3175;206;0;
27432;2025.02.06 11:15;-28;-1.875;-200;-200;3175;206;0;
27433;2025.02.06 11:30;-28;-1.9375;-200;-200;3175;206;0;
27434;2025.02.06 11:45;-28;-2.125;-200;-200;3175;206;0;
27435;2025.02.06 12:00;-28;-1.8125;-200;-200;3175;206;0;
27436;2025.02.06 12:15;-28;-1.75;-200;-200;3175;206;0;
27437;2025.02.06 12:30;-28;-1.6875;-200;-200;3175;206;0;
27438;2025.02.06 12:45;-28;-1.6875;-200;-200;3175;206;0;
27439;2025.02.06 13:00;-28;-2;-200;-200;3175;206;0;
27440;2025.02.06 13:15;-28;-2.6875;-200;-200;3175;206;0;
27441;2025.02.06 13:30;-28;-3.0625;-200;-200;3175;206;0;
27442;2025.02.06 13:45;-28;-3.625;-200;-200;3175;206;0;
27443;2025.02.06 14:00;-28;-4;-200;-200;3175;206;0;
27444;2025.02.06 14:15;-28;-4;-200;-200;3175;206;0;
27445;2025.02.06 14:30;-28;-4.0625;-200;-200;3175;206;0;
27446;2025.02.06 14:45;-28;-3.5625;-200;-200;3175;206;0;
27447;2025.02.06 15:00;-28;-2.75;-200;-200;3175;206;0;
27448;2025.02.06 15:15;-28;-1.3125;-200;-200;3175;206;0;
27449;2025.02.06 15:30;-28;-0.375;-200;-200;3175;206;0;
27450;2025.02.06 15:45;-28;1.75;-200;-200;3175;206;0;
27451;2025.02.06 16:00;-28;3.3125;-200;-200;3175;206;0;
27452;2025.02.06 16:15;-28;4.3125;-200;-200;3175;206;0;
27453;2025.02.06 16:30;-28;5.125;-200;-200;3175;206;0;
27454;2025.02.06 16:45;-28;5.4375;-200;-200;3175;206;0;
27455;2025.02.06 17:00;-28;5.875;-200;-200;3175;206;0;
27456;2025.02.06 17:15;-28;6.375;-200;-200;3175;206;0;
27457;2025.02.06 17:30;-28;7;-200;-200;3175;206;0;
27458;2025.02.06 17:45;-28;7.0625;-200;-200;3175;206;0;
27459;2025.02.06 18:00;-28;7.625;-200;-200;3175;206;0;
27460;2025.02.06 18:15;-28;8.375;-200;-200;3176;206;0;
27461;2025.02.06 18:30;-28;8.625;-200;-200;3175;206;0;
27462;2025.02.06 18:45;-28;9.375;-200;-200;3176;206;0;
27463;2025.02.06 19:00;-28;9;-200;-200;3175;206;0;
27464;2025.02.06 19:15;-28;9.375;-200;-200;3176;206;0;
27465;2025.02.06 19:30;-28;9.3125;-200;-200;3175;206;0;
27466;2025.02.06 19:45;-28;9.75;-200;-200;3176;206;0;
27467;2025.02.06 20:00;-28;10.0625;-200;-200;3176;206;0;
27468;2025.02.06 20:15;-28;10.625;-200;-200;3176;206;0;
27469;2025.02.06 20:30;-28;13.125;-200;-200;3176;206;0;
27470;2025.02.06 20:45;-28;13.625;-200;-200;3176;206;0;
27471;2025.02.06 21:00;-28;11.75;-200;-200;3176;206;0;
27472;2025.02.06 21:15;-28;10.625;-200;-200;3176;206;0;
27473;2025.02.06 21:30;-28;10.375;-200;-200;3175;206;0;
27474;2025.02.06 21:45;-28;10.4375;-200;-200;3175;206;0;
27475;2025.02.06 22:00;-28;11.25;-200;-200;3175;206;0;
27476;2025.02.06 22:15;-28;10;-200;-200;3175;206;0;
27477;2025.02.06 22:30;-28;9.75;-200;-200;3175;206;0;
27478;2025.02.06 22:45;-28;9.625;-200;-200;3175;206;0;
27479;2025.02.06 23:00;-28;9.6875;-200;-200;3175;206;0;
27480;2025.02.06 23:15;-28;9.375;-200;-200;3175;206;0;
27481;2025.02.06 23:30;-28;8.875;-200;-200;3175;206;0;
27482;2025.02.06 23:45;-28;8.125;-200;-200;3175;206;0;
27483;2025.02.07 00:00;-28;7.875;-200;-200;3175;206;0;
27484;2025.02.07 00:15;-28;6.875;-200;-200;3174;206;0;
27485;2025.02.07 00:30;-28;5.875;-200;-200;3174;206;0;
27486;2025.02.07 00:45;-28;5.5;-200;-200;3174;206;0;
27487;2025.02.07 01:00;-28;4.6875;-200;-200;3174;206;0;
27488;2025.02.07 01:15;-28;3.75;-200;-200;3174;206;0;
27489;2025.02.07 01:30;-28;3.375;-200;-200;3174;206;0;
27490;2025.02.07 01:45;-28;3.375;-200;-200;3174;206;0;
27491;2025.02.07 02:00;-28;2.5;-200;-200;3174;206;0;
27492;2025.02.07 02:15;-28;2.75;-200;-200;3174;206;0;
27493;2025.02.07 02:30;-28;2.125;-200;-200;3174;206;0;
27494;2025.02.07 02:45;-28;1.1875;-200;-200;3173;206;0;
27495;2025.02.07 03:00;-28;1.625;-200;-200;3173;206;0;
27496;2025.02.07 03:15;-28;2.25;-200;-200;3173;206;0;
27497;2025.02.07 03:30;-28;1.9375;-200;-200;3172;206;0;
27498;2025.02.07 03:45;-28;2.375;-200;-200;3173;206;0;
27499;2025.02.07 04:00;-28;2.5;-200;-200;3172;206;0;
27500;2025.02.07 04:15;-28;1.875;-200;-200;3172;206;0;
27501;2025.02.07 04:30;-28;2;-200;-200;3172;206;0;
27502;2025.02.07 04:45;-28;2.125;-200;-200;3172;206;0;
27503;2025.02.07 05:00;-28;1.375;-200;-200;3172;206;0;
27504;2025.02.07 05:15;-28;2.875;-200;-200;3172;206;0;
27505;2025.02.07 05:30;-28;3.25;-200;-200;3172;206;0;
27506;2025.02.07 05:45;-28;3.5;-200;-200;3172;206;0;
27507;2025.02.07 06:00;-28;3.4375;-200;-200;3172;206;0;
27508;2025.02.07 06:15;-28;3;-200;-200;3172;206;0;
27509;2025.02.07 06:30;-28;2.875;-200;-200;3172;206;0;
27510;2025.02.07 06:45;-28;2.5;-200;-200;3172;206;0;
27511;2025.02.07 07:00;-28;1.875;-200;-200;3172;206;0;
27512;2025.02.07 07:15;-28;0.75;-200;-200;3171;206;0;
27513;2025.02.07 07:30;-28;1.25;-200;-200;3171;206;0;
27514;2025.02.07 07:45;-28;1.25;-200;-200;3171;206;0;
27515;2025.02.07 08:00;-28;1.75;-200;-200;3171;206;0;
27516;2025.02.07 08:15;-28;1;-200;-200;3171;206;0;
27517;2025.02.07 08:30;-28;0.8125;-200;-200;3171;206;0;
27518;2025.02.07 08:45;-28;0.9375;-200;-200;3171;206;0;
27519;2025.02.07 09:00;-28;0.875;-200;-200;3171;206;0;
27520;2025.02.07 09:15;-28;0.75;-200;-200;3171;206;0;
27521;2025.02.07 09:30;-28;0.25;-200;-200;3171;206;0;
27522;2025.02.07 09:45;-28;0.625;-200;-200;3171;206;0;
27523;2025.02.07 10:00;-28;0.25;-200;-200;3171;206;0;
27524;2025.02.07 10:15;-28;-0.0625;-200;-200;3171;206;0;
27525;2025.02.07 10:30;-28;0.5;-200;-200;3171;206;0;
27526;2025.02.07 10:45;-28;1.1875;-200;-200;3171;206;0;
27527;2025.02.07 11:00;-28;1.375;-200;-200;3171;206;0;
27528;2025.02.07 11:15;-28;0.5;-200;-200;3170;206;0;
27529;2025.02.07 11:30;-28;1;-200;-200;3170;206;0;
27530;2025.02.07 11:45;-28;1;-200;-200;3171;206;0;
27531;2025.02.07 12:00;-28;0.625;-200;-200;3170;206;0;
27532;2025.02.07 12:15;-28;0.4375;-200;-200;3170;206;0;
27533;2025.02.07 12:30;-28;-0.5;-200;-200;3170;206;0;
27534;2025.02.07 12:45;-28;-0.0625;-200;-200;3170;206;0;
27535;2025.02.07 13:00;-28;-0.5;-200;-200;3170;206;0;
27536;2025.02.07 13:15;-28;-0.625;-200;-200;3170;206;0;
27537;2025.02.07 13:30;-28;0.375;-200;-200;3170;206;0;
27538;2025.02.07 13:45;-28;0.3125;-200;-200;3170;206;0;
27539;2025.02.07 14:00;-28;0.25;-200;-200;3170;206;0;
27540;2025.02.07 14:15;-28;0.4375;-200;-200;3170;206;0;
27541;2025.02.07 14:30;-28;1.375;-200;-200;3170;206;0;
27542;2025.02.07 14:45;-28;2.0625;-200;-200;3170;206;0;
27543;2025.02.07 15:00;-28;2.75;-200;-200;3170;206;0;
27544;2025.02.07 15:15;-28;3.6875;-200;-200;3170;206;0;
27545;2025.02.07 15:30;-28;4.375;-200;-200;3169;206;0;
27546;2025.02.07 15:45;-28;4.875;-200;-200;3169;206;0;
27547;2025.02.07 16:00;-28;4.875;-200;-200;3169;206;0;
27548;2025.02.07 16:15;-28;5.25;-200;-200;3170;206;0;
27549;2025.02.07 16:30;-28;5.625;-200;-200;3169;206;0;
27550;2025.02.07 16:45;-28;6.3125;-200;-200;3169;206;0;
27551;2025.02.07 17:00;-28;6.25;-200;-200;3169;206;0;
27552;2025.02.07 17:15;-28;6.75;-200;-200;3169;206;0;
27553;2025.02.07 17:30;-28;7.25;-200;-200;3169;206;0;
27554;2025.02.07 17:45;-28;8;-200;-200;3170;206;0;
27555;2025.02.07 18:00;-28;8.125;-200;-200;3169;206;0;
27556;2025.02.07 18:15;-28;8.625;-200;-200;3170;206;0;
27557;2025.02.07 18:30;-28;9.25;-200;-200;3170;206;0;
27558;2025.02.07 18:45;-28;8.875;-200;-200;3170;206;0;
27559;2025.02.07 19:00;-28;8.875;-200;-200;3170;206;0;
27560;2025.02.07 19:15;-28;8.8125;-200;-200;3170;206;0;
27561;2025.02.07 19:30;-28;8.625;-200;-200;3169;206;0;
27562;2025.02.07 19:45;-28;8.875;-200;-200;3170;206;0;
27563;2025.02.07 20:00;-28;10;-200;-200;3170;206;0;
27564;2025.02.07 20:15;-28;10.125;-200;-200;3170;206;0;
27565;2025.02.07 20:30;-28;13.25;-200;-200;3169;206;0;
27566;2025.02.07 20:45;-28;12.25;-200;-200;3169;206;0;
27567;2025.02.07 21:00;-28;11.375;-200;-200;3169;206;0;
27568;2025.02.07 21:15;-28;10.3125;-200;-200;3169;206;0;
27569;2025.02.07 21:30;-28;10.5;-200;-200;3168;206;0;
27570;2025.02.07 21:45;-28;11.375;-200;-200;3168;206;0;
27571;2025.02.07 22:00;-28;11.75;-200;-200;3168;206;0;
27572;2025.02.07 22:15;-28;11.3125;-200;-200;3168;206;0;
27573;2025.02.07 22:30;-28;11.125;-200;-200;3168;206;0;
27574;2025.02.07 22:45;-28;11.125;-200;-200;3169;206;0;
27575;2025.02.07 23:00;-28;11;-200;-200;3169;206;0;
27576;2025.02.07 23:15;-28;10.5;-200;-200;3168;206;0;
27577;2025.02.07 23:30;-28;9.875;-200;-200;3168;206;0;
27578;2025.02.07 23:45;-28;9.375;-200;-200;3168;206;0;
27579;2025.02.08 00:00;-28;8.8125;-200;-200;3168;206;0;
27580;2025.02.08 00:15;-28;8.25;-200;-200;3168;206;0;
27581;2025.02.08 00:30;-28;7.875;-200;-200;3168;206;0;
27582;2025.02.08 00:45;-28;7.4375;-200;-200;3168;206;0;
27583;2025.02.08 01:00;-28;7.125;-200;-200;3168;206;0;
27584;2025.02.08 01:15;-28;7.0625;-200;-200;3168;206;0;
27585;2025.02.08 01:30;-28;6.6875;-200;-200;3168;206;0;
27586;2025.02.08 01:45;-28;6.3125;-200;-200;3168;206;0;
27587;2025.02.08 02:00;-28;6.125;-200;-200;3168;206;0;
27588;2025.02.08 02:15;-28;5.75;-200;-200;3167;206;0;
27589;2025.02.08 02:30;-28;5.6875;-200;-200;3168;206;0;
27590;2025.02.08 02:45;-28;5.5;-200;-200;3168;206;0;
27591;2025.02.08 03:00;-28;5.625;-200;-200;3167;206;0;
27592;2025.02.08 03:15;-28;5.4375;-200;-200;3168;206;0;
27593;2025.02.08 03:30;-28;5.375;-200;-200;3167;206;0;
27594;2025.02.08 03:45;-28;5.375;-200;-200;3167;206;0;
27595;2025.02.08 04:00;-28;5.3125;-200;-200;3167;206;0;
27596;2025.02.08 04:15;-28;5.375;-200;-200;3167;206;0;
27597;2025.02.08 04:30;-28;5.125;-200;-200;3167;206;0;
27598;2025.02.08 04:45;-28;4.875;-200;-200;3167;206;0;
27599;2025.02.08 05:00;-28;4.75;-200;-200;3167;206;0;
27600;2025.02.08 05:15;-28;4.5625;-200;-200;3167;206;0;
27601;2025.02.08 05:30;-28;4.25;-200;-200;3167;206;0;
27602;2025.02.08 05:45;-28;4.0625;-200;-200;3167;206;0;
27603;2025.02.08 06:00;-28;3.6875;-200;-200;3167;206;0;
27604;2025.02.08 06:15;-28;3.625;-200;-200;3167;206;0;
27605;2025.02.08 06:30;-28;3.75;-200;-200;3167;206;0;
27606;2025.02.08 06:45;-28;3.4375;-200;-200;3167;206;0;
27607;2025.02.08 07:00;-28;3.25;-200;-200;3167;206;0;
27608;2025.02.08 07:15;-28;3;-200;-200;3167;206;0;
27609;2025.02.08 07:30;-28;2.375;-200;-200;3167;206;0;
27610;2025.02.08 07:45;-28;2.25;-200;-200;3167;206;0;
27611;2025.02.08 08:00;-28;2.0625;-200;-200;3167;206;0;
27612;2025.02.08 08:15;-28;1.5;-200;-200;3166;206;0;
27613;2025.02.08 08:30;-28;1.625;-200;-200;3166;206;0;
27614;2025.02.08 08:45;-28;0.9375;-200;-200;3166;206;0;
27615;2025.02.08 09:00;-28;0;-200;-200;3165;206;0;
27616;2025.02.08 09:15;-28;0.5;-200;-200;3165;206;0;
27617;2025.02.08 09:30;-28;0.25;-200;-200;3164;206;0;
27618;2025.02.08 09:45;-28;-0.25;-200;-200;3164;206;0;
27619;2025.02.08 10:00;-28;0.125;-200;-200;3164;206;0;
27620;2025.02.08 10:15;-28;0.25;-200;-200;3164;206;0;
27621;2025.02.08 10:30;-28;0.375;-200;-200;3164;206;0;
27622;2025.02.08 10:45;-28;0.25;-200;-200;3164;206;0;
27623;2025.02.08 11:00;-28;0.4375;-200;-200;3164;206;0;
27624;2025.02.08 11:15;-28;0.5625;-200;-200;3163;206;0;
27625;2025.02.08 11:30;-28;0.5;-200;-200;3164;206;0;
27626;2025.02.08 11:45;-28;0.125;-200;-200;3163;206;0;
27627;2025.02.08 12:00;-28;0.125;-200;-200;3163;206;0;
27628;2025.02.08 12:15;-28;-0.25;-200;-200;3163;206;0;
27629;2025.02.08 12:30;-28;-0.75;-200;-200;3163;206;0;
27630;2025.02.08 12:45;-28;-1.625;-200;-200;3163;206;0;
27631;2025.02.08 13:00;-28;-2.1875;-200;-200;3163;206;0;
27632;2025.02.08 13:15;-28;-2.875;-200;-200;3163;206;0;
27633;2025.02.08 13:30;-28;-3.25;-200;-200;3163;206;0;
27634;2025.02.08 13:45;-28;-3.625;-200;-200;3163;206;0;
27635;2025.02.08 14:00;-28;-2.375;-200;-200;3163;206;0;
27636;2025.02.08 14:15;-28;-1.375;-200;-200;3163;206;0;
27637;2025.02.08 14:30;-28;-1.125;-200;-200;3162;206;0;
27638;2025.02.08 14:45;-28;-0.9375;-200;-200;3162;206;0;
27639;2025.02.08 15:00;-28;-0.5;-200;-200;3162;206;0;
27640;2025.02.08 15:15;-28;0;-200;-200;3162;206;0;
27641;2025.02.08 15:30;-28;0.5625;-200;-200;3162;206;0;
27642;2025.02.08 15:45;-28;1.125;-200;-200;3162;206;0;
27643;2025.02.08 16:00;-28;1.75;-200;-200;3162;206;0;
27644;2025.02.08 16:15;-28;2;-200;-200;3162;206;0;
27645;2025.02.08 16:30;-28;2.375;-200;-200;3162;206;0;
27646;2025.02.08 16:45;-28;2.6875;-200;-200;3162;206;0;
27647;2025.02.08 17:00;-28;2.5;-200;-200;3162;206;0;
27648;2025.02.08 17:15;-28;3.5;-200;-200;3162;206;0;
27649;2025.02.08 17:30;-28;3.75;-200;-200;3162;206;0;
27650;2025.02.08 17:45;-28;4.375;-200;-200;3162;206;0;
27651;2025.02.08 18:00;-28;5;-200;-200;3162;206;0;
27652;2025.02.08 18:15;-28;5.5;-200;-200;3162;206;0;
27653;2025.02.08 18:30;-28;6.25;-200;-200;3162;206;0;
27654;2025.02.08 18:45;-28;6.8125;-200;-200;3162;206;0;
27655;2025.02.08 19:00;-28;7.0625;-200;-200;3162;206;0;
27656;2025.02.08 19:15;-28;6.5;-200;-200;3162;206;0;
27657;2025.02.08 19:30;-28;6.625;-200;-200;3162;206;0;
27658;2025.02.08 19:45;-28;6.875;-200;-200;3162;206;0;
27659;2025.02.08 20:00;-28;7.0625;-200;-200;3162;206;0;
27660;2025.02.08 20:15;-28;7.5625;-200;-200;3162;206;0;
27661;2025.02.08 20:30;-28;10.0625;-200;-200;3162;206;0;
27662;2025.02.08 20:45;-28;9.375;-200;-200;3162;206;0;
27663;2025.02.08 21:00;-28;8.5;-200;-200;3161;206;0;
27664;2025.02.08 21:15;-28;7.375;-200;-200;3161;206;0;
27665;2025.02.08 21:30;-28;7.25;-200;-200;3161;206;0;
27666;2025.02.08 21:45;-28;8.125;-200;-200;3161;206;0;
27667;2025.02.08 22:00;-28;9.5;-200;-200;3161;206;0;
27668;2025.02.08 22:15;-28;7.6875;-200;-200;3161;206;0;
27669;2025.02.08 22:30;-28;7.5;-200;-200;3161;206;0;
27670;2025.02.08 22:45;-28;7.75;-200;-200;3161;206;0;
27671;2025.02.08 23:00;-28;7.8125;-200;-200;3161;206;0;
27672;2025.02.08 23:15;-28;8.125;-200;-200;3161;206;0;
27673;2025.02.08 23:30;-28;7.5625;-200;-200;3161;206;0;
27674;2025.02.08 23:45;-28;7.375;-200;-200;3161;206;0;
27675;2025.02.09 00:00;-28;7.125;-200;-200;3161;206;0;
27676;2025.02.09 00:15;-28;6.875;-200;-200;3161;206;0;
27677;2025.02.09 00:30;-28;6.375;-200;-200;3161;206;0;
27678;2025.02.09 00:45;-28;5.6875;-200;-200;3161;206;0;
27679;2025.02.09 01:00;-28;5.25;-200;-200;3161;206;0;
27680;2025.02.09 01:15;-28;4.875;-200;-200;3161;206;0;
27681;2025.02.09 01:30;-28;4.625;-200;-200;3161;206;0;
27682;2025.02.09 01:45;-28;4.1875;-200;-200;3161;206;0;
27683;2025.02.09 02:00;-28;3.8125;-200;-200;3161;206;0;
27684;2025.02.09 02:15;-28;3.625;-200;-200;3161;206;0;
27685;2025.02.09 02:30;-28;3.3125;-200;-200;3160;206;0;
27686;2025.02.09 02:45;-28;3.0625;-200;-200;3160;206;0;
27687;2025.02.09 03:00;-28;2.75;-200;-200;3160;206;0;
27688;2025.02.09 03:15;-28;2.5;-200;-200;3160;206;0;
27689;2025.02.09 03:30;-28;2;-200;-200;3160;206;0;
27690;2025.02.09 03:45;-28;1;-200;-200;3160;206;0;
27691;2025.02.09 04:00;-28;0.125;-200;-200;3160;206;0;
27692;2025.02.09 04:15;-28;-0.125;-200;-200;3160;206;0;
27693;2025.02.09 04:30;-28;-0.375;-200;-200;3160;206;0;
27694;2025.02.09 04:45;-28;-0.625;-200;-200;3160;206;0;
27695;2025.02.09 05:00;-28;-0.75;-200;-200;3160;206;0;
27696;2025.02.09 05:15;-28;-0.75;-200;-200;3160;206;0;
27697;2025.02.09 05:30;-28;0;-200;-200;3160;206;0;
27698;2025.02.09 05:45;-28;1;-200;-200;3159;206;0;
27699;2025.02.09 06:00;-28;1.5625;-200;-200;3159;206;0;
27700;2025.02.09 06:15;-28;1.75;-200;-200;3159;206;0;
27701;2025.02.09 06:30;-28;1.625;-200;-200;3159;206;0;
27702;2025.02.09 06:45;-28;1.6875;-200;-200;3159;206;0;
27703;2025.02.09 07:00;-28;1.25;-200;-200;3159;206;0;
27704;2025.02.09 07:15;-28;1.25;-200;-200;3159;206;0;
27705;2025.02.09 07:30;-28;1.25;-200;-200;3159;206;0;
27706;2025.02.09 07:45;-28;1.25;-200;-200;3159;206;0;
27707;2025.02.09 08:00;-28;1.125;-200;-200;3159;206;0;
27708;2025.02.09 08:15;-28;1.125;-200;-200;3159;206;0;
27709;2025.02.09 08:30;-28;1;-200;-200;3159;206;0;
27710;2025.02.09 08:45;-28;0.625;-200;-200;3159;206;0;
27711;2025.02.09 09:00;-28;0.75;-200;-200;3159;206;0;
27712;2025.02.09 09:15;-28;0.625;-200;-200;3159;206;0;
27713;2025.02.09 09:30;-28;0.6875;-200;-200;3159;206;0;
27714;2025.02.09 09:45;-28;0.75;-200;-200;3159;206;0;
27715;2025.02.09 10:00;-28;0.75;-200;-200;3159;206;0;
27716;2025.02.09 10:15;-28;0.5625;-200;-200;3159;206;0;
27717;2025.02.09 10:30;-28;0.3125;-200;-200;3159;206;0;
27718;2025.02.09 10:45;-28;0.125;-200;-200;3159;206;0;
27719;2025.02.09 11:00;-28;0.1875;-200;-200;3159;206;0;
27720;2025.02.09 11:15;-28;-0.0625;-200;-200;3159;206;0;
27721;2025.02.09 11:30;-28;-0.3125;-200;-200;3159;206;0;
27722;2025.02.09 11:45;-28;-1;-200;-200;3159;206;0;
27723;2025.02.09 12:00;-28;-1.125;-200;-200;3159;206;0;
27724;2025.02.09 12:15;-28;-1.125;-200;-200;3159;206;0;
27725;2025.02.09 12:30;-28;-0.875;-200;-200;3159;206;0;
27726;2025.02.09 12:45;-28;-1.25;-200;-200;3159;206;0;
27727;2025.02.09 13:00;-28;-1.625;-200;-200;3159;206;0;
27728;2025.02.09 13:15;-28;-2.125;-200;-200;3159;206;0;
27729;2025.02.09 13:30;-28;-1.9375;-200;-200;3159;206;0;
27730;2025.02.09 13:45;-28;-1.625;-200;-200;3159;206;0;
27731;2025.02.09 14:00;-28;-1.8125;-200;-200;3159;206;0;
27732;2025.02.09 14:15;-28;-2.375;-200;-200;3159;206;0;
27733;2025.02.09 14:30;-28;-2.375;-200;-200;3159;206;0;
27734;2025.02.09 14:45;-28;-2.5;-200;-200;3159;206;0;
27735;2025.02.09 15:00;-28;-1.375;-200;-200;3159;206;0;
27736;2025.02.09 15:15;-28;-0.75;-200;-200;3159;206;0;
27737;2025.02.09 15:30;-28;-0.5;-200;-200;3159;206;0;
27738;2025.02.09 15:45;-28;1;-200;-200;3159;206;0;
27739;2025.02.09 16:00;-28;1.625;-200;-200;3159;206;0;
27740;2025.02.09 16:15;-28;2.125;-200;-200;3159;206;0;
27741;2025.02.09 16:30;-28;2.5;-200;-200;3158;206;0;
27742;2025.02.09 16:45;-28;2.6875;-200;-200;3159;206;0;
27743;2025.02.09 17:00;-28;3.25;-200;-200;3159;206;0;
27744;2025.02.09 17:15;-28;3.75;-200;-200;3158;206;0;
27745;2025.02.09 17:30;-28;4;-200;-200;3158;206;0;
27746;2025.02.09 17:45;-28;4.5;-200;-200;3159;206;0;
27747;2025.02.09 18:00;-28;5;-200;-200;3158;206;0;
27748;2025.02.09 18:15;-28;4.9375;-200;-200;3159;206;0;
27749;2025.02.09 18:30;-28;4.875;-200;-200;3159;206;0;
27750;2025.02.09 18:45;-28;4.9375;-200;-200;3159;206;0;
27751;2025.02.09 19:00;-28;5.25;-200;-200;3159;206;0;
27752;2025.02.09 19:15;-28;5.625;-200;-200;3158;206;0;
27753;2025.02.09 19:30;-28;5.125;-200;-200;3158;206;0;
27754;2025.02.09 19:45;-28;5.6875;-200;-200;3158;206;0;
27755;2025.02.09 20:00;-28;5.875;-200;-200;3158;206;0;
27756;2025.02.09 20:15;-28;5.4375;-200;-200;3158;206;0;
27757;2025.02.09 20:30;-28;5.6875;-200;-200;3158;206;0;
27758;2025.02.09 20:45;-28;5.125;-200;-200;3158;206;0;
27759;2025.02.09 21:00;-28;5.125;-200;-200;3158;206;0;
27760;2025.02.09 21:15;-28;5.125;-200;-200;3158;206;0;
27761;2025.02.09 21:30;-28;5.375;-200;-200;3158;206;0;
27762;2025.02.09 21:45;-28;5.625;-200;-200;3158;206;0;
27763;2025.02.09 22:00;-28;5.25;-200;-200;3158;206;0;
27764;2025.02.09 22:15;-28;5.25;-200;-200;3158;206;0;
27765;2025.02.09 22:30;-28;4.8125;-200;-200;3158;206;0;
27766;2025.02.09 22:45;-28;4.4375;-200;-200;3158;206;0;
27767;2025.02.09 23:00;-28;4.5;-200;-200;3158;206;0;
27768;2025.02.09 23:15;-28;4.3125;-200;-200;3158;206;0;
27769;2025.02.09 23:30;-28;4.125;-200;-200;3158;206;0;
27770;2025.02.09 23:45;-28;3.75;-200;-200;3158;206;0;
27771;2025.02.10 00:00;-28;3.5;-200;-200;3158;206;0;
27772;2025.02.10 00:15;-28;3.25;-200;-200;3158;206;0;
27773;2025.02.10 00:30;-28;2.875;-200;-200;3158;206;0;
27774;2025.02.10 00:45;-28;2.5;-200;-200;3158;206;0;
27775;2025.02.10 01:00;-28;2;-200;-200;3158;206;0;
27776;2025.02.10 01:15;-28;1.5625;-200;-200;3158;206;0;
27777;2025.02.10 01:30;-28;1.125;-200;-200;3158;206;0;
27778;2025.02.10 01:45;-28;0.8125;-200;-200;3158;206;0;
27779;2025.02.10 02:00;-28;0.4375;-200;-200;3158;206;0;
27780;2025.02.10 02:15;-28;0.0625;-200;-200;3158;206;0;
27781;2025.02.10 02:30;-28;0;-200;-200;3158;206;0;
27782;2025.02.10 02:45;-28;-0.375;-200;-200;3158;206;0;
27783;2025.02.10 03:00;-28;-0.375;-200;-200;3158;206;0;
27784;2025.02.10 03:15;-28;-0.625;-200;-200;3158;206;0;
27785;2025.02.10 03:30;-28;-0.375;-200;-200;3158;206;0;
27786;2025.02.10 03:45;-28;-0.375;-200;-200;3158;206;0;
27787;2025.02.10 04:00;-28;-0.125;-200;-200;3158;206;0;
27788;2025.02.10 04:15;-28;0.75;-200;-200;3158;206;0;
27789;2025.02.10 04:30;-28;1.5625;-200;-200;3158;206;0;
27790;2025.02.10 04:45;-28;1.75;-200;-200;3158;206;0;
27791;2025.02.10 05:00;-28;1.875;-200;-200;3158;206;0;
27792;2025.02.10 05:15;-28;2.4375;-200;-200;3158;206;0;
27793;2025.02.10 05:30;-28;2.375;-200;-200;3158;206;0;
27794;2025.02.10 05:45;-28;2.625;-200;-200;3158;206;0;
27795;2025.02.10 06:00;-28;2.125;-200;-200;3158;206;0;
27796;2025.02.10 06:15;-28;1.5625;-200;-200;3158;206;0;
27797;2025.02.10 06:30;-28;2;-200;-200;3158;206;0;
27798;2025.02.10 06:45;-28;1.875;-200;-200;3158;206;0;
27799;2025.02.10 07:00;-28;1.5625;-200;-200;3158;206;0;
27800;2025.02.10 07:15;-28;1.5;-200;-200;3158;206;0;
27801;2025.02.10 07:30;-28;1.625;-200;-200;3158;206;0;
27802;2025.02.10 07:45;-28;1.25;-200;-200;3158;206;0;
27803;2025.02.10 08:00;-28;0.6875;-200;-200;3158;206;0;
27804;2025.02.10 08:15;-28;0.875;-200;-200;3158;206;0;
27805;2025.02.10 08:30;-28;1.25;-200;-200;3158;206;0;
27806;2025.02.10 08:45;-28;1.375;-200;-200;3158;206;0;
27807;2025.02.10 09:00;-28;1.5;-200;-200;3158;206;0;
27808;2025.02.10 09:15;-28;1.5;-200;-200;3158;206;0;
27809;2025.02.10 09:30;-28;1.25;-200;-200;3158;206;0;
27810;2025.02.10 09:45;-28;0.8125;-200;-200;3158;206;0;
27811;2025.02.10 10:00;-28;0.375;-200;-200;3158;206;0;
27812;2025.02.10 10:15;-28;-0.25;-200;-200;3158;206;0;
27813;2025.02.10 10:30;-28;0.0625;-200;-200;3158;206;0;
27814;2025.02.10 10:45;-28;0.625;-200;-200;3158;206;0;
27815;2025.02.10 11:00;-28;0;-200;-200;3158;206;0;
27816;2025.02.10 11:15;-28;0.25;-200;-200;3158;206;0;
27817;2025.02.10 11:30;-28;-0.25;-200;-200;3158;206;0;
27818;2025.02.10 11:45;-28;-0.75;-200;-200;3158;206;0;
27819;2025.02.10 12:00;-28;-0.5625;-200;-200;3158;206;0;
27820;2025.02.10 12:15;-28;-0.875;-200;-200;3158;206;0;
27821;2025.02.10 12:30;-28;-1.375;-200;-200;3157;206;0;
27822;2025.02.10 12:45;-28;-1.5;-200;-200;3158;206;0;
27823;2025.02.10 13:00;-28;-1.375;-200;-200;3158;206;0;
27824;2025.02.10 13:15;-28;-1.5;-200;-200;3158;206;0;
27825;2025.02.10 13:30;-28;-1.5;-200;-200;3157;206;0;
27826;2025.02.10 13:45;-28;-1.3125;-200;-200;3157;206;0;
27827;2025.02.10 14:00;-28;-1.25;-200;-200;3158;206;0;
27828;2025.02.10 14:15;-28;-1.625;-200;-200;3158;206;0;
27829;2025.02.10 14:30;-28;-1.25;-200;-200;3157;206;0;
27830;2025.02.10 14:45;-28;-0.375;-200;-200;3157;206;0;
27831;2025.02.10 15:00;-28;0.625;-200;-200;3158;206;0;
27832;2025.02.10 15:15;-28;1.1875;-200;-200;3158;206;0;
27833;2025.02.10 15:30;-28;1.8125;-200;-200;3157;206;0;
27834;2025.02.10 15:45;-28;2.375;-200;-200;3157;206;0;
27835;2025.02.10 16:00;-28;2.75;-200;-200;3157;206;0;
27836;2025.02.10 16:15;-28;2.8125;-200;-200;3157;206;0;
27837;2025.02.10 16:30;-28;3.1875;-200;-200;3157;206;0;
27838;2025.02.10 16:45;-28;3.4375;-200;-200;3157;206;0;
27839;2025.02.10 17:00;-28;3.625;-200;-200;3157;206;0;
27840;2025.02.10 17:15;-28;4;-200;-200;3157;206;0;
27841;2025.02.10 17:30;-28;4.625;-200;-200;3157;206;0;
27842;2025.02.10 17:45;-28;5.625;-200;-200;3157;206;0;
27843;2025.02.10 18:00;-28;5.6875;-200;-200;3157;206;0;
27844;2025.02.10 18:15;-28;6.25;-200;-200;3157;206;0;
27845;2025.02.10 18:30;-28;6.375;-200;-200;3157;206;0;
27846;2025.02.10 18:45;-28;5.875;-200;-200;3157;206;0;
27847;2025.02.10 19:00;-28;6.4375;-200;-200;3157;206;0;
27848;2025.02.10 19:15;-28;6.5;-200;-200;3157;206;0;
27849;2025.02.10 19:30;-28;6.75;-200;-200;3157;206;0;
27850;2025.02.10 19:45;-28;7.0625;-200;-200;3158;206;0;
27851;2025.02.10 20:00;-28;7.625;-200;-200;3157;206;0;
27852;2025.02.10 20:15;-28;7.875;-200;-200;3158;206;0;
27853;2025.02.10 20:30;-28;8.625;-200;-200;3158;206;0;
27854;2025.02.10 20:45;-28;7.5;-200;-200;3157;206;0;
27855;2025.02.10 21:00;-28;6.6875;-200;-200;3157;206;0;
27856;2025.02.10 21:15;-28;6.5;-200;-200;3157;206;0;
27857;2025.02.10 21:30;-28;7.25;-200;-200;3157;206;0;
27858;2025.02.10 21:45;-28;7.5625;-200;-200;3157;206;0;
27859;2025.02.10 22:00;-28;8.875;-200;-200;3157;206;0;
27860;2025.02.10 22:15;-28;8.125;-200;-200;3157;206;0;
27861;2025.02.10 22:30;-28;7.5;-200;-200;3157;206;0;
27862;2025.02.10 22:45;-28;6.5;-200;-200;3157;206;0;
27863;2025.02.10 23:00;-28;6.75;-200;-200;3157;206;0;
27864;2025.02.10 23:15;-28;6.875;-200;-200;3157;206;0;
27865;2025.02.10 23:30;-28;5.875;-200;-200;3157;206;0;
27866;2025.02.10 23:45;-28;5.5;-200;-200;3157;206;0;
27867;2025.02.11 00:00;-28;5.125;-200;-200;3157;206;0;
27868;2025.02.11 00:15;-28;4.75;-200;-200;3157;206;0;
27869;2025.02.11 00:30;-28;4.1875;-200;-200;3157;206;0;
27870;2025.02.11 00:45;-28;3.875;-200;-200;3156;206;0;
27871;2025.02.11 01:00;-28;3.5;-200;-200;3157;206;0;
27872;2025.02.11 01:15;-28;3.3125;-200;-200;3156;206;0;
27873;2025.02.11 01:30;-28;3.125;-200;-200;3156;206;0;
27874;2025.02.11 01:45;-28;3.0625;-200;-200;3156;206;0;
27875;2025.02.11 02:00;-28;2.625;-200;-200;3156;206;0;
27876;2025.02.11 02:15;-28;2.0625;-200;-200;3156;206;0;
27877;2025.02.11 02:30;-28;2;-200;-200;3156;206;0;
27878;2025.02.11 02:45;-28;1.875;-200;-200;3156;206;0;
27879;2025.02.11 03:00;-28;1.875;-200;-200;3156;206;0;
27880;2025.02.11 03:15;-28;1.6875;-200;-200;3156;206;0;
27881;2025.02.11 03:30;-28;1.5;-200;-200;3156;206;0;
27882;2025.02.11 03:45;-28;1.5;-200;-200;3156;206;0;
27883;2025.02.11 04:00;-28;1.5;-200;-200;3156;206;0;
27884;2025.02.11 04:15;-28;1.625;-200;-200;3156;206;0;
27885;2025.02.11 04:30;-28;1.625;-200;-200;3156;206;0;
27886;2025.02.11 04:45;-28;1.5625;-200;-200;3156;206;0;
27887;2025.02.11 05:00;-28;1.9375;-200;-200;3156;206;0;
27888;2025.02.11 05:15;-28;1.75;-200;-200;3156;206;0;
27889;2025.02.11 05:30;-28;1.625;-200;-200;3156;206;0;
27890;2025.02.11 05:45;-28;1.625;-200;-200;3156;206;0;
27891;2025.02.11 06:00;-28;1.5625;-200;-200;3156;206;0;
27892;2025.02.11 06:15;-28;1.625;-200;-200;3156;206;0;
27893;2025.02.11 06:30;-28;1.625;-200;-200;3156;206;0;
27894;2025.02.11 06:45;-28;1.625;-200;-200;3156;206;0;
27895;2025.02.11 07:00;-28;1.5;-200;-200;3156;206;0;
27896;2025.02.11 07:15;-28;1.375;-200;-200;3156;206;0;
27897;2025.02.11 07:30;-28;1.0625;-200;-200;3156;206;0;
27898;2025.02.11 07:45;-28;1;-200;-200;3156;206;0;
27899;2025.02.11 08:00;-28;0.9375;-200;-200;3156;206;0;
27900;2025.02.11 08:15;-28;0.875;-200;-200;3156;206;0;
27901;2025.02.11 08:30;-28;0.6875;-200;-200;3156;206;0;
27902;2025.02.11 08:45;-28;0.5;-200;-200;3156;206;0;
27903;2025.02.11 09:00;-28;0.375;-200;-200;3156;206;0;
27904;2025.02.11 09:15;-28;0.5;-200;-200;3156;206;0;
27905;2025.02.11 09:30;-28;0.3125;-200;-200;3156;206;0;
27906;2025.02.11 09:45;-28;0.25;-200;-200;3156;206;0;
27907;2025.02.11 10:00;-28;0.125;-200;-200;3156;206;0;
27908;2025.02.11 10:15;-28;0;-200;-200;3156;206;0;
27909;2025.02.11 10:30;-28;-0.1875;-200;-200;3156;206;0;
27910;2025.02.11 10:45;-28;-0.25;-200;-200;3156;206;0;
27911;2025.02.11 11:00;-28;-0.375;-200;-200;3156;206;0;
27912;2025.02.11 11:15;-28;-0.375;-200;-200;3156;206;0;
27913;2025.02.11 11:30;-28;-0.5;-200;-200;3156;206;0;
27914;2025.02.11 11:45;-28;-0.625;-200;-200;3156;206;0;
27915;2025.02.11 12:00;-28;-0.875;-200;-200;3156;206;0;
27916;2025.02.11 12:15;-28;-1;-200;-200;3156;206;0;
27917;2025.02.11 12:30;-28;-1.125;-200;-200;3156;206;0;
27918;2025.02.11 12:45;-28;-1.125;-200;-200;3156;206;0;
27919;2025.02.11 13:00;-28;-1.25;-200;-200;3156;206;0;
27920;2025.02.11 13:15;-28;-1.25;-200;-200;3156;206;0;
27921;2025.02.11 13:30;-28;-1.25;-200;-200;3156;206;0;
27922;2025.02.11 13:45;-28;-1.125;-200;-200;3156;206;0;
27923;2025.02.11 14:00;-28;-1.375;-200;-200;3156;206;0;
27924;2025.02.11 14:15;-28;-1.5;-200;-200;3156;206;0;
27925;2025.02.11 14:30;-28;-1.25;-200;-200;3156;206;0;
27926;2025.02.11 14:45;-28;-1;-200;-200;3156;206;0;
27927;2025.02.11 15:00;-28;-0.625;-200;-200;3156;206;0;
27928;2025.02.11 15:15;-28;-0.5;-200;-200;3156;206;0;
27929;2025.02.11 15:30;-28;0;-200;-200;3156;206;0;
27930;2025.02.11 15:45;-28;0.375;-200;-200;3156;206;0;
27931;2025.02.11 16:00;-28;0.4375;-200;-200;3156;206;0;
27932;2025.02.11 16:15;-28;0.25;-200;-200;3156;206;0;
27933;2025.02.11 16:30;-28;0.5625;-200;-200;3156;206;0;
27934;2025.02.11 16:45;-28;0.375;-200;-200;3156;206;0;
27935;2025.02.11 17:00;-28;0.625;-200;-200;3156;206;0;
27936;2025.02.11 17:15;-28;0.5625;-200;-200;3156;206;0;
27937;2025.02.11 17:30;-28;0.25;-200;-200;3156;206;0;
27938;2025.02.11 17:45;-28;0.5;-200;-200;3156;206;0;
27939;2025.02.11 18:00;-28;0.3125;-200;-200;3156;206;0;
27940;2025.02.11 18:15;-28;0.5625;-200;-200;3156;206;0;
27941;2025.02.11 18:30;-28;0.625;-200;-200;3156;206;0;
27942;2025.02.11 18:45;-28;0.375;-200;-200;3156;206;0;
27943;2025.02.11 19:00;-28;0.5;-200;-200;3156;206;0;
27944;2025.02.11 19:15;-28;0.75;-200;-200;3156;206;0;
27945;2025.02.11 19:30;-28;0.9375;-200;-200;3156;206;0;
27946;2025.02.11 19:45;-28;1.875;-200;-200;3156;206;0;
27947;2025.02.11 20:00;-28;1.5;-200;-200;3156;206;0;
27948;2025.02.11 20:15;-28;1.125;-200;-200;3155;206;0;
27949;2025.02.11 20:30;-28;1;-200;-200;3156;206;0;
27950;2025.02.11 20:45;-28;1.625;-200;-200;3155;206;0;
27951;2025.02.11 21:00;-28;2.625;-200;-200;3155;206;0;
27952;2025.02.11 21:15;-28;2.9375;-200;-200;3155;206;0;
27953;2025.02.11 21:30;-28;2.5;-200;-200;3155;206;0;
27954;2025.02.11 21:45;-28;1.75;-200;-200;3155;206;0;
27955;2025.02.11 22:00;-28;1.9375;-200;-200;3155;206;0;
27956;2025.02.11 22:15;-28;1.625;-200;-200;3155;206;0;
27957;2025.02.11 22:30;-28;1.5;-200;-200;3155;206;0;
27958;2025.02.11 22:45;-28;1.75;-200;-200;3155;206;0;
27959;2025.02.11 23:00;-28;2;-200;-200;3155;206;0;
27960;2025.02.11 23:15;-28;2.5;-200;-200;3155;206;0;
27961;2025.02.11 23:30;-28;2.5;-200;-200;3156;206;0;
27962;2025.02.11 23:45;-28;2.25;-200;-200;3156;206;0;
27963;2025.02.12 00:00;-28;2;-200;-200;3156;206;0;
27964;2025.02.12 00:15;-28;1.75;-200;-200;3156;206;0;
27965;2025.02.12 00:30;-28;1.5;-200;-200;3156;206;0;
27966;2025.02.12 00:45;-28;1.25;-200;-200;3156;206;0;
27967;2025.02.12 01:00;-28;1.125;-200;-200;3156;206;0;
27968;2025.02.12 01:15;-28;0.9375;-200;-200;3156;206;0;
27969;2025.02.12 01:30;-28;0.5625;-200;-200;3156;206;0;
27970;2025.02.12 01:45;-28;0.25;-200;-200;3156;206;0;
27971;2025.02.12 02:00;-28;0.0625;-200;-200;3155;206;0;
27972;2025.02.12 02:15;-28;-0.125;-200;-200;3155;206;0;
27973;2025.02.12 02:30;-28;-0.25;-200;-200;3155;206;0;
27974;2025.02.12 02:45;-28;-0.4375;-200;-200;3155;206;0;
27975;2025.02.12 03:00;-28;-0.625;-200;-200;3155;206;0;
27976;2025.02.12 03:15;-28;-0.75;-200;-200;3155;206;0;
27977;2025.02.12 03:30;-28;-1;-200;-200;3155;206;0;
27978;2025.02.12 03:45;-28;-1.25;-200;-200;3155;206;0;
27979;2025.02.12 04:00;-28;-1.375;-200;-200;3155;206;0;
27980;2025.02.12 04:15;-28;-1.5;-200;-200;3155;206;0;
27981;2025.02.12 04:30;-28;-1.8125;-200;-200;3155;206;0;
27982;2025.02.12 04:45;-28;-2;-200;-200;3155;206;0;
27983;2025.02.12 05:00;-28;-2.25;-200;-200;3155;206;0;
27984;2025.02.12 05:15;-28;-2.5;-200;-200;3155;206;0;
27985;2025.02.12 05:30;-28;-2.625;-200;-200;3155;206;0;
27986;2025.02.12 05:45;-28;-2.875;-200;-200;3155;206;0;
27987;2025.02.12 06:00;-28;-3.375;-200;-200;3155;206;0;
27988;2025.02.12 06:15;-28;-4.125;-200;-200;3155;206;0;
27989;2025.02.12 06:30;-28;-3.875;-200;-200;3155;206;0;
27990;2025.02.12 06:45;-28;-3.875;-200;-200;3155;206;0;
27991;2025.02.12 07:00;-28;-4.0625;-200;-200;3155;206;0;
27992;2025.02.12 07:15;-28;-4.25;-200;-200;3155;206;0;
27993;2025.02.12 07:30;-28;-4.5625;-200;-200;3155;206;0;
27994;2025.02.12 07:45;-28;-4.75;-200;-200;3155;206;0;
27995;2025.02.12 08:00;-28;-5;-200;-200;3155;206;0;
27996;2025.02.12 08:15;-28;-5.25;-200;-200;3155;206;0;
27997;2025.02.12 08:30;-28;-5.5;-200;-200;3155;206;0;
27998;2025.02.12 08:45;-28;-5.75;-200;-200;3155;206;0;
27999;2025.02.12 09:00;-28;-6;-200;-200;3155;206;0;
28000;2025.02.12 09:15;-28;-6.375;-200;-200;3155;206;0;
28001;2025.02.12 09:30;-28;-6.4375;-200;-200;3154;206;0;
28002;2025.02.12 09:45;-28;-6.75;-200;-200;3155;206;0;
28003;2025.02.12 10:00;-28;-7.1875;-200;-200;3155;206;0;
28004;2025.02.12 10:15;-28;-7.375;-200;-200;3154;206;0;
28005;2025.02.12 10:30;-28;-7.8125;-200;-200;3154;206;0;
28006;2025.02.12 10:45;-28;-8.125;-200;-200;3154;206;0;
28007;2025.02.12 11:00;-28;-8.4375;-200;-200;3154;206;0;
28008;2025.02.12 11:15;-28;-8.625;-200;-200;3154;206;0;
28009;2025.02.12 11:30;-28;-8.875;-200;-200;3154;206;0;
28010;2025.02.12 11:45;-28;-9.125;-200;-200;3154;206;0;
28011;2025.02.12 12:00;-28;-9.25;-200;-200;3154;206;0;
28012;2025.02.12 12:15;-28;-9.25;-200;-200;3154;206;0;
28013;2025.02.12 12:30;-28;-9.25;-200;-200;3154;206;0;
28014;2025.02.12 12:45;-28;-9.5;-200;-200;3154;206;0;
28015;2025.02.12 13:00;-28;-9.75;-200;-200;3154;206;0;
28016;2025.02.12 13:15;-28;-9.875;-200;-200;3154;206;0;
28017;2025.02.12 13:30;-28;-10;-200;-200;3154;206;0;
28018;2025.02.12 13:45;-28;-9.875;-200;-200;3154;206;0;
28019;2025.02.12 14:00;-28;-10.125;-200;-200;3154;206;0;
28020;2025.02.12 14:15;-28;-10.125;-200;-200;3154;206;0;
28021;2025.02.12 14:30;-28;-10.0625;-200;-200;3154;206;0;
28022;2025.02.12 14:45;-28;-9.8125;-200;-200;3154;206;0;
28023;2025.02.12 15:00;-28;-9.5625;-200;-200;3154;206;0;
28024;2025.02.12 15:15;-28;-9.1875;-200;-200;3154;206;0;
28025;2025.02.12 15:30;-28;-8.75;-200;-200;3154;206;0;
28026;2025.02.12 15:45;-28;-8.1875;-200;-200;3154;206;0;
28027;2025.02.12 16:00;-28;-7.375;-200;-200;3154;206;0;
28028;2025.02.12 16:15;-28;-7.375;-200;-200;3154;206;0;
28029;2025.02.12 16:30;-28;-6.75;-200;-200;3155;206;0;
28030;2025.02.12 16:45;-28;-6.375;-200;-200;3155;206;0;
28031;2025.02.12 17:00;-28;-6.875;-200;-200;3155;206;0;
28032;2025.02.12 17:15;-28;-7.125;-200;-200;3155;206;0;
28033;2025.02.12 17:30;-28;-6;-200;-200;3155;206;0;
28034;2025.02.12 17:45;-28;-5.875;-200;-200;3155;206;0;
28035;2025.02.12 18:00;-28;-5.875;-200;-200;3155;206;0;
28036;2025.02.12 18:15;-28;-5.5;-200;-200;3155;206;0;
28037;2025.02.12 18:30;-28;-5.1875;-200;-200;3155;206;0;
28038;2025.02.12 18:45;-28;-4.75;-200;-200;3155;206;0;
28039;2025.02.12 19:00;-28;-4.75;-200;-200;3155;206;0;
28040;2025.02.12 19:15;-28;-4.875;-200;-200;3155;206;0;
28041;2025.02.12 19:30;-28;-4.75;-200;-200;3155;206;0;
28042;2025.02.12 19:45;-28;-4;-200;-200;3155;206;0;
28043;2025.02.12 20:00;-28;-4.375;-200;-200;3155;206;0;
28044;2025.02.12 20:15;-28;-2.5;-200;-200;3156;206;0;
28045;2025.02.12 20:30;-28;-1.5;-200;-200;3156;206;0;
28046;2025.02.12 20:45;-28;-3;-200;-200;3156;206;0;
28047;2025.02.12 21:00;-28;-3;-200;-200;3156;206;0;
28048;2025.02.12 21:15;-28;-2.875;-200;-200;3155;206;0;
28049;2025.02.12 21:30;-28;-2.625;-200;-200;3156;206;0;
28050;2025.02.12 21:45;-28;-2.4375;-200;-200;3156;206;0;
28051;2025.02.12 22:00;-28;-1;-200;-200;3156;206;0;
28052;2025.02.12 22:15;-28;-2.3125;-200;-200;3156;206;0;
28053;2025.02.12 22:30;-28;-2.875;-200;-200;3155;206;0;
28054;2025.02.12 22:45;-28;-2.5;-200;-200;3156;206;0;
28055;2025.02.12 23:00;-28;-3;-200;-200;3156;206;0;
28056;2025.02.12 23:15;-28;-3.25;-200;-200;3156;206;0;
28057;2025.02.12 23:30;-28;-3.5625;-200;-200;3155;206;0;
28058;2025.02.12 23:45;-28;-3.9375;-200;-200;3156;206;0;
28059;2025.02.13 00:00;-28;-3.9375;-200;-200;3155;206;0;
28060;2025.02.13 00:15;-28;-4.3125;-200;-200;3155;206;0;
28061;2025.02.13 00:30;-28;-5;-200;-200;3155;206;0;
28062;2025.02.13 00:45;-28;-5.4375;-200;-200;3155;206;0;
28063;2025.02.13 01:00;-28;-5.75;-200;-200;3155;206;0;
28064;2025.02.13 01:15;-28;-6;-200;-200;3155;206;0;
28065;2025.02.13 01:30;-28;-6.3125;-200;-200;3155;206;0;
28066;2025.02.13 01:45;-28;-6.625;-200;-200;3155;206;0;
28067;2025.02.13 02:00;-28;-6.75;-200;-200;3155;206;0;
28068;2025.02.13 02:15;-28;-7.125;-200;-200;3155;206;0;
28069;2025.02.13 02:30;-28;-7.375;-200;-200;3155;206;0;
28070;2025.02.13 02:45;-28;-7.625;-200;-200;3155;206;0;
28071;2025.02.13 03:00;-28;-7.875;-200;-200;3155;206;0;
28072;2025.02.13 03:15;-28;-8.125;-200;-200;3155;206;0;
28073;2025.02.13 03:30;-28;-8.5;-200;-200;3155;206;0;
28074;2025.02.13 03:45;-28;-8.625;-200;-200;3155;206;0;
28075;2025.02.13 04:00;-28;-8.75;-200;-200;3155;206;0;
28076;2025.02.13 04:15;-28;-8.75;-200;-200;3155;206;0;
28077;2025.02.13 04:30;-28;-9.1875;-200;-200;3155;206;0;
28078;2025.02.13 04:45;-28;-9.625;-200;-200;3155;206;0;
28079;2025.02.13 05:00;-28;-10.125;-200;-200;3155;206;0;
28080;2025.02.13 05:15;-28;-10.125;-200;-200;3155;206;0;
28081;2025.02.13 05:30;-28;-10.0625;-200;-200;3155;206;0;
28082;2025.02.13 05:45;-28;-9.9375;-200;-200;3155;206;0;
28083;2025.02.13 06:00;-28;-10.0625;-200;-200;3155;206;0;
28084;2025.02.13 06:15;-28;-9.75;-200;-200;3155;206;0;
28085;2025.02.13 06:30;-28;-9.25;-200;-200;3155;206;0;
28086;2025.02.13 06:45;-28;-9.5;-200;-200;3155;206;0;
28087;2025.02.13 07:00;-28;-9.625;-200;-200;3155;206;0;
28088;2025.02.13 07:15;-28;-9.625;-200;-200;3155;206;0;
28089;2025.02.13 07:30;-28;-9.5;-200;-200;3155;206;0;
28090;2025.02.13 07:45;-28;-9.75;-200;-200;3155;206;0;
28091;2025.02.13 08:00;-28;-9.25;-200;-200;3155;206;0;
28092;2025.02.13 08:15;-28;-9.1875;-200;-200;3155;206;0;
28093;2025.02.13 08:30;-28;-8.75;-200;-200;3155;206;0;
28094;2025.02.13 08:45;-28;-9.3125;-200;-200;3155;206;0;
28095;2025.02.13 09:00;-28;-9.25;-200;-200;3155;206;0;
28096;2025.02.13 09:15;-28;-10;-200;-200;3155;206;0;
28097;2025.02.13 09:30;-28;-10.5625;-200;-200;3155;206;0;
28098;2025.02.13 09:45;-28;-10.75;-200;-200;3155;206;0;
28099;2025.02.13 10:00;-28;-11.125;-200;-200;3155;206;0;
28100;2025.02.13 10:15;-28;-11.3125;-200;-200;3155;206;0;
28101;2025.02.13 10:30;-28;-11.875;-200;-200;3155;206;0;
28102;2025.02.13 10:45;-28;-11.75;-200;-200;3155;206;0;
28103;2025.02.13 11:00;-28;-12;-200;-200;3155;206;0;
28104;2025.02.13 11:15;-28;-11.5;-200;-200;3155;206;0;
28105;2025.02.13 11:30;-28;-11.5625;-200;-200;3155;206;0;
28106;2025.02.13 11:45;-28;-11.625;-200;-200;3155;206;0;
28107;2025.02.13 12:00;-28;-11.375;-200;-200;3155;206;0;
28108;2025.02.13 12:15;-28;-11.25;-200;-200;3155;206;0;
28109;2025.02.13 12:30;-28;-11.75;-200;-200;3155;206;0;
28110;2025.02.13 12:45;-28;-12.375;-200;-200;3155;206;0;
28111;2025.02.13 13:00;-28;-12.9375;-200;-200;3155;206;0;
28112;2025.02.13 13:15;-28;-13;-200;-200;3155;206;0;
28113;2025.02.13 13:30;-28;-13.5;-200;-200;3155;206;0;
28114;2025.02.13 13:45;-28;-13.5;-200;-200;3155;206;0;
28115;2025.02.13 14:00;-28;-13.625;-200;-200;3155;206;0;
28116;2025.02.13 14:15;-28;-13.4375;-200;-200;3155;206;0;
28117;2025.02.13 14:30;-28;-13.125;-200;-200;3155;206;0;
28118;2025.02.13 14:45;-28;-12.125;-200;-200;3155;206;0;
28119;2025.02.13 15:00;-28;-10.875;-200;-200;3155;206;0;
28120;2025.02.13 15:15;-28;-9.125;-200;-200;3155;206;0;
28121;2025.02.13 15:30;-28;-7.125;-200;-200;3155;206;0;
28122;2025.02.13 15:45;-28;-6;-200;-200;3155;206;0;
28123;2025.02.13 16:00;-28;-5.375;-200;-200;3155;206;0;
28124;2025.02.13 16:15;-28;-5;-200;-200;3155;206;0;
28125;2025.02.13 16:30;-28;-4.4375;-200;-200;3155;206;0;
28126;2025.02.13 16:45;-28;-4;-200;-200;3156;206;0;
28127;2025.02.13 17:00;-28;-3.375;-200;-200;3156;206;0;
28128;2025.02.13 17:15;-28;-3;-200;-200;3156;206;0;
28129;2025.02.13 17:30;-28;-2.5625;-200;-200;3156;206;0;
28130;2025.02.13 17:45;-28;-1.75;-200;-200;3156;206;0;
28131;2025.02.13 18:00;-28;-0.875;-200;-200;3156;206;0;
28132;2025.02.13 18:15;-28;-0.25;-200;-200;3156;206;0;
28133;2025.02.13 18:30;-28;0.8125;-200;-200;3156;206;0;
28134;2025.02.13 18:45;-28;0.75;-200;-200;3156;206;0;
28135;2025.02.13 19:00;-28;0.75;-200;-200;3156;206;0;
28136;2025.02.13 19:15;-28;1.8125;-200;-200;3156;206;0;
28137;2025.02.13 19:30;-28;1.8125;-200;-200;3157;206;0;
28138;2025.02.13 19:45;-28;1.5625;-200;-200;3157;206;0;
28139;2025.02.13 20:00;-28;2.4375;-200;-200;3157;206;0;
28140;2025.02.13 20:15;-28;4.5;-200;-200;3157;206;0;
28141;2025.02.13 20:30;-28;6.375;-200;-200;3157;206;0;
28142;2025.02.13 20:45;-28;4.3125;-200;-200;3157;206;0;
28143;2025.02.13 21:00;-28;3.5625;-200;-200;3157;206;0;
28144;2025.02.13 21:15;-28;2.9375;-200;-200;3157;206;0;
28145;2025.02.13 21:30;-28;2.75;-200;-200;3157;206;0;
28146;2025.02.13 21:45;-28;2.75;-200;-200;3157;206;0;
28147;2025.02.13 22:00;-28;5.75;-200;-200;3157;206;0;
28148;2025.02.13 22:15;-28;2.9375;-200;-200;3157;206;0;
28149;2025.02.13 22:30;-28;2;-200;-200;3157;206;0;
28150;2025.02.13 22:45;-28;2.125;-200;-200;3157;206;0;
28151;2025.02.13 23:00;-28;1.75;-200;-200;3157;206;0;
28152;2025.02.13 23:15;-28;1.25;-200;-200;3157;206;0;
28153;2025.02.13 23:30;-28;0.625;-200;-200;3157;206;0;
28154;2025.02.13 23:45;-28;0;-200;-200;3156;206;0;
28155;2025.02.14 00:00;-28;0.3125;-200;-200;3156;206;0;
28156;2025.02.14 00:15;-28;0.125;-200;-200;3157;206;0;
28157;2025.02.14 00:30;-28;-0.875;-200;-200;3156;206;0;
28158;2025.02.14 00:45;-28;-1.5625;-200;-200;3156;206;0;
28159;2025.02.14 01:00;-28;-1.875;-200;-200;3156;206;0;
28160;2025.02.14 01:15;-28;-2.25;-200;-200;3156;206;0;
28161;2025.02.14 01:30;-28;-2.3125;-200;-200;3156;206;0;
28162;2025.02.14 01:45;-28;-2.625;-200;-200;3156;206;0;
28163;2025.02.14 02:00;-28;-3.25;-200;-200;3156;206;0;
28164;2025.02.14 02:15;-28;-2.625;-200;-200;3156;206;0;
28165;2025.02.14 02:30;-28;-2.125;-200;-200;3156;206;0;
28166;2025.02.14 02:45;-28;-1.75;-200;-200;3156;206;0;
28167;2025.02.14 03:00;-28;-1.75;-200;-200;3156;206;0;
28168;2025.02.14 03:15;-28;-1.875;-200;-200;3156;206;0;
28169;2025.02.14 03:30;-28;-2.125;-200;-200;3156;206;0;
28170;2025.02.14 03:45;-28;-2.25;-200;-200;3156;206;0;
28171;2025.02.14 04:00;-28;-2.125;-200;-200;3156;206;0;
28172;2025.02.14 04:15;-28;-1.75;-200;-200;3156;206;0;
28173;2025.02.14 04:30;-28;-1.5;-200;-200;3156;206;0;
28174;2025.02.14 04:45;-28;-1.3125;-200;-200;3156;206;0;
28175;2025.02.14 05:00;-28;-1;-200;-200;3156;206;0;
28176;2025.02.14 05:15;-28;-0.9375;-200;-200;3156;206;0;
28177;2025.02.14 05:30;-28;-1;-200;-200;3156;206;0;
28178;2025.02.14 05:45;-28;-1.0625;-200;-200;3156;206;0;
28179;2025.02.14 06:00;-28;-1.125;-200;-200;3156;206;0;
28180;2025.02.14 06:15;-28;-1;-200;-200;3156;206;0;
28181;2025.02.14 06:30;-28;-2.1875;-200;-200;3156;206;0;
28182;2025.02.14 06:45;-28;-2.75;-200;-200;3156;206;0;
28183;2025.02.14 07:00;-28;-2.875;-200;-200;3156;206;0;
28184;2025.02.14 07:15;-28;-3.25;-200;-200;3156;206;0;
28185;2025.02.14 07:30;-28;-3.4375;-200;-200;3156;206;0;
28186;2025.02.14 07:45;-28;-3.375;-200;-200;3156;206;0;
28187;2025.02.14 08:00;-28;-3.25;-200;-200;3156;206;0;
28188;2025.02.14 08:15;-28;-3.125;-200;-200;3156;206;0;
28189;2025.02.14 08:30;-28;-3.125;-200;-200;3156;206;0;
28190;2025.02.14 08:45;-28;-3.0625;-200;-200;3156;206;0;
28191;2025.02.14 09:00;-28;-2.9375;-200;-200;3156;206;0;
28192;2025.02.14 09:15;-28;-2.875;-200;-200;3156;206;0;
28193;2025.02.14 09:30;-28;-2.875;-200;-200;3156;206;0;
28194;2025.02.14 09:45;-28;-2.75;-200;-200;3156;206;0;
28195;2025.02.14 10:00;-28;-2.6875;-200;-200;3156;206;0;
28196;2025.02.14 10:15;-28;-2.625;-200;-200;3156;206;0;
28197;2025.02.14 10:30;-28;-2.375;-200;-200;3156;206;0;
28198;2025.02.14 10:45;-28;-2.25;-200;-200;3156;206;0;
28199;2025.02.14 11:00;-28;-2.125;-200;-200;3156;206;0;
28200;2025.02.14 11:15;-28;-2;-200;-200;3156;206;0;
28201;2025.02.14 11:30;-28;-2.0625;-200;-200;3156;206;0;
28202;2025.02.14 11:45;-28;-2;-200;-200;3156;206;0;
28203;2025.02.14 12:00;-28;-2;-200;-200;3156;206;0;
28204;2025.02.14 12:15;-28;-1.875;-200;-200;3155;206;0;
28205;2025.02.14 12:30;-28;-1.8125;-200;-200;3155;206;0;
28206;2025.02.14 12:45;-28;-1.75;-200;-200;3155;206;0;
28207;2025.02.14 13:00;-28;-1.75;-200;-200;3155;206;0;
28208;2025.02.14 13:15;-28;-1.6875;-200;-200;3156;206;0;
28209;2025.02.14 13:30;-28;-1.625;-200;-200;3156;206;0;
28210;2025.02.14 13:45;-28;-1.5625;-200;-200;3156;206;0;
28211;2025.02.14 14:00;-28;-1.625;-200;-200;3156;206;0;
28212;2025.02.14 14:15;-28;-1.625;-200;-200;3156;206;0;
28213;2025.02.14 14:30;-28;-1.625;-200;-200;3156;206;0;
28214;2025.02.14 14:45;-28;-1.625;-200;-200;3156;206;0;
28215;2025.02.14 15:00;-28;-1.625;-200;-200;3156;206;0;
28216;2025.02.14 15:15;-28;-1.6875;-200;-200;3156;206;0;
28217;2025.02.14 15:30;-28;-1.75;-200;-200;3155;206;0;
28218;2025.02.14 15:45;-28;-1.6875;-200;-200;3155;206;0;
28219;2025.02.14 16:00;-28;-1.75;-200;-200;3156;206;0;
28220;2025.02.14 16:15;-28;-1.625;-200;-200;3156;206;0;
28221;2025.02.14 16:30;-28;-1.5;-200;-200;3156;206;0;
28222;2025.02.14 16:45;-28;-1.625;-200;-200;3156;206;0;
28223;2025.02.14 17:00;-28;-1.4375;-200;-200;3156;206;0;
28224;2025.02.14 17:15;-28;-1.3125;-200;-200;3156;206;0;
28225;2025.02.14 17:30;-28;-1.125;-200;-200;3156;206;0;
28226;2025.02.14 17:45;-28;-1;-200;-200;3156;206;0;
28227;2025.02.14 18:00;-28;-0.875;-200;-200;3156;206;0;
28228;2025.02.14 18:15;-28;-0.875;-200;-200;3156;206;0;
28229;2025.02.14 18:30;-28;-0.375;-200;-200;3156;206;0;
28230;2025.02.14 18:45;-28;-0.375;-200;-200;3156;206;0;
28231;2025.02.14 19:00;-28;-0.375;-200;-200;3156;206;0;
28232;2025.02.14 19:15;-28;0.5;-200;-200;3157;206;0;
28233;2025.02.14 19:30;-28;-0.125;-200;-200;3157;206;0;
28234;2025.02.14 19:45;-28;-1.5;-200;-200;3157;206;0;
28235;2025.02.14 20:00;-28;-1.625;-200;-200;3157;206;0;
28236;2025.02.14 20:15;-28;-1.8125;-200;-200;3157;206;0;
28237;2025.02.14 20:30;-28;-1.875;-200;-200;3157;206;0;
28238;2025.02.14 20:45;-28;-2.125;-200;-200;3157;206;0;
28239;2025.02.14 21:00;-28;-1.5;-200;-200;3157;206;0;
28240;2025.02.14 21:15;-28;-1.25;-200;-200;3157;206;0;
28241;2025.02.14 21:30;-28;-1;-200;-200;3157;206;0;
28242;2025.02.14 21:45;-28;-0.1875;-200;-200;3157;206;0;
28243;2025.02.14 22:00;-28;-0.25;-200;-200;3157;206;0;
28244;2025.02.14 22:15;-28;0.125;-200;-200;3157;206;0;
28245;2025.02.14 22:30;-28;1.1875;-200;-200;3157;206;0;
28246;2025.02.14 22:45;-28;1.625;-200;-200;3158;206;0;
28247;2025.02.14 23:00;-28;0.875;-200;-200;3157;206;0;
28248;2025.02.14 23:15;-28;1.125;-200;-200;3157;206;0;
28249;2025.02.14 23:30;-28;0.75;-200;-200;3157;206;0;
28250;2025.02.14 23:45;-28;0.1875;-200;-200;3157;206;0;
28251;2025.02.15 00:00;-28;0.625;-200;-200;3157;206;0;
28252;2025.02.15 00:15;-28;0.125;-200;-200;3157;206;0;
28253;2025.02.15 00:30;-28;-0.5;-200;-200;3157;206;0;
28254;2025.02.15 00:45;-28;-0.875;-200;-200;3157;206;0;
28255;2025.02.15 01:00;-28;-1;-200;-200;3157;206;0;
28256;2025.02.15 01:15;-28;-1.5;-200;-200;3157;206;0;
28257;2025.02.15 01:30;-28;-2.0625;-200;-200;3157;206;0;
28258;2025.02.15 01:45;-28;-2.5;-200;-200;3157;206;0;
28259;2025.02.15 02:00;-28;-2.75;-200;-200;3157;206;0;
28260;2025.02.15 02:15;-28;-3.125;-200;-200;3157;206;0;
28261;2025.02.15 02:30;-28;-3.25;-200;-200;3157;206;0;
28262;2025.02.15 02:45;-28;-3.375;-200;-200;3157;206;0;
28263;2025.02.15 03:00;-28;-3.375;-200;-200;3157;206;0;
28264;2025.02.15 03:15;-28;-3.5;-200;-200;3157;206;0;
28265;2025.02.15 03:30;-28;-3.5;-200;-200;3157;206;0;
28266;2025.02.15 03:45;-28;-3.5;-200;-200;3157;206;0;
28267;2025.02.15 04:00;-28;-3.625;-200;-200;3157;206;0;
28268;2025.02.15 04:15;-28;-3.625;-200;-200;3157;206;0;
28269;2025.02.15 04:30;-28;-3.6875;-200;-200;3157;206;0;
28270;2025.02.15 04:45;-28;-3.75;-200;-200;3157;206;0;
28271;2025.02.15 05:00;-28;-4;-200;-200;3157;206;0;
28272;2025.02.15 05:15;-28;-4;-200;-200;3157;206;0;
28273;2025.02.15 05:30;-28;-4;-200;-200;3157;206;0;
28274;2025.02.15 05:45;-28;-4;-200;-200;3157;206;0;
28275;2025.02.15 06:00;-28;-3.9375;-200;-200;3157;206;0;
28276;2025.02.15 06:15;-28;-3.9375;-200;-200;3157;206;0;
28277;2025.02.15 06:30;-28;-4.125;-200;-200;3157;206;0;
28278;2025.02.15 06:45;-28;-4.1875;-200;-200;3157;206;0;
28279;2025.02.15 07:00;-28;-4.25;-200;-200;3157;206;0;
28280;2025.02.15 07:15;-28;-4.3125;-200;-200;3157;206;0;
28281;2025.02.15 07:30;-28;-4.25;-200;-200;3157;206;0;
28282;2025.02.15 07:45;-28;-4.25;-200;-200;3157;206;0;
28283;2025.02.15 08:00;-28;-4.375;-200;-200;3157;206;0;
28284;2025.02.15 08:15;-28;-4.25;-200;-200;3157;206;0;
28285;2025.02.15 08:30;-28;-4.25;-200;-200;3157;206;0;
28286;2025.02.15 08:45;-28;-4.25;-200;-200;3157;206;0;
28287;2025.02.15 09:00;-28;-4.25;-200;-200;3157;206;0;
28288;2025.02.15 09:15;-28;-4.375;-200;-200;3157;206;0;
28289;2025.02.15 09:30;-28;-4.4375;-200;-200;3157;206;0;
28290;2025.02.15 09:45;-28;-4.4375;-200;-200;3157;206;0;
28291;2025.02.15 10:00;-28;-4.5;-200;-200;3157;206;0;
28292;2025.02.15 10:15;-28;-4.5625;-200;-200;3157;206;0;
28293;2025.02.15 10:30;-28;-4.5625;-200;-200;3157;206;0;
28294;2025.02.15 10:45;-28;-4.5625;-200;-200;3157;206;0;
28295;2025.02.15 11:00;-28;-4.625;-200;-200;3157;206;0;
28296;2025.02.15 11:15;-28;-4.625;-200;-200;3157;206;0;
28297;2025.02.15 11:30;-28;-4.875;-200;-200;3157;206;0;
28298;2025.02.15 11:45;-28;-5;-200;-200;3158;206;0;
28299;2025.02.15 12:00;-28;-5.125;-200;-200;3158;206;0;
28300;2025.02.15 12:15;-28;-5.375;-200;-200;3157;206;0;
28301;2025.02.15 12:30;-28;-5;-200;-200;3157;206;0;
28302;2025.02.15 12:45;-28;-4.875;-200;-200;3158;206;0;
28303;2025.02.15 13:00;-28;-4.9375;-200;-200;3157;206;0;
28304;2025.02.15 13:15;-28;-5.0625;-200;-200;3158;206;0;
28305;2025.02.15 13:30;-28;-5;-200;-200;3157;206;0;
28306;2025.02.15 13:45;-28;-5;-200;-200;3157;206;0;
28307;2025.02.15 14:00;-28;-5;-200;-200;3158;206;0;
28308;2025.02.15 14:15;-28;-5;-200;-200;3158;206;0;
28309;2025.02.15 14:30;-28;-4.875;-200;-200;3158;206;0;
28310;2025.02.15 14:45;-28;-4.625;-200;-200;3158;206;0;
28311;2025.02.15 15:00;-28;-4.3125;-200;-200;3158;206;0;
28312;2025.02.15 15:15;-28;-4.125;-200;-200;3158;206;0;
28313;2025.02.15 15:30;-28;-3.375;-200;-200;3158;206;0;
28314;2025.02.15 15:45;-28;-2.625;-200;-200;3158;206;0;
28315;2025.02.15 16:00;-28;-2.8125;-200;-200;3158;206;0;
28316;2025.02.15 16:15;-28;-2;-200;-200;3158;206;0;
28317;2025.02.15 16:30;-28;-2.6875;-200;-200;3158;206;0;
28318;2025.02.15 16:45;-28;-2.875;-200;-200;3158;206;0;
28319;2025.02.15 17:00;-28;-2.125;-200;-200;3158;206;0;
28320;2025.02.15 17:15;-28;-0.875;-200;-200;3158;206;0;
28321;2025.02.15 17:30;-28;-1.5;-200;-200;3158;206;0;
28322;2025.02.15 17:45;-28;-1.4375;-200;-200;3158;206;0;
28323;2025.02.15 18:00;-28;0;-200;-200;3158;206;0;
28324;2025.02.15 18:15;-28;0.125;-200;-200;3158;206;0;
28325;2025.02.15 18:30;-28;0.6875;-200;-200;3158;206;0;
28326;2025.02.15 18:45;-28;0.5;-200;-200;3158;206;0;
28327;2025.02.15 19:00;-28;0.375;-200;-200;3158;206;0;
28328;2025.02.15 19:15;-28;-0.875;-200;-200;3158;206;0;
28329;2025.02.15 19:30;-28;-3.125;-200;-200;3158;206;0;
28330;2025.02.15 19:45;-28;-2.25;-200;-200;3158;206;0;
28331;2025.02.15 20:00;-28;-0.75;-200;-200;3158;206;0;
28332;2025.02.15 20:15;-28;-1.375;-200;-200;3159;206;0;
28333;2025.02.15 20:30;-28;0;-200;-200;3159;206;0;
28334;2025.02.15 20:45;-28;-1.5;-200;-200;3158;206;0;
28335;2025.02.15 21:00;-28;-0.75;-200;-200;3159;206;0;
28336;2025.02.15 21:15;-28;-3.375;-200;-200;3159;206;0;
28337;2025.02.15 21:30;-28;-2.8125;-200;-200;3158;206;0;
28338;2025.02.15 21:45;-28;-2.1875;-200;-200;3158;206;0;
28339;2025.02.15 22:00;-28;-1.0625;-200;-200;3159;206;0;
28340;2025.02.15 22:15;-28;-1.25;-200;-200;3158;206;0;
28341;2025.02.15 22:30;-28;-0.875;-200;-200;3159;206;0;
28342;2025.02.15 22:45;-28;-2.625;-200;-200;3158;206;0;
28343;2025.02.15 23:00;-28;-2.625;-200;-200;3159;206;0;
28344;2025.02.15 23:15;-28;-2.625;-200;-200;3159;206;0;
28345;2025.02.15 23:30;-28;-2.875;-200;-200;3159;206;0;
28346;2025.02.15 23:45;-28;-2;-200;-200;3159;206;0;
28347;2025.02.16 00:00;-28;-2.6875;-200;-200;3159;206;0;
28348;2025.02.16 00:15;-28;-3.25;-200;-200;3159;206;0;
28349;2025.02.16 00:30;-28;-4.125;-200;-200;3159;206;0;
28350;2025.02.16 00:45;-28;-4.625;-200;-200;3159;206;0;
28351;2025.02.16 01:00;-28;-5;-200;-200;3158;206;0;
28352;2025.02.16 01:15;-28;-5.125;-200;-200;3159;206;0;
28353;2025.02.16 01:30;-28;-5.25;-200;-200;3158;206;0;
28354;2025.02.16 01:45;-28;-5.375;-200;-200;3159;206;0;
28355;2025.02.16 02:00;-28;-5.5;-200;-200;3158;206;0;
28356;2025.02.16 02:15;-28;-5.75;-200;-200;3159;206;0;
28357;2025.02.16 02:30;-28;-5.75;-200;-200;3159;206;0;
28358;2025.02.16 02:45;-28;-5.75;-200;-200;3159;206;0;
28359;2025.02.16 03:00;-28;-5.875;-200;-200;3159;206;0;
28360;2025.02.16 03:15;-28;-6;-200;-200;3159;206;0;
28361;2025.02.16 03:30;-28;-6.1875;-200;-200;3159;206;0;
28362;2025.02.16 03:45;-28;-6.375;-200;-200;3159;206;0;
28363;2025.02.16 04:00;-28;-6.25;-200;-200;3159;206;0;
28364;2025.02.16 04:15;-28;-6.375;-200;-200;3159;206;0;
28365;2025.02.16 04:30;-28;-6.375;-200;-200;3159;206;0;
28366;2025.02.16 04:45;-28;-6.6875;-200;-200;3159;206;0;
28367;2025.02.16 05:00;-28;-6.875;-200;-200;3159;206;0;
28368;2025.02.16 05:15;-28;-7;-200;-200;3159;206;0;
28369;2025.02.16 05:30;-28;-7.0625;-200;-200;3159;206;0;
28370;2025.02.16 05:45;-28;-7.375;-200;-200;3159;206;0;
28371;2025.02.16 06:00;-28;-7.6875;-200;-200;3159;206;0;
28372;2025.02.16 06:15;-28;-7.375;-200;-200;3159;206;0;
28373;2025.02.16 06:30;-28;-7.75;-200;-200;3159;206;0;
28374;2025.02.16 06:45;-28;-7.8125;-200;-200;3159;206;0;
28375;2025.02.16 07:00;-28;-8.125;-200;-200;3159;206;0;
28376;2025.02.16 07:15;-28;-8;-200;-200;3159;206;0;
28377;2025.02.16 07:30;-28;-8.25;-200;-200;3159;206;0;
28378;2025.02.16 07:45;-28;-8.375;-200;-200;3159;206;0;
28379;2025.02.16 08:00;-28;-8.875;-200;-200;3159;206;0;
28380;2025.02.16 08:15;-28;-9;-200;-200;3159;206;0;
28381;2025.02.16 08:30;-28;-9.25;-200;-200;3159;206;0;
28382;2025.02.16 08:45;-28;-9.3125;-200;-200;3159;206;0;
28383;2025.02.16 09:00;-28;-8.75;-200;-200;3159;206;0;
28384;2025.02.16 09:15;-28;-8.5;-200;-200;3159;206;0;
28385;2025.02.16 09:30;-28;-9.125;-200;-200;3159;206;0;
28386;2025.02.16 09:45;-28;-9.375;-200;-200;3159;206;0;
28387;2025.02.16 10:00;-28;-9.125;-200;-200;3159;206;0;
28388;2025.02.16 10:15;-28;-8.9375;-200;-200;3159;206;0;
28389;2025.02.16 10:30;-28;-9.25;-200;-200;3159;206;0;
28390;2025.02.16 10:45;-28;-9.375;-200;-200;3159;206;0;
28391;2025.02.16 11:00;-28;-9.0625;-200;-200;3159;206;0;
28392;2025.02.16 11:15;-28;-8.875;-200;-200;3159;206;0;
28393;2025.02.16 11:30;-28;-9.25;-200;-200;3159;206;0;
28394;2025.02.16 11:45;-28;-8.9375;-200;-200;3159;206;0;
28395;2025.02.16 12:00;-28;-9.0625;-200;-200;3159;206;0;
28396;2025.02.16 12:15;-28;-8.9375;-200;-200;3159;206;0;
28397;2025.02.16 12:30;-28;-9.5;-200;-200;3159;206;0;
28398;2025.02.16 12:45;-28;-10.3125;-200;-200;3159;206;0;
28399;2025.02.16 13:00;-28;-10.3125;-200;-200;3159;206;0;
28400;2025.02.16 13:15;-28;-10.125;-200;-200;3159;206;0;
28401;2025.02.16 13:30;-28;-9.375;-200;-200;3159;206;0;
28402;2025.02.16 13:45;-28;-9.125;-200;-200;3159;206;0;
28403;2025.02.16 14:00;-28;-8.5;-200;-200;3159;206;0;
28404;2025.02.16 14:15;-28;-8.0625;-200;-200;3159;206;0;
28405;2025.02.16 14:30;-28;-7.5;-200;-200;3159;206;0;
28406;2025.02.16 14:45;-28;-6.5;-200;-200;3159;206;0;
28407;2025.02.16 15:00;-28;-5.9375;-200;-200;3159;206;0;
28408;2025.02.16 15:15;-28;-5.1875;-200;-200;3159;206;0;
28409;2025.02.16 15:30;-28;-3.625;-200;-200;3159;206;0;
28410;2025.02.16 15:45;-28;-2.4375;-200;-200;3159;206;0;
28411;2025.02.16 16:00;-28;-1.375;-200;-200;3160;206;0;
28412;2025.02.16 16:15;-28;-1.0625;-200;-200;3160;206;0;
28413;2025.02.16 16:30;-28;-0.5625;-200;-200;3160;206;0;
28414;2025.02.16 16:45;-28;0;-200;-200;3160;206;0;
28415;2025.02.16 17:00;-28;0.5;-200;-200;3160;206;0;
28416;2025.02.16 17:15;-28;1;-200;-200;3160;206;0;
28417;2025.02.16 17:30;-28;2;-200;-200;3160;206;0;
28418;2025.02.16 17:45;-28;2.75;-200;-200;3160;206;0;
28419;2025.02.16 18:00;-28;3.25;-200;-200;3160;206;0;
28420;2025.02.16 18:15;-28;3.875;-200;-200;3160;206;0;
28421;2025.02.16 18:30;-28;5;-200;-200;3160;206;0;
28422;2025.02.16 18:45;-28;5.5;-200;-200;3160;206;0;
28423;2025.02.16 19:00;-28;5.3125;-200;-200;3160;206;0;
28424;2025.02.16 19:15;-28;4.875;-200;-200;3160;206;0;
28425;2025.02.16 19:30;-28;5.5;-200;-200;3160;206;0;
28426;2025.02.16 19:45;-28;5.5;-200;-200;3160;206;0;
28427;2025.02.16 20:00;-28;6.25;-200;-200;3160;206;0;
28428;2025.02.16 20:15;-28;7.875;-200;-200;3161;206;0;
28429;2025.02.16 20:30;-28;7.0625;-200;-200;3161;206;0;
28430;2025.02.16 20:45;-28;6.0625;-200;-200;3161;206;0;
28431;2025.02.16 21:00;-28;5.25;-200;-200;3161;206;0;
28432;2025.02.16 21:15;-28;5;-200;-200;3161;206;0;
28433;2025.02.16 21:30;-28;5.375;-200;-200;3161;206;0;
28434;2025.02.16 21:45;-28;5.375;-200;-200;3160;206;0;
28435;2025.02.16 22:00;-28;6.125;-200;-200;3160;206;0;
28436;2025.02.16 22:15;-28;5.4375;-200;-200;3160;206;0;
28437;2025.02.16 22:30;-28;5.375;-200;-200;3160;206;0;
28438;2025.02.16 22:45;-28;5;-200;-200;3160;206;0;
28439;2025.02.16 23:00;-28;4.75;-200;-200;3160;206;0;
28440;2025.02.16 23:15;-28;4.125;-200;-200;3160;206;0;
28441;2025.02.16 23:30;-28;3.375;-200;-200;3160;206;0;
28442;2025.02.16 23:45;-28;3;-200;-200;3160;206;0;
28443;2025.02.17 00:00;-28;2.375;-200;-200;3160;206;0;
28444;2025.02.17 00:15;-28;1.5;-200;-200;3160;206;0;
28445;2025.02.17 00:30;-28;0.75;-200;-200;3160;206;0;
28446;2025.02.17 00:45;-28;-0.25;-200;-200;3160;206;0;
28447;2025.02.17 01:00;-28;-1.0625;-200;-200;3160;206;0;
28448;2025.02.17 01:15;-28;-1.6875;-200;-200;3160;206;0;
28449;2025.02.17 01:30;-28;-2.3125;-200;-200;3160;206;0;
28450;2025.02.17 01:45;-28;-2.625;-200;-200;3160;206;0;
28451;2025.02.17 02:00;-28;-3;-200;-200;3160;206;0;
28452;2025.02.17 02:15;-28;-3.1875;-200;-200;3160;206;0;
28453;2025.02.17 02:30;-28;-3.375;-200;-200;3160;206;0;
28454;2025.02.17 02:45;-28;-3.5;-200;-200;3160;206;0;
28455;2025.02.17 03:00;-28;-3.625;-200;-200;3160;206;0;
28456;2025.02.17 03:15;-28;-3.5;-200;-200;3160;206;0;
28457;2025.02.17 03:30;-28;-3.6875;-200;-200;3160;206;0;
28458;2025.02.17 03:45;-28;-3.8125;-200;-200;3160;206;0;
28459;2025.02.17 04:00;-28;-3.875;-200;-200;3160;206;0;
28460;2025.02.17 04:15;-28;-3.75;-200;-200;3160;206;0;
28461;2025.02.17 04:30;-28;-3.875;-200;-200;3160;206;0;
28462;2025.02.17 04:45;-28;-4;-200;-200;3160;206;0;
28463;2025.02.17 05:00;-28;-4.3125;-200;-200;3159;206;0;
28464;2025.02.17 05:15;-28;-4.375;-200;-200;3160;206;0;
28465;2025.02.17 05:30;-28;-4.5;-200;-200;3160;206;0;
28466;2025.02.17 05:45;-28;-4.5;-200;-200;3159;206;0;
28467;2025.02.17 06:00;-28;-4.5625;-200;-200;3160;206;0;
28468;2025.02.17 06:15;-28;-4.6875;-200;-200;3160;206;0;
28469;2025.02.17 06:30;-28;-4.75;-200;-200;3159;206;0;
28470;2025.02.17 06:45;-28;-4.5625;-200;-200;3160;206;0;
28471;2025.02.17 07:00;-28;-4.5625;-200;-200;3159;206;0;
28472;2025.02.17 07:15;-28;-4.75;-200;-200;3159;206;0;
28473;2025.02.17 07:30;-28;-4.875;-200;-200;3159;206;0;
28474;2025.02.17 07:45;-28;-5.125;-200;-200;3160;206;0;
28475;2025.02.17 08:00;-28;-4.875;-200;-200;3159;206;0;
28476;2025.02.17 08:15;-28;-4.875;-200;-200;3159;206;0;
28477;2025.02.17 08:30;-28;-5;-200;-200;3159;206;0;
28478;2025.02.17 08:45;-28;-5.125;-200;-200;3160;206;0;
28479;2025.02.17 09:00;-28;-5;-200;-200;3160;206;0;
28480;2025.02.17 09:15;-28;-5.375;-200;-200;3159;206;0;
28481;2025.02.17 09:30;-28;-5.1875;-200;-200;3159;206;0;
28482;2025.02.17 09:45;-28;-5.0625;-200;-200;3159;206;0;
28483;2025.02.17 10:00;-28;-5.375;-200;-200;3159;206;0;
28484;2025.02.17 10:15;-28;-5.625;-200;-200;3159;206;0;
28485;2025.02.17 10:30;-28;-5.6875;-200;-200;3159;206;0;
28486;2025.02.17 10:45;-28;-5.5625;-200;-200;3159;206;0;
28487;2025.02.17 11:00;-28;-5.75;-200;-200;3159;206;0;
28488;2025.02.17 11:15;-28;-5.875;-200;-200;3159;206;0;
28489;2025.02.17 11:30;-28;-5.875;-200;-200;3159;206;0;
28490;2025.02.17 11:45;-28;-6;-200;-200;3159;206;0;
28491;2025.02.17 12:00;-28;-6;-200;-200;3159;206;0;
28492;2025.02.17 12:15;-28;-6;-200;-200;3159;206;0;
28493;2025.02.17 12:30;-28;-5.875;-200;-200;3159;206;0;
28494;2025.02.17 12:45;-28;-5.75;-200;-200;3159;206;0;
28495;2025.02.17 13:00;-28;-5.875;-200;-200;3159;206;0;
28496;2025.02.17 13:15;-28;-5.8125;-200;-200;3159;206;0;
28497;2025.02.17 13:30;-28;-5.75;-200;-200;3159;206;0;
28498;2025.02.17 13:45;-28;-5.625;-200;-200;3159;206;0;
28499;2025.02.17 14:00;-28;-5.5;-200;-200;3159;206;0;
28500;2025.02.17 14:15;-28;-5.4375;-200;-200;3159;206;0;
28501;2025.02.17 14:30;-28;-5;-200;-200;3159;206;0;
28502;2025.02.17 14:45;-28;-3.8125;-200;-200;3159;206;0;
28503;2025.02.17 15:00;-28;-2;-200;-200;3159;206;0;
28504;2025.02.17 15:15;-28;-1.3125;-200;-200;3160;206;0;
28505;2025.02.17 15:30;-28;-0.5;-200;-200;3160;206;0;
28506;2025.02.17 15:45;-28;0.375;-200;-200;3160;206;0;
28507;2025.02.17 16:00;-28;1.25;-200;-200;3160;206;0;
28508;2025.02.17 16:15;-28;2.3125;-200;-200;3160;206;0;
28509;2025.02.17 16:30;-28;2.5625;-200;-200;3160;206;0;
28510;2025.02.17 16:45;-28;2.9375;-200;-200;3160;206;0;
28511;2025.02.17 17:00;-28;3.4375;-200;-200;3160;206;0;
28512;2025.02.17 17:15;-28;3.75;-200;-200;3160;206;0;
28513;2025.02.17 17:30;-28;4.125;-200;-200;3160;206;0;
28514;2025.02.17 17:45;-28;4.5;-200;-200;3160;206;0;
28515;2025.02.17 18:00;-28;4.875;-200;-200;3160;206;0;
28516;2025.02.17 18:15;-28;5;-200;-200;3160;206;0;
28517;2025.02.17 18:30;-28;5.0625;-200;-200;3160;206;0;
28518;2025.02.17 18:45;-28;5.5625;-200;-200;3160;206;0;
28519;2025.02.17 19:00;-28;5.375;-200;-200;3160;206;0;
28520;2025.02.17 19:15;-28;5.5;-200;-200;3160;206;0;
28521;2025.02.17 19:30;-28;5.9375;-200;-200;3160;206;0;
28522;2025.02.17 19:45;-28;5.6875;-200;-200;3160;206;0;
28523;2025.02.17 20:00;-28;6.25;-200;-200;3160;206;0;
28524;2025.02.17 20:15;-28;7.25;-200;-200;3160;206;0;
28525;2025.02.17 20:30;-28;7.375;-200;-200;3161;206;0;
28526;2025.02.17 20:45;-28;6.875;-200;-200;3160;206;0;
28527;2025.02.17 21:00;-28;6.5;-200;-200;3160;206;0;
28528;2025.02.17 21:15;-28;6.3125;-200;-200;3161;206;0;
28529;2025.02.17 21:30;-28;5.875;-200;-200;3160;206;0;
28530;2025.02.17 21:45;-28;5.3125;-200;-200;3160;206;0;
28531;2025.02.17 22:00;-28;5;-200;-200;3160;206;0;
28532;2025.02.17 22:15;-28;5.25;-200;-200;3160;206;0;
28533;2025.02.17 22:30;-28;5;-200;-200;3160;206;0;
28534;2025.02.17 22:45;-28;5.375;-200;-200;3160;206;0;
28535;2025.02.17 23:00;-28;5.1875;-200;-200;3160;206;0;
28536;2025.02.17 23:15;-28;5.25;-200;-200;3160;206;0;
28537;2025.02.17 23:30;-28;5.375;-200;-200;3160;206;0;
28538;2025.02.17 23:45;-28;4.75;-200;-200;3160;206;0;
28539;2025.02.18 00:00;-28;6.125;-200;-200;3160;206;0;
28540;2025.02.18 00:15;-28;5;-200;-200;3160;206;0;
28541;2025.02.18 00:30;-28;3.6875;-200;-200;3160;206;0;
28542;2025.02.18 00:45;-28;2.9375;-200;-200;3160;206;0;
28543;2025.02.18 01:00;-28;2.625;-200;-200;3160;206;0;
28544;2025.02.18 01:15;-28;2.125;-200;-200;3160;206;0;
28545;2025.02.18 01:30;-28;1.75;-200;-200;3160;206;0;
28546;2025.02.18 01:45;-28;1.125;-200;-200;3160;206;0;
28547;2025.02.18 02:00;-28;0.5;-200;-200;3160;206;0;
28548;2025.02.18 02:15;-28;0.4375;-200;-200;3160;206;0;
28549;2025.02.18 02:30;-28;0.625;-200;-200;3160;206;0;
28550;2025.02.18 02:45;-28;0.625;-200;-200;3160;206;0;
28551;2025.02.18 03:00;-28;0.625;-200;-200;3160;206;0;
28552;2025.02.18 03:15;-28;0.125;-200;-200;3160;206;0;
28553;2025.02.18 03:30;-28;-0.125;-200;-200;3160;206;0;
28554;2025.02.18 03:45;-28;0;-200;-200;3160;206;0;
28555;2025.02.18 04:00;-28;0.25;-200;-200;3160;206;0;
28556;2025.02.18 04:15;-28;0.75;-200;-200;3160;206;0;
28557;2025.02.18 04:30;-28;0.9375;-200;-200;3160;206;0;
28558;2025.02.18 04:45;-28;1.25;-200;-200;3160;206;0;
28559;2025.02.18 05:00;-28;1.1875;-200;-200;3160;206;0;
28560;2025.02.18 05:15;-28;1.25;-200;-200;3160;206;0;
28561;2025.02.18 05:30;-28;1;-200;-200;3160;206;0;
28562;2025.02.18 05:45;-28;1.0625;-200;-200;3160;206;0;
28563;2025.02.18 06:00;-28;0.875;-200;-200;3160;206;0;
28564;2025.02.18 06:15;-28;0.75;-200;-200;3160;206;0;
28565;2025.02.18 06:30;-28;0.625;-200;-200;3160;206;0;
28566;2025.02.18 06:45;-28;0.5625;-200;-200;3160;206;0;
28567;2025.02.18 07:00;-28;0.5;-200;-200;3160;206;0;
28568;2025.02.18 07:15;-28;0.375;-200;-200;3160;206;0;
28569;2025.02.18 07:30;-28;0.375;-200;-200;3160;206;0;
28570;2025.02.18 07:45;-28;-0.1875;-200;-200;3160;206;0;
28571;2025.02.18 08:00;-28;-0.3125;-200;-200;3160;206;0;
28572;2025.02.18 08:15;-28;-0.375;-200;-200;3160;206;0;
28573;2025.02.18 08:30;-28;-0.375;-200;-200;3160;206;0;
28574;2025.02.18 08:45;-28;-0.625;-200;-200;3160;206;0;
28575;2025.02.18 09:00;-28;-0.9375;-200;-200;3160;206;0;
28576;2025.02.18 09:15;-28;-0.8125;-200;-200;3160;206;0;
28577;2025.02.18 09:30;-28;-1;-200;-200;3160;206;0;
28578;2025.02.18 09:45;-28;-1;-200;-200;3160;206;0;
28579;2025.02.18 10:00;-28;-1.125;-200;-200;3160;206;0;
28580;2025.02.18 10:15;-28;-1.375;-200;-200;3160;206;0;
28581;2025.02.18 10:30;-28;-1.6875;-200;-200;3160;206;0;
28582;2025.02.18 10:45;-28;-2;-200;-200;3160;206;0;
28583;2025.02.18 11:00;-28;-2.0625;-200;-200;3160;206;0;
28584;2025.02.18 11:15;-28;-2;-200;-200;3160;206;0;
28585;2025.02.18 11:30;-28;-1.875;-200;-200;3160;206;0;
28586;2025.02.18 11:45;-28;-2.125;-200;-200;3160;206;0;
28587;2025.02.18 12:00;-28;-2.5;-200;-200;3160;206;0;
28588;2025.02.18 12:15;-28;-2.625;-200;-200;3160;206;0;
28589;2025.02.18 12:30;-28;-2.875;-200;-200;3160;206;0;
28590;2025.02.18 12:45;-28;-3;-200;-200;3160;206;0;
28591;2025.02.18 13:00;-28;-3.125;-200;-200;3160;206;0;
28592;2025.02.18 13:15;-28;-3.4375;-200;-200;3159;206;0;
28593;2025.02.18 13:30;-28;-3.875;-200;-200;3160;206;0;
28594;2025.02.18 13:45;-28;-4.25;-200;-200;3159;206;0;
28595;2025.02.18 14:00;-28;-4.5;-200;-200;3159;206;0;
28596;2025.02.18 14:15;-28;-4.5;-200;-200;3159;206;0;
28597;2025.02.18 14:30;-28;-4.0625;-200;-200;3159;206;0;
28598;2025.02.18 14:45;-28;-3.5625;-200;-200;3159;206;0;
28599;2025.02.18 15:00;-28;-2.875;-200;-200;3159;206;0;
28600;2025.02.18 15:15;-28;-2.1875;-200;-200;3159;206;0;
28601;2025.02.18 15:30;-28;-1.75;-200;-200;3160;206;0;
28602;2025.02.18 15:45;-28;-1.625;-200;-200;3160;206;0;
28603;2025.02.18 16:00;-28;-1.5;-200;-200;3160;206;0;
28604;2025.02.18 16:15;-28;-1.625;-200;-200;3160;206;0;
28605;2025.02.18 16:30;-28;-1.75;-200;-200;3160;206;0;
28606;2025.02.18 16:45;-28;-1.9375;-200;-200;3160;206;0;
28607;2025.02.18 17:00;-28;-2;-200;-200;3159;206;0;
28608;2025.02.18 17:15;-28;-1.5;-200;-200;3160;206;0;
28609;2025.02.18 17:30;-28;-1.375;-200;-200;3160;206;0;
28610;2025.02.18 17:45;-28;-1.0625;-200;-200;3160;206;0;
28611;2025.02.18 18:00;-28;0.125;-200;-200;3160;206;0;
28612;2025.02.18 18:15;-28;-0.75;-200;-200;3160;206;0;
28613;2025.02.18 18:30;-28;0.625;-200;-200;3160;206;0;
28614;2025.02.18 18:45;-28;-0.75;-200;-200;3160;206;0;
28615;2025.02.18 19:00;-28;0.375;-200;-200;3160;206;0;
28616;2025.02.18 19:15;-28;0.375;-200;-200;3160;206;0;
28617;2025.02.18 19:30;-28;0.375;-200;-200;3160;206;0;
28618;2025.02.18 19:45;-28;0.375;-200;-200;3160;206;0;
28619;2025.02.18 20:00;-28;0.375;-200;-200;3160;206;0;
28620;2025.02.18 20:15;-28;0.75;-200;-200;3160;206;0;
28621;2025.02.18 20:30;-28;3.5;-200;-200;3160;206;0;
28622;2025.02.18 20:45;-28;2.0625;-200;-200;3160;206;0;
28623;2025.02.18 21:00;-28;1.625;-200;-200;3160;206;0;
28624;2025.02.18 21:15;-28;0.75;-200;-200;3160;206;0;
28625;2025.02.18 21:30;-28;0.625;-200;-200;3160;206;0;
28626;2025.02.18 21:45;-28;1.25;-200;-200;3160;206;0;
28627;2025.02.18 22:00;-28;0.8125;-200;-200;3160;206;0;
28628;2025.02.18 22:15;-28;1.75;-200;-200;3160;206;0;
28629;2025.02.18 22:30;-28;1.625;-200;-200;3160;206;0;
28630;2025.02.18 22:45;-28;1.375;-200;-200;3160;206;0;
28631;2025.02.18 23:00;-28;0.75;-200;-200;3160;206;0;
28632;2025.02.18 23:15;-28;0.3125;-200;-200;3160;206;0;
28633;2025.02.18 23:30;-28;-0.0625;-200;-200;3160;206;0;
28634;2025.02.18 23:45;-28;0.125;-200;-200;3160;206;0;
28635;2025.02.19 00:00;-28;1.4375;-200;-200;3160;206;0;
28636;2025.02.19 00:15;-28;-0.375;-200;-200;3160;206;0;
28637;2025.02.19 00:30;-28;-1.3125;-200;-200;3160;206;0;
28638;2025.02.19 00:45;-28;-1.9375;-200;-200;3160;206;0;
28639;2025.02.19 01:00;-28;-2.5625;-200;-200;3159;206;0;
28640;2025.02.19 01:15;-28;-3;-200;-200;3160;206;0;
28641;2025.02.19 01:30;-28;-3.25;-200;-200;3159;206;0;
28642;2025.02.19 01:45;-28;-3.8125;-200;-200;3159;206;0;
28643;2025.02.19 02:00;-28;-3.6875;-200;-200;3159;206;0;
28644;2025.02.19 02:15;-28;-4;-200;-200;3159;206;0;
28645;2025.02.19 02:30;-28;-4.5;-200;-200;3159;206;0;
28646;2025.02.19 02:45;-28;-4.375;-200;-200;3159;206;0;
28647;2025.02.19 03:00;-28;-4.375;-200;-200;3159;206;0;
28648;2025.02.19 03:15;-28;-4.3125;-200;-200;3159;206;0;
28649;2025.02.19 03:30;-28;-4.5;-200;-200;3159;206;0;
28650;2025.02.19 03:45;-28;-4.625;-200;-200;3160;206;0;
28651;2025.02.19 04:00;-28;-5.125;-200;-200;3159;206;0;
28652;2025.02.19 04:15;-28;-5.375;-200;-200;3159;206;0;
28653;2025.02.19 04:30;-28;-5.375;-200;-200;3159;206;0;
28654;2025.02.19 04:45;-28;-6;-200;-200;3159;206;0;
28655;2025.02.19 05:00;-28;-6.375;-200;-200;3159;206;0;
28656;2025.02.19 05:15;-28;-5.5625;-200;-200;3159;206;0;
28657;2025.02.19 05:30;-28;-6.125;-200;-200;3159;206;0;
28658;2025.02.19 05:45;-28;-6.4375;-200;-200;3159;206;0;
28659;2025.02.19 06:00;-28;-6.75;-200;-200;3159;206;0;
28660;2025.02.19 06:15;-28;-7.25;-200;-200;3159;206;0;
28661;2025.02.19 06:30;-28;-7.8125;-200;-200;3159;206;0;
28662;2025.02.19 06:45;-28;-7.8125;-200;-200;3159;206;0;
28663;2025.02.19 07:00;-28;-8;-200;-200;3159;206;0;
28664;2025.02.19 07:15;-28;-7.25;-200;-200;3159;206;0;
28665;2025.02.19 07:30;-28;-6.25;-200;-200;3159;206;0;
28666;2025.02.19 07:45;-28;-5.8125;-200;-200;3159;206;0;
28667;2025.02.19 08:00;-28;-5.625;-200;-200;3159;206;0;
28668;2025.02.19 08:15;-28;-5.625;-200;-200;3159;206;0;
28669;2025.02.19 08:30;-28;-6;-200;-200;3159;206;0;
28670;2025.02.19 08:45;-28;-6.125;-200;-200;3159;206;0;
28671;2025.02.19 09:00;-28;-5.625;-200;-200;3159;206;0;
28672;2025.02.19 09:15;-28;-5.375;-200;-200;3159;206;0;
28673;2025.02.19 09:30;-28;-5.375;-200;-200;3159;206;0;
28674;2025.02.19 09:45;-28;-5.3125;-200;-200;3159;206;0;
28675;2025.02.19 10:00;-28;-6.125;-200;-200;3159;206;0;
28676;2025.02.19 10:15;-28;-6.9375;-200;-200;3159;206;0;
28677;2025.02.19 10:30;-28;-7.625;-200;-200;3159;206;0;
28678;2025.02.19 10:45;-28;-8.4375;-200;-200;3159;206;0;
28679;2025.02.19 11:00;-28;-8.9375;-200;-200;3159;206;0;
28680;2025.02.19 11:15;-28;-9.1875;-200;-200;3159;206;0;
28681;2025.02.19 11:30;-28;-9.125;-200;-200;3159;206;0;
28682;2025.02.19 11:45;-28;-8.75;-200;-200;3159;206;0;
28683;2025.02.19 12:00;-28;-8.875;-200;-200;3159;206;0;
28684;2025.02.19 12:15;-28;-9.25;-200;-200;3159;206;0;
28685;2025.02.19 12:30;-28;-9.375;-200;-200;3159;206;0;
28686;2025.02.19 12:45;-28;-9.375;-200;-200;3159;206;0;
28687;2025.02.19 13:00;-28;-9.625;-200;-200;3159;206;0;
28688;2025.02.19 13:15;-28;-9.5;-200;-200;3159;206;0;
28689;2025.02.19 13:30;-28;-9.6875;-200;-200;3159;206;0;
28690;2025.02.19 13:45;-28;-9.75;-200;-200;3159;206;0;
28691;2025.02.19 14:00;-28;-9.625;-200;-200;3159;206;0;
28692;2025.02.19 14:15;-28;-9.625;-200;-200;3159;206;0;
28693;2025.02.19 14:30;-28;-8.875;-200;-200;3159;206;0;
28694;2025.02.19 14:45;-28;-7.625;-200;-200;3159;206;0;
28695;2025.02.19 15:00;-28;-6.375;-200;-200;3159;206;0;
28696;2025.02.19 15:15;-28;-4.875;-200;-200;3159;206;0;
28697;2025.02.19 15:30;-28;-3.4375;-200;-200;3159;206;0;
28698;2025.02.19 15:45;-28;-2.4375;-200;-200;3159;206;0;
28699;2025.02.19 16:00;-28;-1.625;-200;-200;3160;206;0;
28700;2025.02.19 16:15;-28;-1;-200;-200;3160;206;0;
28701;2025.02.19 16:30;-28;-0.625;-200;-200;3160;206;0;
28702;2025.02.19 16:45;-28;-0.125;-200;-200;3160;206;0;
28703;2025.02.19 17:00;-28;0.25;-200;-200;3160;206;0;
28704;2025.02.19 17:15;-28;0.5;-200;-200;3160;206;0;
28705;2025.02.19 17:30;-28;1.125;-200;-200;3160;206;0;
28706;2025.02.19 17:45;-28;1.9375;-200;-200;3160;206;0;
28707;2025.02.19 18:00;-28;2.5;-200;-200;3160;206;0;
28708;2025.02.19 18:15;-28;3;-200;-200;3160;206;0;
28709;2025.02.19 18:30;-28;3.9375;-200;-200;3160;206;0;
28710;2025.02.19 18:45;-28;3.875;-200;-200;3160;206;0;
28711;2025.02.19 19:00;-28;3.75;-200;-200;3160;206;0;
28712;2025.02.19 19:15;-28;3.5;-200;-200;3160;206;0;
28713;2025.02.19 19:30;-28;3.5;-200;-200;3160;206;0;
28714;2025.02.19 19:45;-28;3.6875;-200;-200;3160;206;0;
28715;2025.02.19 20:00;-28;4.5;-200;-200;3160;206;0;
28716;2025.02.19 20:15;-28;7.25;-200;-200;3160;206;0;
28717;2025.02.19 20:30;-28;7.25;-200;-200;3161;206;0;
28718;2025.02.19 20:45;-28;6.25;-200;-200;3160;206;0;
28719;2025.02.19 21:00;-28;4.5;-200;-200;3160;206;0;
28720;2025.02.19 21:15;-28;4.3125;-200;-200;3160;206;0;
28721;2025.02.19 21:30;-28;4.5;-200;-200;3160;206;0;
28722;2025.02.19 21:45;-28;5.3125;-200;-200;3160;206;0;
28723;2025.02.19 22:00;-28;4.75;-200;-200;3160;206;0;
28724;2025.02.19 22:15;-28;4.25;-200;-200;3160;206;0;
28725;2025.02.19 22:30;-28;4.125;-200;-200;3160;206;0;
28726;2025.02.19 22:45;-28;3.6875;-200;-200;3160;206;0;
28727;2025.02.19 23:00;-28;3.875;-200;-200;3160;206;0;
28728;2025.02.19 23:15;-28;3.5;-200;-200;3160;206;0;
28729;2025.02.19 23:30;-28;2.875;-200;-200;3160;206;0;
28730;2025.02.19 23:45;-28;2.5625;-200;-200;3160;206;0;
28731;2025.02.20 00:00;-28;2.125;-200;-200;3160;206;0;
28732;2025.02.20 00:15;-28;1.5625;-200;-200;3160;206;0;
28733;2025.02.20 00:30;-28;1;-200;-200;3160;206;0;
28734;2025.02.20 00:45;-28;0.4375;-200;-200;3160;206;0;
28735;2025.02.20 01:00;-28;-0.25;-200;-200;3160;206;0;
28736;2025.02.20 01:15;-28;-0.625;-200;-200;3160;206;0;
28737;2025.02.20 01:30;-28;-0.4375;-200;-200;3160;206;0;
28738;2025.02.20 01:45;-28;0.125;-200;-200;3160;206;0;
28739;2025.02.20 02:00;-28;0.4375;-200;-200;3160;206;0;
28740;2025.02.20 02:15;-28;0.5;-200;-200;3160;206;0;
28741;2025.02.20 02:30;-28;0.0625;-200;-200;3160;206;0;
28742;2025.02.20 02:45;-28;-0.125;-200;-200;3160;206;0;
28743;2025.02.20 03:00;-28;-0.25;-200;-200;3160;206;0;
28744;2025.02.20 03:15;-28;-0.25;-200;-200;3160;206;0;
28745;2025.02.20 03:30;-28;-0.375;-200;-200;3160;206;0;
28746;2025.02.20 03:45;-28;-0.8125;-200;-200;3160;206;0;
28747;2025.02.20 04:00;-28;-1.125;-200;-200;3160;206;0;
28748;2025.02.20 04:15;-28;-1.75;-200;-200;3160;206;0;
28749;2025.02.20 04:30;-28;-2;-200;-200;3160;206;0;
28750;2025.02.20 04:45;-28;-2.0625;-200;-200;3160;206;0;
28751;2025.02.20 05:00;-28;-2.1875;-200;-200;3160;206;0;
28752;2025.02.20 05:15;-28;-2.625;-200;-200;3160;206;0;
28753;2025.02.20 05:30;-28;-3;-200;-200;3159;206;0;
28754;2025.02.20 05:45;-28;-3.25;-200;-200;3159;206;0;
28755;2025.02.20 06:00;-28;-3.3125;-200;-200;3159;206;0;
28756;2025.02.20 06:15;-28;-3.5;-200;-200;3159;206;0;
28757;2025.02.20 06:30;-28;-3.6875;-200;-200;3159;206;0;
28758;2025.02.20 06:45;-28;-3.875;-200;-200;3159;206;0;
28759;2025.02.20 07:00;-28;-4;-200;-200;3159;206;0;
28760;2025.02.20 07:15;-28;-4.125;-200;-200;3159;206;0;
28761;2025.02.20 07:30;-28;-4.125;-200;-200;3160;206;0;
28762;2025.02.20 07:45;-28;-4.0625;-200;-200;3159;206;0;
28763;2025.02.20 08:00;-28;-3.875;-200;-200;3159;206;0;
28764;2025.02.20 08:15;-28;-3.875;-200;-200;3159;206;0;
28765;2025.02.20 08:30;-28;-4.125;-200;-200;3159;206;0;
28766;2025.02.20 08:45;-28;-4.25;-200;-200;3159;206;0;
28767;2025.02.20 09:00;-28;-4.625;-200;-200;3159;206;0;
28768;2025.02.20 09:15;-28;-4.9375;-200;-200;3159;206;0;
28769;2025.02.20 09:30;-28;-5.125;-200;-200;3159;206;0;
28770;2025.02.20 09:45;-28;-5.25;-200;-200;3159;206;0;
28771;2025.02.20 10:00;-28;-5.25;-200;-200;3159;206;0;
28772;2025.02.20 10:15;-28;-5.125;-200;-200;3159;206;0;
28773;2025.02.20 10:30;-28;-5.25;-200;-200;3159;206;0;
28774;2025.02.20 10:45;-28;-5.375;-200;-200;3159;206;0;
28775;2025.02.20 11:00;-28;-5.375;-200;-200;3159;206;0;
28776;2025.02.20 11:15;-28;-5.4375;-200;-200;3159;206;0;
28777;2025.02.20 11:30;-28;-5.375;-200;-200;3159;206;0;
28778;2025.02.20 11:45;-28;-5.5;-200;-200;3159;206;0;
28779;2025.02.20 12:00;-28;-5.3125;-200;-200;3159;206;0;
28780;2025.02.20 12:15;-28;-5.375;-200;-200;3159;206;0;
28781;2025.02.20 12:30;-28;-5.5;-200;-200;3159;206;0;
28782;2025.02.20 12:45;-28;-5.8125;-200;-200;3159;206;0;
28783;2025.02.20 13:00;-28;-6;-200;-200;3159;206;0;
28784;2025.02.20 13:15;-28;-6.125;-200;-200;3159;206;0;
28785;2025.02.20 13:30;-28;-6.25;-200;-200;3159;206;0;
28786;2025.02.20 13:45;-28;-6.1875;-200;-200;3159;206;0;
28787;2025.02.20 14:00;-28;-6.25;-200;-200;3159;206;0;
28788;2025.02.20 14:15;-28;-5.75;-200;-200;3159;206;0;
28789;2025.02.20 14:30;-28;-5.1875;-200;-200;3159;206;0;
28790;2025.02.20 14:45;-28;-4.5;-200;-200;3159;206;0;
28791;2025.02.20 15:00;-28;-3.5;-200;-200;3159;206;0;
28792;2025.02.20 15:15;-28;-1.375;-200;-200;3159;206;0;
28793;2025.02.20 15:30;-28;0.375;-200;-200;3159;206;0;
28794;2025.02.20 15:45;-28;1.125;-200;-200;3159;206;0;
28795;2025.02.20 16:00;-28;1.5625;-200;-200;3159;206;0;
28796;2025.02.20 16:15;-28;1.75;-200;-200;3159;206;0;
28797;2025.02.20 16:30;-28;2.5;-200;-200;3159;206;0;
28798;2025.02.20 16:45;-28;2.75;-200;-200;3160;206;0;
28799;2025.02.20 17:00;-28;3.4375;-200;-200;3160;206;0;
28800;2025.02.20 17:15;-28;3.625;-200;-200;3160;206;0;
28801;2025.02.20 17:30;-28;4.1875;-200;-200;3159;206;0;
28802;2025.02.20 17:45;-28;4.625;-200;-200;3160;206;0;
28803;2025.02.20 18:00;-28;4.875;-200;-200;3160;206;0;
28804;2025.02.20 18:15;-28;5.875;-200;-200;3160;206;0;
28805;2025.02.20 18:30;-28;6.25;-200;-200;3160;206;0;
28806;2025.02.20 18:45;-28;6.375;-200;-200;3160;206;0;
28807;2025.02.20 19:00;-28;5.875;-200;-200;3160;206;0;
28808;2025.02.20 19:15;-28;6.125;-200;-200;3160;206;0;
28809;2025.02.20 19:30;-28;5.375;-200;-200;3160;206;0;
28810;2025.02.20 19:45;-28;5.875;-200;-200;3160;206;0;
28811;2025.02.20 20:00;-28;6.125;-200;-200;3160;206;0;
28812;2025.02.20 20:15;-28;8.4375;-200;-200;3160;206;0;
28813;2025.02.20 20:30;-28;7.6875;-200;-200;3161;206;0;
28814;2025.02.20 20:45;-28;6.9375;-200;-200;3160;206;0;
28815;2025.02.20 21:00;-28;6.25;-200;-200;3160;206;0;
28816;2025.02.20 21:15;-28;6;-200;-200;3160;206;0;
28817;2025.02.20 21:30;-28;6.625;-200;-200;3160;206;0;
28818;2025.02.20 21:45;-28;6.875;-200;-200;3160;206;0;
28819;2025.02.20 22:00;-28;6.8125;-200;-200;3160;206;0;
28820;2025.02.20 22:15;-28;7.0625;-200;-200;3160;206;0;
28821;2025.02.20 22:30;-28;6.5;-200;-200;3160;206;0;
28822;2025.02.20 22:45;-28;6.5;-200;-200;3160;206;0;
28823;2025.02.20 23:00;-28;6.125;-200;-200;3160;206;0;
28824;2025.02.20 23:15;-28;5.8125;-200;-200;3160;206;0;
28825;2025.02.20 23:30;-28;5.625;-200;-200;3160;206;0;
28826;2025.02.20 23:45;-28;5.0625;-200;-200;3160;206;0;
28827;2025.02.21 00:00;-28;4.25;-200;-200;3160;206;0;
28828;2025.02.21 00:15;-28;4;-200;-200;3160;206;0;
28829;2025.02.21 00:30;-28;3.75;-200;-200;3160;206;0;
28830;2025.02.21 00:45;-28;3.875;-200;-200;3160;206;0;
28831;2025.02.21 01:00;-28;3.3125;-200;-200;3160;206;0;
28832;2025.02.21 01:15;-28;3.0625;-200;-200;3160;206;0;
28833;2025.02.21 01:30;-28;3;-200;-200;3160;206;0;
28834;2025.02.21 01:45;-28;2.75;-200;-200;3160;206;0;
28835;2025.02.21 02:00;-28;2.375;-200;-200;3160;206;0;
28836;2025.02.21 02:15;-28;2;-200;-200;3160;206;0;
28837;2025.02.21 02:30;-28;1.375;-200;-200;3160;206;0;
28838;2025.02.21 02:45;-28;0.625;-200;-200;3160;206;0;
28839;2025.02.21 03:00;-28;-0.25;-200;-200;3159;206;0;
28840;2025.02.21 03:15;-28;-0.8125;-200;-200;3159;206;0;
28841;2025.02.21 03:30;-28;-1.25;-200;-200;3159;206;0;
28842;2025.02.21 03:45;-28;-2;-200;-200;3159;206;0;
28843;2025.02.21 04:00;-28;-2.75;-200;-200;3159;206;0;
28844;2025.02.21 04:15;-28;-2.75;-200;-200;3159;206;0;
28845;2025.02.21 04:30;-28;-2.875;-200;-200;3159;206;0;
28846;2025.02.21 04:45;-28;-2.75;-200;-200;3159;206;0;
28847;2025.02.21 05:00;-28;-3.125;-200;-200;3159;206;0;
28848;2025.02.21 05:15;-28;-3.25;-200;-200;3159;206;0;
28849;2025.02.21 05:30;-28;-3;-200;-200;3159;206;0;
28850;2025.02.21 05:45;-28;-3.25;-200;-200;3159;206;0;
28851;2025.02.21 06:00;-28;-3.5;-200;-200;3159;206;0;
28852;2025.02.21 06:15;-28;-3.8125;-200;-200;3159;206;0;
28853;2025.02.21 06:30;-28;-4.125;-200;-200;3159;206;0;
28854;2025.02.21 06:45;-28;-4.25;-200;-200;3159;206;0;
28855;2025.02.21 07:00;-28;-4.1875;-200;-200;3159;206;0;
28856;2025.02.21 07:15;-28;-4.25;-200;-200;3159;206;0;
28857;2025.02.21 07:30;-28;-4.4375;-200;-200;3159;206;0;
28858;2025.02.21 07:45;-28;-4.75;-200;-200;3159;206;0;
28859;2025.02.21 08:00;-28;-5;-200;-200;3159;206;0;
28860;2025.02.21 08:15;-28;-5.125;-200;-200;3159;206;0;
28861;2025.02.21 08:30;-28;-5.25;-200;-200;3159;206;0;
28862;2025.02.21 08:45;-28;-5.3125;-200;-200;3159;206;0;
28863;2025.02.21 09:00;-28;-5.375;-200;-200;3159;206;0;
28864;2025.02.21 09:15;-28;-5.75;-200;-200;3159;206;0;
28865;2025.02.21 09:30;-28;-5.875;-200;-200;3159;206;0;
28866;2025.02.21 09:45;-28;-6.0625;-200;-200;3159;206;0;
28867;2025.02.21 10:00;-28;-6.25;-200;-200;3159;206;0;
28868;2025.02.21 10:15;-28;-6.25;-200;-200;3159;206;0;
28869;2025.02.21 10:30;-28;-6.25;-200;-200;3159;206;0;
28870;2025.02.21 10:45;-28;-6.4375;-200;-200;3159;206;0;
28871;2025.02.21 11:00;-28;-6.75;-200;-200;3159;206;0;
28872;2025.02.21 11:15;-28;-6.9375;-200;-200;3159;206;0;
28873;2025.02.21 11:30;-28;-7.1875;-200;-200;3159;206;0;
28874;2025.02.21 11:45;-28;-7.25;-200;-200;3159;206;0;
28875;2025.02.21 12:00;-28;-7.1875;-200;-200;3159;206;0;
28876;2025.02.21 12:15;-28;-7.375;-200;-200;3159;206;0;
28877;2025.02.21 12:30;-28;-7.1875;-200;-200;3159;206;0;
28878;2025.02.21 12:45;-28;-7.1875;-200;-200;3159;206;0;
28879;2025.02.21 13:00;-28;-7.625;-200;-200;3159;206;0;
28880;2025.02.21 13:15;-28;-7.4375;-200;-200;3159;206;0;
28881;2025.02.21 13:30;-28;-7.625;-200;-200;3159;206;0;
28882;2025.02.21 13:45;-28;-7.75;-200;-200;3159;206;0;
28883;2025.02.21 14:00;-28;-8;-200;-200;3159;206;0;
28884;2025.02.21 14:15;-28;-7.875;-200;-200;3159;206;0;
28885;2025.02.21 14:30;-28;-7.125;-200;-200;3159;206;0;
28886;2025.02.21 14:45;-28;-6.25;-200;-200;3159;206;0;
28887;2025.02.21 15:00;-28;-4.75;-200;-200;3159;206;0;
28888;2025.02.21 15:15;-28;-3.5625;-200;-200;3159;206;0;
28889;2025.02.21 15:30;-28;-2.6875;-200;-200;3159;206;0;
28890;2025.02.21 15:45;-28;-2.25;-200;-200;3159;206;0;
28891;2025.02.21 16:00;-28;-2;-200;-200;3159;206;0;
28892;2025.02.21 16:15;-28;-1.625;-200;-200;3159;206;0;
28893;2025.02.21 16:30;-28;-1.375;-200;-200;3159;206;0;
28894;2025.02.21 16:45;-28;-1.25;-200;-200;3159;206;0;
28895;2025.02.21 17:00;-28;-0.625;-200;-200;3159;206;0;
28896;2025.02.21 17:15;-28;-0.125;-200;-200;3159;206;0;
28897;2025.02.21 17:30;-28;0.25;-200;-200;3159;206;0;
28898;2025.02.21 17:45;-28;0.8125;-200;-200;3159;206;0;
28899;2025.02.21 18:00;-28;1.4375;-200;-200;3159;206;0;
28900;2025.02.21 18:15;-28;2.25;-200;-200;3159;206;0;
28901;2025.02.21 18:30;-28;2.9375;-200;-200;3159;206;0;
28902;2025.02.21 18:45;-28;3;-200;-200;3160;206;0;
28903;2025.02.21 19:00;-28;2.25;-200;-200;3160;206;0;
28904;2025.02.21 19:15;-28;1.25;-200;-200;3159;206;0;
28905;2025.02.21 19:30;-28;2.125;-200;-200;3159;206;0;
28906;2025.02.21 19:45;-28;2.25;-200;-200;3159;206;0;
28907;2025.02.21 20:00;-28;3;-200;-200;3159;206;0;
28908;2025.02.21 20:15;-28;5.125;-200;-200;3160;206;0;
28909;2025.02.21 20:30;-28;5.8125;-200;-200;3160;206;0;
28910;2025.02.21 20:45;-28;5.5;-200;-200;3160;206;0;
28911;2025.02.21 21:00;-28;3.75;-200;-200;3160;206;0;
28912;2025.02.21 21:15;-28;3;-200;-200;3160;206;0;
28913;2025.02.21 21:30;-28;3.375;-200;-200;3160;206;0;
28914;2025.02.21 21:45;-28;3.5;-200;-200;3160;206;0;
28915;2025.02.21 22:00;-28;2.875;-200;-200;3160;206;0;
28916;2025.02.21 22:15;-28;2.625;-200;-200;3159;206;0;
28917;2025.02.21 22:30;-28;2.5;-200;-200;3159;206;0;
28918;2025.02.21 22:45;-28;2;-200;-200;3160;206;0;
28919;2025.02.21 23:00;-28;1.875;-200;-200;3159;206;0;
28920;2025.02.21 23:15;-28;1.3125;-200;-200;3159;206;0;
28921;2025.02.21 23:30;-28;0.875;-200;-200;3159;206;0;
28922;2025.02.21 23:45;-28;1.625;-200;-200;3159;206;0;
28923;2025.02.22 00:00;-28;0.875;-200;-200;3159;206;0;
28924;2025.02.22 00:15;-28;0.25;-200;-200;3159;206;0;
28925;2025.02.22 00:30;-28;-0.375;-200;-200;3159;206;0;
28926;2025.02.22 00:45;-28;-0.75;-200;-200;3159;206;0;
28927;2025.02.22 01:00;-28;-1.375;-200;-200;3159;206;0;
28928;2025.02.22 01:15;-28;-2.125;-200;-200;3159;206;0;
28929;2025.02.22 01:30;-28;-2.6875;-200;-200;3159;206;0;
28930;2025.02.22 01:45;-28;-3;-200;-200;3159;206;0;
28931;2025.02.22 02:00;-28;-3.25;-200;-200;3159;206;0;
28932;2025.02.22 02:15;-28;-3.4375;-200;-200;3159;206;0;
28933;2025.02.22 02:30;-28;-3.4375;-200;-200;3159;206;0;
28934;2025.02.22 02:45;-28;-3.625;-200;-200;3159;206;0;
28935;2025.02.22 03:00;-28;-3.75;-200;-200;3159;206;0;
28936;2025.02.22 03:15;-28;-3.875;-200;-200;3159;206;0;
28937;2025.02.22 03:30;-28;-4.125;-200;-200;3159;206;0;
28938;2025.02.22 03:45;-28;-4.25;-200;-200;3159;206;0;
28939;2025.02.22 04:00;-28;-4.3125;-200;-200;3159;206;0;
28940;2025.02.22 04:15;-28;-4.375;-200;-200;3159;206;0;
28941;2025.02.22 04:30;-28;-4.5;-200;-200;3159;206;0;
28942;2025.02.22 04:45;-28;-4.875;-200;-200;3159;206;0;
28943;2025.02.22 05:00;-28;-5.3125;-200;-200;3159;206;0;
28944;2025.02.22 05:15;-28;-5;-200;-200;3159;206;0;
28945;2025.02.22 05:30;-28;-5.5;-200;-200;3159;206;0;
28946;2025.02.22 05:45;-28;-6.125;-200;-200;3159;206;0;
28947;2025.02.22 06:00;-28;-6.375;-200;-200;3159;206;0;
28948;2025.02.22 06:15;-28;-6.625;-200;-200;3159;206;0;
28949;2025.02.22 06:30;-28;-6.5625;-200;-200;3159;206;0;
28950;2025.02.22 06:45;-28;-6.25;-200;-200;3159;206;0;
28951;2025.02.22 07:00;-28;-6.8125;-200;-200;3159;206;0;
28952;2025.02.22 07:15;-28;-6.875;-200;-200;3159;206;0;
28953;2025.02.22 07:30;-28;-7.25;-200;-200;3159;206;0;
28954;2025.02.22 07:45;-28;-7.375;-200;-200;3159;206;0;
28955;2025.02.22 08:00;-28;-7.375;-200;-200;3159;206;0;
28956;2025.02.22 08:15;-28;-7.625;-200;-200;3159;206;0;
28957;2025.02.22 08:30;-28;-7.625;-200;-200;3159;206;0;
28958;2025.02.22 08:45;-28;-7.75;-200;-200;3159;206;0;
28959;2025.02.22 09:00;-28;-7.5625;-200;-200;3159;206;0;
28960;2025.02.22 09:15;-28;-7.8125;-200;-200;3159;206;0;
28961;2025.02.22 09:30;-28;-7.8125;-200;-200;3159;206;0;
28962;2025.02.22 09:45;-28;-7.875;-200;-200;3159;206;0;
28963;2025.02.22 10:00;-28;-8.125;-200;-200;3159;206;0;
28964;2025.02.22 10:15;-28;-8;-200;-200;3159;206;0;
28965;2025.02.22 10:30;-28;-8.5;-200;-200;3159;206;0;
28966;2025.02.22 10:45;-28;-8.375;-200;-200;3159;206;0;
28967;2025.02.22 11:00;-28;-8.5625;-200;-200;3159;206;0;
28968;2025.02.22 11:15;-28;-8.5;-200;-200;3159;206;0;
28969;2025.02.22 11:30;-28;-8.625;-200;-200;3159;206;0;
28970;2025.02.22 11:45;-28;-8.625;-200;-200;3159;206;0;
28971;2025.02.22 12:00;-28;-8.625;-200;-200;3159;206;0;
28972;2025.02.22 12:15;-28;-8.75;-200;-200;3159;206;0;
28973;2025.02.22 12:30;-28;-8.75;-200;-200;3159;206;0;
28974;2025.02.22 12:45;-28;-8.75;-200;-200;3159;206;0;
28975;2025.02.22 13:00;-28;-8.5;-200;-200;3159;206;0;
28976;2025.02.22 13:15;-28;-8.5;-200;-200;3159;206;0;
28977;2025.02.22 13:30;-28;-8.125;-200;-200;3159;206;0;
28978;2025.02.22 13:45;-28;-8;-200;-200;3159;206;0;
28979;2025.02.22 14:00;-28;-7.125;-200;-200;3159;206;0;
28980;2025.02.22 14:15;-28;-6.875;-200;-200;3159;206;0;
28981;2025.02.22 14:30;-28;-7;-200;-200;3159;206;0;
28982;2025.02.22 14:45;-28;-6.25;-200;-200;3159;206;0;
28983;2025.02.22 15:00;-28;-5.25;-200;-200;3159;206;0;
28984;2025.02.22 15:15;-28;-3.375;-200;-200;3159;206;0;
28985;2025.02.22 15:30;-28;-1.8125;-200;-200;3159;206;0;
28986;2025.02.22 15:45;-28;-0.125;-200;-200;3159;206;0;
28987;2025.02.22 16:00;-28;0.625;-200;-200;3159;206;0;
28988;2025.02.22 16:15;-28;1;-200;-200;3159;206;0;
28989;2025.02.22 16:30;-28;1.3125;-200;-200;3159;206;0;
28990;2025.02.22 16:45;-28;1.5625;-200;-200;3159;206;0;
28991;2025.02.22 17:00;-28;1.75;-200;-200;3159;206;0;
28992;2025.02.22 17:15;-28;2.125;-200;-200;3159;206;0;
28993;2025.02.22 17:30;-28;3;-200;-200;3159;206;0;
28994;2025.02.22 17:45;-28;3.625;-200;-200;3159;206;0;
28995;2025.02.22 18:00;-28;4.125;-200;-200;3159;206;0;
28996;2025.02.22 18:15;-28;4.375;-200;-200;3159;206;0;
28997;2025.02.22 18:30;-28;5.25;-200;-200;3159;206;0;
28998;2025.02.22 18:45;-28;4.875;-200;-200;3159;206;0;
28999;2025.02.22 19:00;-28;4.9375;-200;-200;3159;206;0;
29000;2025.02.22 19:15;-28;5.1875;-200;-200;3159;206;0;
29001;2025.02.22 19:30;-28;5;-200;-200;3159;206;0;
29002;2025.02.22 19:45;-28;5.0625;-200;-200;3159;206;0;
29003;2025.02.22 20:00;-28;5.9375;-200;-200;3159;206;0;
29004;2025.02.22 20:15;-28;8.125;-200;-200;3160;206;0;
29005;2025.02.22 20:30;-28;8.875;-200;-200;3161;206;0;
29006;2025.02.22 20:45;-28;8.25;-200;-200;3161;206;0;
29007;2025.02.22 21:00;-28;6.4375;-200;-200;3160;206;0;
29008;2025.02.22 21:15;-28;6.1875;-200;-200;3160;206;0;
29009;2025.02.22 21:30;-28;7.875;-200;-200;3160;206;0;
29010;2025.02.22 21:45;-28;8.3125;-200;-200;3161;206;0;
29011;2025.02.22 22:00;-28;7.1875;-200;-200;3161;206;0;
29012;2025.02.22 22:15;-28;6.25;-200;-200;3160;206;0;
29013;2025.02.22 22:30;-28;6.3125;-200;-200;3160;206;0;
29014;2025.02.22 22:45;-28;5.75;-200;-200;3160;206;0;
29015;2025.02.22 23:00;-28;5.5625;-200;-200;3160;206;0;
29016;2025.02.22 23:15;-28;5.25;-200;-200;3160;206;0;
29017;2025.02.22 23:30;-28;4.875;-200;-200;3160;206;0;
29018;2025.02.22 23:45;-28;6.3125;-200;-200;3160;206;0;
29019;2025.02.23 00:00;-28;6.9375;-200;-200;3160;206;0;
29020;2025.02.23 00:15;-28;4;-200;-200;3159;206;0;
29021;2025.02.23 00:30;-28;2.75;-200;-200;3159;206;0;
29022;2025.02.23 00:45;-28;1.875;-200;-200;3159;206;0;
29023;2025.02.23 01:00;-28;1.1875;-200;-200;3159;206;0;
29024;2025.02.23 01:15;-28;0.1875;-200;-200;3159;206;0;
29025;2025.02.23 01:30;-28;-0.6875;-200;-200;3159;206;0;
29026;2025.02.23 01:45;-28;-1.375;-200;-200;3159;206;0;
29027;2025.02.23 02:00;-28;-1.875;-200;-200;3159;206;0;
29028;2025.02.23 02:15;-28;-2.5;-200;-200;3159;206;0;
29029;2025.02.23 02:30;-28;-2.875;-200;-200;3159;206;0;
29030;2025.02.23 02:45;-28;-3;-200;-200;3159;206;0;
29031;2025.02.23 03:00;-28;-3;-200;-200;3158;206;0;
29032;2025.02.23 03:15;-28;-3;-200;-200;3159;206;0;
29033;2025.02.23 03:30;-28;-3.375;-200;-200;3159;206;0;
29034;2025.02.23 03:45;-28;-3.75;-200;-200;3159;206;0;
29035;2025.02.23 04:00;-28;-4;-200;-200;3158;206;0;
29036;2025.02.23 04:15;-28;-3.8125;-200;-200;3159;206;0;
29037;2025.02.23 04:30;-28;-3.75;-200;-200;3159;206;0;
29038;2025.02.23 04:45;-28;-4;-200;-200;3158;206;0;
29039;2025.02.23 05:00;-28;-4;-200;-200;3158;206;0;
29040;2025.02.23 05:15;-28;-3.875;-200;-200;3158;206;0;
29041;2025.02.23 05:30;-28;-3.5;-200;-200;3158;206;0;
29042;2025.02.23 05:45;-28;-3.125;-200;-200;3158;206;0;
29043;2025.02.23 06:00;-28;-2.8125;-200;-200;3158;206;0;
29044;2025.02.23 06:15;-28;-2.875;-200;-200;3158;206;0;
29045;2025.02.23 06:30;-28;-3.1875;-200;-200;3158;206;0;
29046;2025.02.23 06:45;-28;-3.625;-200;-200;3158;206;0;
29047;2025.02.23 07:00;-28;-3.75;-200;-200;3158;206;0;
29048;2025.02.23 07:15;-28;-3.125;-200;-200;3158;206;0;
29049;2025.02.23 07:30;-28;-3.5625;-200;-200;3158;206;0;
29050;2025.02.23 07:45;-28;-3.75;-200;-200;3158;206;0;
29051;2025.02.23 08:00;-28;-4.3125;-200;-200;3158;206;0;
29052;2025.02.23 08:15;-28;-4.875;-200;-200;3158;206;0;
29053;2025.02.23 08:30;-28;-4.9375;-200;-200;3158;206;0;
29054;2025.02.23 08:45;-28;-4.25;-200;-200;3158;206;0;
29055;2025.02.23 09:00;-28;-3.75;-200;-200;3158;206;0;
29056;2025.02.23 09:15;-28;-3.25;-200;-200;3158;206;0;
29057;2025.02.23 09:30;-28;-3.125;-200;-200;3158;206;0;
29058;2025.02.23 09:45;-28;-3.1875;-200;-200;3158;206;0;
29059;2025.02.23 10:00;-28;-3.25;-200;-200;3158;206;0;
29060;2025.02.23 10:15;-28;-3.25;-200;-200;3158;206;0;
29061;2025.02.23 10:30;-28;-3.5625;-200;-200;3158;206;0;
29062;2025.02.23 10:45;-28;-3.875;-200;-200;3158;206;0;
29063;2025.02.23 11:00;-28;-4.3125;-200;-200;3158;206;0;
29064;2025.02.23 11:15;-28;-4.375;-200;-200;3158;206;0;
29065;2025.02.23 11:30;-28;-4.0625;-200;-200;3158;206;0;
29066;2025.02.23 11:45;-28;-4.25;-200;-200;3158;206;0;
29067;2025.02.23 12:00;-28;-3.6875;-200;-200;3158;206;0;
29068;2025.02.23 12:15;-28;-3.875;-200;-200;3158;206;0;
29069;2025.02.23 12:30;-28;-4;-200;-200;3158;206;0;
29070;2025.02.23 12:45;-28;-3.9375;-200;-200;3158;206;0;
29071;2025.02.23 13:00;-28;-4.125;-200;-200;3158;206;0;
29072;2025.02.23 13:15;-28;-3.9375;-200;-200;3158;206;0;
29073;2025.02.23 13:30;-28;-3.5;-200;-200;3158;206;0;
29074;2025.02.23 13:45;-28;-3.5;-200;-200;3158;206;0;
29075;2025.02.23 14:00;-28;-2.875;-200;-200;3158;206;0;
29076;2025.02.23 14:15;-28;-2.5;-200;-200;3158;206;0;
29077;2025.02.23 14:30;-28;-1.875;-200;-200;3158;206;0;
29078;2025.02.23 14:45;-28;-1.125;-200;-200;3159;206;0;
29079;2025.02.23 15:00;-28;-0.3125;-200;-200;3159;206;0;
29080;2025.02.23 15:15;-28;0.25;-200;-200;3159;206;0;
29081;2025.02.23 15:30;-28;1.25;-200;-200;3159;206;0;
29082;2025.02.23 15:45;-28;2.375;-200;-200;3159;206;0;
29083;2025.02.23 16:00;-28;3;-200;-200;3159;206;0;
29084;2025.02.23 16:15;-28;3.1875;-200;-200;3159;206;0;
29085;2025.02.23 16:30;-28;3.75;-200;-200;3159;206;0;
29086;2025.02.23 16:45;-28;4.0625;-200;-200;3159;206;0;
29087;2025.02.23 17:00;-28;4.625;-200;-200;3159;206;0;
29088;2025.02.23 17:15;-28;5.0625;-200;-200;3159;206;0;
29089;2025.02.23 17:30;-28;5.875;-200;-200;3159;206;0;
29090;2025.02.23 17:45;-28;6.375;-200;-200;3159;206;0;
29091;2025.02.23 18:00;-28;6.625;-200;-200;3159;206;0;
29092;2025.02.23 18:15;-28;7.375;-200;-200;3159;206;0;
29093;2025.02.23 18:30;-28;7.625;-200;-200;3159;206;0;
29094;2025.02.23 18:45;-28;8.25;-200;-200;3159;206;0;
29095;2025.02.23 19:00;-28;8.5;-200;-200;3159;206;0;
29096;2025.02.23 19:15;-28;8.3125;-200;-200;3159;206;0;
29097;2025.02.23 19:30;-28;8.3125;-200;-200;3159;206;0;
29098;2025.02.23 19:45;-28;8.25;-200;-200;3159;206;0;
29099;2025.02.23 20:00;-28;9.25;-200;-200;3159;206;0;
29100;2025.02.23 20:15;-28;12.5;-200;-200;3160;206;0;
29101;2025.02.23 20:30;-28;12.9375;-200;-200;3160;206;0;
29102;2025.02.23 20:45;-28;11.0625;-200;-200;3159;206;0;
29103;2025.02.23 21:00;-28;9.125;-200;-200;3159;206;0;
29104;2025.02.23 21:15;-28;9.1875;-200;-200;3159;206;0;
29105;2025.02.23 21:30;-28;10.6875;-200;-200;3159;206;0;
29106;2025.02.23 21:45;-28;10.75;-200;-200;3159;206;0;
29107;2025.02.23 22:00;-28;10.25;-200;-200;3159;206;0;
29108;2025.02.23 22:15;-28;9.75;-200;-200;3159;206;0;
29109;2025.02.23 22:30;-28;8.75;-200;-200;3159;206;0;
29110;2025.02.23 22:45;-28;8.8125;-200;-200;3159;206;0;
29111;2025.02.23 23:00;-28;9.625;-200;-200;3159;206;0;
29112;2025.02.23 23:15;-28;8.6875;-200;-200;3159;206;0;
29113;2025.02.23 23:30;-28;8;-200;-200;3158;206;0;
29114;2025.02.23 23:45;-28;9.625;-200;-200;3159;206;0;
29115;2025.02.24 00:00;-28;9.5;-200;-200;3159;206;0;
29116;2025.02.24 00:15;-28;7.125;-200;-200;3158;206;0;
29117;2025.02.24 00:30;-28;6.375;-200;-200;3158;206;0;
29118;2025.02.24 00:45;-28;5.1875;-200;-200;3158;206;0;
29119;2025.02.24 01:00;-28;3.75;-200;-200;3158;206;0;
29120;2025.02.24 01:15;-28;2.625;-200;-200;3158;206;0;
29121;2025.02.24 01:30;-28;1.625;-200;-200;3158;206;0;
29122;2025.02.24 01:45;-28;1.3125;-200;-200;3157;206;0;
29123;2025.02.24 02:00;-28;0.75;-200;-200;3157;206;0;
29124;2025.02.24 02:15;-28;0.875;-200;-200;3157;206;0;
29125;2025.02.24 02:30;-28;1;-200;-200;3157;206;0;
29126;2025.02.24 02:45;-28;1.4375;-200;-200;3157;206;0;
29127;2025.02.24 03:00;-28;0.5;-200;-200;3157;206;0;
29128;2025.02.24 03:15;-28;0;-200;-200;3157;206;0;
29129;2025.02.24 03:30;-28;-0.75;-200;-200;3157;206;0;
29130;2025.02.24 03:45;-28;-0.8125;-200;-200;3157;206;0;
29131;2025.02.24 04:00;-28;-0.0625;-200;-200;3157;206;0;
29132;2025.02.24 04:15;-28;0.5625;-200;-200;3157;206;0;
29133;2025.02.24 04:30;-28;0.25;-200;-200;3156;206;0;
29134;2025.02.24 04:45;-28;0.5;-200;-200;3156;206;0;
29135;2025.02.24 05:00;-28;1;-200;-200;3156;206;0;
29136;2025.02.24 05:15;-28;1.25;-200;-200;3157;206;0;
29137;2025.02.24 05:30;-28;1.75;-200;-200;3157;206;0;
29138;2025.02.24 05:45;-28;1.875;-200;-200;3156;206;0;
29139;2025.02.24 06:00;-28;2.4375;-200;-200;3156;206;0;
29140;2025.02.24 06:15;-28;3;-200;-200;3156;206;0;
29141;2025.02.24 06:30;-28;3.25;-200;-200;3156;206;0;
29142;2025.02.24 06:45;-28;3.0625;-200;-200;3156;206;0;
29143;2025.02.24 07:00;-28;2.375;-200;-200;3156;206;0;
29144;2025.02.24 07:15;-28;2.125;-200;-200;3156;206;0;
29145;2025.02.24 07:30;-28;2;-200;-200;3156;206;0;
29146;2025.02.24 07:45;-28;1.3125;-200;-200;3156;206;0;
29147;2025.02.24 08:00;-28;1.1875;-200;-200;3156;206;0;
29148;2025.02.24 08:15;-28;0.75;-200;-200;3156;206;0;
29149;2025.02.24 08:30;-28;0.625;-200;-200;3156;206;0;
29150;2025.02.24 08:45;-28;0.6875;-200;-200;3156;206;0;
29151;2025.02.24 09:00;-28;0.625;-200;-200;3156;206;0;
29152;2025.02.24 09:15;-28;0.875;-200;-200;3156;206;0;
29153;2025.02.24 09:30;-28;1.125;-200;-200;3156;206;0;
29154;2025.02.24 09:45;-28;0.5625;-200;-200;3156;206;0;
29155;2025.02.24 10:00;-28;0.1875;-200;-200;3156;206;0;
29156;2025.02.24 10:15;-28;0.1875;-200;-200;3156;206;0;
29157;2025.02.24 10:30;-28;0.625;-200;-200;3156;206;0;
29158;2025.02.24 10:45;-28;0.6875;-200;-200;3156;206;0;
29159;2025.02.24 11:00;-28;0.625;-200;-200;3155;206;0;
29160;2025.02.24 11:15;-28;0.4375;-200;-200;3155;206;0;
29161;2025.02.24 11:30;-28;0.125;-200;-200;3155;206;0;
29162;2025.02.24 11:45;-28;0.0625;-200;-200;3155;206;0;
29163;2025.02.24 12:00;-28;-0.1875;-200;-200;3155;206;0;
29164;2025.02.24 12:15;-28;-0.75;-200;-200;3155;206;0;
29165;2025.02.24 12:30;-28;-0.875;-200;-200;3155;206;0;
29166;2025.02.24 12:45;-28;-1.3125;-200;-200;3155;206;0;
29167;2025.02.24 13:00;-28;-1.625;-200;-200;3155;206;0;
29168;2025.02.24 13:15;-28;-0.875;-200;-200;3155;206;0;
29169;2025.02.24 13:30;-28;0.0625;-200;-200;3155;206;0;
29170;2025.02.24 13:45;-28;0.0625;-200;-200;3155;206;0;
29171;2025.02.24 14:00;-28;0.25;-200;-200;3155;206;0;
29172;2025.02.24 14:15;-28;0.375;-200;-200;3155;206;0;
29173;2025.02.24 14:30;-28;1.375;-200;-200;3155;206;0;
29174;2025.02.24 14:45;-28;2.5625;-200;-200;3154;206;0;
29175;2025.02.24 15:00;-28;3.625;-200;-200;3154;206;0;
29176;2025.02.24 15:15;-28;4.8125;-200;-200;3155;206;0;
29177;2025.02.24 15:30;-28;5.8125;-200;-200;3154;206;0;
29178;2025.02.24 15:45;-28;6.625;-200;-200;3154;206;0;
29179;2025.02.24 16:00;-28;6.875;-200;-200;3154;206;0;
29180;2025.02.24 16:15;-28;7.25;-200;-200;3154;206;0;
29181;2025.02.24 16:30;-28;7.4375;-200;-200;3154;206;0;
29182;2025.02.24 16:45;-28;7.75;-200;-200;3154;206;0;
29183;2025.02.24 17:00;-28;8.125;-200;-200;3154;206;0;
29184;2025.02.24 17:15;-28;8.5;-200;-200;3154;206;0;
29185;2025.02.24 17:30;-28;9.25;-200;-200;3154;206;0;
29186;2025.02.24 17:45;-28;9.5;-200;-200;3154;206;0;
29187;2025.02.24 18:00;-28;10.1875;-200;-200;3154;206;0;
29188;2025.02.24 18:15;-28;10.5;-200;-200;3154;206;0;
29189;2025.02.24 18:30;-28;11.25;-200;-200;3154;206;0;
29190;2025.02.24 18:45;-28;11.25;-200;-200;3154;206;0;
29191;2025.02.24 19:00;-28;11.1875;-200;-200;3154;206;0;
29192;2025.02.24 19:15;-28;11.25;-200;-200;3154;206;0;
29193;2025.02.24 19:30;-28;11.0625;-200;-200;3154;206;0;
29194;2025.02.24 19:45;-28;11.125;-200;-200;3154;206;0;
29195;2025.02.24 20:00;-28;11.875;-200;-200;3154;206;0;
29196;2025.02.24 20:15;-28;13.75;-200;-200;3154;206;0;
29197;2025.02.24 20:30;-28;14.5;-200;-200;3154;206;0;
29198;2025.02.24 20:45;-28;12.5625;-200;-200;3154;206;0;
29199;2025.02.24 21:00;-28;11.375;-200;-200;3153;206;0;
29200;2025.02.24 21:15;-28;12.125;-200;-200;3153;206;0;
29201;2025.02.24 21:30;-28;12.8125;-200;-200;3153;206;0;
29202;2025.02.24 21:45;-28;12.375;-200;-200;3153;206;0;
29203;2025.02.24 22:00;-28;11.875;-200;-200;3153;206;0;
29204;2025.02.24 22:15;-28;12.1875;-200;-200;3153;206;0;
29205;2025.02.24 22:30;-28;11.375;-200;-200;3152;206;0;
29206;2025.02.24 22:45;-28;11.25;-200;-200;3153;206;0;
29207;2025.02.24 23:00;-28;11.875;-200;-200;3153;206;0;
29208;2025.02.24 23:15;-28;10.375;-200;-200;3153;206;0;
29209;2025.02.24 23:30;-28;9.75;-200;-200;3152;206;0;
29210;2025.02.24 23:45;-28;11.5;-200;-200;3153;206;0;
29211;2025.02.25 00:00;-28;10.125;-200;-200;3153;206;0;
29212;2025.02.25 00:15;-28;8.625;-200;-200;3152;206;0;
29213;2025.02.25 00:30;-28;8.125;-200;-200;3152;206;0;
29214;2025.02.25 00:45;-28;7.125;-200;-200;3152;206;0;
29215;2025.02.25 01:00;-28;6.125;-200;-200;3152;206;0;
29216;2025.02.25 01:15;-28;5;-200;-200;3152;206;0;
29217;2025.02.25 01:30;-28;3.9375;-200;-200;3152;206;0;
29218;2025.02.25 01:45;-28;2.9375;-200;-200;3151;206;0;
29219;2025.02.25 02:00;-28;3.125;-200;-200;3151;206;0;
29220;2025.02.25 02:15;-28;2.5;-200;-200;3151;206;0;
29221;2025.02.25 02:30;-28;2.75;-200;-200;3151;206;0;
29222;2025.02.25 02:45;-28;3.1875;-200;-200;3151;206;0;
29223;2025.02.25 03:00;-28;2.5;-200;-200;3151;206;0;
29224;2025.02.25 03:15;-28;2.375;-200;-200;3151;206;0;
29225;2025.02.25 03:30;-28;1.75;-200;-200;3151;206;0;
29226;2025.02.25 03:45;-28;1.375;-200;-200;3151;206;0;
29227;2025.02.25 04:00;-28;0.3125;-200;-200;3151;206;0;
29228;2025.02.25 04:15;-28;-0.125;-200;-200;3150;206;0;
29229;2025.02.25 04:30;-28;-0.375;-200;-200;3150;206;0;
29230;2025.02.25 04:45;-28;-0.625;-200;-200;3150;206;0;
29231;2025.02.25 05:00;-28;-0.1875;-200;-200;3150;206;0;
29232;2025.02.25 05:15;-28;0.125;-200;-200;3150;206;0;
29233;2025.02.25 05:30;-28;-0.3125;-200;-200;3149;206;0;
29234;2025.02.25 05:45;-28;-0.25;-200;-200;3150;206;0;
29235;2025.02.25 06:00;-28;0;-200;-200;3150;206;0;
29236;2025.02.25 06:15;-28;0.5;-200;-200;3150;206;0;
29237;2025.02.25 06:30;-28;0.625;-200;-200;3150;206;0;
29238;2025.02.25 06:45;-28;0;-200;-200;3150;206;0;
29239;2025.02.25 07:00;-28;0.3125;-200;-200;3150;206;0;
29240;2025.02.25 07:15;-28;1.125;-200;-200;3150;206;0;
29241;2025.02.25 07:30;-28;1.5;-200;-200;3150;206;0;
29242;2025.02.25 07:45;-28;1.125;-200;-200;3150;206;0;
29243;2025.02.25 08:00;-28;0.625;-200;-200;3150;206;0;
29244;2025.02.25 08:15;-28;0.25;-200;-200;3149;206;0;
29245;2025.02.25 08:30;-28;-0.5;-200;-200;3149;206;0;
29246;2025.02.25 08:45;-28;-0.4375;-200;-200;3149;206;0;
29247;2025.02.25 09:00;-28;-0.1875;-200;-200;3149;206;0;
29248;2025.02.25 09:15;-28;0.875;-200;-200;3149;206;0;
29249;2025.02.25 09:30;-28;1.75;-200;-200;3149;206;0;
29250;2025.02.25 09:45;-28;2.375;-200;-200;3149;206;0;
29251;2025.02.25 10:00;-28;2.625;-200;-200;3149;206;0;
29252;2025.02.25 10:15;-28;2.625;-200;-200;3149;206;0;
29253;2025.02.25 10:30;-28;2.375;-200;-200;3149;206;0;
29254;2025.02.25 10:45;-28;2.25;-200;-200;3149;206;0;
29255;2025.02.25 11:00;-28;1.75;-200;-200;3149;206;0;
29256;2025.02.25 11:15;-28;1.5;-200;-200;3149;206;0;
29257;2025.02.25 11:30;-28;1.25;-200;-200;3149;206;0;
29258;2025.02.25 11:45;-28;1.125;-200;-200;3149;206;0;
29259;2025.02.25 12:00;-28;0.875;-200;-200;3149;206;0;
29260;2025.02.25 12:15;-28;1;-200;-200;3149;206;0;
29261;2025.02.25 12:30;-28;1.75;-200;-200;3149;206;0;
29262;2025.02.25 12:45;-28;1.5625;-200;-200;3149;206;0;
29263;2025.02.25 13:00;-28;1.1875;-200;-200;3149;206;0;
29264;2025.02.25 13:15;-28;0.3125;-200;-200;3149;206;0;
29265;2025.02.25 13:30;-28;-0.125;-200;-200;3149;206;0;
29266;2025.02.25 13:45;-28;-0.375;-200;-200;3149;206;0;
29267;2025.02.25 14:00;-28;-0.5;-200;-200;3149;206;0;
29268;2025.02.25 14:15;-28;-0.625;-200;-200;3149;206;0;
29269;2025.02.25 14:30;-28;0.25;-200;-200;3148;206;0;
29270;2025.02.25 14:45;-28;1.5625;-200;-200;3148;206;0;
29271;2025.02.25 15:00;-28;3.5;-200;-200;3147;206;0;
29272;2025.02.25 15:15;-28;5.5;-200;-200;3147;206;0;
29273;2025.02.25 15:30;-28;6.625;-200;-200;3147;206;0;
29274;2025.02.25 15:45;-28;7.125;-200;-200;3147;206;0;
29275;2025.02.25 16:00;-28;7.75;-200;-200;3147;206;0;
29276;2025.02.25 16:15;-28;8.125;-200;-200;3147;206;0;
29277;2025.02.25 16:30;-28;8.375;-200;-200;3147;206;0;
29278;2025.02.25 16:45;-28;8.8125;-200;-200;3147;206;0;
29279;2025.02.25 17:00;-28;9.1875;-200;-200;3147;206;0;
29280;2025.02.25 17:15;-28;9.9375;-200;-200;3147;206;0;
29281;2025.02.25 17:30;-28;10;-200;-200;3147;206;0;
29282;2025.02.25 17:45;-28;10.375;-200;-200;3147;206;0;
29283;2025.02.25 18:00;-28;10.75;-200;-200;3147;206;0;
29284;2025.02.25 18:15;-28;10.875;-200;-200;3147;206;0;
29285;2025.02.25 18:30;-28;11.625;-200;-200;3147;206;0;
29286;2025.02.25 18:45;-28;11.625;-200;-200;3148;206;0;
29287;2025.02.25 19:00;-28;11.4375;-200;-200;3147;206;0;
29288;2025.02.25 19:15;-28;11;-200;-200;3147;206;0;
29289;2025.02.25 19:30;-28;11.375;-200;-200;3147;206;0;
29290;2025.02.25 19:45;-28;11.0625;-200;-200;3147;206;0;
29291;2025.02.25 20:00;-28;11.75;-200;-200;3147;206;0;
29292;2025.02.25 20:15;-28;12.8125;-200;-200;3147;206;0;
29293;2025.02.25 20:30;-28;14.125;-200;-200;3147;206;0;
29294;2025.02.25 20:45;-28;12.4375;-200;-200;3146;206;0;
29295;2025.02.25 21:00;-28;11.125;-200;-200;3146;206;0;
29296;2025.02.25 21:15;-28;11.875;-200;-200;3146;206;0;
29297;2025.02.25 21:30;-28;12.9375;-200;-200;3146;206;0;
29298;2025.02.25 21:45;-28;12;-200;-200;3146;206;0;
29299;2025.02.25 22:00;-28;10.875;-200;-200;3146;206;0;
29300;2025.02.25 22:15;-28;12.375;-200;-200;3146;206;0;
29301;2025.02.25 22:30;-28;10.9375;-200;-200;3145;206;0;
29302;2025.02.25 22:45;-28;11;-200;-200;3145;206;0;
29303;2025.02.25 23:00;-28;11.5;-200;-200;3146;206;0;
29304;2025.02.25 23:15;-28;10.5;-200;-200;3145;206;0;
29305;2025.02.25 23:30;-28;10.3125;-200;-200;3145;206;0;
29306;2025.02.25 23:45;-28;12.625;-200;-200;3146;206;0;
29307;2025.02.26 00:00;-28;10.4375;-200;-200;3146;206;0;
29308;2025.02.26 00:15;-28;9.25;-200;-200;3145;206;0;
29309;2025.02.26 00:30;-28;8.75;-200;-200;3145;206;0;
29310;2025.02.26 00:45;-28;8.0625;-200;-200;3145;206;0;
29311;2025.02.26 01:00;-28;7.3125;-200;-200;3144;206;0;
29312;2025.02.26 01:15;-28;6.625;-200;-200;3144;206;0;
29313;2025.02.26 01:30;-28;5.0625;-200;-200;3144;206;0;
29314;2025.02.26 01:45;-28;4;-200;-200;3143;206;0;
29315;2025.02.26 02:00;-28;3.4375;-200;-200;3143;206;0;
29316;2025.02.26 02:15;-28;3.4375;-200;-200;3142;206;0;
29317;2025.02.26 02:30;-28;3.5625;-200;-200;3142;206;0;
29318;2025.02.26 02:45;-28;3.625;-200;-200;3142;206;0;
29319;2025.02.26 03:00;-28;3.625;-200;-200;3142;206;0;
29320;2025.02.26 03:15;-28;3.625;-200;-200;3142;206;0;
29321;2025.02.26 03:30;-28;3.25;-200;-200;3142;206;0;
29322;2025.02.26 03:45;-28;3.25;-200;-200;3142;206;0;
29323;2025.02.26 04:00;-28;3.125;-200;-200;3142;206;0;
29324;2025.02.26 04:15;-28;3;-200;-200;3142;206;0;
29325;2025.02.26 04:30;-28;2.75;-200;-200;3142;206;0;
29326;2025.02.26 04:45;-28;2.4375;-200;-200;3142;206;0;
29327;2025.02.26 05:00;-28;2.375;-200;-200;3142;206;0;
29328;2025.02.26 05:15;-28;2.5;-200;-200;3142;206;0;
29329;2025.02.26 05:30;-28;2.125;-200;-200;3142;206;0;
29330;2025.02.26 05:45;-28;1.5;-200;-200;3142;206;0;
29331;2025.02.26 06:00;-28;1.125;-200;-200;3142;206;0;
29332;2025.02.26 06:15;-28;0.75;-200;-200;3142;206;0;
29333;2025.02.26 06:30;-28;0.5;-200;-200;3142;206;0;
29334;2025.02.26 06:45;-28;0;-200;-200;3140;206;0;
29335;2025.02.26 07:00;-28;-0.125;-200;-200;3140;206;0;
29336;2025.02.26 07:15;-28;-0.25;-200;-200;3140;206;0;
29337;2025.02.26 07:30;-28;-0.375;-200;-200;3139;206;0;
29338;2025.02.26 07:45;-28;-0.625;-200;-200;3140;206;0;
29339;2025.02.26 08:00;-28;0.0625;-200;-200;3139;206;0;
29340;2025.02.26 08:15;-28;-0.25;-200;-200;3139;206;0;
29341;2025.02.26 08:30;-28;-0.375;-200;-200;3139;206;0;
29342;2025.02.26 08:45;-28;-0.875;-200;-200;3139;206;0;
29343;2025.02.26 09:00;-28;-1.25;-200;-200;3139;206;0;
29344;2025.02.26 09:15;-28;-1.3125;-200;-200;3138;206;0;
29345;2025.02.26 09:30;-28;-1.75;-200;-200;3138;206;0;
29346;2025.02.26 09:45;-28;-2;-200;-200;3138;206;0;
29347;2025.02.26 10:00;-28;-2.0625;-200;-200;3137;206;0;
29348;2025.02.26 10:15;-28;-1.9375;-200;-200;3137;206;0;
29349;2025.02.26 10:30;-28;-1.75;-200;-200;3137;206;0;
29350;2025.02.26 10:45;-28;-1.8125;-200;-200;3137;206;0;
29351;2025.02.26 11:00;-28;-2;-200;-200;3137;206;0;
29352;2025.02.26 11:15;-28;-1.875;-200;-200;3137;206;0;
29353;2025.02.26 11:30;-28;-1.9375;-200;-200;3137;206;0;
29354;2025.02.26 11:45;-28;-2;-200;-200;3137;206;0;
29355;2025.02.26 12:00;-28;-2.375;-200;-200;3137;206;0;
29356;2025.02.26 12:15;-28;-2.4375;-200;-200;3137;206;0;
29357;2025.02.26 12:30;-28;-2.4375;-200;-200;3137;206;0;
29358;2025.02.26 12:45;-28;-2.5;-200;-200;3137;206;0;
29359;2025.02.26 13:00;-28;-2.25;-200;-200;3136;206;0;
29360;2025.02.26 13:15;-28;-2.25;-200;-200;3136;206;0;
29361;2025.02.26 13:30;-28;-2.375;-200;-200;3136;206;0;
29362;2025.02.26 13:45;-28;-2.1875;-200;-200;3136;206;0;
29363;2025.02.26 14:00;-28;-2.5;-200;-200;3136;206;0;
29364;2025.02.26 14:15;-28;-2.625;-200;-200;3136;206;0;
29365;2025.02.26 14:30;-28;-2.5;-200;-200;3136;206;0;
29366;2025.02.26 14:45;-28;-2;-200;-200;3136;206;0;
29367;2025.02.26 15:00;-28;-1.375;-200;-200;3136;206;0;
29368;2025.02.26 15:15;-28;-0.75;-200;-200;3135;206;0;
29369;2025.02.26 15:30;-28;0.25;-200;-200;3136;206;0;
29370;2025.02.26 15:45;-28;1.875;-200;-200;3136;206;0;
29371;2025.02.26 16:00;-28;2.875;-200;-200;3135;206;0;
29372;2025.02.26 16:15;-28;3.375;-200;-200;3136;206;0;
29373;2025.02.26 16:30;-28;3.875;-200;-200;3136;206;0;
29374;2025.02.26 16:45;-28;3.875;-200;-200;3136;206;0;
29375;2025.02.26 17:00;-28;4.3125;-200;-200;3136;206;0;
29376;2025.02.26 17:15;-28;4;-200;-200;3136;206;0;
29377;2025.02.26 17:30;-28;6.25;-200;-200;3135;206;0;
29378;2025.02.26 17:45;-28;7.625;-200;-200;3135;206;0;
29379;2025.02.26 18:00;-28;7.75;-200;-200;3135;206;0;
29380;2025.02.26 18:15;-28;8.5625;-200;-200;3135;206;0;
29381;2025.02.26 18:30;-28;7.875;-200;-200;3136;206;0;
29382;2025.02.26 18:45;-28;7.0625;-200;-200;3136;206;0;
29383;2025.02.26 19:00;-28;6.5;-200;-200;3136;206;0;
29384;2025.02.26 19:15;-28;6.4375;-200;-200;3136;206;0;
29385;2025.02.26 19:30;-28;6.625;-200;-200;3136;206;0;
29386;2025.02.26 19:45;-28;6.875;-200;-200;3135;206;0;
29387;2025.02.26 20:00;-28;8.5;-200;-200;3135;206;0;
29388;2025.02.26 20:15;-28;8.875;-200;-200;3135;206;0;
29389;2025.02.26 20:30;-28;9.75;-200;-200;3135;206;0;
29390;2025.02.26 20:45;-28;8.75;-200;-200;3134;206;0;
29391;2025.02.26 21:00;-28;7.9375;-200;-200;3134;206;0;
29392;2025.02.26 21:15;-28;8.125;-200;-200;3134;206;0;
29393;2025.02.26 21:30;-28;9.375;-200;-200;3134;206;0;
29394;2025.02.26 21:45;-28;8.375;-200;-200;3134;206;0;
29395;2025.02.26 22:00;-28;7.6875;-200;-200;3134;206;0;
29396;2025.02.26 22:15;-28;10;-200;-200;3134;206;0;
29397;2025.02.26 22:30;-28;7.5;-200;-200;3133;206;0;
29398;2025.02.26 22:45;-28;6.875;-200;-200;3132;206;0;
29399;2025.02.26 23:00;-28;7.125;-200;-200;3132;206;0;
29400;2025.02.26 23:15;-28;6.0625;-200;-200;3132;206;0;
29401;2025.02.26 23:30;-28;5.4375;-200;-200;3132;206;0;
29402;2025.02.26 23:45;-28;6.8125;-200;-200;3132;206;0;
29403;2025.02.27 00:00;-28;5.125;-200;-200;3131;206;0;
29404;2025.02.27 00:15;-28;4.125;-200;-200;3130;206;0;
29405;2025.02.27 00:30;-28;3.25;-200;-200;3130;206;0;
29406;2025.02.27 00:45;-28;2.375;-200;-200;3130;206;0;
29407;2025.02.27 01:00;-28;1.375;-200;-200;3130;206;0;
29408;2025.02.27 01:15;-28;0.75;-200;-200;3129;206;0;
29409;2025.02.27 01:30;-28;0;-200;-200;3129;206;0;
29410;2025.02.27 01:45;-28;-0.375;-200;-200;3129;206;0;
29411;2025.02.27 02:00;-28;-1;-200;-200;3129;206;0;
29412;2025.02.27 02:15;-28;-1.375;-200;-200;3129;206;0;
29413;2025.02.27 02:30;-28;-1.25;-200;-200;3129;206;0;
29414;2025.02.27 02:45;-28;-1.5;-200;-200;3129;206;0;
29415;2025.02.27 03:00;-28;-2;-200;-200;3128;206;0;
29416;2025.02.27 03:15;-28;-2.375;-200;-200;3128;206;0;
29417;2025.02.27 03:30;-28;-3.125;-200;-200;3128;206;0;
29418;2025.02.27 03:45;-28;-3.875;-200;-200;3127;206;0;
29419;2025.02.27 04:00;-28;-3.875;-200;-200;3127;206;0;
29420;2025.02.27 04:15;-28;-4.125;-200;-200;3125;206;0;
29421;2025.02.27 04:30;-28;-4.0625;-200;-200;3126;206;0;
29422;2025.02.27 04:45;-28;-4.3125;-200;-200;3125;206;0;
29423;2025.02.27 05:00;-28;-4;-200;-200;3125;206;0;
29424;2025.02.27 05:15;-28;-3.25;-200;-200;3124;206;0;
29425;2025.02.27 05:30;-28;-3.5625;-200;-200;3124;206;0;
29426;2025.02.27 05:45;-28;-3.75;-200;-200;3124;206;0;
29427;2025.02.27 06:00;-28;-4;-200;-200;3124;206;0;
29428;2025.02.27 06:15;-28;-4;-200;-200;3124;206;0;
29429;2025.02.27 06:30;-28;-4.125;-200;-200;3124;206;0;
29430;2025.02.27 06:45;-28;-3.625;-200;-200;3124;206;0;
29431;2025.02.27 07:00;-28;-3.25;-200;-200;3124;206;0;
29432;2025.02.27 07:15;-28;-3.25;-200;-200;3124;206;0;
29433;2025.02.27 07:30;-28;-3.375;-200;-200;3123;206;0;
29434;2025.02.27 07:45;-28;-3.375;-200;-200;3124;206;0;
29435;2025.02.27 08:00;-28;-3.4375;-200;-200;3124;206;0;
29436;2025.02.27 08:15;-28;-3.5625;-200;-200;3124;206;0;
29437;2025.02.27 08:30;-28;-3.9375;-200;-200;3124;206;0;
29438;2025.02.27 08:45;-28;-4.0625;-200;-200;3124;206;0;
29439;2025.02.27 09:00;-28;-4.25;-200;-200;3123;206;0;
29440;2025.02.27 09:15;-28;-4.4375;-200;-200;3124;206;0;
29441;2025.02.27 09:30;-28;-4.625;-200;-200;3124;206;0;
29442;2025.02.27 09:45;-28;-4.9375;-200;-200;3124;206;0;
29443;2025.02.27 10:00;-28;-5.4375;-200;-200;3123;206;0;
29444;2025.02.27 10:15;-28;-5.875;-200;-200;3123;206;0;
29445;2025.02.27 10:30;-28;-6.3125;-200;-200;3123;206;0;
29446;2025.02.27 10:45;-28;-6.3125;-200;-200;3123;206;0;
29447;2025.02.27 11:00;-28;-6.5;-200;-200;3123;206;0;
29448;2025.02.27 11:15;-28;-6.75;-200;-200;3123;206;0;
29449;2025.02.27 11:30;-28;-6.875;-200;-200;3123;206;0;
29450;2025.02.27 11:45;-28;-7.125;-200;-200;3123;206;0;
29451;2025.02.27 12:00;-28;-7.1875;-200;-200;3123;206;0;
29452;2025.02.27 12:15;-28;-7.375;-200;-200;3123;206;0;
29453;2025.02.27 12:30;-28;-7;-200;-200;3123;206;0;
29454;2025.02.27 12:45;-28;-6.75;-200;-200;3123;206;0;
29455;2025.02.27 13:00;-28;-6.625;-200;-200;3123;206;0;
29456;2025.02.27 13:15;-28;-6.625;-200;-200;3123;206;0;
29457;2025.02.27 13:30;-28;-6.5;-200;-200;3123;206;0;
29458;2025.02.27 13:45;-28;-6.375;-200;-200;3123;206;0;
29459;2025.02.27 14:00;-28;-6;-200;-200;3123;206;0;
29460;2025.02.27 14:15;-28;-5.5;-200;-200;3123;206;0;
29461;2025.02.27 14:30;-28;-4.875;-200;-200;3123;206;0;
29462;2025.02.27 14:45;-28;-4.125;-200;-200;3123;206;0;
29463;2025.02.27 15:00;-28;-3.3125;-200;-200;3123;206;0;
29464;2025.02.27 15:15;-28;-2.625;-200;-200;3124;206;0;
29465;2025.02.27 15:30;-28;-1.5;-200;-200;3124;206;0;
29466;2025.02.27 15:45;-28;-0.875;-200;-200;3124;206;0;
29467;2025.02.27 16:00;-28;-0.5;-200;-200;3124;206;0;
29468;2025.02.27 16:15;-28;-0.25;-200;-200;3124;206;0;
29469;2025.02.27 16:30;-28;0.375;-200;-200;3124;206;0;
29470;2025.02.27 16:45;-28;1;-200;-200;3124;206;0;
29471;2025.02.27 17:00;-28;1.5;-200;-200;3124;206;0;
29472;2025.02.27 17:15;-28;1.75;-200;-200;3124;206;0;
29473;2025.02.27 17:30;-28;1.75;-200;-200;3124;206;0;
29474;2025.02.27 17:45;-28;2.4375;-200;-200;3124;206;0;
29475;2025.02.27 18:00;-28;3.0625;-200;-200;3124;206;0;
29476;2025.02.27 18:15;-28;4.125;-200;-200;3124;206;0;
29477;2025.02.27 18:30;-28;4.6875;-200;-200;3125;206;0;
29478;2025.02.27 18:45;-28;5.125;-200;-200;3125;206;0;
29479;2025.02.27 19:00;-28;5;-200;-200;3125;206;0;
29480;2025.02.27 19:15;-28;4.5625;-200;-200;3125;206;0;
29481;2025.02.27 19:30;-28;5;-200;-200;3125;206;0;
29482;2025.02.27 19:45;-28;5.1875;-200;-200;3125;206;0;
29483;2025.02.27 20:00;-28;6.25;-200;-200;3125;206;0;
29484;2025.02.27 20:15;-28;7.5625;-200;-200;3125;206;0;
29485;2025.02.27 20:30;-28;10;-200;-200;3125;206;0;
29486;2025.02.27 20:45;-28;8.6875;-200;-200;3125;206;0;
29487;2025.02.27 21:00;-28;7.5;-200;-200;3124;206;0;
29488;2025.02.27 21:15;-28;8.375;-200;-200;3124;206;0;
29489;2025.02.27 21:30;-28;9.75;-200;-200;3124;206;0;
29490;2025.02.27 21:45;-28;9.0625;-200;-200;3124;206;0;
29491;2025.02.27 22:00;-28;7.5;-200;-200;3124;206;0;
29492;2025.02.27 22:15;-28;10.5625;-200;-200;3125;206;0;
29493;2025.02.27 22:30;-28;8.125;-200;-200;3124;206;0;
29494;2025.02.27 22:45;-28;7.25;-200;-200;3124;206;0;
29495;2025.02.27 23:00;-28;7.125;-200;-200;3123;206;0;
29496;2025.02.27 23:15;-28;6;-200;-200;3123;206;0;
29497;2025.02.27 23:30;-28;5.6875;-200;-200;3123;206;0;
29498;2025.02.27 23:45;-28;7.25;-200;-200;3123;206;0;
29499;2025.02.28 00:00;-28;5;-200;-200;3123;206;0;
29500;2025.02.28 00:15;-28;4.125;-200;-200;3123;206;0;
29501;2025.02.28 00:30;-28;3.625;-200;-200;3123;206;0;
29502;2025.02.28 00:45;-28;3;-200;-200;3123;206;0;
29503;2025.02.28 01:00;-28;2.375;-200;-200;3123;206;0;
29504;2025.02.28 01:15;-28;1.875;-200;-200;3122;206;0;
29505;2025.02.28 01:30;-28;0.875;-200;-200;3122;206;0;
29506;2025.02.28 01:45;-28;-0.1875;-200;-200;3122;206;0;
29507;2025.02.28 02:00;-28;-1;-200;-200;3122;206;0;
29508;2025.02.28 02:15;-28;-1.625;-200;-200;3122;206;0;
29509;2025.02.28 02:30;-28;-2.0625;-200;-200;3122;206;0;
29510;2025.02.28 02:45;-28;-2.375;-200;-200;3122;206;0;
29511;2025.02.28 03:00;-28;-2.625;-200;-200;3121;206;0;
29512;2025.02.28 03:15;-28;-2.75;-200;-200;3121;206;0;
29513;2025.02.28 03:30;-28;-2.9375;-200;-200;3121;206;0;
29514;2025.02.28 03:45;-28;-3.0625;-200;-200;3121;206;0;
29515;2025.02.28 04:00;-28;-3.1875;-200;-200;3121;206;0;
29516;2025.02.28 04:15;-28;-3.3125;-200;-200;3121;206;0;
29517;2025.02.28 04:30;-28;-3.375;-200;-200;3121;206;0;
29518;2025.02.28 04:45;-28;-3.5;-200;-200;3121;206;0;
29519;2025.02.28 05:00;-28;-3.625;-200;-200;3121;206;0;
29520;2025.02.28 05:15;-28;-3.6875;-200;-200;3121;206;0;
29521;2025.02.28 05:30;-28;-3.75;-200;-200;3121;206;0;
29522;2025.02.28 05:45;-28;-3.8125;-200;-200;3121;206;0;
29523;2025.02.28 06:00;-28;-3.875;-200;-200;3121;206;0;
29524;2025.02.28 06:15;-28;-4;-200;-200;3121;206;0;
29525;2025.02.28 06:30;-28;-4.125;-200;-200;3121;206;0;
29526;2025.02.28 06:45;-28;-4.1875;-200;-200;3121;206;0;
29527;2025.02.28 07:00;-28;-4.25;-200;-200;3121;206;0;
29528;2025.02.28 07:15;-28;-4.25;-200;-200;3121;206;0;
29529;2025.02.28 07:30;-28;-4.375;-200;-200;3121;206;0;
29530;2025.02.28 07:45;-28;-4.4375;-200;-200;3121;206;0;
29531;2025.02.28 08:00;-28;-4.125;-200;-200;3121;206;0;
29532;2025.02.28 08:15;-28;-4.625;-200;-200;3121;206;0;
29533;2025.02.28 08:30;-28;-4.3125;-200;-200;3121;206;0;
29534;2025.02.28 08:45;-28;-4.625;-200;-200;3121;206;0;
29535;2025.02.28 09:00;-28;-4.6875;-200;-200;3121;206;0;
29536;2025.02.28 09:15;-28;-4.375;-200;-200;3121;206;0;
29537;2025.02.28 09:30;-28;-4.375;-200;-200;3121;206;0;
29538;2025.02.28 09:45;-28;-4.4375;-200;-200;3121;206;0;
29539;2025.02.28 10:00;-28;-4.3125;-200;-200;3121;206;0;
29540;2025.02.28 10:15;-28;-4.25;-200;-200;3121;206;0;
29541;2025.02.28 10:30;-28;-4.125;-200;-200;3121;206;0;
29542;2025.02.28 10:45;-28;-3.875;-200;-200;3121;206;0;
29543;2025.02.28 11:00;-28;-4.125;-200;-200;3121;206;0;
29544;2025.02.28 11:15;-28;-4;-200;-200;3121;206;0;
29545;2025.02.28 11:30;-28;-4.125;-200;-200;3121;206;0;
29546;2025.02.28 11:45;-28;-4.25;-200;-200;3121;206;0;
29547;2025.02.28 12:00;-28;-4;-200;-200;3121;206;0;
29548;2025.02.28 12:15;-28;-3.6875;-200;-200;3121;206;0;
29549;2025.02.28 12:30;-28;-3.75;-200;-200;3121;206;0;
29550;2025.02.28 12:45;-28;-3.75;-200;-200;3121;206;0;
29551;2025.02.28 13:00;-28;-4.1875;-200;-200;3121;206;0;
29552;2025.02.28 13:15;-28;-4.25;-200;-200;3121;206;0;
29553;2025.02.28 13:30;-28;-4.75;-200;-200;3121;206;0;
29554;2025.02.28 13:45;-28;-5.125;-200;-200;3121;206;0;
29555;2025.02.28 14:00;-28;-5.125;-200;-200;3121;206;0;
29556;2025.02.28 14:15;-28;-4.75;-200;-200;3121;206;0;
29557;2025.02.28 14:30;-28;-3.8125;-200;-200;3121;206;0;
29558;2025.02.28 14:45;-28;-2.4375;-200;-200;3121;206;0;
29559;2025.02.28 15:00;-28;-1.25;-200;-200;3121;206;0;
29560;2025.02.28 15:15;-28;0.125;-200;-200;3121;206;0;
29561;2025.02.28 15:30;-28;2.5;-200;-200;3122;206;0;
29562;2025.02.28 15:45;-28;3.625;-200;-200;3121;206;0;
29563;2025.02.28 16:00;-28;3.9375;-200;-200;3122;206;0;
29564;2025.02.28 16:15;-28;4.4375;-200;-200;3122;206;0;
29565;2025.02.28 16:30;-28;4.375;-200;-200;3122;206;0;
29566;2025.02.28 16:45;-28;4.75;-200;-200;3122;206;0;
29567;2025.02.28 17:00;-28;5.125;-200;-200;3122;206;0;
29568;2025.02.28 17:15;-28;5.375;-200;-200;3122;206;0;
29569;2025.02.28 17:30;-28;6.125;-200;-200;3122;206;0;
29570;2025.02.28 17:45;-28;6.8125;-200;-200;3122;206;0;
29571;2025.02.28 18:00;-28;7.375;-200;-200;3122;206;0;
29572;2025.02.28 18:15;-28;8;-200;-200;3122;206;0;
29573;2025.02.28 18:30;-28;9;-200;-200;3123;206;0;
29574;2025.02.28 18:45;-28;10.25;-200;-200;3123;206;0;
29575;2025.02.28 19:00;-28;10.125;-200;-200;3122;206;0;
29576;2025.02.28 19:15;-28;9.9375;-200;-200;3122;206;0;
29577;2025.02.28 19:30;-28;10.125;-200;-200;3122;206;0;
29578;2025.02.28 19:45;-28;9.5;-200;-200;3122;206;0;
29579;2025.02.28 20:00;-28;10.5;-200;-200;3122;206;0;
29580;2025.02.28 20:15;-28;13.125;-200;-200;3122;206;0;
29581;2025.02.28 20:30;-28;13.875;-200;-200;3122;206;0;
29582;2025.02.28 20:45;-28;11.9375;-200;-200;3121;206;0;
29583;2025.02.28 21:00;-28;10.5;-200;-200;3121;206;0;
29584;2025.02.28 21:15;-28;11.875;-200;-200;3121;206;0;
29585;2025.02.28 21:30;-28;12.625;-200;-200;3121;206;0;
29586;2025.02.28 21:45;-28;12.5;-200;-200;3121;206;0;
29587;2025.02.28 22:00;-28;11.75;-200;-200;3121;206;0;
29588;2025.02.28 22:15;-28;16.5625;-200;-200;3123;206;0;
29589;2025.02.28 22:30;-28;12.375;-200;-200;3121;206;0;
29590;2025.02.28 22:45;-28;10.75;-200;-200;3120;206;0;
29591;2025.02.28 23:00;-28;10.8125;-200;-200;3120;206;0;
29592;2025.02.28 23:15;-28;10.125;-200;-200;3120;206;0;
29593;2025.02.28 23:30;-28;9.75;-200;-200;3120;206;0;
29594;2025.02.28 23:45;-28;11.25;-200;-200;3120;206;0;
29595;2025.03.01 00:00;-28;8.75;-200;-200;3119;206;0;
29596;2025.03.01 00:15;-28;7.875;-200;-200;3119;206;0;
29597;2025.03.01 00:30;-28;7.0625;-200;-200;3119;206;0;
29598;2025.03.01 00:45;-28;6.5625;-200;-200;3119;206;0;
29599;2025.03.01 01:00;-28;6;-200;-200;3119;206;0;
29600;2025.03.01 01:15;-28;5.3125;-200;-200;3119;206;0;
29601;2025.03.01 01:30;-28;3.875;-200;-200;3118;206;0;
29602;2025.03.01 01:45;-28;2.4375;-200;-200;3118;206;0;
29603;2025.03.01 02:00;-28;1.6875;-200;-200;3118;206;0;
29604;2025.03.01 02:15;-28;1.25;-200;-200;3118;206;0;
29605;2025.03.01 02:30;-28;0.75;-200;-200;3118;206;0;
29606;2025.03.01 02:45;-28;0.3125;-200;-200;3118;206;0;
29607;2025.03.01 03:00;-28;-0.1875;-200;-200;3117;206;0;
29608;2025.03.01 03:15;-28;-0.5;-200;-200;3117;206;0;
29609;2025.03.01 03:30;-28;-0.875;-200;-200;3117;206;0;
29610;2025.03.01 03:45;-28;-1;-200;-200;3117;206;0;
29611;2025.03.01 04:00;-28;-1.375;-200;-200;3117;206;0;
29612;2025.03.01 04:15;-28;-1.5;-200;-200;3116;206;0;
29613;2025.03.01 04:30;-28;-1.5;-200;-200;3117;206;0;
29614;2025.03.01 04:45;-28;-1.625;-200;-200;3116;206;0;
29615;2025.03.01 05:00;-28;-1.6875;-200;-200;3116;206;0;
29616;2025.03.01 05:15;-28;-1.8125;-200;-200;3116;206;0;
29617;2025.03.01 05:30;-28;-2.125;-200;-200;3116;206;0;
29618;2025.03.01 05:45;-28;-2.125;-200;-200;3116;206;0;
29619;2025.03.01 06:00;-28;-1.9375;-200;-200;3116;206;0;
29620;2025.03.01 06:15;-28;-2.25;-200;-200;3116;206;0;
29621;2025.03.01 06:30;-28;-2.0625;-200;-200;3116;206;0;
29622;2025.03.01 06:45;-28;-2.375;-200;-200;3116;206;0;
29623;2025.03.01 07:00;-28;-2.5;-200;-200;3116;206;0;
29624;2025.03.01 07:15;-28;-2.3125;-200;-200;3116;206;0;
29625;2025.03.01 07:30;-28;-2.5625;-200;-200;3116;206;0;
29626;2025.03.01 07:45;-28;-2.5;-200;-200;3116;206;0;
29627;2025.03.01 08:00;-28;-2.875;-200;-200;3116;206;0;
29628;2025.03.01 08:15;-28;-2.75;-200;-200;3116;206;0;
29629;2025.03.01 08:30;-28;-2.875;-200;-200;3116;206;0;
29630;2025.03.01 08:45;-28;-2.75;-200;-200;3116;206;0;
29631;2025.03.01 09:00;-28;-2.375;-200;-200;3116;206;0;
29632;2025.03.01 09:15;-28;-2.5;-200;-200;3116;206;0;
29633;2025.03.01 09:30;-28;-2.75;-200;-200;3116;206;0;
29634;2025.03.01 09:45;-28;-2.5625;-200;-200;3116;206;0;
29635;2025.03.01 10:00;-28;-2.625;-200;-200;3115;206;0;
29636;2025.03.01 10:15;-28;-2.75;-200;-200;3115;206;0;
29637;2025.03.01 10:30;-28;-3;-200;-200;3115;206;0;
29638;2025.03.01 10:45;-28;-3.1875;-200;-200;3115;206;0;
29639;2025.03.01 11:00;-28;-3.25;-200;-200;3115;206;0;
29640;2025.03.01 11:15;-28;-3.375;-200;-200;3115;206;0;
29641;2025.03.01 11:30;-28;-3.4375;-200;-200;3115;206;0;
29642;2025.03.01 11:45;-28;-3.4375;-200;-200;3115;206;0;
29643;2025.03.01 12:00;-28;-3.5;-200;-200;3115;206;0;
29644;2025.03.01 12:15;-28;-3.625;-200;-200;3115;206;0;
29645;2025.03.01 12:30;-28;-3.75;-200;-200;3115;206;0;
29646;2025.03.01 12:45;-28;-3.75;-200;-200;3115;206;0;
29647;2025.03.01 13:00;-28;-3.75;-200;-200;3115;206;0;
29648;2025.03.01 13:15;-28;-3.875;-200;-200;3115;206;0;
29649;2025.03.01 13:30;-28;-3.875;-200;-200;3115;206;0;
29650;2025.03.01 13:45;-28;-3.875;-200;-200;3115;206;0;
29651;2025.03.01 14:00;-28;-3.75;-200;-200;3115;206;0;
29652;2025.03.01 14:15;-28;-3.0625;-200;-200;3115;206;0;
29653;2025.03.01 14:30;-28;-1.75;-200;-200;3115;206;0;
29654;2025.03.01 14:45;-28;-0.375;-200;-200;3114;206;0;
29655;2025.03.01 15:00;-28;1.6875;-200;-200;3115;206;0;
29656;2025.03.01 15:15;-28;3.9375;-200;-200;3114;206;0;
29657;2025.03.01 15:30;-28;5.5625;-200;-200;3115;206;0;
29658;2025.03.01 15:45;-28;6.8125;-200;-200;3115;206;0;
29659;2025.03.01 16:00;-28;7.25;-200;-200;3115;206;0;
29660;2025.03.01 16:15;-28;7.375;-200;-200;3115;206;0;
29661;2025.03.01 16:30;-28;7.625;-200;-200;3115;206;0;
29662;2025.03.01 16:45;-28;7.9375;-200;-200;3115;206;0;
29663;2025.03.01 17:00;-28;8;-200;-200;3115;206;0;
29664;2025.03.01 17:15;-28;8.375;-200;-200;3115;206;0;
29665;2025.03.01 17:30;-28;8.75;-200;-200;3115;206;0;
29666;2025.03.01 17:45;-28;9.75;-200;-200;3115;206;0;
29667;2025.03.01 18:00;-28;9.875;-200;-200;3115;206;0;
29668;2025.03.01 18:15;-28;11;-200;-200;3116;206;0;
29669;2025.03.01 18:30;-28;10.6875;-200;-200;3116;206;0;
29670;2025.03.01 18:45;-28;10.875;-200;-200;3116;206;0;
29671;2025.03.01 19:00;-28;11;-200;-200;3116;206;0;
29672;2025.03.01 19:15;-28;11;-200;-200;3115;206;0;
29673;2025.03.01 19:30;-28;10.625;-200;-200;3115;206;0;
29674;2025.03.01 19:45;-28;10.75;-200;-200;3115;206;0;
29675;2025.03.01 20:00;-28;11.375;-200;-200;3116;206;0;
29676;2025.03.01 20:15;-28;13.5;-200;-200;3116;206;0;
29677;2025.03.01 20:30;-28;14.875;-200;-200;3116;206;0;
29678;2025.03.01 20:45;-28;13.125;-200;-200;3115;206;0;
29679;2025.03.01 21:00;-28;12.0625;-200;-200;3115;206;0;
29680;2025.03.01 21:15;-28;13.125;-200;-200;3115;206;0;
29681;2025.03.01 21:30;-28;12.6875;-200;-200;3115;206;0;
29682;2025.03.01 21:45;-28;12.25;-200;-200;3115;206;0;
29683;2025.03.01 22:00;-28;13.1875;-200;-200;3115;206;0;
29684;2025.03.01 22:15;-28;16.75;-200;-200;3115;206;0;
29685;2025.03.01 22:30;-28;12.1875;-200;-200;3115;206;0;
29686;2025.03.01 22:45;-28;10.75;-200;-200;3114;206;0;
29687;2025.03.01 23:00;-28;10.875;-200;-200;3114;206;0;
29688;2025.03.01 23:15;-28;10.3125;-200;-200;3114;206;0;
29689;2025.03.01 23:30;-28;10.375;-200;-200;3114;206;0;
29690;2025.03.01 23:45;-28;10.8125;-200;-200;3114;206;0;
29691;2025.03.02 00:00;-28;8.875;-200;-200;3114;206;0;
29692;2025.03.02 00:15;-28;8.25;-200;-200;3114;206;0;
29693;2025.03.02 00:30;-28;7.75;-200;-200;3114;206;0;
29694;2025.03.02 00:45;-28;6.75;-200;-200;3113;206;0;
29695;2025.03.02 01:00;-28;6;-200;-200;3113;206;0;
29696;2025.03.02 01:15;-28;5.5625;-200;-200;3113;206;0;
29697;2025.03.02 01:30;-28;5.0625;-200;-200;3112;206;0;
29698;2025.03.02 01:45;-28;4.6875;-200;-200;3112;206;0;
29699;2025.03.02 02:00;-28;4.3125;-200;-200;3112;206;0;
29700;2025.03.02 02:15;-28;4.375;-200;-200;3112;206;0;
29701;2025.03.02 02:30;-28;4.25;-200;-200;3112;206;0;
29702;2025.03.02 02:45;-28;4.3125;-200;-200;3112;206;0;
29703;2025.03.02 03:00;-28;4.1875;-200;-200;3112;206;0;
29704;2025.03.02 03:15;-28;4.375;-200;-200;3112;206;0;
29705;2025.03.02 03:30;-28;4.375;-200;-200;3112;206;0;
29706;2025.03.02 03:45;-28;4.25;-200;-200;3112;206;0;
29707;2025.03.02 04:00;-28;3.875;-200;-200;3112;206;0;
29708;2025.03.02 04:15;-28;3.8125;-200;-200;3112;206;0;
29709;2025.03.02 04:30;-28;3.625;-200;-200;3112;206;0;
29710;2025.03.02 04:45;-28;3.625;-200;-200;3112;206;0;
29711;2025.03.02 05:00;-28;3.75;-200;-200;3112;206;0;
29712;2025.03.02 05:15;-28;3.875;-200;-200;3112;206;0;
29713;2025.03.02 05:30;-28;3.875;-200;-200;3112;206;0;
29714;2025.03.02 05:45;-28;3.875;-200;-200;3112;206;0;
29715;2025.03.02 06:00;-28;3.5;-200;-200;3112;206;0;
29716;2025.03.02 06:15;-28;2.9375;-200;-200;3112;206;0;
29717;2025.03.02 06:30;-28;2.625;-200;-200;3112;206;0;
29718;2025.03.02 06:45;-28;2.75;-200;-200;3112;206;0;
29719;2025.03.02 07:00;-28;2.5;-200;-200;3112;206;0;
29720;2025.03.02 07:15;-28;3.0625;-200;-200;3112;206;0;
29721;2025.03.02 07:30;-28;3;-200;-200;3112;206;0;
29722;2025.03.02 07:45;-28;2.75;-200;-200;3112;206;0;
29723;2025.03.02 08:00;-28;3.125;-200;-200;3112;206;0;
29724;2025.03.02 08:15;-28;3.1875;-200;-200;3112;206;0;
29725;2025.03.02 08:30;-28;3.875;-200;-200;3112;206;0;
29726;2025.03.02 08:45;-28;4.8125;-200;-200;3112;206;0;
29727;2025.03.02 09:00;-28;4.75;-200;-200;3111;206;0;
29728;2025.03.02 09:15;-28;4;-200;-200;3111;206;0;
29729;2025.03.02 09:30;-28;3.5625;-200;-200;3111;206;0;
29730;2025.03.02 09:45;-28;3.125;-200;-200;3111;206;0;
29731;2025.03.02 10:00;-28;2.75;-200;-200;3111;206;0;
29732;2025.03.02 10:15;-28;2.25;-200;-200;3111;206;0;
29733;2025.03.02 10:30;-28;1.75;-200;-200;3111;206;0;
29734;2025.03.02 10:45;-28;1.5625;-200;-200;3111;206;0;
29735;2025.03.02 11:00;-28;1.625;-200;-200;3111;206;0;
29736;2025.03.02 11:15;-28;1.25;-200;-200;3111;206;0;
29737;2025.03.02 11:30;-28;1;-200;-200;3111;206;0;
29738;2025.03.02 11:45;-28;0.6875;-200;-200;3111;206;0;
29739;2025.03.02 12:00;-28;0.25;-200;-200;3111;206;0;
29740;2025.03.02 12:15;-28;-0.125;-200;-200;3111;206;0;
29741;2025.03.02 12:30;-28;-0.5625;-200;-200;3111;206;0;
29742;2025.03.02 12:45;-28;-0.8125;-200;-200;3111;206;0;
29743;2025.03.02 13:00;-28;-1.125;-200;-200;3111;206;0;
29744;2025.03.02 13:15;-28;-0.625;-200;-200;3111;206;0;
29745;2025.03.02 13:30;-28;-0.125;-200;-200;3111;206;0;
29746;2025.03.02 13:45;-28;-0.375;-200;-200;3111;206;0;
29747;2025.03.02 14:00;-28;-0.3125;-200;-200;3111;206;0;
29748;2025.03.02 14:15;-28;-0.375;-200;-200;3111;206;0;
29749;2025.03.02 14:30;-28;-0.375;-200;-200;3111;206;0;
29750;2025.03.02 14:45;-28;0.25;-200;-200;3111;206;0;
29751;2025.03.02 15:00;-28;0.625;-200;-200;3111;206;0;
29752;2025.03.02 15:15;-28;0.625;-200;-200;3111;206;0;
29753;2025.03.02 15:30;-28;0.5;-200;-200;3111;206;0;
29754;2025.03.02 15:45;-28;0.625;-200;-200;3111;206;0;
29755;2025.03.02 16:00;-28;1;-200;-200;3111;206;0;
29756;2025.03.02 16:15;-28;2.125;-200;-200;3111;206;0;
29757;2025.03.02 16:30;-28;2.375;-200;-200;3111;206;0;
29758;2025.03.02 16:45;-28;3;-200;-200;3111;206;0;
29759;2025.03.02 17:00;-28;2.5;-200;-200;3111;206;0;
29760;2025.03.02 17:15;-28;3.125;-200;-200;3111;206;0;
29761;2025.03.02 17:30;-28;4.375;-200;-200;3111;206;0;
29762;2025.03.02 17:45;-28;4.9375;-200;-200;3111;206;0;
29763;2025.03.02 18:00;-28;5.25;-200;-200;3111;206;0;
29764;2025.03.02 18:15;-28;6.875;-200;-200;3111;206;0;
29765;2025.03.02 18:30;-28;7.75;-200;-200;3112;206;0;
29766;2025.03.02 18:45;-28;9;-200;-200;3111;206;0;
29767;2025.03.02 19:00;-28;9;-200;-200;3111;206;0;
29768;2025.03.02 19:15;-28;8.875;-200;-200;3111;206;0;
29769;2025.03.02 19:30;-28;8;-200;-200;3112;206;0;
29770;2025.03.02 19:45;-28;8.125;-200;-200;3112;206;0;
29771;2025.03.02 20:00;-28;9.875;-200;-200;3112;206;0;
29772;2025.03.02 20:15;-28;11.125;-200;-200;3112;206;0;
29773;2025.03.02 20:30;-28;11.375;-200;-200;3112;206;0;
29774;2025.03.02 20:45;-28;10;-200;-200;3112;206;0;
29775;2025.03.02 21:00;-28;9.375;-200;-200;3111;206;0;
29776;2025.03.02 21:15;-28;9.5;-200;-200;3111;206;0;
29777;2025.03.02 21:30;-28;9.625;-200;-200;3111;206;0;
29778;2025.03.02 21:45;-28;9.0625;-200;-200;3111;206;0;
29779;2025.03.02 22:00;-28;8.75;-200;-200;3111;206;0;
29780;2025.03.02 22:15;-28;11.5;-200;-200;3112;206;0;
29781;2025.03.02 22:30;-28;10.0625;-200;-200;3112;206;0;
29782;2025.03.02 22:45;-28;8.625;-200;-200;3112;206;0;
29783;2025.03.02 23:00;-28;8.625;-200;-200;3111;206;0;
29784;2025.03.02 23:15;-28;8.25;-200;-200;3111;206;0;
29785;2025.03.02 23:30;-28;8.25;-200;-200;3111;206;0;
29786;2025.03.02 23:45;-28;7.625;-200;-200;3111;206;0;
29787;2025.03.03 00:00;-28;7.125;-200;-200;3111;206;0;
29788;2025.03.03 00:15;-28;6.75;-200;-200;3111;206;0;
29789;2025.03.03 00:30;-28;6.3125;-200;-200;3111;206;0;
29790;2025.03.03 00:45;-28;5.6875;-200;-200;3111;206;0;
29791;2025.03.03 01:00;-28;5.25;-200;-200;3111;206;0;
29792;2025.03.03 01:15;-28;4.375;-200;-200;3110;206;0;
29793;2025.03.03 01:30;-28;3.4375;-200;-200;3110;206;0;
29794;2025.03.03 01:45;-28;2.5;-200;-200;3110;206;0;
29795;2025.03.03 02:00;-28;2.5;-200;-200;3110;206;0;
29796;2025.03.03 02:15;-28;1.875;-200;-200;3110;206;0;
29797;2025.03.03 02:30;-28;1;-200;-200;3110;206;0;
29798;2025.03.03 02:45;-28;0.25;-200;-200;3110;206;0;
29799;2025.03.03 03:00;-28;0.375;-200;-200;3109;206;0;
29800;2025.03.03 03:15;-28;-0.125;-200;-200;3110;206;0;
29801;2025.03.03 03:30;-28;-0.25;-200;-200;3109;206;0;
29802;2025.03.03 03:45;-28;0;-200;-200;3109;206;0;
29803;2025.03.03 04:00;-28;0;-200;-200;3109;206;0;
29804;2025.03.03 04:15;-28;-0.125;-200;-200;3110;206;0;
29805;2025.03.03 04:30;-28;-0.25;-200;-200;3109;206;0;
29806;2025.03.03 04:45;-28;-0.3125;-200;-200;3109;206;0;
29807;2025.03.03 05:00;-28;-0.1875;-200;-200;3109;206;0;
29808;2025.03.03 05:15;-28;0.375;-200;-200;3109;206;0;
29809;2025.03.03 05:30;-28;0.875;-200;-200;3109;206;0;
29810;2025.03.03 05:45;-28;1.75;-200;-200;3109;206;0;
29811;2025.03.03 06:00;-28;2.375;-200;-200;3110;206;0;
29812;2025.03.03 06:15;-28;2.375;-200;-200;3110;206;0;
29813;2025.03.03 06:30;-28;2.25;-200;-200;3110;206;0;
29814;2025.03.03 06:45;-28;2.0625;-200;-200;3110;206;0;
29815;2025.03.03 07:00;-28;1.4375;-200;-200;3110;206;0;
29816;2025.03.03 07:15;-28;1.25;-200;-200;3110;206;0;
29817;2025.03.03 07:30;-28;1.0625;-200;-200;3110;206;0;
29818;2025.03.03 07:45;-28;0.875;-200;-200;3109;206;0;
29819;2025.03.03 08:00;-28;0.5625;-200;-200;3109;206;0;
29820;2025.03.03 08:15;-28;0.1875;-200;-200;3109;206;0;
29821;2025.03.03 08:30;-28;0.1875;-200;-200;3109;206;0;
29822;2025.03.03 08:45;-28;0.0625;-200;-200;3109;206;0;
29823;2025.03.03 09:00;-28;0.0625;-200;-200;3109;206;0;
29824;2025.03.03 09:15;-28;-0.125;-200;-200;3109;206;0;
29825;2025.03.03 09:30;-28;-0.4375;-200;-200;3109;206;0;
29826;2025.03.03 09:45;-28;-0.5;-200;-200;3109;206;0;
29827;2025.03.03 10:00;-28;-0.6875;-200;-200;3109;206;0;
29828;2025.03.03 10:15;-28;-0.875;-200;-200;3109;206;0;
29829;2025.03.03 10:30;-28;-0.875;-200;-200;3109;206;0;
29830;2025.03.03 10:45;-28;-1;-200;-200;3109;206;0;
29831;2025.03.03 11:00;-28;-0.9375;-200;-200;3109;206;0;
29832;2025.03.03 11:15;-28;-1.25;-200;-200;3109;206;0;
29833;2025.03.03 11:30;-28;-1.125;-200;-200;3109;206;0;
29834;2025.03.03 11:45;-28;-1.25;-200;-200;3109;206;0;
29835;2025.03.03 12:00;-28;-1.5;-200;-200;3109;206;0;
29836;2025.03.03 12:15;-28;-1.6875;-200;-200;3109;206;0;
29837;2025.03.03 12:30;-28;-1.625;-200;-200;3109;206;0;
29838;2025.03.03 12:45;-28;-1.625;-200;-200;3109;206;0;
29839;2025.03.03 13:00;-28;-1.375;-200;-200;3109;206;0;
29840;2025.03.03 13:15;-28;-1.625;-200;-200;3109;206;0;
29841;2025.03.03 13:30;-28;-1.5625;-200;-200;3109;206;0;
29842;2025.03.03 13:45;-28;-1.375;-200;-200;3109;206;0;
29843;2025.03.03 14:00;-28;-2.125;-200;-200;3109;206;0;
29844;2025.03.03 14:15;-28;-2.625;-200;-200;3109;206;0;
29845;2025.03.03 14:30;-28;-2.1875;-200;-200;3109;206;0;
29846;2025.03.03 14:45;-28;-1.25;-200;-200;3109;206;0;
29847;2025.03.03 15:00;-28;0;-200;-200;3109;206;0;
29848;2025.03.03 15:15;-28;1.375;-200;-200;3109;206;0;
29849;2025.03.03 15:30;-28;2.25;-200;-200;3109;206;0;
29850;2025.03.03 15:45;-28;2.6875;-200;-200;3110;206;0;
29851;2025.03.03 16:00;-28;2.875;-200;-200;3110;206;0;
29852;2025.03.03 16:15;-28;2.875;-200;-200;3110;206;0;
29853;2025.03.03 16:30;-28;3;-200;-200;3110;206;0;
29854;2025.03.03 16:45;-28;2.875;-200;-200;3110;206;0;
29855;2025.03.03 17:00;-28;3.125;-200;-200;3110;206;0;
29856;2025.03.03 17:15;-28;3.625;-200;-200;3110;206;0;
29857;2025.03.03 17:30;-28;2.25;-200;-200;3110;206;0;
29858;2025.03.03 17:45;-28;1.8125;-200;-200;3110;206;0;
29859;2025.03.03 18:00;-28;2.75;-200;-200;3110;206;0;
29860;2025.03.03 18:15;-28;2.375;-200;-200;3110;206;0;
29861;2025.03.03 18:30;-28;0.25;-200;-200;3110;206;0;
29862;2025.03.03 18:45;-28;-1.625;-200;-200;3109;206;0;
29863;2025.03.03 19:00;-28;-1.1875;-200;-200;3109;206;0;
29864;2025.03.03 19:15;-28;-1.5;-200;-200;3109;206;0;
29865;2025.03.03 19:30;-28;-0.9375;-200;-200;3109;206;0;
29866;2025.03.03 19:45;-28;-1.8125;-200;-200;3109;206;0;
29867;2025.03.03 20:00;-28;-1.375;-200;-200;3110;206;0;
29868;2025.03.03 20:15;-28;-1.0625;-200;-200;3110;206;0;
29869;2025.03.03 20:30;-28;0.75;-200;-200;3109;206;0;
29870;2025.03.03 20:45;-28;1.25;-200;-200;3110;206;0;
29871;2025.03.03 21:00;-28;-0.4375;-200;-200;3109;206;0;
29872;2025.03.03 21:15;-28;-0.6875;-200;-200;3109;206;0;
29873;2025.03.03 21:30;-28;-1.375;-200;-200;3109;206;0;
29874;2025.03.03 21:45;-28;-1.4375;-200;-200;3109;206;0;
29875;2025.03.03 22:00;-28;-2.1875;-200;-200;3109;206;0;
29876;2025.03.03 22:15;-28;-1.875;-200;-200;3109;206;0;
29877;2025.03.03 22:30;-28;-2.75;-200;-200;3108;206;0;
29878;2025.03.03 22:45;-28;-2.125;-200;-200;3109;206;0;
29879;2025.03.03 23:00;-28;-2.9375;-200;-200;3109;206;0;
29880;2025.03.03 23:15;-28;-1.875;-200;-200;3109;206;0;
29881;2025.03.03 23:30;-28;-2.5;-200;-200;3109;206;0;
29882;2025.03.03 23:45;-28;-2.875;-200;-200;3109;206;0;
29883;2025.03.04 00:00;-28;-3.6875;-200;-200;3109;206;0;
29884;2025.03.04 00:15;-28;-5.125;-200;-200;3108;206;0;
29885;2025.03.04 00:30;-28;-5.5625;-200;-200;3108;206;0;
29886;2025.03.04 00:45;-28;-5.5;-200;-200;3108;206;0;
29887;2025.03.04 01:00;-28;-5.625;-200;-200;3108;206;0;
29888;2025.03.04 01:15;-28;-5.5;-200;-200;3108;206;0;
29889;2025.03.04 01:30;-28;-5.625;-200;-200;3108;206;0;
29890;2025.03.04 01:45;-28;-5.75;-200;-200;3108;206;0;
29891;2025.03.04 02:00;-28;-5.8125;-200;-200;3108;206;0;
29892;2025.03.04 02:15;-28;-6;-200;-200;3108;206;0;
29893;2025.03.04 02:30;-28;-6.25;-200;-200;3108;206;0;
29894;2025.03.04 02:45;-28;-6.25;-200;-200;3108;206;0;
29895;2025.03.04 03:00;-28;-6.25;-200;-200;3108;206;0;
29896;2025.03.04 03:15;-28;-6.5625;-200;-200;3108;206;0;
29897;2025.03.04 03:30;-28;-6.625;-200;-200;3108;206;0;
29898;2025.03.04 03:45;-28;-6.75;-200;-200;3108;206;0;
29899;2025.03.04 04:00;-28;-6.875;-200;-200;3108;206;0;
29900;2025.03.04 04:15;-28;-6.875;-200;-200;3108;206;0;
29901;2025.03.04 04:30;-28;-6.875;-200;-200;3108;206;0;
29902;2025.03.04 04:45;-28;-6.8125;-200;-200;3108;206;0;
29903;2025.03.04 05:00;-28;-6.875;-200;-200;3108;206;0;
29904;2025.03.04 05:15;-28;-6.875;-200;-200;3108;206;0;
29905;2025.03.04 05:30;-28;-6.875;-200;-200;3108;206;0;
29906;2025.03.04 05:45;-28;-6.875;-200;-200;3108;206;0;
29907;2025.03.04 06:00;-28;-7;-200;-200;3108;206;0;
29908;2025.03.04 06:15;-28;-7;-200;-200;3108;206;0;
29909;2025.03.04 06:30;-28;-7;-200;-200;3108;206;0;
29910;2025.03.04 06:45;-28;-7;-200;-200;3108;206;0;
29911;2025.03.04 07:00;-28;-6.9375;-200;-200;3108;206;0;
29912;2025.03.04 07:15;-28;-6.875;-200;-200;3108;206;0;
29913;2025.03.04 07:30;-28;-6.75;-200;-200;3108;206;0;
29914;2025.03.04 07:45;-28;-6.6875;-200;-200;3108;206;0;
29915;2025.03.04 08:00;-28;-6.625;-200;-200;3108;206;0;
29916;2025.03.04 08:15;-28;-6.625;-200;-200;3108;206;0;
29917;2025.03.04 08:30;-28;-6.625;-200;-200;3108;206;0;
29918;2025.03.04 08:45;-28;-6.5625;-200;-200;3108;206;0;
29919;2025.03.04 09:00;-28;-6.5;-200;-200;3108;206;0;
29920;2025.03.04 09:15;-28;-6.5;-200;-200;3108;206;0;
29921;2025.03.04 09:30;-28;-6.4375;-200;-200;3108;206;0;
29922;2025.03.04 09:45;-28;-6.4375;-200;-200;3108;206;0;
29923;2025.03.04 10:00;-28;-6.4375;-200;-200;3108;206;0;
29924;2025.03.04 10:15;-28;-6.375;-200;-200;3108;206;0;
29925;2025.03.04 10:30;-28;-6.375;-200;-200;3108;206;0;
29926;2025.03.04 10:45;-28;-6.4375;-200;-200;3108;206;0;
29927;2025.03.04 11:00;-28;-6.375;-200;-200;3108;206;0;
29928;2025.03.04 11:15;-28;-6.375;-200;-200;3108;206;0;
29929;2025.03.04 11:30;-28;-6.25;-200;-200;3108;206;0;
29930;2025.03.04 11:45;-28;-6.25;-200;-200;3108;206;0;
29931;2025.03.04 12:00;-28;-6.25;-200;-200;3108;206;0;
29932;2025.03.04 12:15;-28;-6.1875;-200;-200;3108;206;0;
29933;2025.03.04 12:30;-28;-6.125;-200;-200;3108;206;0;
29934;2025.03.04 12:45;-28;-6;-200;-200;3108;206;0;
29935;2025.03.04 13:00;-28;-6;-200;-200;3108;206;0;
29936;2025.03.04 13:15;-28;-6;-200;-200;3108;206;0;
29937;2025.03.04 13:30;-28;-6.0625;-200;-200;3108;206;0;
29938;2025.03.04 13:45;-28;-6.125;-200;-200;3108;206;0;
29939;2025.03.04 14:00;-28;-6.125;-200;-200;3108;206;0;
29940;2025.03.04 14:15;-28;-5.625;-200;-200;3108;206;0;
29941;2025.03.04 14:30;-28;-5.5;-200;-200;3108;206;0;
29942;2025.03.04 14:45;-28;-5.375;-200;-200;3108;206;0;
29943;2025.03.04 15:00;-28;-5.25;-200;-200;3108;206;0;
29944;2025.03.04 15:15;-28;-4.5625;-200;-200;3108;206;0;
29945;2025.03.04 15:30;-28;-3.9375;-200;-200;3108;206;0;
29946;2025.03.04 15:45;-28;-3.0625;-200;-200;3108;206;0;
29947;2025.03.04 16:00;-28;-2.125;-200;-200;3109;206;0;
29948;2025.03.04 16:15;-28;-3.3125;-200;-200;3109;206;0;
29949;2025.03.04 16:30;-28;-3.5;-200;-200;3108;206;0;
29950;2025.03.04 16:45;-28;-2.9375;-200;-200;3109;206;0;
29951;2025.03.04 17:00;-28;-3.0625;-200;-200;3109;206;0;
29952;2025.03.04 17:15;-28;-2.625;-200;-200;3109;206;0;
29953;2025.03.04 17:30;-28;-2.375;-200;-200;3109;206;0;
29954;2025.03.04 17:45;-28;-1.75;-200;-200;3109;206;0;
29955;2025.03.04 18:00;-28;-0.375;-200;-200;3109;206;0;
29956;2025.03.04 18:15;-28;0.5;-200;-200;3109;206;0;
29957;2025.03.04 18:30;-28;1.0625;-200;-200;3109;206;0;
29958;2025.03.04 18:45;-28;0.125;-200;-200;3109;206;0;
29959;2025.03.04 19:00;-28;-0.3125;-200;-200;3109;206;0;
29960;2025.03.04 19:15;-28;-0.375;-200;-200;3110;206;0;
29961;2025.03.04 19:30;-28;-0.125;-200;-200;3109;206;0;
29962;2025.03.04 19:45;-28;0;-200;-200;3109;206;0;
29963;2025.03.04 20:00;-28;1.6875;-200;-200;3110;206;0;
29964;2025.03.04 20:15;-28;4.625;-200;-200;3110;206;0;
29965;2025.03.04 20:30;-28;3.6875;-200;-200;3110;206;0;
29966;2025.03.04 20:45;-28;3.25;-200;-200;3110;206;0;
29967;2025.03.04 21:00;-28;1.875;-200;-200;3110;206;0;
29968;2025.03.04 21:15;-28;2.75;-200;-200;3110;206;0;
29969;2025.03.04 21:30;-28;1.375;-200;-200;3110;206;0;
29970;2025.03.04 21:45;-28;1.75;-200;-200;3110;206;0;
29971;2025.03.04 22:00;-28;1.625;-200;-200;3110;206;0;
29972;2025.03.04 22:15;-28;2.0625;-200;-200;3110;206;0;
29973;2025.03.04 22:30;-28;2.875;-200;-200;3110;206;0;
29974;2025.03.04 22:45;-28;3.3125;-200;-200;3110;206;0;
29975;2025.03.04 23:00;-28;1.5625;-200;-200;3110;206;0;
29976;2025.03.04 23:15;-28;1.875;-200;-200;3110;206;0;
29977;2025.03.04 23:30;-28;2.6875;-200;-200;3110;206;0;
29978;2025.03.04 23:45;-28;1.1875;-200;-200;3110;206;0;
29979;2025.03.05 00:00;-28;0.75;-200;-200;3110;206;0;
29980;2025.03.05 00:15;-28;0.375;-200;-200;3110;206;0;
29981;2025.03.05 00:30;-28;-0.625;-200;-200;3109;206;0;
29982;2025.03.05 00:45;-28;-0.8125;-200;-200;3109;206;0;
29983;2025.03.05 01:00;-28;-1.25;-200;-200;3109;206;0;
29984;2025.03.05 01:15;-28;-1.625;-200;-200;3109;206;0;
29985;2025.03.05 01:30;-28;-1.875;-200;-200;3109;206;0;
29986;2025.03.05 01:45;-28;-1.875;-200;-200;3109;206;0;
29987;2025.03.05 02:00;-28;-2.125;-200;-200;3109;206;0;
29988;2025.03.05 02:15;-28;-2.0625;-200;-200;3109;206;0;
29989;2025.03.05 02:30;-28;-2.125;-200;-200;3109;206;0;
29990;2025.03.05 02:45;-28;-2.125;-200;-200;3109;206;0;
29991;2025.03.05 03:00;-28;-2.25;-200;-200;3109;206;0;
29992;2025.03.05 03:15;-28;-2.5;-200;-200;3109;206;0;
29993;2025.03.05 03:30;-28;-2.625;-200;-200;3109;206;0;
29994;2025.03.05 03:45;-28;-2.8125;-200;-200;3109;206;0;
29995;2025.03.05 04:00;-28;-2.875;-200;-200;3109;206;0;
29996;2025.03.05 04:15;-28;-3;-200;-200;3109;206;0;
29997;2025.03.05 04:30;-28;-3;-200;-200;3109;206;0;
29998;2025.03.05 04:45;-28;-3.1875;-200;-200;3109;206;0;
29999;2025.03.05 05:00;-28;-3.125;-200;-200;3109;206;0;
30000;2025.03.05 05:15;-28;-3.25;-200;-200;3109;206;0;
30001;2025.03.05 05:30;-28;-3.375;-200;-200;3109;206;0;
30002;2025.03.05 05:45;-28;-3.25;-200;-200;3109;206;0;
30003;2025.03.05 06:00;-28;-3.375;-200;-200;3109;206;0;
30004;2025.03.05 06:15;-28;-3.375;-200;-200;3109;206;0;
30005;2025.03.05 06:30;-28;-3.4375;-200;-200;3109;206;0;
30006;2025.03.05 06:45;-28;-3.375;-200;-200;3109;206;0;
30007;2025.03.05 07:00;-28;-3.375;-200;-200;3109;206;0;
30008;2025.03.05 07:15;-28;-3.375;-200;-200;3109;206;0;
30009;2025.03.05 07:30;-28;-3.6875;-200;-200;3109;206;0;
30010;2025.03.05 07:45;-28;-4.25;-200;-200;3109;206;0;
30011;2025.03.05 08:00;-28;-4.625;-200;-200;3109;206;0;
30012;2025.03.05 08:15;-28;-4.5;-200;-200;3109;206;0;
30013;2025.03.05 08:30;-28;-4.6875;-200;-200;3109;206;0;
30014;2025.03.05 08:45;-28;-4.375;-200;-200;3109;206;0;
30015;2025.03.05 09:00;-28;-4.25;-200;-200;3109;206;0;
30016;2025.03.05 09:15;-28;-4.1875;-200;-200;3109;206;0;
30017;2025.03.05 09:30;-28;-5;-200;-200;3109;206;0;
30018;2025.03.05 09:45;-28;-5.1875;-200;-200;3109;206;0;
30019;2025.03.05 10:00;-28;-5.125;-200;-200;3108;206;0;
30020;2025.03.05 10:15;-28;-4.5625;-200;-200;3108;206;0;
30021;2025.03.05 10:30;-28;-4.8125;-200;-200;3108;206;0;
30022;2025.03.05 10:45;-28;-4.5;-200;-200;3108;206;0;
30023;2025.03.05 11:00;-28;-4.5625;-200;-200;3108;206;0;
30024;2025.03.05 11:15;-28;-4.5;-200;-200;3108;206;0;
30025;2025.03.05 11:30;-28;-4.625;-200;-200;3108;206;0;
30026;2025.03.05 11:45;-28;-5.3125;-200;-200;3108;206;0;
30027;2025.03.05 12:00;-28;-5.625;-200;-200;3108;206;0;
30028;2025.03.05 12:15;-28;-6.25;-200;-200;3108;206;0;
30029;2025.03.05 12:30;-28;-6.875;-200;-200;3108;206;0;
30030;2025.03.05 12:45;-28;-7.1875;-200;-200;3108;206;0;
30031;2025.03.05 13:00;-28;-7.5;-200;-200;3108;206;0;
30032;2025.03.05 13:15;-28;-7.5625;-200;-200;3108;206;0;
30033;2025.03.05 13:30;-28;-7.3125;-200;-200;3108;206;0;
30034;2025.03.05 13:45;-28;-7.125;-200;-200;3108;206;0;
30035;2025.03.05 14:00;-28;-6.5;-200;-200;3108;206;0;
30036;2025.03.05 14:15;-28;-5.625;-200;-200;3108;206;0;
30037;2025.03.05 14:30;-28;-4.875;-200;-200;3108;206;0;
30038;2025.03.05 14:45;-28;-3.5625;-200;-200;3109;206;0;
30039;2025.03.05 15:00;-28;-2.1875;-200;-200;3109;206;0;
30040;2025.03.05 15:15;-28;-0.875;-200;-200;3109;206;0;
30041;2025.03.05 15:30;-28;0.3125;-200;-200;3110;206;0;
30042;2025.03.05 15:45;-28;0.5625;-200;-200;3110;206;0;
30043;2025.03.05 16:00;-28;0.5;-200;-200;3110;206;0;
30044;2025.03.05 16:15;-28;1;-200;-200;3110;206;0;
30045;2025.03.05 16:30;-28;1.125;-200;-200;3110;206;0;
30046;2025.03.05 16:45;-28;2;-200;-200;3110;206;0;
30047;2025.03.05 17:00;-28;2.5;-200;-200;3110;206;0;
30048;2025.03.05 17:15;-28;3.25;-200;-200;3110;206;0;
30049;2025.03.05 17:30;-28;3.75;-200;-200;3110;206;0;
30050;2025.03.05 17:45;-28;4.5;-200;-200;3111;206;0;
30051;2025.03.05 18:00;-28;5;-200;-200;3111;206;0;
30052;2025.03.05 18:15;-28;6;-200;-200;3111;206;0;
30053;2025.03.05 18:30;-28;6.5625;-200;-200;3111;206;0;
30054;2025.03.05 18:45;-28;6.25;-200;-200;3111;206;0;
30055;2025.03.05 19:00;-28;6;-200;-200;3111;206;0;
30056;2025.03.05 19:15;-28;5.625;-200;-200;3111;206;0;
30057;2025.03.05 19:30;-28;6.5;-200;-200;3111;206;0;
30058;2025.03.05 19:45;-28;6.75;-200;-200;3111;206;0;
30059;2025.03.05 20:00;-28;8.125;-200;-200;3112;206;0;
30060;2025.03.05 20:15;-28;10.5;-200;-200;3113;206;0;
30061;2025.03.05 20:30;-28;10.75;-200;-200;3113;206;0;
30062;2025.03.05 20:45;-28;8.625;-200;-200;3113;206;0;
30063;2025.03.05 21:00;-28;7.9375;-200;-200;3112;206;0;
30064;2025.03.05 21:15;-28;8.625;-200;-200;3112;206;0;
30065;2025.03.05 21:30;-28;8.8125;-200;-200;3113;206;0;
30066;2025.03.05 21:45;-28;8.25;-200;-200;3112;206;0;
30067;2025.03.05 22:00;-28;8.75;-200;-200;3112;206;0;
30068;2025.03.05 22:15;-28;10.75;-200;-200;3113;206;0;
30069;2025.03.05 22:30;-28;8.8125;-200;-200;3113;206;0;
30070;2025.03.05 22:45;-28;7.75;-200;-200;3112;206;0;
30071;2025.03.05 23:00;-28;7.375;-200;-200;3113;206;0;
30072;2025.03.05 23:15;-28;7.4375;-200;-200;3112;206;0;
30073;2025.03.05 23:30;-28;6.375;-200;-200;3112;206;0;
30074;2025.03.05 23:45;-28;6;-200;-200;3112;206;0;
30075;2025.03.06 00:00;-28;5.375;-200;-200;3112;206;0;
30076;2025.03.06 00:15;-28;5.125;-200;-200;3112;206;0;
30077;2025.03.06 00:30;-28;4.625;-200;-200;3112;206;0;
30078;2025.03.06 00:45;-28;3.875;-200;-200;3112;206;0;
30079;2025.03.06 01:00;-28;3.125;-200;-200;3112;206;0;
30080;2025.03.06 01:15;-28;1.9375;-200;-200;3111;206;0;
30081;2025.03.06 01:30;-28;0.875;-200;-200;3111;206;0;
30082;2025.03.06 01:45;-28;0.1875;-200;-200;3111;206;0;
30083;2025.03.06 02:00;-28;-0.0625;-200;-200;3111;206;0;
30084;2025.03.06 02:15;-28;1;-200;-200;3111;206;0;
30085;2025.03.06 02:30;-28;2.25;-200;-200;3111;206;0;
30086;2025.03.06 02:45;-28;1.375;-200;-200;3111;206;0;
30087;2025.03.06 03:00;-28;0.9375;-200;-200;3111;206;0;
30088;2025.03.06 03:15;-28;1.125;-200;-200;3111;206;0;
30089;2025.03.06 03:30;-28;1.25;-200;-200;3111;206;0;
30090;2025.03.06 03:45;-28;1;-200;-200;3111;206;0;
30091;2025.03.06 04:00;-28;0.875;-200;-200;3111;206;0;
30092;2025.03.06 04:15;-28;0.75;-200;-200;3111;206;0;
30093;2025.03.06 04:30;-28;1.3125;-200;-200;3111;206;0;
30094;2025.03.06 04:45;-28;1.375;-200;-200;3111;206;0;
30095;2025.03.06 05:00;-28;1.375;-200;-200;3111;206;0;
30096;2025.03.06 05:15;-28;1.375;-200;-200;3111;206;0;
30097;2025.03.06 05:30;-28;1.125;-200;-200;3111;206;0;
30098;2025.03.06 05:45;-28;1.25;-200;-200;3111;206;0;
30099;2025.03.06 06:00;-28;1.25;-200;-200;3111;206;0;
30100;2025.03.06 06:15;-28;1.375;-200;-200;3111;206;0;
30101;2025.03.06 06:30;-28;1.3125;-200;-200;3111;206;0;
30102;2025.03.06 06:45;-28;1.3125;-200;-200;3111;206;0;
30103;2025.03.06 07:00;-28;1;-200;-200;3111;206;0;
30104;2025.03.06 07:15;-28;0.875;-200;-200;3111;206;0;
30105;2025.03.06 07:30;-28;0.9375;-200;-200;3111;206;0;
30106;2025.03.06 07:45;-28;0.875;-200;-200;3111;206;0;
30107;2025.03.06 08:00;-28;0.6875;-200;-200;3111;206;0;
30108;2025.03.06 08:15;-28;0.75;-200;-200;3111;206;0;
30109;2025.03.06 08:30;-28;0.875;-200;-200;3111;206;0;
30110;2025.03.06 08:45;-28;0.875;-200;-200;3111;206;0;
30111;2025.03.06 09:00;-28;0.875;-200;-200;3111;206;0;
30112;2025.03.06 09:15;-28;0.9375;-200;-200;3111;206;0;
30113;2025.03.06 09:30;-28;0.875;-200;-200;3111;206;0;
30114;2025.03.06 09:45;-28;0.9375;-200;-200;3111;206;0;
30115;2025.03.06 10:00;-28;0.9375;-200;-200;3111;206;0;
30116;2025.03.06 10:15;-28;1;-200;-200;3111;206;0;
30117;2025.03.06 10:30;-28;1.125;-200;-200;3111;206;0;
30118;2025.03.06 10:45;-28;1.25;-200;-200;3111;206;0;
30119;2025.03.06 11:00;-28;1.125;-200;-200;3111;206;0;
30120;2025.03.06 11:15;-28;0.875;-200;-200;3111;206;0;
30121;2025.03.06 11:30;-28;0.875;-200;-200;3111;206;0;
30122;2025.03.06 11:45;-28;0.75;-200;-200;3111;206;0;
30123;2025.03.06 12:00;-28;0.625;-200;-200;3111;206;0;
30124;2025.03.06 12:15;-28;0.75;-200;-200;3111;206;0;
30125;2025.03.06 12:30;-28;0.875;-200;-200;3111;206;0;
30126;2025.03.06 12:45;-28;1.1875;-200;-200;3111;206;0;
30127;2025.03.06 13:00;-28;1.125;-200;-200;3111;206;0;
30128;2025.03.06 13:15;-28;1.125;-200;-200;3111;206;0;
30129;2025.03.06 13:30;-28;0.8125;-200;-200;3111;206;0;
30130;2025.03.06 13:45;-28;0.875;-200;-200;3111;206;0;
30131;2025.03.06 14:00;-28;0.875;-200;-200;3111;206;0;
30132;2025.03.06 14:15;-28;0.875;-200;-200;3111;206;0;
30133;2025.03.06 14:30;-28;1.0625;-200;-200;3111;206;0;
30134;2025.03.06 14:45;-28;1.375;-200;-200;3111;206;0;
30135;2025.03.06 15:00;-28;1.5;-200;-200;3111;206;0;
30136;2025.03.06 15:15;-28;1.625;-200;-200;3111;206;0;
30137;2025.03.06 15:30;-28;1.75;-200;-200;3111;206;0;
30138;2025.03.06 15:45;-28;1.75;-200;-200;3111;206;0;
30139;2025.03.06 16:00;-28;1.875;-200;-200;3111;206;0;
30140;2025.03.06 16:15;-28;2.0625;-200;-200;3111;206;0;
30141;2025.03.06 16:30;-28;2.5;-200;-200;3111;206;0;
30142;2025.03.06 16:45;-28;3.125;-200;-200;3111;206;0;
30143;2025.03.06 17:00;-28;3.875;-200;-200;3111;206;0;
30144;2025.03.06 17:15;-28;4.3125;-200;-200;3111;206;0;
30145;2025.03.06 17:30;-28;4.25;-200;-200;3111;206;0;
30146;2025.03.06 17:45;-28;4.375;-200;-200;3111;206;0;
30147;2025.03.06 18:00;-28;4.375;-200;-200;3111;206;0;
30148;2025.03.06 18:15;-28;5.25;-200;-200;3111;206;0;
30149;2025.03.06 18:30;-28;7.25;-200;-200;3112;206;0;
30150;2025.03.06 18:45;-28;6.4375;-200;-200;3112;206;0;
30151;2025.03.06 19:00;-28;6.375;-200;-200;3112;206;0;
30152;2025.03.06 19:15;-28;5.875;-200;-200;3111;206;0;
30153;2025.03.06 19:30;-28;7;-200;-200;3112;206;0;
30154;2025.03.06 19:45;-28;6.75;-200;-200;3112;206;0;
30155;2025.03.06 20:00;-28;6.75;-200;-200;3111;206;0;
30156;2025.03.06 20:15;-28;7.25;-200;-200;3112;206;0;
30157;2025.03.06 20:30;-28;6.875;-200;-200;3112;206;0;
30158;2025.03.06 20:45;-28;6.0625;-200;-200;3112;206;0;
30159;2025.03.06 21:00;-28;4;-200;-200;3111;206;0;
30160;2025.03.06 21:15;-28;5.375;-200;-200;3112;206;0;
30161;2025.03.06 21:30;-28;4.375;-200;-200;3112;206;0;
30162;2025.03.06 21:45;-28;3.9375;-200;-200;3111;206;0;
30163;2025.03.06 22:00;-28;3.75;-200;-200;3111;206;0;
30164;2025.03.06 22:15;-28;4.25;-200;-200;3112;206;0;
30165;2025.03.06 22:30;-28;3.5625;-200;-200;3111;206;0;
30166;2025.03.06 22:45;-28;3.875;-200;-200;3112;206;0;
30167;2025.03.06 23:00;-28;3.375;-200;-200;3111;206;0;
30168;2025.03.06 23:15;-28;3.375;-200;-200;3111;206;0;
30169;2025.03.06 23:30;-28;2.125;-200;-200;3111;206;0;
30170;2025.03.06 23:45;-28;1.5625;-200;-200;3111;206;0;
30171;2025.03.07 00:00;-28;2.125;-200;-200;3111;206;0;
30172;2025.03.07 00:15;-28;1.375;-200;-200;3111;206;0;
30173;2025.03.07 00:30;-28;0.875;-200;-200;3111;206;0;
30174;2025.03.07 00:45;-28;0.375;-200;-200;3111;206;0;
30175;2025.03.07 01:00;-28;0.0625;-200;-200;3111;206;0;
30176;2025.03.07 01:15;-28;-0.125;-200;-200;3111;206;0;
30177;2025.03.07 01:30;-28;-0.375;-200;-200;3111;206;0;
30178;2025.03.07 01:45;-28;-0.4375;-200;-200;3111;206;0;
30179;2025.03.07 02:00;-28;-0.625;-200;-200;3111;206;0;
30180;2025.03.07 02:15;-28;-0.875;-200;-200;3111;206;0;
30181;2025.03.07 02:30;-28;-0.875;-200;-200;3111;206;0;
30182;2025.03.07 02:45;-28;-1.0625;-200;-200;3111;206;0;
30183;2025.03.07 03:00;-28;-1.25;-200;-200;3111;206;0;
30184;2025.03.07 03:15;-28;-1.5;-200;-200;3111;206;0;
30185;2025.03.07 03:30;-28;-1.75;-200;-200;3110;206;0;
30186;2025.03.07 03:45;-28;-1.875;-200;-200;3110;206;0;
30187;2025.03.07 04:00;-28;-2;-200;-200;3110;206;0;
30188;2025.03.07 04:15;-28;-2.125;-200;-200;3111;206;0;
30189;2025.03.07 04:30;-28;-2.25;-200;-200;3110;206;0;
30190;2025.03.07 04:45;-28;-2.375;-200;-200;3110;206;0;
30191;2025.03.07 05:00;-28;-2.5;-200;-200;3110;206;0;
30192;2025.03.07 05:15;-28;-2.75;-200;-200;3110;206;0;
30193;2025.03.07 05:30;-28;-2.875;-200;-200;3110;206;0;
30194;2025.03.07 05:45;-28;-2.9375;-200;-200;3110;206;0;
30195;2025.03.07 06:00;-28;-3.125;-200;-200;3110;206;0;
30196;2025.03.07 06:15;-28;-3.125;-200;-200;3110;206;0;
30197;2025.03.07 06:30;-28;-3.125;-200;-200;3110;206;0;
30198;2025.03.07 06:45;-28;-3.3125;-200;-200;3110;206;0;
30199;2025.03.07 07:00;-28;-3.375;-200;-200;3110;206;0;
30200;2025.03.07 07:15;-28;-3.5;-200;-200;3110;206;0;
30201;2025.03.07 07:30;-28;-3.625;-200;-200;3110;206;0;
30202;2025.03.07 07:45;-28;-3.75;-200;-200;3110;206;0;
30203;2025.03.07 08:00;-28;-3.875;-200;-200;3110;206;0;
30204;2025.03.07 08:15;-28;-4;-200;-200;3110;206;0;
30205;2025.03.07 08:30;-28;-4;-200;-200;3110;206;0;
30206;2025.03.07 08:45;-28;-4.125;-200;-200;3110;206;0;
30207;2025.03.07 09:00;-28;-4.125;-200;-200;3110;206;0;
30208;2025.03.07 09:15;-28;-4.25;-200;-200;3110;206;0;
30209;2025.03.07 09:30;-28;-4.375;-200;-200;3110;206;0;
30210;2025.03.07 09:45;-28;-4.75;-200;-200;3110;206;0;
30211;2025.03.07 10:00;-28;-5.25;-200;-200;3110;206;0;
30212;2025.03.07 10:15;-28;-5.5;-200;-200;3110;206;0;
30213;2025.03.07 10:30;-28;-5.4375;-200;-200;3110;206;0;
30214;2025.03.07 10:45;-28;-5.375;-200;-200;3110;206;0;
30215;2025.03.07 11:00;-28;-5.375;-200;-200;3110;206;0;
30216;2025.03.07 11:15;-28;-5.25;-200;-200;3110;206;0;
30217;2025.03.07 11:30;-28;-5.25;-200;-200;3109;206;0;
30218;2025.03.07 11:45;-28;-5.375;-200;-200;3110;206;0;
30219;2025.03.07 12:00;-28;-5.4375;-200;-200;3110;206;0;
30220;2025.03.07 12:15;-28;-5.625;-200;-200;3109;206;0;
30221;2025.03.07 12:30;-28;-5.875;-200;-200;3109;206;0;
30222;2025.03.07 12:45;-28;-6;-200;-200;3109;206;0;
30223;2025.03.07 13:00;-28;-6.125;-200;-200;3109;206;0;
30224;2025.03.07 13:15;-28;-6.1875;-200;-200;3109;206;0;
30225;2025.03.07 13:30;-28;-6.375;-200;-200;3109;206;0;
30226;2025.03.07 13:45;-28;-6.375;-200;-200;3109;206;0;
30227;2025.03.07 14:00;-28;-6.5625;-200;-200;3109;206;0;
30228;2025.03.07 14:15;-28;-6.75;-200;-200;3109;206;0;
30229;2025.03.07 14:30;-28;-6.625;-200;-200;3109;206;0;
30230;2025.03.07 14:45;-28;-6.1875;-200;-200;3109;206;0;
30231;2025.03.07 15:00;-28;-5;-200;-200;3109;206;0;
30232;2025.03.07 15:15;-28;-4.375;-200;-200;3109;206;0;
30233;2025.03.07 15:30;-28;-4.125;-200;-200;3109;206;0;
30234;2025.03.07 15:45;-28;-3.6875;-200;-200;3109;206;0;
30235;2025.03.07 16:00;-28;-3.5;-200;-200;3109;206;0;
30236;2025.03.07 16:15;-28;-3.4375;-200;-200;3109;206;0;
30237;2025.03.07 16:30;-28;-2.8125;-200;-200;3109;206;0;
30238;2025.03.07 16:45;-28;-2.5;-200;-200;3109;206;0;
30239;2025.03.07 17:00;-28;-2.125;-200;-200;3110;206;0;
30240;2025.03.07 17:15;-28;-2.125;-200;-200;3110;206;0;
30241;2025.03.07 17:30;-28;-1.375;-200;-200;3110;206;0;
30242;2025.03.07 17:45;-28;-0.5;-200;-200;3110;206;0;
30243;2025.03.07 18:00;-28;1;-200;-200;3110;206;0;
30244;2025.03.07 18:15;-28;-0.25;-200;-200;3110;206;0;
30245;2025.03.07 18:30;-28;-0.375;-200;-200;3110;206;0;
30246;2025.03.07 18:45;-28;0.375;-200;-200;3110;206;0;
30247;2025.03.07 19:00;-28;0.8125;-200;-200;3110;206;0;
30248;2025.03.07 19:15;-28;1.75;-200;-200;3110;206;0;
30249;2025.03.07 19:30;-28;1.0625;-200;-200;3111;206;0;
30250;2025.03.07 19:45;-28;1.5;-200;-200;3111;206;0;
30251;2025.03.07 20:00;-28;4.25;-200;-200;3111;206;0;
30252;2025.03.07 20:15;-28;4.1875;-200;-200;3111;206;0;
30253;2025.03.07 20:30;-28;3.75;-200;-200;3111;206;0;
30254;2025.03.07 20:45;-28;3.6875;-200;-200;3111;206;0;
30255;2025.03.07 21:00;-28;3.75;-200;-200;3111;206;0;
30256;2025.03.07 21:15;-28;3.25;-200;-200;3111;206;0;
30257;2025.03.07 21:30;-28;4.0625;-200;-200;3111;206;0;
30258;2025.03.07 21:45;-28;3.5;-200;-200;3111;206;0;
30259;2025.03.07 22:00;-28;4.125;-200;-200;3111;206;0;
30260;2025.03.07 22:15;-28;4;-200;-200;3111;206;0;
30261;2025.03.07 22:30;-28;2.625;-200;-200;3111;206;0;
30262;2025.03.07 22:45;-28;2.625;-200;-200;3111;206;0;
30263;2025.03.07 23:00;-28;1.875;-200;-200;3111;206;0;
30264;2025.03.07 23:15;-28;1.1875;-200;-200;3111;206;0;
30265;2025.03.07 23:30;-28;0.625;-200;-200;3111;206;0;
30266;2025.03.07 23:45;-28;0.625;-200;-200;3111;206;0;
30267;2025.03.08 00:00;-28;0.375;-200;-200;3111;206;0;
30268;2025.03.08 00:15;-28;0.125;-200;-200;3111;206;0;
30269;2025.03.08 00:30;-28;-1;-200;-200;3110;206;0;
30270;2025.03.08 00:45;-28;-1.5;-200;-200;3110;206;0;
30271;2025.03.08 01:00;-28;-2;-200;-200;3110;206;0;
30272;2025.03.08 01:15;-28;-2.125;-200;-200;3110;206;0;
30273;2025.03.08 01:30;-28;-2.125;-200;-200;3110;206;0;
30274;2025.03.08 01:45;-28;-2.25;-200;-200;3110;206;0;
30275;2025.03.08 02:00;-28;-3.5625;-200;-200;3109;206;0;
30276;2025.03.08 02:15;-28;-4.625;-200;-200;3109;206;0;
30277;2025.03.08 02:30;-28;-5;-200;-200;3109;206;0;
30278;2025.03.08 02:45;-28;-5.25;-200;-200;3109;206;0;
30279;2025.03.08 03:00;-28;-5.1875;-200;-200;3109;206;0;
30280;2025.03.08 03:15;-28;-5.25;-200;-200;3109;206;0;
30281;2025.03.08 03:30;-28;-5.3125;-200;-200;3109;206;0;
30282;2025.03.08 03:45;-28;-5.625;-200;-200;3109;206;0;
30283;2025.03.08 04:00;-28;-5.875;-200;-200;3109;206;0;
30284;2025.03.08 04:15;-28;-6.125;-200;-200;3109;206;0;
30285;2025.03.08 04:30;-28;-6.25;-200;-200;3109;206;0;
30286;2025.03.08 04:45;-28;-6.25;-200;-200;3109;206;0;
30287;2025.03.08 05:00;-28;-6.375;-200;-200;3109;206;0;
30288;2025.03.08 05:15;-28;-6.25;-200;-200;3109;206;0;
30289;2025.03.08 05:30;-28;-6.375;-200;-200;3109;206;0;
30290;2025.03.08 05:45;-28;-6.25;-200;-200;3109;206;0;
30291;2025.03.08 06:00;-28;-6.25;-200;-200;3109;206;0;
30292;2025.03.08 06:15;-28;-6.125;-200;-200;3109;206;0;
30293;2025.03.08 06:30;-28;-6.25;-200;-200;3109;206;0;
30294;2025.03.08 06:45;-28;-6.5;-200;-200;3109;206;0;
30295;2025.03.08 07:00;-28;-6.625;-200;-200;3110;206;0;
30296;2025.03.08 07:15;-28;-6.875;-200;-200;3109;206;0;
30297;2025.03.08 07:30;-28;-7;-200;-200;3109;206;0;
30298;2025.03.08 07:45;-28;-7.0625;-200;-200;3109;206;0;
30299;2025.03.08 08:00;-28;-7.1875;-200;-200;3110;206;0;
30300;2025.03.08 08:15;-28;-7.25;-200;-200;3110;206;0;
30301;2025.03.08 08:30;-28;-7.1875;-200;-200;3110;206;0;
30302;2025.03.08 08:45;-28;-7.1875;-200;-200;3110;206;0;
30303;2025.03.08 09:00;-28;-7.125;-200;-200;3110;206;0;
30304;2025.03.08 09:15;-28;-7.1875;-200;-200;3110;206;0;
30305;2025.03.08 09:30;-28;-7.1875;-200;-200;3110;206;0;
30306;2025.03.08 09:45;-28;-7.25;-200;-200;3110;206;0;
30307;2025.03.08 10:00;-28;-7.6875;-200;-200;3110;206;0;
30308;2025.03.08 10:15;-28;-8.5;-200;-200;3110;206;0;
30309;2025.03.08 10:30;-28;-9.25;-200;-200;3110;206;0;
30310;2025.03.08 10:45;-28;-9.75;-200;-200;3110;206;0;
30311;2025.03.08 11:00;-28;-10.25;-200;-200;3110;206;0;
30312;2025.03.08 11:15;-28;-10.6875;-200;-200;3110;206;0;
30313;2025.03.08 11:30;-28;-11;-200;-200;3111;206;0;
30314;2025.03.08 11:45;-28;-10.75;-200;-200;3111;206;0;
30315;2025.03.08 12:00;-28;-10.875;-200;-200;3111;206;0;
30316;2025.03.08 12:15;-28;-11.5625;-200;-200;3111;206;0;
30317;2025.03.08 12:30;-28;-11;-200;-200;3111;206;0;
30318;2025.03.08 12:45;-28;-10.625;-200;-200;3111;206;0;
30319;2025.03.08 13:00;-28;-10.625;-200;-200;3111;206;0;
30320;2025.03.08 13:15;-28;-10.625;-200;-200;3111;206;0;
30321;2025.03.08 13:30;-28;-11.125;-200;-200;3111;206;0;
30322;2025.03.08 13:45;-28;-11.375;-200;-200;3111;206;0;
30323;2025.03.08 14:00;-28;-11.125;-200;-200;3111;206;0;
30324;2025.03.08 14:15;-28;-10.625;-200;-200;3111;206;0;
30325;2025.03.08 14:30;-28;-9.25;-200;-200;3111;206;0;
30326;2025.03.08 14:45;-28;-8.5;-200;-200;3112;206;0;
30327;2025.03.08 15:00;-28;-8;-200;-200;3113;206;0;
30328;2025.03.08 15:15;-28;-6.75;-200;-200;3113;206;0;
30329;2025.03.08 15:30;-28;-5.25;-200;-200;3114;206;0;
30330;2025.03.08 15:45;-28;-4;-200;-200;3114;206;0;
30331;2025.03.08 16:00;-28;-4;-200;-200;3114;206;0;
30332;2025.03.08 16:15;-28;-4;-200;-200;3114;206;0;
30333;2025.03.08 16:30;-28;-4.125;-200;-200;3115;206;0;
30334;2025.03.08 16:45;-28;-3.4375;-200;-200;3114;206;0;
30335;2025.03.08 17:00;-28;-3.25;-200;-200;3115;206;0;
30336;2025.03.08 17:15;-28;-3.25;-200;-200;3115;206;0;
30337;2025.03.08 17:30;-28;-1.75;-200;-200;3115;206;0;
30338;2025.03.08 17:45;-28;-0.125;-200;-200;3115;206;0;
30339;2025.03.08 18:00;-28;-0.5;-200;-200;3115;206;0;
30340;2025.03.08 18:15;-28;-1.375;-200;-200;3115;206;0;
30341;2025.03.08 18:30;-28;-2.5;-200;-200;3115;206;0;
30342;2025.03.08 18:45;-28;-2.875;-200;-200;3115;206;0;
30343;2025.03.08 19:00;-28;-1.5;-200;-200;3116;206;0;
30344;2025.03.08 19:15;-28;-0.875;-200;-200;3116;206;0;
30345;2025.03.08 19:30;-28;-1.3125;-200;-200;3116;206;0;
30346;2025.03.08 19:45;-28;1;-200;-200;3116;206;0;
30347;2025.03.08 20:00;-28;-0.625;-200;-200;3116;206;0;
30348;2025.03.08 20:15;-28;-1.5;-200;-200;3115;206;0;
30349;2025.03.08 20:30;-28;3.25;-200;-200;3117;206;0;
30350;2025.03.08 20:45;-28;0.1875;-200;-200;3116;206;0;
30351;2025.03.08 21:00;-28;1.1875;-200;-200;3116;206;0;
30352;2025.03.08 21:15;-28;0.875;-200;-200;3116;206;0;
30353;2025.03.08 21:30;-28;0.125;-200;-200;3116;206;0;
30354;2025.03.08 21:45;-28;-1.375;-200;-200;3116;206;0;
30355;2025.03.08 22:00;-28;0.5;-200;-200;3117;206;0;
30356;2025.03.08 22:15;-28;0;-200;-200;3117;206;0;
30357;2025.03.08 22:30;-28;0.125;-200;-200;3116;206;0;
30358;2025.03.08 22:45;-28;-0.25;-200;-200;3117;206;0;
30359;2025.03.08 23:00;-28;4.875;-200;-200;3118;206;0;
30360;2025.03.08 23:15;-28;1.75;-200;-200;3117;206;0;
30361;2025.03.08 23:30;-28;0.9375;-200;-200;3117;206;0;
30362;2025.03.08 23:45;-28;0;-200;-200;3117;206;0;
30363;2025.03.09 00:00;-28;0.375;-200;-200;3117;206;0;
30364;2025.03.09 00:15;-28;-1.8125;-200;-200;3117;206;0;
30365;2025.03.09 00:30;-28;-3.0625;-200;-200;3116;206;0;
30366;2025.03.09 00:45;-28;-3.625;-200;-200;3116;206;0;
30367;2025.03.09 01:00;-28;-3.6875;-200;-200;3116;206;0;
30368;2025.03.09 01:15;-28;-3.875;-200;-200;3116;206;0;
30369;2025.03.09 01:30;-28;-4.1875;-200;-200;3115;206;0;
30370;2025.03.09 01:45;-28;-4.5;-200;-200;3116;206;0;
30371;2025.03.09 02:00;-28;-4.75;-200;-200;3116;206;0;
30372;2025.03.09 02:15;-28;-4.625;-200;-200;3115;206;0;
30373;2025.03.09 02:30;-28;-4.625;-200;-200;3115;206;0;
30374;2025.03.09 02:45;-28;-4.8125;-200;-200;3116;206;0;
30375;2025.03.09 03:00;-28;-5;-200;-200;3116;206;0;
30376;2025.03.09 03:15;-28;-5;-200;-200;3115;206;0;
30377;2025.03.09 03:30;-28;-5.125;-200;-200;3115;206;0;
30378;2025.03.09 03:45;-28;-5.25;-200;-200;3115;206;0;
30379;2025.03.09 04:00;-28;-5.25;-200;-200;3116;206;0;
30380;2025.03.09 04:15;-28;-5.4375;-200;-200;3116;206;0;
30381;2025.03.09 04:30;-28;-5.625;-200;-200;3116;206;0;
30382;2025.03.09 04:45;-28;-6.125;-200;-200;3116;206;0;
30383;2025.03.09 05:00;-28;-6.25;-200;-200;3116;206;0;
30384;2025.03.09 05:15;-28;-6.5;-200;-200;3116;206;0;
30385;2025.03.09 05:30;-28;-6.375;-200;-200;3115;206;0;
30386;2025.03.09 05:45;-28;-6.5625;-200;-200;3115;206;0;
30387;2025.03.09 06:00;-28;-6.625;-200;-200;3115;206;0;
30388;2025.03.09 06:15;-28;-6.6875;-200;-200;3116;206;0;
30389;2025.03.09 06:30;-28;-6.625;-200;-200;3116;206;0;
30390;2025.03.09 06:45;-28;-6.625;-200;-200;3116;206;0;
30391;2025.03.09 07:00;-28;-7.0625;-200;-200;3116;206;0;
30392;2025.03.09 07:15;-28;-7.375;-200;-200;3116;206;0;
30393;2025.03.09 07:30;-28;-7.5;-200;-200;3116;206;0;
30394;2025.03.09 07:45;-28;-7.625;-200;-200;3116;206;0;
30395;2025.03.09 08:00;-28;-6.9375;-200;-200;3116;206;0;
30396;2025.03.09 08:15;-28;-6.9375;-200;-200;3116;206;0;
30397;2025.03.09 08:30;-28;-7.25;-200;-200;3116;206;0;
30398;2025.03.09 08:45;-28;-7.5;-200;-200;3117;206;0;
30399;2025.03.09 09:00;-28;-7.5625;-200;-200;3116;206;0;
30400;2025.03.09 09:15;-28;-7.375;-200;-200;3117;206;0;
30401;2025.03.09 09:30;-28;-7.375;-200;-200;3117;206;0;
30402;2025.03.09 09:45;-28;-7.5;-200;-200;3117;206;0;
30403;2025.03.09 10:00;-28;-7.25;-200;-200;3117;206;0;
30404;2025.03.09 10:15;-28;-7.5;-200;-200;3117;206;0;
30405;2025.03.09 10:30;-28;-6.625;-200;-200;3117;206;0;
30406;2025.03.09 10:45;-28;-7.375;-200;-200;3117;206;0;
30407;2025.03.09 11:00;-28;-7.5;-200;-200;3117;206;0;
30408;2025.03.09 11:15;-28;-7.375;-200;-200;3117;206;0;
30409;2025.03.09 11:30;-28;-7.625;-200;-200;3117;206;0;
30410;2025.03.09 11:45;-28;-7.8125;-200;-200;3117;206;0;
30411;2025.03.09 12:00;-28;-7.625;-200;-200;3117;206;0;
30412;2025.03.09 12:15;-28;-7.875;-200;-200;3117;206;0;
30413;2025.03.09 12:30;-28;-7.625;-200;-200;3118;206;0;
30414;2025.03.09 12:45;-28;-7.8125;-200;-200;3118;206;0;
30415;2025.03.09 13:00;-28;-7.625;-200;-200;3118;206;0;
30416;2025.03.09 13:15;-28;-7.5;-200;-200;3118;206;0;
30417;2025.03.09 13:30;-28;-7.5;-200;-200;3118;206;0;
30418;2025.03.09 13:45;-28;-7.25;-200;-200;3118;206;0;
30419;2025.03.09 14:00;-28;-6.625;-200;-200;3118;206;0;
30420;2025.03.09 14:15;-28;-6.125;-200;-200;3118;206;0;
30421;2025.03.09 14:30;-28;-5.25;-200;-200;3118;206;0;
30422;2025.03.09 14:45;-28;-4.25;-200;-200;3118;206;0;
30423;2025.03.09 15:00;-28;-3;-200;-200;3119;206;0;
30424;2025.03.09 15:15;-28;-1.375;-200;-200;3119;206;0;
30425;2025.03.09 15:30;-28;-0.1875;-200;-200;3120;206;0;
30426;2025.03.09 15:45;-28;0.875;-200;-200;3120;206;0;
30427;2025.03.09 16:00;-28;1.3125;-200;-200;3120;206;0;
30428;2025.03.09 16:15;-28;1.8125;-200;-200;3120;206;0;
30429;2025.03.09 16:30;-28;2.125;-200;-200;3120;206;0;
30430;2025.03.09 16:45;-28;2.375;-200;-200;3120;206;0;
30431;2025.03.09 17:00;-28;2.75;-200;-200;3121;206;0;
30432;2025.03.09 17:15;-28;3.4375;-200;-200;3120;206;0;
30433;2025.03.09 17:30;-28;4;-200;-200;3121;206;0;
30434;2025.03.09 17:45;-28;5.25;-200;-200;3121;206;0;
30435;2025.03.09 18:00;-28;6.25;-200;-200;3121;206;0;
30436;2025.03.09 18:15;-28;7.625;-200;-200;3121;206;0;
30437;2025.03.09 18:30;-28;8.125;-200;-200;3122;206;0;
30438;2025.03.09 18:45;-28;7.9375;-200;-200;3122;206;0;
30439;2025.03.09 19:00;-28;7.625;-200;-200;3122;206;0;
30440;2025.03.09 19:15;-28;7.125;-200;-200;3122;206;0;
30441;2025.03.09 19:30;-28;7.25;-200;-200;3122;206;0;
30442;2025.03.09 19:45;-28;8.0625;-200;-200;3122;206;0;
30443;2025.03.09 20:00;-28;8.875;-200;-200;3122;206;0;
30444;2025.03.09 20:15;-28;13.375;-200;-200;3124;206;0;
30445;2025.03.09 20:30;-28;14.0625;-200;-200;3124;206;0;
30446;2025.03.09 20:45;-28;10.8125;-200;-200;3124;206;0;
30447;2025.03.09 21:00;-28;10.5;-200;-200;3123;206;0;
30448;2025.03.09 21:15;-28;9.8125;-200;-200;3123;206;0;
30449;2025.03.09 21:30;-28;9.125;-200;-200;3123;206;0;
30450;2025.03.09 21:45;-28;9.375;-200;-200;3122;206;0;
30451;2025.03.09 22:00;-28;12;-200;-200;3123;206;0;
30452;2025.03.09 22:15;-28;11.5;-200;-200;3123;206;0;
30453;2025.03.09 22:30;-28;9.625;-200;-200;3123;206;0;
30454;2025.03.09 22:45;-28;11.5;-200;-200;3123;206;0;
30455;2025.03.09 23:00;-28;12.5625;-200;-200;3123;206;0;
30456;2025.03.09 23:15;-28;11.8125;-200;-200;3123;206;0;
30457;2025.03.09 23:30;-28;8.9375;-200;-200;3122;206;0;
30458;2025.03.09 23:45;-28;8.0625;-200;-200;3122;206;0;
30459;2025.03.10 00:00;-28;9.625;-200;-200;3122;206;0;
30460;2025.03.10 00:15;-28;7.75;-200;-200;3122;206;0;
30461;2025.03.10 00:30;-28;6;-200;-200;3121;206;0;
30462;2025.03.10 00:45;-28;4.625;-200;-200;3121;206;0;
30463;2025.03.10 01:00;-28;3.625;-200;-200;3121;206;0;
30464;2025.03.10 01:15;-28;2.625;-200;-200;3120;206;0;
30465;2025.03.10 01:30;-28;1.5625;-200;-200;3120;206;0;
30466;2025.03.10 01:45;-28;1;-200;-200;3120;206;0;
30467;2025.03.10 02:00;-28;0.625;-200;-200;3120;206;0;
30468;2025.03.10 02:15;-28;-0.375;-200;-200;3120;206;0;
30469;2025.03.10 02:30;-28;-1;-200;-200;3120;206;0;
30470;2025.03.10 02:45;-28;-1.5;-200;-200;3120;206;0;
30471;2025.03.10 03:00;-28;-1.875;-200;-200;3120;206;0;
30472;2025.03.10 03:15;-28;-2.25;-200;-200;3120;206;0;
30473;2025.03.10 03:30;-28;-2.5;-200;-200;3120;206;0;
30474;2025.03.10 03:45;-28;-2.625;-200;-200;3119;206;0;
30475;2025.03.10 04:00;-28;-2.6875;-200;-200;3120;206;0;
30476;2025.03.10 04:15;-28;-2.75;-200;-200;3120;206;0;
30477;2025.03.10 04:30;-28;-3;-200;-200;3120;206;0;
30478;2025.03.10 04:45;-28;-3;-200;-200;3119;206;0;
30479;2025.03.10 05:00;-28;-3.125;-200;-200;3119;206;0;
30480;2025.03.10 05:15;-28;-3.1875;-200;-200;3119;206;0;
30481;2025.03.10 05:30;-28;-3.25;-200;-200;3119;206;0;
30482;2025.03.10 05:45;-28;-3.25;-200;-200;3119;206;0;
30483;2025.03.10 06:00;-28;-3.375;-200;-200;3119;206;0;
30484;2025.03.10 06:15;-28;-3.4375;-200;-200;3119;206;0;
30485;2025.03.10 06:30;-28;-3.375;-200;-200;3119;206;0;
30486;2025.03.10 06:45;-28;-3.5;-200;-200;3119;206;0;
30487;2025.03.10 07:00;-28;-3.5625;-200;-200;3119;206;0;
30488;2025.03.10 07:15;-28;-3.625;-200;-200;3119;206;0;
30489;2025.03.10 07:30;-28;-3.75;-200;-200;3119;206;0;
30490;2025.03.10 07:45;-28;-3.875;-200;-200;3119;206;0;
30491;2025.03.10 08:00;-28;-4.0625;-200;-200;3119;206;0;
30492;2025.03.10 08:15;-28;-4.1875;-200;-200;3119;206;0;
30493;2025.03.10 08:30;-28;-4.375;-200;-200;3119;206;0;
30494;2025.03.10 08:45;-28;-4.5;-200;-200;3119;206;0;
30495;2025.03.10 09:00;-28;-4.625;-200;-200;3119;206;0;
30496;2025.03.10 09:15;-28;-4.75;-200;-200;3119;206;0;
30497;2025.03.10 09:30;-28;-4.6875;-200;-200;3119;206;0;
30498;2025.03.10 09:45;-28;-4.625;-200;-200;3119;206;0;
30499;2025.03.10 10:00;-28;-4.75;-200;-200;3119;206;0;
30500;2025.03.10 10:15;-28;-4.75;-200;-200;3119;206;0;
30501;2025.03.10 10:30;-28;-4.75;-200;-200;3119;206;0;
30502;2025.03.10 10:45;-28;-4.6875;-200;-200;3119;206;0;
30503;2025.03.10 11:00;-28;-4.5;-200;-200;3119;206;0;
30504;2025.03.10 11:15;-28;-4.4375;-200;-200;3119;206;0;
30505;2025.03.10 11:30;-28;-4.375;-200;-200;3119;206;0;
30506;2025.03.10 11:45;-28;-4.5;-200;-200;3119;206;0;
30507;2025.03.10 12:00;-28;-4.5;-200;-200;3119;206;0;
30508;2025.03.10 12:15;-28;-3.9375;-200;-200;3119;206;0;
30509;2025.03.10 12:30;-28;-3.8125;-200;-200;3119;206;0;
30510;2025.03.10 12:45;-28;-3.875;-200;-200;3119;206;0;
30511;2025.03.10 13:00;-28;-3.8125;-200;-200;3119;206;0;
30512;2025.03.10 13:15;-28;-3.875;-200;-200;3119;206;0;
30513;2025.03.10 13:30;-28;-4;-200;-200;3119;206;0;
30514;2025.03.10 13:45;-28;-4.125;-200;-200;3119;206;0;
30515;2025.03.10 14:00;-28;-3.625;-200;-200;3119;206;0;
30516;2025.03.10 14:15;-28;-3.0625;-200;-200;3119;206;0;
30517;2025.03.10 14:30;-28;-2.375;-200;-200;3119;206;0;
30518;2025.03.10 14:45;-28;-0.375;-200;-200;3119;206;0;
30519;2025.03.10 15:00;-28;1.375;-200;-200;3119;206;0;
30520;2025.03.10 15:15;-28;3.25;-200;-200;3120;206;0;
30521;2025.03.10 15:30;-28;4.375;-200;-200;3120;206;0;
30522;2025.03.10 15:45;-28;5.25;-200;-200;3120;206;0;
30523;2025.03.10 16:00;-28;5.75;-200;-200;3120;206;0;
30524;2025.03.10 16:15;-28;5.75;-200;-200;3120;206;0;
30525;2025.03.10 16:30;-28;6;-200;-200;3120;206;0;
30526;2025.03.10 16:45;-28;6.375;-200;-200;3120;206;0;
30527;2025.03.10 17:00;-28;6.6875;-200;-200;3120;206;0;
30528;2025.03.10 17:15;-28;7.125;-200;-200;3120;206;0;
30529;2025.03.10 17:30;-28;8.125;-200;-200;3120;206;0;
30530;2025.03.10 17:45;-28;9;-200;-200;3120;206;0;
30531;2025.03.10 18:00;-28;10.3125;-200;-200;3121;206;0;
30532;2025.03.10 18:15;-28;11.0625;-200;-200;3121;206;0;
30533;2025.03.10 18:30;-28;11.375;-200;-200;3121;206;0;
30534;2025.03.10 18:45;-28;10.5;-200;-200;3121;206;0;
30535;2025.03.10 19:00;-28;10.25;-200;-200;3121;206;0;
30536;2025.03.10 19:15;-28;10;-200;-200;3121;206;0;
30537;2025.03.10 19:30;-28;10.25;-200;-200;3121;206;0;
30538;2025.03.10 19:45;-28;10.375;-200;-200;3121;206;0;
30539;2025.03.10 20:00;-28;11.125;-200;-200;3121;206;0;
30540;2025.03.10 20:15;-28;15;-200;-200;3123;206;0;
30541;2025.03.10 20:30;-28;15;-200;-200;3123;206;0;
30542;2025.03.10 20:45;-28;12.125;-200;-200;3122;206;0;
30543;2025.03.10 21:00;-28;12;-200;-200;3121;206;0;
30544;2025.03.10 21:15;-28;11.6875;-200;-200;3121;206;0;
30545;2025.03.10 21:30;-28;11.375;-200;-200;3121;206;0;
30546;2025.03.10 21:45;-28;11.5625;-200;-200;3121;206;0;
30547;2025.03.10 22:00;-28;15.1875;-200;-200;3122;206;0;
30548;2025.03.10 22:15;-28;13;-200;-200;3122;206;0;
30549;2025.03.10 22:30;-28;11.0625;-200;-200;3121;206;0;
30550;2025.03.10 22:45;-28;12;-200;-200;3121;206;0;
30551;2025.03.10 23:00;-28;14.5;-200;-200;3122;206;0;
30552;2025.03.10 23:15;-28;13.625;-200;-200;3122;206;0;
30553;2025.03.10 23:30;-28;10.75;-200;-200;3121;206;0;
30554;2025.03.10 23:45;-28;10;-200;-200;3121;206;0;
30555;2025.03.11 00:00;-28;11.75;-200;-200;3121;206;0;
30556;2025.03.11 00:15;-28;11.625;-200;-200;3121;206;0;
30557;2025.03.11 00:30;-28;7.875;-200;-200;3120;206;0;
30558;2025.03.11 00:45;-28;6.125;-200;-200;3120;206;0;
30559;2025.03.11 01:00;-28;4.5;-200;-200;3119;206;0;
30560;2025.03.11 01:15;-28;3.625;-200;-200;3119;206;0;
30561;2025.03.11 01:30;-28;3;-200;-200;3119;206;0;
30562;2025.03.11 01:45;-28;2.25;-200;-200;3119;206;0;
30563;2025.03.11 02:00;-28;2.125;-200;-200;3119;206;0;
30564;2025.03.11 02:15;-28;1.75;-200;-200;3119;206;0;
30565;2025.03.11 02:30;-28;1.3125;-200;-200;3119;206;0;
30566;2025.03.11 02:45;-28;1;-200;-200;3119;206;0;
30567;2025.03.11 03:00;-28;0.625;-200;-200;3119;206;0;
30568;2025.03.11 03:15;-28;0.375;-200;-200;3119;206;0;
30569;2025.03.11 03:30;-28;-0.0625;-200;-200;3118;206;0;
30570;2025.03.11 03:45;-28;-0.4375;-200;-200;3118;206;0;
30571;2025.03.11 04:00;-28;-0.625;-200;-200;3118;206;0;
30572;2025.03.11 04:15;-28;-0.625;-200;-200;3118;206;0;
30573;2025.03.11 04:30;-28;-0.8125;-200;-200;3118;206;0;
30574;2025.03.11 04:45;-28;-0.6875;-200;-200;3118;206;0;
30575;2025.03.11 05:00;-28;0.0625;-200;-200;3118;206;0;
30576;2025.03.11 05:15;-28;0.625;-200;-200;3118;206;0;
30577;2025.03.11 05:30;-28;0.25;-200;-200;3118;206;0;
30578;2025.03.11 05:45;-28;0.1875;-200;-200;3118;206;0;
30579;2025.03.11 06:00;-28;-0.5;-200;-200;3118;206;0;
30580;2025.03.11 06:15;-28;-1;-200;-200;3118;206;0;
30581;2025.03.11 06:30;-28;-1.5;-200;-200;3118;206;0;
30582;2025.03.11 06:45;-28;-2.25;-200;-200;3118;206;0;
30583;2025.03.11 07:00;-28;-2.5;-200;-200;3118;206;0;
30584;2025.03.11 07:15;-28;-2.875;-200;-200;3118;206;0;
30585;2025.03.11 07:30;-28;-3.125;-200;-200;3118;206;0;
30586;2025.03.11 07:45;-28;-3.25;-200;-200;3118;206;0;
30587;2025.03.11 08:00;-28;-3.4375;-200;-200;3118;206;0;
30588;2025.03.11 08:15;-28;-3.5;-200;-200;3118;206;0;
30589;2025.03.11 08:30;-28;-3.5625;-200;-200;3118;206;0;
30590;2025.03.11 08:45;-28;-3.75;-200;-200;3118;206;0;
30591;2025.03.11 09:00;-28;-3.875;-200;-200;3118;206;0;
30592;2025.03.11 09:15;-28;-3.875;-200;-200;3118;206;0;
30593;2025.03.11 09:30;-28;-3.875;-200;-200;3118;206;0;
30594;2025.03.11 09:45;-28;-4;-200;-200;3118;206;0;
30595;2025.03.11 10:00;-28;-3.3125;-200;-200;3118;206;0;
30596;2025.03.11 10:15;-28;-2.875;-200;-200;3118;206;0;
30597;2025.03.11 10:30;-28;-3.0625;-200;-200;3118;206;0;
30598;2025.03.11 10:45;-28;-3.125;-200;-200;3118;206;0;
30599;2025.03.11 11:00;-28;-3.0625;-200;-200;3118;206;0;
30600;2025.03.11 11:15;-28;-3.3125;-200;-200;3118;206;0;
30601;2025.03.11 11:30;-28;-2.9375;-200;-200;3118;206;0;
30602;2025.03.11 11:45;-28;-2.9375;-200;-200;3118;206;0;
30603;2025.03.11 12:00;-28;-2.875;-200;-200;3118;206;0;
30604;2025.03.11 12:15;-28;-3;-200;-200;3118;206;0;
30605;2025.03.11 12:30;-28;-3.25;-200;-200;3118;206;0;
30606;2025.03.11 12:45;-28;-3.125;-200;-200;3118;206;0;
30607;2025.03.11 13:00;-28;-3.0625;-200;-200;3118;206;0;
30608;2025.03.11 13:15;-28;-2.75;-200;-200;3118;206;0;
30609;2025.03.11 13:30;-28;-2.5;-200;-200;3118;206;0;
30610;2025.03.11 13:45;-28;-2.5625;-200;-200;3118;206;0;
30611;2025.03.11 14:00;-28;-1.875;-200;-200;3118;206;0;
30612;2025.03.11 14:15;-28;-0.875;-200;-200;3117;206;0;
30613;2025.03.11 14:30;-28;0.625;-200;-200;3117;206;0;
30614;2025.03.11 14:45;-28;1.375;-200;-200;3117;206;0;
30615;2025.03.11 15:00;-28;2.625;-200;-200;3117;206;0;
30616;2025.03.11 15:15;-28;3.5625;-200;-200;3118;206;0;
30617;2025.03.11 15:30;-28;4.0625;-200;-200;3118;206;0;
30618;2025.03.11 15:45;-28;4.5;-200;-200;3118;206;0;
30619;2025.03.11 16:00;-28;4.875;-200;-200;3118;206;0;
30620;2025.03.11 16:15;-28;5.125;-200;-200;3118;206;0;
30621;2025.03.11 16:30;-28;5.625;-200;-200;3118;206;0;
30622;2025.03.11 16:45;-28;6.125;-200;-200;3118;206;0;
30623;2025.03.11 17:00;-28;6.25;-200;-200;3118;206;0;
30624;2025.03.11 17:15;-28;7;-200;-200;3118;206;0;
30625;2025.03.11 17:30;-28;7;-200;-200;3118;206;0;
30626;2025.03.11 17:45;-28;7.875;-200;-200;3118;206;0;
30627;2025.03.11 18:00;-28;8.25;-200;-200;3118;206;0;
30628;2025.03.11 18:15;-28;8.625;-200;-200;3118;206;0;
30629;2025.03.11 18:30;-28;8.75;-200;-200;3118;206;0;
30630;2025.03.11 18:45;-28;8.1875;-200;-200;3118;206;0;
30631;2025.03.11 19:00;-28;7.875;-200;-200;3118;206;0;
30632;2025.03.11 19:15;-28;8.25;-200;-200;3118;206;0;
30633;2025.03.11 19:30;-28;9;-200;-200;3118;206;0;
30634;2025.03.11 19:45;-28;9;-200;-200;3118;206;0;
30635;2025.03.11 20:00;-28;8.875;-200;-200;3118;206;0;
30636;2025.03.11 20:15;-28;11.875;-200;-200;3119;206;0;
30637;2025.03.11 20:30;-28;11.875;-200;-200;3119;206;0;
30638;2025.03.11 20:45;-28;9.6875;-200;-200;3118;206;0;
30639;2025.03.11 21:00;-28;9;-200;-200;3118;206;0;
30640;2025.03.11 21:15;-28;9.125;-200;-200;3118;206;0;
30641;2025.03.11 21:30;-28;9.25;-200;-200;3118;206;0;
30642;2025.03.11 21:45;-28;9.6875;-200;-200;3118;206;0;
30643;2025.03.11 22:00;-28;11.8125;-200;-200;3118;206;0;
30644;2025.03.11 22:15;-28;8.875;-200;-200;3118;206;0;
30645;2025.03.11 22:30;-28;8.375;-200;-200;3118;206;0;
30646;2025.03.11 22:45;-28;9.1875;-200;-200;3118;206;0;
30647;2025.03.11 23:00;-28;12.5;-200;-200;3118;206;0;
30648;2025.03.11 23:15;-28;11.5;-200;-200;3118;206;0;
30649;2025.03.11 23:30;-28;8.125;-200;-200;3118;206;0;
30650;2025.03.11 23:45;-28;8.125;-200;-200;3117;206;0;
30651;2025.03.12 00:00;-28;8.25;-200;-200;3117;206;0;
30652;2025.03.12 00:15;-28;10;-200;-200;3117;206;0;
30653;2025.03.12 00:30;-28;6.875;-200;-200;3117;206;0;
30654;2025.03.12 00:45;-28;5.875;-200;-200;3117;206;0;
30655;2025.03.12 01:00;-28;5;-200;-200;3117;206;0;
30656;2025.03.12 01:15;-28;4.3125;-200;-200;3117;206;0;
30657;2025.03.12 01:30;-28;3.0625;-200;-200;3117;206;0;
30658;2025.03.12 01:45;-28;1.75;-200;-200;3116;206;0;
30659;2025.03.12 02:00;-28;1.5;-200;-200;3116;206;0;
30660;2025.03.12 02:15;-28;1.1875;-200;-200;3116;206;0;
30661;2025.03.12 02:30;-28;0.875;-200;-200;3116;206;0;
30662;2025.03.12 02:45;-28;0.8125;-200;-200;3116;206;0;
30663;2025.03.12 03:00;-28;1;-200;-200;3116;206;0;
30664;2025.03.12 03:15;-28;1.0625;-200;-200;3116;206;0;
30665;2025.03.12 03:30;-28;1.125;-200;-200;3116;206;0;
30666;2025.03.12 03:45;-28;0.75;-200;-200;3116;206;0;
30667;2025.03.12 04:00;-28;-0.0625;-200;-200;3116;206;0;
30668;2025.03.12 04:15;-28;0;-200;-200;3115;206;0;
30669;2025.03.12 04:30;-28;1;-200;-200;3115;206;0;
30670;2025.03.12 04:45;-28;1.75;-200;-200;3115;206;0;
30671;2025.03.12 05:00;-28;1.625;-200;-200;3115;206;0;
30672;2025.03.12 05:15;-28;1.625;-200;-200;3115;206;0;
30673;2025.03.12 05:30;-28;1.625;-200;-200;3115;206;0;
30674;2025.03.12 05:45;-28;1.5;-200;-200;3115;206;0;
30675;2025.03.12 06:00;-28;1.4375;-200;-200;3115;206;0;
30676;2025.03.12 06:15;-28;1.1875;-200;-200;3114;206;0;
30677;2025.03.12 06:30;-28;1;-200;-200;3115;206;0;
30678;2025.03.12 06:45;-28;0.75;-200;-200;3114;206;0;
30679;2025.03.12 07:00;-28;-0.125;-200;-200;3114;206;0;
30680;2025.03.12 07:15;-28;-0.75;-200;-200;3114;206;0;
30681;2025.03.12 07:30;-28;-0.875;-200;-200;3114;206;0;
30682;2025.03.12 07:45;-28;-0.875;-200;-200;3114;206;0;
30683;2025.03.12 08:00;-28;-1;-200;-200;3114;206;0;
30684;2025.03.12 08:15;-28;-0.9375;-200;-200;3114;206;0;
30685;2025.03.12 08:30;-28;-1;-200;-200;3114;206;0;
30686;2025.03.12 08:45;-28;-1.0625;-200;-200;3114;206;0;
30687;2025.03.12 09:00;-28;-0.5;-200;-200;3114;206;0;
30688;2025.03.12 09:15;-28;-0.25;-200;-200;3114;206;0;
30689;2025.03.12 09:30;-28;-0.25;-200;-200;3114;206;0;
30690;2025.03.12 09:45;-28;-0.625;-200;-200;3114;206;0;
30691;2025.03.12 10:00;-28;-0.625;-200;-200;3114;206;0;
30692;2025.03.12 10:15;-28;-1.125;-200;-200;3114;206;0;
30693;2025.03.12 10:30;-28;-1.625;-200;-200;3114;206;0;
30694;2025.03.12 10:45;-28;-2.0625;-200;-200;3114;206;0;
30695;2025.03.12 11:00;-28;-2.1875;-200;-200;3114;206;0;
30696;2025.03.12 11:15;-28;-2.3125;-200;-200;3114;206;0;
30697;2025.03.12 11:30;-28;-2;-200;-200;3114;206;0;
30698;2025.03.12 11:45;-28;-1.9375;-200;-200;3114;206;0;
30699;2025.03.12 12:00;-28;-2;-200;-200;3114;206;0;
30700;2025.03.12 12:15;-28;-2.375;-200;-200;3114;206;0;
30701;2025.03.12 12:30;-28;-2.625;-200;-200;3114;206;0;
30702;2025.03.12 12:45;-28;-2.8125;-200;-200;3114;206;0;
30703;2025.03.12 13:00;-28;-3;-200;-200;3114;206;0;
30704;2025.03.12 13:15;-28;-3;-200;-200;3114;206;0;
30705;2025.03.12 13:30;-28;-3.125;-200;-200;3114;206;0;
30706;2025.03.12 13:45;-28;-3.1875;-200;-200;3114;206;0;
30707;2025.03.12 14:00;-28;-2.375;-200;-200;3114;206;0;
30708;2025.03.12 14:15;-28;-1.75;-200;-200;3114;206;0;
30709;2025.03.12 14:30;-28;-1.0625;-200;-200;3114;206;0;
30710;2025.03.12 14:45;-28;-1.25;-200;-200;3113;206;0;
30711;2025.03.12 15:00;-28;-0.3125;-200;-200;3114;206;0;
30712;2025.03.12 15:15;-28;0.375;-200;-200;3113;206;0;
30713;2025.03.12 15:30;-28;0.8125;-200;-200;3113;206;0;
30714;2025.03.12 15:45;-28;1.0625;-200;-200;3113;206;0;
30715;2025.03.12 16:00;-28;0.875;-200;-200;3113;206;0;
30716;2025.03.12 16:15;-28;0.5;-200;-200;3113;206;0;
30717;2025.03.12 16:30;-28;1;-200;-200;3113;206;0;
30718;2025.03.12 16:45;-28;1.625;-200;-200;3113;206;0;
30719;2025.03.12 17:00;-28;1.375;-200;-200;3113;206;0;
30720;2025.03.12 17:15;-28;1.875;-200;-200;3113;206;0;
30721;2025.03.12 17:30;-28;3;-200;-200;3113;206;0;
30722;2025.03.12 17:45;-28;2.875;-200;-200;3113;206;0;
30723;2025.03.12 18:00;-28;4.9375;-200;-200;3114;206;0;
30724;2025.03.12 18:15;-28;4.5;-200;-200;3114;206;0;
30725;2025.03.12 18:30;-28;4.3125;-200;-200;3114;206;0;
30726;2025.03.12 18:45;-28;4.125;-200;-200;3114;206;0;
30727;2025.03.12 19:00;-28;2.625;-200;-200;3114;206;0;
30728;2025.03.12 19:15;-28;3.1875;-200;-200;3114;206;0;
30729;2025.03.12 19:30;-28;3.5625;-200;-200;3114;206;0;
30730;2025.03.12 19:45;-28;3.1875;-200;-200;3114;206;0;
30731;2025.03.12 20:00;-28;4;-200;-200;3114;206;0;
30732;2025.03.12 20:15;-28;4.75;-200;-200;3114;206;0;
30733;2025.03.12 20:30;-28;3.9375;-200;-200;3114;206;0;
30734;2025.03.12 20:45;-28;3.75;-200;-200;3114;206;0;
30735;2025.03.12 21:00;-28;3.875;-200;-200;3114;206;0;
30736;2025.03.12 21:15;-28;3.875;-200;-200;3114;206;0;
30737;2025.03.12 21:30;-28;4.375;-200;-200;3114;206;0;
30738;2025.03.12 21:45;-28;5.625;-200;-200;3114;206;0;
30739;2025.03.12 22:00;-28;6.875;-200;-200;3114;206;0;
30740;2025.03.12 22:15;-28;5.3125;-200;-200;3114;206;0;
30741;2025.03.12 22:30;-28;5.4375;-200;-200;3114;206;0;
30742;2025.03.12 22:45;-28;6;-200;-200;3114;206;0;
30743;2025.03.12 23:00;-28;8;-200;-200;3114;206;0;
30744;2025.03.12 23:15;-28;7.875;-200;-200;3115;206;0;
30745;2025.03.12 23:30;-28;4.75;-200;-200;3114;206;0;
30746;2025.03.12 23:45;-28;4.625;-200;-200;3114;206;0;
30747;2025.03.13 00:00;-28;4.75;-200;-200;3114;206;0;
30748;2025.03.13 00:15;-28;7.9375;-200;-200;3115;206;0;
30749;2025.03.13 00:30;-28;3.5625;-200;-200;3114;206;0;
30750;2025.03.13 00:45;-28;2.625;-200;-200;3113;206;0;
30751;2025.03.13 01:00;-28;1.9375;-200;-200;3113;206;0;
30752;2025.03.13 01:15;-28;1.25;-200;-200;3113;206;0;
30753;2025.03.13 01:30;-28;1.1875;-200;-200;3113;206;0;
30754;2025.03.13 01:45;-28;0.1875;-200;-200;3113;206;0;
30755;2025.03.13 02:00;-28;-0.5;-200;-200;3113;206;0;
30756;2025.03.13 02:15;-28;-1.125;-200;-200;3113;206;0;
30757;2025.03.13 02:30;-28;-1.5625;-200;-200;3112;206;0;
30758;2025.03.13 02:45;-28;-2.125;-200;-200;3112;206;0;
30759;2025.03.13 03:00;-28;-2.375;-200;-200;3112;206;0;
30760;2025.03.13 03:15;-28;-2.625;-200;-200;3112;206;0;
30761;2025.03.13 03:30;-28;-2.75;-200;-200;3112;206;0;
30762;2025.03.13 03:45;-28;-3;-200;-200;3112;206;0;
30763;2025.03.13 04:00;-28;-3.125;-200;-200;3112;206;0;
30764;2025.03.13 04:15;-28;-3.25;-200;-200;3112;206;0;
30765;2025.03.13 04:30;-28;-3.125;-200;-200;3112;206;0;
30766;2025.03.13 04:45;-28;-3.1875;-200;-200;3112;206;0;
30767;2025.03.13 05:00;-28;-3.3125;-200;-200;3112;206;0;
30768;2025.03.13 05:15;-28;-3.5;-200;-200;3112;206;0;
30769;2025.03.13 05:30;-28;-3.25;-200;-200;3112;206;0;
30770;2025.03.13 05:45;-28;-3.5625;-200;-200;3112;206;0;
30771;2025.03.13 06:00;-28;-2.625;-200;-200;3112;206;0;
30772;2025.03.13 06:15;-28;-2;-200;-200;3112;206;0;
30773;2025.03.13 06:30;-28;-2.4375;-200;-200;3112;206;0;
30774;2025.03.13 06:45;-28;-2.375;-200;-200;3112;206;0;
30775;2025.03.13 07:00;-28;-2.75;-200;-200;3112;206;0;
30776;2025.03.13 07:15;-28;-2.75;-200;-200;3112;206;0;
30777;2025.03.13 07:30;-28;-2;-200;-200;3112;206;0;
30778;2025.03.13 07:45;-28;-1.4375;-200;-200;3112;206;0;
30779;2025.03.13 08:00;-28;-1.25;-200;-200;3112;206;0;
30780;2025.03.13 08:15;-28;-2;-200;-200;3112;206;0;
30781;2025.03.13 08:30;-28;-1.875;-200;-200;3112;206;0;
30782;2025.03.13 08:45;-28;-1.25;-200;-200;3112;206;0;
30783;2025.03.13 09:00;-28;-1.0625;-200;-200;3112;206;0;
30784;2025.03.13 09:15;-28;-1;-200;-200;3112;206;0;
30785;2025.03.13 09:30;-28;-1.0625;-200;-200;3112;206;0;
30786;2025.03.13 09:45;-28;-1.125;-200;-200;3112;206;0;
30787;2025.03.13 10:00;-28;-1.125;-200;-200;3112;206;0;
30788;2025.03.13 10:15;-28;-1.125;-200;-200;3112;206;0;
30789;2025.03.13 10:30;-28;-1.25;-200;-200;3112;206;0;
30790;2025.03.13 10:45;-28;-1.625;-200;-200;3112;206;0;
30791;2025.03.13 11:00;-28;-2.25;-200;-200;3112;206;0;
30792;2025.03.13 11:15;-28;-2.5;-200;-200;3112;206;0;
30793;2025.03.13 11:30;-28;-3.125;-200;-200;3112;206;0;
30794;2025.03.13 11:45;-28;-3.4375;-200;-200;3112;206;0;
30795;2025.03.13 12:00;-28;-3.5;-200;-200;3112;206;0;
30796;2025.03.13 12:15;-28;-3.75;-200;-200;3112;206;0;
30797;2025.03.13 12:30;-28;-4.125;-200;-200;3112;206;0;
30798;2025.03.13 12:45;-28;-4;-200;-200;3112;206;0;
30799;2025.03.13 13:00;-28;-4.25;-200;-200;3112;206;0;
30800;2025.03.13 13:15;-28;-4.25;-200;-200;3112;206;0;
30801;2025.03.13 13:30;-28;-4.75;-200;-200;3111;206;0;
30802;2025.03.13 13:45;-28;-4.875;-200;-200;3111;206;0;
30803;2025.03.13 14:00;-28;-4.625;-200;-200;3112;206;0;
30804;2025.03.13 14:15;-28;-4.1875;-200;-200;3112;206;0;
30805;2025.03.13 14:30;-28;-2.6875;-200;-200;3112;206;0;
30806;2025.03.13 14:45;-28;-1.375;-200;-200;3112;206;0;
30807;2025.03.13 15:00;-28;-1.0625;-200;-200;3112;206;0;
30808;2025.03.13 15:15;-28;-0.75;-200;-200;3112;206;0;
30809;2025.03.13 15:30;-28;0.125;-200;-200;3112;206;0;
30810;2025.03.13 15:45;-28;0.75;-200;-200;3112;206;0;
30811;2025.03.13 16:00;-28;1.625;-200;-200;3112;206;0;
30812;2025.03.13 16:15;-28;1.75;-200;-200;3112;206;0;
30813;2025.03.13 16:30;-28;2.5;-200;-200;3112;206;0;
30814;2025.03.13 16:45;-28;1.6875;-200;-200;3112;206;0;
30815;2025.03.13 17:00;-28;3;-200;-200;3112;206;0;
30816;2025.03.13 17:15;-28;2.9375;-200;-200;3112;206;0;
30817;2025.03.13 17:30;-28;3.125;-200;-200;3112;206;0;
30818;2025.03.13 17:45;-28;4.5625;-200;-200;3112;206;0;
30819;2025.03.13 18:00;-28;5.75;-200;-200;3113;206;0;
30820;2025.03.13 18:15;-28;6.25;-200;-200;3113;206;0;
30821;2025.03.13 18:30;-28;6.8125;-200;-200;3113;206;0;
30822;2025.03.13 18:45;-28;5.8125;-200;-200;3113;206;0;
30823;2025.03.13 19:00;-28;6.1875;-200;-200;3113;206;0;
30824;2025.03.13 19:15;-28;5.875;-200;-200;3114;206;0;
30825;2025.03.13 19:30;-28;5.875;-200;-200;3114;206;0;
30826;2025.03.13 19:45;-28;6.5;-200;-200;3114;206;0;
30827;2025.03.13 20:00;-28;7.9375;-200;-200;3114;206;0;
30828;2025.03.13 20:15;-28;9;-200;-200;3115;206;0;
30829;2025.03.13 20:30;-28;8.0625;-200;-200;3114;206;0;
30830;2025.03.13 20:45;-28;7.1875;-200;-200;3114;206;0;
30831;2025.03.13 21:00;-28;7.25;-200;-200;3114;206;0;
30832;2025.03.13 21:15;-28;7.625;-200;-200;3114;206;0;
30833;2025.03.13 21:30;-28;6.5;-200;-200;3114;206;0;
30834;2025.03.13 21:45;-28;8.125;-200;-200;3114;206;0;
30835;2025.03.13 22:00;-28;6.6875;-200;-200;3114;206;0;
30836;2025.03.13 22:15;-28;6.25;-200;-200;3114;206;0;
30837;2025.03.13 22:30;-28;5.875;-200;-200;3114;206;0;
30838;2025.03.13 22:45;-28;5.5;-200;-200;3114;206;0;
30839;2025.03.13 23:00;-28;5.5625;-200;-200;3114;206;0;
30840;2025.03.13 23:15;-28;5.125;-200;-200;3113;206;0;
30841;2025.03.13 23:30;-28;4.8125;-200;-200;3113;206;0;
30842;2025.03.13 23:45;-28;4.75;-200;-200;3113;206;0;
30843;2025.03.14 00:00;-28;4.6875;-200;-200;3113;206;0;
30844;2025.03.14 00:15;-28;4.625;-200;-200;3113;206;0;
30845;2025.03.14 00:30;-28;4.4375;-200;-200;3113;206;0;
30846;2025.03.14 00:45;-28;4.25;-200;-200;3113;206;0;
30847;2025.03.14 01:00;-28;4.0625;-200;-200;3113;206;0;
30848;2025.03.14 01:15;-28;4;-200;-200;3113;206;0;
30849;2025.03.14 01:30;-28;4.0625;-200;-200;3113;206;0;
30850;2025.03.14 01:45;-28;4.5;-200;-200;3113;206;0;
30851;2025.03.14 02:00;-28;4.375;-200;-200;3113;206;0;
30852;2025.03.14 02:15;-28;4.3125;-200;-200;3113;206;0;
30853;2025.03.14 02:30;-28;4.375;-200;-200;3113;206;0;
30854;2025.03.14 02:45;-28;3.9375;-200;-200;3113;206;0;
30855;2025.03.14 03:00;-28;3.5;-200;-200;3113;206;0;
30856;2025.03.14 03:15;-28;3.25;-200;-200;3113;206;0;
30857;2025.03.14 03:30;-28;2.875;-200;-200;3113;206;0;
30858;2025.03.14 03:45;-28;2.5625;-200;-200;3113;206;0;
30859;2025.03.14 04:00;-28;2.4375;-200;-200;3113;206;0;
30860;2025.03.14 04:15;-28;2.1875;-200;-200;3113;206;0;
30861;2025.03.14 04:30;-28;1.75;-200;-200;3113;206;0;
30862;2025.03.14 04:45;-28;1.5625;-200;-200;3113;206;0;
30863;2025.03.14 05:00;-28;1.5;-200;-200;3112;206;0;
30864;2025.03.14 05:15;-28;1.375;-200;-200;3113;206;0;
30865;2025.03.14 05:30;-28;1.125;-200;-200;3112;206;0;
30866;2025.03.14 05:45;-28;0.875;-200;-200;3112;206;0;
30867;2025.03.14 06:00;-28;0.375;-200;-200;3112;206;0;
30868;2025.03.14 06:15;-28;-1;-200;-200;3112;206;0;
30869;2025.03.14 06:30;-28;-2;-200;-200;3112;206;0;
30870;2025.03.14 06:45;-28;-2.625;-200;-200;3112;206;0;
30871;2025.03.14 07:00;-28;-4;-200;-200;3112;206;0;
30872;2025.03.14 07:15;-28;-4.4375;-200;-200;3111;206;0;
30873;2025.03.14 07:30;-28;-5;-200;-200;3111;206;0;
30874;2025.03.14 07:45;-28;-5.25;-200;-200;3111;206;0;
30875;2025.03.14 08:00;-28;-5.375;-200;-200;3111;206;0;
30876;2025.03.14 08:15;-28;-5.5625;-200;-200;3112;206;0;
30877;2025.03.14 08:30;-28;-6;-200;-200;3111;206;0;
30878;2025.03.14 08:45;-28;-6.3125;-200;-200;3111;206;0;
30879;2025.03.14 09:00;-28;-6.5625;-200;-200;3111;206;0;
30880;2025.03.14 09:15;-28;-7.3125;-200;-200;3111;206;0;
30881;2025.03.14 09:30;-28;-7.625;-200;-200;3111;206;0;
30882;2025.03.14 09:45;-28;-8;-200;-200;3111;206;0;
30883;2025.03.14 10:00;-28;-8.125;-200;-200;3111;206;0;
30884;2025.03.14 10:15;-28;-8.375;-200;-200;3111;206;0;
30885;2025.03.14 10:30;-28;-8.5;-200;-200;3111;206;0;
30886;2025.03.14 10:45;-28;-8.5;-200;-200;3111;206;0;
30887;2025.03.14 11:00;-28;-8.4375;-200;-200;3111;206;0;
30888;2025.03.14 11:15;-28;-8.6875;-200;-200;3111;206;0;
30889;2025.03.14 11:30;-28;-8.9375;-200;-200;3111;206;0;
30890;2025.03.14 11:45;-28;-9.25;-200;-200;3111;206;0;
30891;2025.03.14 12:00;-28;-9.375;-200;-200;3111;206;0;
30892;2025.03.14 12:15;-28;-9.375;-200;-200;3111;206;0;
30893;2025.03.14 12:30;-28;-9.5;-200;-200;3111;206;0;
30894;2025.03.14 12:45;-28;-9.5625;-200;-200;3111;206;0;
30895;2025.03.14 13:00;-28;-9.625;-200;-200;3111;206;0;
30896;2025.03.14 13:15;-28;-9.6875;-200;-200;3111;206;0;
30897;2025.03.14 13:30;-28;-9.6875;-200;-200;3111;206;0;
30898;2025.03.14 13:45;-28;-9.75;-200;-200;3111;206;0;
30899;2025.03.14 14:00;-28;-9.625;-200;-200;3111;206;0;
30900;2025.03.14 14:15;-28;-9.375;-200;-200;3111;206;0;
30901;2025.03.14 14:30;-28;-9.375;-200;-200;3111;206;0;
30902;2025.03.14 14:45;-28;-9.25;-200;-200;3111;206;0;
30903;2025.03.14 15:00;-28;-9.0625;-200;-200;3111;206;0;
30904;2025.03.14 15:15;-28;-8.875;-200;-200;3111;206;0;
30905;2025.03.14 15:30;-28;-8.625;-200;-200;3111;206;0;
30906;2025.03.14 15:45;-28;-8.125;-200;-200;3111;206;0;
30907;2025.03.14 16:00;-28;-7.875;-200;-200;3111;206;0;
30908;2025.03.14 16:15;-28;-7.625;-200;-200;3111;206;0;
30909;2025.03.14 16:30;-28;-7.125;-200;-200;3111;206;0;
30910;2025.03.14 16:45;-28;-6.625;-200;-200;3112;206;0;
30911;2025.03.14 17:00;-28;-6.125;-200;-200;3112;206;0;
30912;2025.03.14 17:15;-28;-5.875;-200;-200;3112;206;0;
30913;2025.03.14 17:30;-28;-5.5;-200;-200;3112;206;0;
30914;2025.03.14 17:45;-28;-5.5;-200;-200;3112;206;0;
30915;2025.03.14 18:00;-28;-4.9375;-200;-200;3112;206;0;
30916;2025.03.14 18:15;-28;-4.375;-200;-200;3112;206;0;
30917;2025.03.14 18:30;-28;-4.625;-200;-200;3112;206;0;
30918;2025.03.14 18:45;-28;-4.1875;-200;-200;3112;206;0;
30919;2025.03.14 19:00;-28;-4.75;-200;-200;3112;206;0;
30920;2025.03.14 19:15;-28;-4.5;-200;-200;3112;206;0;
30921;2025.03.14 19:30;-28;-4.25;-200;-200;3112;206;0;
30922;2025.03.14 19:45;-28;-4.375;-200;-200;3112;206;0;
30923;2025.03.14 20:00;-28;-3.6875;-200;-200;3112;206;0;
30924;2025.03.14 20:15;-28;-4.75;-200;-200;3112;206;0;
30925;2025.03.14 20:30;-28;-4.0625;-200;-200;3112;206;0;
30926;2025.03.14 20:45;-28;-3.375;-200;-200;3112;206;0;
30927;2025.03.14 21:00;-28;-3.625;-200;-200;3112;206;0;
30928;2025.03.14 21:15;-28;-2.4375;-200;-200;3112;206;0;
30929;2025.03.14 21:30;-28;-2.125;-200;-200;3113;206;0;
30930;2025.03.14 21:45;-28;-2.875;-200;-200;3113;206;0;
30931;2025.03.14 22:00;-28;-2.3125;-200;-200;3113;206;0;
30932;2025.03.14 22:15;-28;-0.8125;-200;-200;3113;206;0;
30933;2025.03.14 22:30;-28;-0.875;-200;-200;3113;206;0;
30934;2025.03.14 22:45;-28;-1.1875;-200;-200;3113;206;0;
30935;2025.03.14 23:00;-28;-2.5;-200;-200;3113;206;0;
30936;2025.03.14 23:15;-28;-2.875;-200;-200;3113;206;0;
30937;2025.03.14 23:30;-28;-3.625;-200;-200;3113;206;0;
30938;2025.03.14 23:45;-28;-4;-200;-200;3112;206;0;
30939;2025.03.15 00:00;-28;-4.375;-200;-200;3112;206;0;
30940;2025.03.15 00:15;-28;-4.375;-200;-200;3112;206;0;
30941;2025.03.15 00:30;-28;-4.875;-200;-200;3112;206;0;
30942;2025.03.15 00:45;-28;-5.125;-200;-200;3112;206;0;
30943;2025.03.15 01:00;-28;-5.5625;-200;-200;3112;206;0;
30944;2025.03.15 01:15;-28;-5.6875;-200;-200;3112;206;0;
30945;2025.03.15 01:30;-28;-6;-200;-200;3112;206;0;
30946;2025.03.15 01:45;-28;-6.25;-200;-200;3112;206;0;
30947;2025.03.15 02:00;-28;-6.125;-200;-200;3112;206;0;
30948;2025.03.15 02:15;-28;-6;-200;-200;3112;206;0;
30949;2025.03.15 02:30;-28;-6.0625;-200;-200;3112;206;0;
30950;2025.03.15 02:45;-28;-6.0625;-200;-200;3112;206;0;
30951;2025.03.15 03:00;-28;-6.0625;-200;-200;3112;206;0;
30952;2025.03.15 03:15;-28;-6.125;-200;-200;3112;206;0;
30953;2025.03.15 03:30;-28;-6.25;-200;-200;3112;206;0;
30954;2025.03.15 03:45;-28;-6.4375;-200;-200;3112;206;0;
30955;2025.03.15 04:00;-28;-6.625;-200;-200;3112;206;0;
30956;2025.03.15 04:15;-28;-6.8125;-200;-200;3112;206;0;
30957;2025.03.15 04:30;-28;-7;-200;-200;3112;206;0;
30958;2025.03.15 04:45;-28;-7.1875;-200;-200;3112;206;0;
30959;2025.03.15 05:00;-28;-7.25;-200;-200;3112;206;0;
30960;2025.03.15 05:15;-28;-7.375;-200;-200;3112;206;0;
30961;2025.03.15 05:30;-28;-7.5;-200;-200;3112;206;0;
30962;2025.03.15 05:45;-28;-7.5;-200;-200;3112;206;0;
30963;2025.03.15 06:00;-28;-7.5;-200;-200;3112;206;0;
30964;2025.03.15 06:15;-28;-7.5;-200;-200;3112;206;0;
30965;2025.03.15 06:30;-28;-7.625;-200;-200;3112;206;0;
30966;2025.03.15 06:45;-28;-7.6875;-200;-200;3112;206;0;
30967;2025.03.15 07:00;-28;-7.75;-200;-200;3111;206;0;
30968;2025.03.15 07:15;-28;-7.875;-200;-200;3112;206;0;
30969;2025.03.15 07:30;-28;-7.875;-200;-200;3112;206;0;
30970;2025.03.15 07:45;-28;-7.875;-200;-200;3111;206;0;
30971;2025.03.15 08:00;-28;-7.875;-200;-200;3112;206;0;
30972;2025.03.15 08:15;-28;-7.9375;-200;-200;3112;206;0;
30973;2025.03.15 08:30;-28;-7.875;-200;-200;3112;206;0;
30974;2025.03.15 08:45;-28;-7.875;-200;-200;3112;206;0;
30975;2025.03.15 09:00;-28;-7.875;-200;-200;3112;206;0;
30976;2025.03.15 09:15;-28;-7.9375;-200;-200;3111;206;0;
30977;2025.03.15 09:30;-28;-7.9375;-200;-200;3112;206;0;
30978;2025.03.15 09:45;-28;-7.875;-200;-200;3112;206;0;
30979;2025.03.15 10:00;-28;-7.875;-200;-200;3112;206;0;
30980;2025.03.15 10:15;-28;-7.875;-200;-200;3112;206;0;
30981;2025.03.15 10:30;-28;-7.875;-200;-200;3112;206;0;
30982;2025.03.15 10:45;-28;-7.875;-200;-200;3112;206;0;
30983;2025.03.15 11:00;-28;-8;-200;-200;3112;206;0;
30984;2025.03.15 11:15;-28;-8.125;-200;-200;3112;206;0;
30985;2025.03.15 11:30;-28;-8.3125;-200;-200;3112;206;0;
30986;2025.03.15 11:45;-28;-8.4375;-200;-200;3112;206;0;
30987;2025.03.15 12:00;-28;-8.5;-200;-200;3112;206;0;
30988;2025.03.15 12:15;-28;-8.5625;-200;-200;3112;206;0;
30989;2025.03.15 12:30;-28;-8.75;-200;-200;3113;206;0;
30990;2025.03.15 12:45;-28;-9;-200;-200;3113;206;0;
30991;2025.03.15 13:00;-28;-9.0625;-200;-200;3113;206;0;
30992;2025.03.15 13:15;-28;-9.25;-200;-200;3113;206;0;
30993;2025.03.15 13:30;-28;-9.375;-200;-200;3113;206;0;
30994;2025.03.15 13:45;-28;-8.875;-200;-200;3113;206;0;
30995;2025.03.15 14:00;-28;-8.4375;-200;-200;3114;206;0;
30996;2025.03.15 14:15;-28;-8.125;-200;-200;3114;206;0;
30997;2025.03.15 14:30;-28;-7.75;-200;-200;3114;206;0;
30998;2025.03.15 14:45;-28;-7.625;-200;-200;3114;206;0;
30999;2025.03.15 15:00;-28;-6.75;-200;-200;3114;206;0;
31000;2025.03.15 15:15;-28;-5.875;-200;-200;3114;206;0;
31001;2025.03.15 15:30;-28;-4.75;-200;-200;3115;206;0;
31002;2025.03.15 15:45;-28;-5.25;-200;-200;3115;206;0;
31003;2025.03.15 16:00;-28;-5.3125;-200;-200;3115;206;0;
31004;2025.03.15 16:15;-28;-5.375;-200;-200;3115;206;0;
31005;2025.03.15 16:30;-28;-5.5;-200;-200;3115;206;0;
31006;2025.03.15 16:45;-28;-5;-200;-200;3115;206;0;
31007;2025.03.15 17:00;-28;-3.25;-200;-200;3116;206;0;
31008;2025.03.15 17:15;-28;-4.125;-200;-200;3116;206;0;
31009;2025.03.15 17:30;-28;-4.5;-200;-200;3117;206;0;
31010;2025.03.15 17:45;-28;-4.9375;-200;-200;3116;206;0;
31011;2025.03.15 18:00;-28;-2.625;-200;-200;3117;206;0;
31012;2025.03.15 18:15;-28;-2;-200;-200;3117;206;0;
31013;2025.03.15 18:30;-28;-1.375;-200;-200;3117;206;0;
31014;2025.03.15 18:45;-28;-0.9375;-200;-200;3118;206;0;
31015;2025.03.15 19:00;-28;-1.875;-200;-200;3117;206;0;
31016;2025.03.15 19:15;-28;-3.5;-200;-200;3118;206;0;
31017;2025.03.15 19:30;-28;-3.125;-200;-200;3117;206;0;
31018;2025.03.15 19:45;-28;-2.125;-200;-200;3117;206;0;
31019;2025.03.15 20:00;-28;-0.6875;-200;-200;3118;206;0;
31020;2025.03.15 20:15;-28;-1;-200;-200;3118;206;0;
31021;2025.03.15 20:30;-28;-2;-200;-200;3119;206;0;
31022;2025.03.15 20:45;-28;0;-200;-200;3119;206;0;
31023;2025.03.15 21:00;-28;-1.6875;-200;-200;3119;206;0;
31024;2025.03.15 21:15;-28;-2.375;-200;-200;3119;206;0;
31025;2025.03.15 21:30;-28;-1.125;-200;-200;3120;206;0;
31026;2025.03.15 21:45;-28;-0.875;-200;-200;3120;206;0;
31027;2025.03.15 22:00;-28;-2.0625;-200;-200;3120;206;0;
31028;2025.03.15 22:15;-28;-2.25;-200;-200;3120;206;0;
31029;2025.03.15 22:30;-28;-2.375;-200;-200;3120;206;0;
31030;2025.03.15 22:45;-28;-2.875;-200;-200;3119;206;0;
31031;2025.03.15 23:00;-28;-2;-200;-200;3120;206;0;
31032;2025.03.15 23:15;-28;-1.3125;-200;-200;3120;206;0;
31033;2025.03.15 23:30;-28;-1.5625;-200;-200;3120;206;0;
31034;2025.03.15 23:45;-28;-1.125;-200;-200;3120;206;0;
31035;2025.03.16 00:00;-28;-2.75;-200;-200;3120;206;0;
31036;2025.03.16 00:15;-28;-3.625;-200;-200;3120;206;0;
31037;2025.03.16 00:30;-28;-3.375;-200;-200;3120;206;0;
31038;2025.03.16 00:45;-28;-3.875;-200;-200;3120;206;0;
31039;2025.03.16 01:00;-28;-4.25;-200;-200;3120;206;0;
31040;2025.03.16 01:15;-28;-4.25;-200;-200;3120;206;0;
31041;2025.03.16 01:30;-28;-4.5;-200;-200;3120;206;0;
31042;2025.03.16 01:45;-28;-5;-200;-200;3120;206;0;
31043;2025.03.16 02:00;-28;-5.375;-200;-200;3121;206;0;
31044;2025.03.16 02:15;-28;-5.375;-200;-200;3120;206;0;
31045;2025.03.16 02:30;-28;-5.75;-200;-200;3121;206;0;
31046;2025.03.16 02:45;-28;-5.9375;-200;-200;3121;206;0;
31047;2025.03.16 03:00;-28;-5.9375;-200;-200;3121;206;0;
31048;2025.03.16 03:15;-28;-6.1875;-200;-200;3121;206;0;
31049;2025.03.16 03:30;-28;-6.625;-200;-200;3121;206;0;
31050;2025.03.16 03:45;-28;-6.125;-200;-200;3121;206;0;
31051;2025.03.16 04:00;-28;-6.125;-200;-200;3121;206;0;
31052;2025.03.16 04:15;-28;-5.875;-200;-200;3121;206;0;
31053;2025.03.16 04:30;-28;-5.625;-200;-200;3121;206;0;
31054;2025.03.16 04:45;-28;-5.5625;-200;-200;3121;206;0;
31055;2025.03.16 05:00;-28;-5.75;-200;-200;3121;206;0;
31056;2025.03.16 05:15;-28;-6.125;-200;-200;3121;206;0;
31057;2025.03.16 05:30;-28;-6.4375;-200;-200;3121;206;0;
31058;2025.03.16 05:45;-28;-6.8125;-200;-200;3121;206;0;
31059;2025.03.16 06:00;-28;-6.8125;-200;-200;3121;206;0;
31060;2025.03.16 06:15;-28;-6.5;-200;-200;3121;206;0;
31061;2025.03.16 06:30;-28;-6.1875;-200;-200;3121;206;0;
31062;2025.03.16 06:45;-28;-6.5;-200;-200;3121;206;0;
31063;2025.03.16 07:00;-28;-7;-200;-200;3121;206;0;
31064;2025.03.16 07:15;-28;-7.1875;-200;-200;3121;206;0;
31065;2025.03.16 07:30;-28;-7.6875;-200;-200;3121;206;0;
31066;2025.03.16 07:45;-28;-7.75;-200;-200;3122;206;0;
31067;2025.03.16 08:00;-28;-8.0625;-200;-200;3121;206;0;
31068;2025.03.16 08:15;-28;-8.25;-200;-200;3122;206;0;
31069;2025.03.16 08:30;-28;-7.875;-200;-200;3122;206;0;
31070;2025.03.16 08:45;-28;-8;-200;-200;3122;206;0;
31071;2025.03.16 09:00;-28;-7.875;-200;-200;3122;206;0;
31072;2025.03.16 09:15;-28;-7.8125;-200;-200;3122;206;0;
31073;2025.03.16 09:30;-28;-7.5;-200;-200;3122;206;0;
31074;2025.03.16 09:45;-28;-7.5625;-200;-200;3122;206;0;
31075;2025.03.16 10:00;-28;-7.3125;-200;-200;3122;206;0;
31076;2025.03.16 10:15;-28;-7;-200;-200;3122;206;0;
31077;2025.03.16 10:30;-28;-7.25;-200;-200;3122;206;0;
31078;2025.03.16 10:45;-28;-7;-200;-200;3122;206;0;
31079;2025.03.16 11:00;-28;-7;-200;-200;3122;206;0;
31080;2025.03.16 11:15;-28;-6.625;-200;-200;3123;206;0;
31081;2025.03.16 11:30;-28;-6.875;-200;-200;3123;206;0;
31082;2025.03.16 11:45;-28;-6.5625;-200;-200;3123;206;0;
31083;2025.03.16 12:00;-28;-6.8125;-200;-200;3123;206;0;
31084;2025.03.16 12:15;-28;-6.75;-200;-200;3123;206;0;
31085;2025.03.16 12:30;-28;-7.25;-200;-200;3123;206;0;
31086;2025.03.16 12:45;-28;-6.875;-200;-200;3122;206;0;
31087;2025.03.16 13:00;-28;-6.9375;-200;-200;3122;206;0;
31088;2025.03.16 13:15;-28;-7.125;-200;-200;3122;206;0;
31089;2025.03.16 13:30;-28;-6.8125;-200;-200;3122;206;0;
31090;2025.03.16 13:45;-28;-6.625;-200;-200;3122;206;0;
31091;2025.03.16 14:00;-28;-6.9375;-200;-200;3122;206;0;
31092;2025.03.16 14:15;-28;-6.3125;-200;-200;3122;206;0;
31093;2025.03.16 14:30;-28;-5.375;-200;-200;3123;206;0;
31094;2025.03.16 14:45;-28;-4.375;-200;-200;3123;206;0;
31095;2025.03.16 15:00;-28;-3.375;-200;-200;3123;206;0;
31096;2025.03.16 15:15;-28;-2.625;-200;-200;3123;206;0;
31097;2025.03.16 15:30;-28;-2;-200;-200;3124;206;0;
31098;2025.03.16 15:45;-28;-0.875;-200;-200;3124;206;0;
31099;2025.03.16 16:00;-28;-0.25;-200;-200;3124;206;0;
31100;2025.03.16 16:15;-28;0.1875;-200;-200;3124;206;0;
31101;2025.03.16 16:30;-28;0;-200;-200;3124;206;0;
31102;2025.03.16 16:45;-28;0.75;-200;-200;3125;206;0;
31103;2025.03.16 17:00;-28;0.9375;-200;-200;3125;206;0;
31104;2025.03.16 17:15;-28;2.25;-200;-200;3125;206;0;
31105;2025.03.16 17:30;-28;3.625;-200;-200;3125;206;0;
31106;2025.03.16 17:45;-28;4.5;-200;-200;3125;206;0;
31107;2025.03.16 18:00;-28;5.75;-200;-200;3125;206;0;
31108;2025.03.16 18:15;-28;5.75;-200;-200;3125;206;0;
31109;2025.03.16 18:30;-28;4.75;-200;-200;3125;206;0;
31110;2025.03.16 18:45;-28;5.1875;-200;-200;3125;206;0;
31111;2025.03.16 19:00;-28;4.5;-200;-200;3125;206;0;
31112;2025.03.16 19:15;-28;4.625;-200;-200;3125;206;0;
31113;2025.03.16 19:30;-28;4.625;-200;-200;3125;206;0;
31114;2025.03.16 19:45;-28;5.3125;-200;-200;3125;206;0;
31115;2025.03.16 20:00;-28;8.0625;-200;-200;3126;206;0;
31116;2025.03.16 20:15;-28;10.875;-200;-200;3127;206;0;
31117;2025.03.16 20:30;-28;10.75;-200;-200;3127;206;0;
31118;2025.03.16 20:45;-28;8.75;-200;-200;3127;206;0;
31119;2025.03.16 21:00;-28;6.3125;-200;-200;3126;206;0;
31120;2025.03.16 21:15;-28;5.625;-200;-200;3126;206;0;
31121;2025.03.16 21:30;-28;6.125;-200;-200;3125;206;0;
31122;2025.03.16 21:45;-28;7.25;-200;-200;3126;206;0;
31123;2025.03.16 22:00;-28;7.5;-200;-200;3126;206;0;
31124;2025.03.16 22:15;-28;7;-200;-200;3126;206;0;
31125;2025.03.16 22:30;-28;8.25;-200;-200;3126;206;0;
31126;2025.03.16 22:45;-28;7.875;-200;-200;3126;206;0;
31127;2025.03.16 23:00;-28;9.375;-200;-200;3126;206;0;
31128;2025.03.16 23:15;-28;8.0625;-200;-200;3126;206;0;
31129;2025.03.16 23:30;-28;6;-200;-200;3125;206;0;
31130;2025.03.16 23:45;-28;5.375;-200;-200;3125;206;0;
31131;2025.03.17 00:00;-28;6.625;-200;-200;3125;206;0;
31132;2025.03.17 00:15;-28;4.25;-200;-200;3125;206;0;
31133;2025.03.17 00:30;-28;3.4375;-200;-200;3125;206;0;
31134;2025.03.17 00:45;-28;2.875;-200;-200;3125;206;0;
31135;2025.03.17 01:00;-28;2.375;-200;-200;3125;206;0;
31136;2025.03.17 01:15;-28;1.375;-200;-200;3125;206;0;
31137;2025.03.17 01:30;-28;0.375;-200;-200;3124;206;0;
31138;2025.03.17 01:45;-28;-0.5;-200;-200;3124;206;0;
31139;2025.03.17 02:00;-28;-1.125;-200;-200;3124;206;0;
31140;2025.03.17 02:15;-28;-1.375;-200;-200;3124;206;0;
31141;2025.03.17 02:30;-28;-1.625;-200;-200;3124;206;0;
31142;2025.03.17 02:45;-28;-1.625;-200;-200;3124;206;0;
31143;2025.03.17 03:00;-28;-1.25;-200;-200;3124;206;0;
31144;2025.03.17 03:15;-28;-1.3125;-200;-200;3124;206;0;
31145;2025.03.17 03:30;-28;-1.3125;-200;-200;3124;206;0;
31146;2025.03.17 03:45;-28;-1.8125;-200;-200;3124;206;0;
31147;2025.03.17 04:00;-28;-1.75;-200;-200;3124;206;0;
31148;2025.03.17 04:15;-28;-1.25;-200;-200;3124;206;0;
31149;2025.03.17 04:30;-28;-1.25;-200;-200;3124;206;0;
31150;2025.03.17 04:45;-28;-1.25;-200;-200;3124;206;0;
31151;2025.03.17 05:00;-28;-1.5;-200;-200;3124;206;0;
31152;2025.03.17 05:15;-28;-1.75;-200;-200;3124;206;0;
31153;2025.03.17 05:30;-28;-1.9375;-200;-200;3124;206;0;
31154;2025.03.17 05:45;-28;-2.25;-200;-200;3124;206;0;
31155;2025.03.17 06:00;-28;-2.4375;-200;-200;3124;206;0;
31156;2025.03.17 06:15;-28;-2.5;-200;-200;3124;206;0;
31157;2025.03.17 06:30;-28;-2.375;-200;-200;3124;206;0;
31158;2025.03.17 06:45;-28;-2.5;-200;-200;3124;206;0;
31159;2025.03.17 07:00;-28;-2.75;-200;-200;3124;206;0;
31160;2025.03.17 07:15;-28;-2.875;-200;-200;3124;206;0;
31161;2025.03.17 07:30;-28;-2.75;-200;-200;3124;206;0;
31162;2025.03.17 07:45;-28;-3;-200;-200;3123;206;0;
31163;2025.03.17 08:00;-28;-3.125;-200;-200;3123;206;0;
31164;2025.03.17 08:15;-28;-3.1875;-200;-200;3123;206;0;
31165;2025.03.17 08:30;-28;-3.25;-200;-200;3123;206;0;
31166;2025.03.17 08:45;-28;-3.25;-200;-200;3123;206;0;
31167;2025.03.17 09:00;-28;-3.125;-200;-200;3123;206;0;
31168;2025.03.17 09:15;-28;-3.25;-200;-200;3123;206;0;
31169;2025.03.17 09:30;-28;-3.1875;-200;-200;3123;206;0;
31170;2025.03.17 09:45;-28;-3.125;-200;-200;3123;206;0;
31171;2025.03.17 10:00;-28;-2.875;-200;-200;3123;206;0;
31172;2025.03.17 10:15;-28;-3;-200;-200;3123;206;0;
31173;2025.03.17 10:30;-28;-2.75;-200;-200;3123;206;0;
31174;2025.03.17 10:45;-28;-2.875;-200;-200;3123;206;0;
31175;2025.03.17 11:00;-28;-2.875;-200;-200;3123;206;0;
31176;2025.03.17 11:15;-28;-3.0625;-200;-200;3123;206;0;
31177;2025.03.17 11:30;-28;-3.3125;-200;-200;3123;206;0;
31178;2025.03.17 11:45;-28;-3.1875;-200;-200;3123;206;0;
31179;2025.03.17 12:00;-28;-3.25;-200;-200;3123;206;0;
31180;2025.03.17 12:15;-28;-3.25;-200;-200;3123;206;0;
31181;2025.03.17 12:30;-28;-3.25;-200;-200;3123;206;0;
31182;2025.03.17 12:45;-28;-3.125;-200;-200;3123;206;0;
31183;2025.03.17 13:00;-28;-2.8125;-200;-200;3123;206;0;
31184;2025.03.17 13:15;-28;-2.625;-200;-200;3123;206;0;
31185;2025.03.17 13:30;-28;-2.5;-200;-200;3123;206;0;
31186;2025.03.17 13:45;-28;-2.375;-200;-200;3123;206;0;
31187;2025.03.17 14:00;-28;-1.1875;-200;-200;3123;206;0;
31188;2025.03.17 14:15;-28;0;-200;-200;3123;206;0;
31189;2025.03.17 14:30;-28;0.9375;-200;-200;3124;206;0;
31190;2025.03.17 14:45;-28;2.5;-200;-200;3124;206;0;
31191;2025.03.17 15:00;-28;3.25;-200;-200;3124;206;0;
31192;2025.03.17 15:15;-28;4.375;-200;-200;3124;206;0;
31193;2025.03.17 15:30;-28;4.25;-200;-200;3124;206;0;
31194;2025.03.17 15:45;-28;5;-200;-200;3124;206;0;
31195;2025.03.17 16:00;-28;5.375;-200;-200;3124;206;0;
31196;2025.03.17 16:15;-28;6;-200;-200;3124;206;0;
31197;2025.03.17 16:30;-28;6.5;-200;-200;3124;206;0;
31198;2025.03.17 16:45;-28;6.375;-200;-200;3124;206;0;
31199;2025.03.17 17:00;-28;6.625;-200;-200;3124;206;0;
31200;2025.03.17 17:15;-28;7.4375;-200;-200;3124;206;0;
31201;2025.03.17 17:30;-28;7.25;-200;-200;3124;206;0;
31202;2025.03.17 17:45;-28;7.75;-200;-200;3124;206;0;
31203;2025.03.17 18:00;-28;8.125;-200;-200;3124;206;0;
31204;2025.03.17 18:15;-28;9.625;-200;-200;3125;206;0;
31205;2025.03.17 18:30;-28;11;-200;-200;3125;206;0;
31206;2025.03.17 18:45;-28;10;-200;-200;3125;206;0;
31207;2025.03.17 19:00;-28;10.5;-200;-200;3125;206;0;
31208;2025.03.17 19:15;-28;9.375;-200;-200;3125;206;0;
31209;2025.03.17 19:30;-28;9.75;-200;-200;3125;206;0;
31210;2025.03.17 19:45;-28;10.375;-200;-200;3125;206;0;
31211;2025.03.17 20:00;-28;11.375;-200;-200;3125;206;0;
31212;2025.03.17 20:15;-28;14.875;-200;-200;3127;206;0;
31213;2025.03.17 20:30;-28;14.875;-200;-200;3127;206;0;
31214;2025.03.17 20:45;-28;14.9375;-200;-200;3127;206;0;
31215;2025.03.17 21:00;-28;11.75;-200;-200;3126;206;0;
31216;2025.03.17 21:15;-28;11.9375;-200;-200;3126;206;0;
31217;2025.03.17 21:30;-28;11.1875;-200;-200;3126;206;0;
31218;2025.03.17 21:45;-28;11.5625;-200;-200;3126;206;0;
31219;2025.03.17 22:00;-28;10.9375;-200;-200;3126;206;0;
31220;2025.03.17 22:15;-28;10.5;-200;-200;3126;206;0;
31221;2025.03.17 22:30;-28;10.9375;-200;-200;3126;206;0;
31222;2025.03.17 22:45;-28;12.5;-200;-200;3126;206;0;
31223;2025.03.17 23:00;-28;12.25;-200;-200;3126;206;0;
31224;2025.03.17 23:15;-28;10.4375;-200;-200;3126;206;0;
31225;2025.03.17 23:30;-28;9.75;-200;-200;3125;206;0;
31226;2025.03.17 23:45;-28;9.375;-200;-200;3125;206;0;
31227;2025.03.18 00:00;-28;8.9375;-200;-200;3125;206;0;
31228;2025.03.18 00:15;-28;8.625;-200;-200;3125;206;0;
31229;2025.03.18 00:30;-28;8.25;-200;-200;3125;206;0;
31230;2025.03.18 00:45;-28;7.875;-200;-200;3125;206;0;
31231;2025.03.18 01:00;-28;7.625;-200;-200;3125;206;0;
31232;2025.03.18 01:15;-28;7.25;-200;-200;3125;206;0;
31233;2025.03.18 01:30;-28;7;-200;-200;3124;206;0;
31234;2025.03.18 01:45;-28;7.3125;-200;-200;3124;206;0;
31235;2025.03.18 02:00;-28;7.375;-200;-200;3124;206;0;
31236;2025.03.18 02:15;-28;7.625;-200;-200;3124;206;0;
31237;2025.03.18 02:30;-28;7.75;-200;-200;3124;206;0;
31238;2025.03.18 02:45;-28;7.5;-200;-200;3124;206;0;
31239;2025.03.18 03:00;-28;7.125;-200;-200;3124;206;0;
31240;2025.03.18 03:15;-28;6.875;-200;-200;3124;206;0;
31241;2025.03.18 03:30;-28;6.625;-200;-200;3124;206;0;
31242;2025.03.18 03:45;-28;6.8125;-200;-200;3124;206;0;
31243;2025.03.18 04:00;-28;6.25;-200;-200;3124;206;0;
31244;2025.03.18 04:15;-28;6.125;-200;-200;3124;206;0;
31245;2025.03.18 04:30;-28;6.1875;-200;-200;3124;206;0;
31246;2025.03.18 04:45;-28;5.875;-200;-200;3124;206;0;
31247;2025.03.18 05:00;-28;5.6875;-200;-200;3124;206;0;
31248;2025.03.18 05:15;-28;5.6875;-200;-200;3124;206;0;
31249;2025.03.18 05:30;-28;5.75;-200;-200;3124;206;0;
31250;2025.03.18 05:45;-28;5.875;-200;-200;3124;206;0;
31251;2025.03.18 06:00;-28;5.75;-200;-200;3124;206;0;
31252;2025.03.18 06:15;-28;5.5;-200;-200;3124;206;0;
31253;2025.03.18 06:30;-28;5.5;-200;-200;3124;206;0;
31254;2025.03.18 06:45;-28;5.25;-200;-200;3124;206;0;
31255;2025.03.18 07:00;-28;5.1875;-200;-200;3124;206;0;
31256;2025.03.18 07:15;-28;5.125;-200;-200;3124;206;0;
31257;2025.03.18 07:30;-28;5.125;-200;-200;3124;206;0;
31258;2025.03.18 07:45;-28;5.0625;-200;-200;3124;206;0;
31259;2025.03.18 08:00;-28;5;-200;-200;3124;206;0;
31260;2025.03.18 08:15;-28;4.75;-200;-200;3124;206;0;
31261;2025.03.18 08:30;-28;4.375;-200;-200;3123;206;0;
31262;2025.03.18 08:45;-28;4;-200;-200;3123;206;0;
31263;2025.03.18 09:00;-28;3.5;-200;-200;3123;206;0;
31264;2025.03.18 09:15;-28;2.8125;-200;-200;3123;206;0;
31265;2025.03.18 09:30;-28;2.125;-200;-200;3123;206;0;
31266;2025.03.18 09:45;-28;2.375;-200;-200;3122;206;0;
31267;2025.03.18 10:00;-28;2.5;-200;-200;3122;206;0;
31268;2025.03.18 10:15;-28;2.25;-200;-200;3122;206;0;
31269;2025.03.18 10:30;-28;2.125;-200;-200;3122;206;0;
31270;2025.03.18 10:45;-28;2.0625;-200;-200;3122;206;0;
31271;2025.03.18 11:00;-28;2.125;-200;-200;3122;206;0;
31272;2025.03.18 11:15;-28;1.625;-200;-200;3122;206;0;
31273;2025.03.18 11:30;-28;0.5625;-200;-200;3122;206;0;
31274;2025.03.18 11:45;-28;1.4375;-200;-200;3122;206;0;
31275;2025.03.18 12:00;-28;0.625;-200;-200;3121;206;0;
31276;2025.03.18 12:15;-28;0.75;-200;-200;3121;206;0;
31277;2025.03.18 12:30;-28;1.25;-200;-200;3121;206;0;
31278;2025.03.18 12:45;-28;1.125;-200;-200;3121;206;0;
31279;2025.03.18 13:00;-28;1;-200;-200;3121;206;0;
31280;2025.03.18 13:15;-28;1.25;-200;-200;3121;206;0;
31281;2025.03.18 13:30;-28;1.1875;-200;-200;3121;206;0;
31282;2025.03.18 13:45;-28;1.1875;-200;-200;3122;206;0;
31283;2025.03.18 14:00;-28;1.25;-200;-200;3121;206;0;
31284;2025.03.18 14:15;-28;1.3125;-200;-200;3121;206;0;
31285;2025.03.18 14:30;-28;2;-200;-200;3121;206;0;
31286;2025.03.18 14:45;-28;2.625;-200;-200;3121;206;0;
31287;2025.03.18 15:00;-28;3.125;-200;-200;3121;206;0;
31288;2025.03.18 15:15;-28;3.4375;-200;-200;3120;206;0;
31289;2025.03.18 15:30;-28;3.75;-200;-200;3120;206;0;
31290;2025.03.18 15:45;-28;3.5;-200;-200;3120;206;0;
31291;2025.03.18 16:00;-28;3.8125;-200;-200;3120;206;0;
31292;2025.03.18 16:15;-28;4;-200;-200;3120;206;0;
31293;2025.03.18 16:30;-28;3.75;-200;-200;3120;206;0;
31294;2025.03.18 16:45;-28;4;-200;-200;3120;206;0;
31295;2025.03.18 17:00;-28;4.1875;-200;-200;3120;206;0;
31296;2025.03.18 17:15;-28;4.9375;-200;-200;3120;206;0;
31297;2025.03.18 17:30;-28;3.75;-200;-200;3120;206;0;
31298;2025.03.18 17:45;-28;3.625;-200;-200;3120;206;0;
31299;2025.03.18 18:00;-28;3.875;-200;-200;3120;206;0;
31300;2025.03.18 18:15;-28;3.1875;-200;-200;3120;206;0;
31301;2025.03.18 18:30;-28;2.4375;-200;-200;3120;206;0;
31302;2025.03.18 18:45;-28;0.625;-200;-200;3120;206;0;
31303;2025.03.18 19:00;-28;1;-200;-200;3119;206;0;
31304;2025.03.18 19:15;-28;-0.0625;-200;-200;3119;206;0;
31305;2025.03.18 19:30;-28;1.375;-200;-200;3119;206;0;
31306;2025.03.18 19:45;-28;1;-200;-200;3119;206;0;
31307;2025.03.18 20:00;-28;-0.0625;-200;-200;3119;206;0;
31308;2025.03.18 20:15;-28;0.1875;-200;-200;3119;206;0;
31309;2025.03.18 20:30;-28;1.4375;-200;-200;3118;206;0;
31310;2025.03.18 20:45;-28;1.5;-200;-200;3119;206;0;
31311;2025.03.18 21:00;-28;-0.125;-200;-200;3118;206;0;
31312;2025.03.18 21:15;-28;-0.125;-200;-200;3118;206;0;
31313;2025.03.18 21:30;-28;-1.375;-200;-200;3118;206;0;
31314;2025.03.18 21:45;-28;-1.875;-200;-200;3118;206;0;
31315;2025.03.18 22:00;-28;-1;-200;-200;3118;206;0;
31316;2025.03.18 22:15;-28;-2.625;-200;-200;3118;206;0;
31317;2025.03.18 22:30;-28;-2.25;-200;-200;3118;206;0;
31318;2025.03.18 22:45;-28;-3.125;-200;-200;3118;206;0;
31319;2025.03.18 23:00;-28;-3.375;-200;-200;3118;206;0;
31320;2025.03.18 23:15;-28;-3.25;-200;-200;3118;206;0;
31321;2025.03.18 23:30;-28;-4.375;-200;-200;3118;206;0;
31322;2025.03.18 23:45;-28;-5.125;-200;-200;3118;206;0;
31323;2025.03.19 00:00;-28;-5.4375;-200;-200;3118;206;0;
31324;2025.03.19 00:15;-28;-5.25;-200;-200;3118;206;0;
31325;2025.03.19 00:30;-28;-5.3125;-200;-200;3118;206;0;
31326;2025.03.19 00:45;-28;-5.1875;-200;-200;3118;206;0;
31327;2025.03.19 01:00;-28;-5.0625;-200;-200;3118;206;0;
31328;2025.03.19 01:15;-28;-5;-200;-200;3117;206;0;
31329;2025.03.19 01:30;-28;-5.125;-200;-200;3118;206;0;
31330;2025.03.19 01:45;-28;-5.125;-200;-200;3117;206;0;
31331;2025.03.19 02:00;-28;-5.25;-200;-200;3118;206;0;
31332;2025.03.19 02:15;-28;-5.25;-200;-200;3118;206;0;
31333;2025.03.19 02:30;-28;-5.375;-200;-200;3118;206;0;
31334;2025.03.19 02:45;-28;-5.5625;-200;-200;3118;206;0;
31335;2025.03.19 03:00;-28;-5.625;-200;-200;3117;206;0;
31336;2025.03.19 03:15;-28;-5.5;-200;-200;3117;206;0;
31337;2025.03.19 03:30;-28;-5.875;-200;-200;3117;206;0;
31338;2025.03.19 03:45;-28;-6;-200;-200;3117;206;0;
31339;2025.03.19 04:00;-28;-6.1875;-200;-200;3117;206;0;
31340;2025.03.19 04:15;-28;-6.375;-200;-200;3117;206;0;
31341;2025.03.19 04:30;-28;-6.3125;-200;-200;3118;206;0;
31342;2025.03.19 04:45;-28;-6.5625;-200;-200;3118;206;0;
31343;2025.03.19 05:00;-28;-6.875;-200;-200;3117;206;0;
31344;2025.03.19 05:15;-28;-6.75;-200;-200;3117;206;0;
31345;2025.03.19 05:30;-28;-6.75;-200;-200;3117;206;0;
31346;2025.03.19 05:45;-28;-6.875;-200;-200;3117;206;0;
31347;2025.03.19 06:00;-28;-7;-200;-200;3117;206;0;
31348;2025.03.19 06:15;-28;-7.3125;-200;-200;3117;206;0;
31349;2025.03.19 06:30;-28;-7.5625;-200;-200;3117;206;0;
31350;2025.03.19 06:45;-28;-7.875;-200;-200;3117;206;0;
31351;2025.03.19 07:00;-28;-8.25;-200;-200;3117;206;0;
31352;2025.03.19 07:15;-28;-8.6875;-200;-200;3117;206;0;
31353;2025.03.19 07:30;-28;-9;-200;-200;3117;206;0;
31354;2025.03.19 07:45;-28;-9.125;-200;-200;3117;206;0;
31355;2025.03.19 08:00;-28;-9.4375;-200;-200;3117;206;0;
31356;2025.03.19 08:15;-28;-9.625;-200;-200;3117;206;0;
31357;2025.03.19 08:30;-28;-9.4375;-200;-200;3117;206;0;
31358;2025.03.19 08:45;-28;-9.5;-200;-200;3117;206;0;
31359;2025.03.19 09:00;-28;-9.875;-200;-200;3117;206;0;
31360;2025.03.19 09:15;-28;-10.125;-200;-200;3117;206;0;
31361;2025.03.19 09:30;-28;-10.25;-200;-200;3117;206;0;
31362;2025.03.19 09:45;-28;-10.5;-200;-200;3117;206;0;
31363;2025.03.19 10:00;-28;-10.5625;-200;-200;3117;206;0;
31364;2025.03.19 10:15;-28;-10.4375;-200;-200;3117;206;0;
31365;2025.03.19 10:30;-28;-10.25;-200;-200;3117;206;0;
31366;2025.03.19 10:45;-28;-10.5;-200;-200;3117;206;0;
31367;2025.03.19 11:00;-28;-10.625;-200;-200;3117;206;0;
31368;2025.03.19 11:15;-28;-10.8125;-200;-200;3117;206;0;
31369;2025.03.19 11:30;-28;-11.0625;-200;-200;3117;206;0;
31370;2025.03.19 11:45;-28;-10.875;-200;-200;3117;206;0;
31371;2025.03.19 12:00;-28;-11;-200;-200;3117;206;0;
31372;2025.03.19 12:15;-28;-11.0625;-200;-200;3117;206;0;
31373;2025.03.19 12:30;-28;-11.3125;-200;-200;3117;206;0;
31374;2025.03.19 12:45;-28;-11.375;-200;-200;3117;206;0;
31375;2025.03.19 13:00;-28;-11.75;-200;-200;3117;206;0;
31376;2025.03.19 13:15;-28;-12;-200;-200;3117;206;0;
31377;2025.03.19 13:30;-28;-12;-200;-200;3117;206;0;
31378;2025.03.19 13:45;-28;-11.875;-200;-200;3117;206;0;
31379;2025.03.19 14:00;-28;-11.0625;-200;-200;3117;206;0;
31380;2025.03.19 14:15;-28;-10.5625;-200;-200;3117;206;0;
31381;2025.03.19 14:30;-28;-10.0625;-200;-200;3117;206;0;
31382;2025.03.19 14:45;-28;-9.5;-200;-200;3117;206;0;
31383;2025.03.19 15:00;-28;-8.75;-200;-200;3117;206;0;
31384;2025.03.19 15:15;-28;-8.125;-200;-200;3117;206;0;
31385;2025.03.19 15:30;-28;-7.125;-200;-200;3117;206;0;
31386;2025.03.19 15:45;-28;-4.8125;-200;-200;3118;206;0;
31387;2025.03.19 16:00;-28;-4.5625;-200;-200;3118;206;0;
31388;2025.03.19 16:15;-28;-4.375;-200;-200;3118;206;0;
31389;2025.03.19 16:30;-28;-4.4375;-200;-200;3118;206;0;
31390;2025.03.19 16:45;-28;-3.875;-200;-200;3118;206;0;
31391;2025.03.19 17:00;-28;-3.375;-200;-200;3118;206;0;
31392;2025.03.19 17:15;-28;-2.625;-200;-200;3118;206;0;
31393;2025.03.19 17:30;-28;-2.6875;-200;-200;3118;206;0;
31394;2025.03.19 17:45;-28;-3.5;-200;-200;3118;206;0;
31395;2025.03.19 18:00;-28;-2.875;-200;-200;3119;206;0;
31396;2025.03.19 18:15;-28;-2.75;-200;-200;3118;206;0;
31397;2025.03.19 18:30;-28;-3.375;-200;-200;3118;206;0;
31398;2025.03.19 18:45;-28;-3.125;-200;-200;3118;206;0;
31399;2025.03.19 19:00;-28;-3.375;-200;-200;3118;206;0;
31400;2025.03.19 19:15;-28;-2.125;-200;-200;3119;206;0;
31401;2025.03.19 19:30;-28;-1.25;-200;-200;3119;206;0;
31402;2025.03.19 19:45;-28;-1.875;-200;-200;3119;206;0;
31403;2025.03.19 20:00;-28;-1.1875;-200;-200;3119;206;0;
31404;2025.03.19 20:15;-28;0.75;-200;-200;3120;206;0;
31405;2025.03.19 20:30;-28;-1.25;-200;-200;3119;206;0;
31406;2025.03.19 20:45;-28;1.625;-200;-200;3120;206;0;
31407;2025.03.19 21:00;-28;2.125;-200;-200;3120;206;0;
31408;2025.03.19 21:15;-28;0.1875;-200;-200;3120;206;0;
31409;2025.03.19 21:30;-28;-0.3125;-200;-200;3120;206;0;
31410;2025.03.19 21:45;-28;0.6875;-200;-200;3120;206;0;
31411;2025.03.19 22:00;-28;-0.75;-200;-200;3120;206;0;
31412;2025.03.19 22:15;-28;0.625;-200;-200;3120;206;0;
31413;2025.03.19 22:30;-28;0.5625;-200;-200;3120;206;0;
31414;2025.03.19 22:45;-28;4.25;-200;-200;3120;206;0;
31415;2025.03.19 23:00;-28;1.125;-200;-200;3120;206;0;
31416;2025.03.19 23:15;-28;2.125;-200;-200;3120;206;0;
31417;2025.03.19 23:30;-28;-0.75;-200;-200;3120;206;0;
31418;2025.03.19 23:45;-28;-0.125;-200;-200;3120;206;0;
31419;2025.03.20 00:00;-28;0.5;-200;-200;3120;206;0;
31420;2025.03.20 00:15;-28;-1.5625;-200;-200;3120;206;0;
31421;2025.03.20 00:30;-28;-2.25;-200;-200;3119;206;0;
31422;2025.03.20 00:45;-28;-2.5;-200;-200;3120;206;0;
31423;2025.03.20 01:00;-28;-3.1875;-200;-200;3119;206;0;
31424;2025.03.20 01:15;-28;-3.625;-200;-200;3119;206;0;
31425;2025.03.20 01:30;-28;-4;-200;-200;3119;206;0;
31426;2025.03.20 01:45;-28;-4.25;-200;-200;3119;206;0;
31427;2025.03.20 02:00;-28;-4.4375;-200;-200;3119;206;0;
31428;2025.03.20 02:15;-28;-4.6875;-200;-200;3119;206;0;
31429;2025.03.20 02:30;-28;-5;-200;-200;3119;206;0;
31430;2025.03.20 02:45;-28;-5.125;-200;-200;3119;206;0;
31431;2025.03.20 03:00;-28;-5.3125;-200;-200;3119;206;0;
31432;2025.03.20 03:15;-28;-5.5;-200;-200;3119;206;0;
31433;2025.03.20 03:30;-28;-5.625;-200;-200;3119;206;0;
31434;2025.03.20 03:45;-28;-5.875;-200;-200;3119;206;0;
31435;2025.03.20 04:00;-28;-6.125;-200;-200;3119;206;0;
31436;2025.03.20 04:15;-28;-6.375;-200;-200;3119;206;0;
31437;2025.03.20 04:30;-28;-6.5;-200;-200;3119;206;0;
31438;2025.03.20 04:45;-28;-6.875;-200;-200;3119;206;0;
31439;2025.03.20 05:00;-28;-7.25;-200;-200;3119;206;0;
31440;2025.03.20 05:15;-28;-7.1875;-200;-200;3119;206;0;
31441;2025.03.20 05:30;-28;-7.5;-200;-200;3119;206;0;
31442;2025.03.20 05:45;-28;-7.875;-200;-200;3119;206;0;
31443;2025.03.20 06:00;-28;-8.125;-200;-200;3119;206;0;
31444;2025.03.20 06:15;-28;-7.875;-200;-200;3119;206;0;
31445;2025.03.20 06:30;-28;-7.875;-200;-200;3119;206;0;
31446;2025.03.20 06:45;-28;-8;-200;-200;3119;206;0;
31447;2025.03.20 07:00;-28;-7.9375;-200;-200;3119;206;0;
31448;2025.03.20 07:15;-28;-8;-200;-200;3119;206;0;
31449;2025.03.20 07:30;-28;-8.25;-200;-200;3119;206;0;
31450;2025.03.20 07:45;-28;-8.375;-200;-200;3119;206;0;
31451;2025.03.20 08:00;-28;-8.0625;-200;-200;3119;206;0;
31452;2025.03.20 08:15;-28;-8.75;-200;-200;3119;206;0;
31453;2025.03.20 08:30;-28;-9.5;-200;-200;3119;206;0;
31454;2025.03.20 08:45;-28;-9.75;-200;-200;3119;206;0;
31455;2025.03.20 09:00;-28;-9.625;-200;-200;3119;206;0;
31456;2025.03.20 09:15;-28;-8.875;-200;-200;3119;206;0;
31457;2025.03.20 09:30;-28;-8.8125;-200;-200;3119;206;0;
31458;2025.03.20 09:45;-28;-8.9375;-200;-200;3119;206;0;
31459;2025.03.20 10:00;-28;-8.6875;-200;-200;3119;206;0;
31460;2025.03.20 10:15;-28;-8.625;-200;-200;3119;206;0;
31461;2025.03.20 10:30;-28;-8.875;-200;-200;3119;206;0;
31462;2025.03.20 10:45;-28;-9.0625;-200;-200;3119;206;0;
31463;2025.03.20 11:00;-28;-8.75;-200;-200;3119;206;0;
31464;2025.03.20 11:15;-28;-8.375;-200;-200;3119;206;0;
31465;2025.03.20 11:30;-28;-8.4375;-200;-200;3119;206;0;
31466;2025.03.20 11:45;-28;-8.5;-200;-200;3119;206;0;
31467;2025.03.20 12:00;-28;-8.5;-200;-200;3119;206;0;
31468;2025.03.20 12:15;-28;-9.0625;-200;-200;3119;206;0;
31469;2025.03.20 12:30;-28;-9.3125;-200;-200;3119;206;0;
31470;2025.03.20 12:45;-28;-9.5625;-200;-200;3119;206;0;
31471;2025.03.20 13:00;-28;-9.875;-200;-200;3119;206;0;
31472;2025.03.20 13:15;-28;-10.5;-200;-200;3119;206;0;
31473;2025.03.20 13:30;-28;-10.375;-200;-200;3119;206;0;
31474;2025.03.20 13:45;-28;-9.625;-200;-200;3119;206;0;
31475;2025.03.20 14:00;-28;-8.75;-200;-200;3119;206;0;
31476;2025.03.20 14:15;-28;-7.75;-200;-200;3119;206;0;
31477;2025.03.20 14:30;-28;-7;-200;-200;3119;206;0;
31478;2025.03.20 14:45;-28;-4.75;-200;-200;3119;206;0;
31479;2025.03.20 15:00;-28;-3.75;-200;-200;3120;206;0;
31480;2025.03.20 15:15;-28;-2;-200;-200;3120;206;0;
31481;2025.03.20 15:30;-28;-0.375;-200;-200;3120;206;0;
31482;2025.03.20 15:45;-28;-0.4375;-200;-200;3120;206;0;
31483;2025.03.20 16:00;-28;-0.625;-200;-200;3120;206;0;
31484;2025.03.20 16:15;-28;-0.625;-200;-200;3120;206;0;
31485;2025.03.20 16:30;-28;0;-200;-200;3120;206;0;
31486;2025.03.20 16:45;-28;0.625;-200;-200;3120;206;0;
31487;2025.03.20 17:00;-28;1.375;-200;-200;3121;206;0;
31488;2025.03.20 17:15;-28;2.3125;-200;-200;3121;206;0;
31489;2025.03.20 17:30;-28;3.4375;-200;-200;3121;206;0;
31490;2025.03.20 17:45;-28;3.75;-200;-200;3121;206;0;
31491;2025.03.20 18:00;-28;4;-200;-200;3121;206;0;
31492;2025.03.20 18:15;-28;4.5;-200;-200;3121;206;0;
31493;2025.03.20 18:30;-28;5.875;-200;-200;3122;206;0;
31494;2025.03.20 18:45;-28;5.375;-200;-200;3122;206;0;
31495;2025.03.20 19:00;-28;4.9375;-200;-200;3122;206;0;
31496;2025.03.20 19:15;-28;5.125;-200;-200;3122;206;0;
31497;2025.03.20 19:30;-28;5.5;-200;-200;3121;206;0;
31498;2025.03.20 19:45;-28;5.6875;-200;-200;3122;206;0;
31499;2025.03.20 20:00;-28;7.125;-200;-200;3122;206;0;
31500;2025.03.20 20:15;-28;7.125;-200;-200;3122;206;0;
31501;2025.03.20 20:30;-28;6.875;-200;-200;3122;206;0;
31502;2025.03.20 20:45;-28;8.125;-200;-200;3123;206;0;
31503;2025.03.20 21:00;-28;7;-200;-200;3123;206;0;
31504;2025.03.20 21:15;-28;5.375;-200;-200;3122;206;0;
31505;2025.03.20 21:30;-28;5.0625;-200;-200;3122;206;0;
31506;2025.03.20 21:45;-28;5.125;-200;-200;3122;206;0;
31507;2025.03.20 22:00;-28;5.0625;-200;-200;3122;206;0;
31508;2025.03.20 22:15;-28;5.6875;-200;-200;3122;206;0;
31509;2025.03.20 22:30;-28;8.3125;-200;-200;3122;206;0;
31510;2025.03.20 22:45;-28;10.0625;-200;-200;3123;206;0;
31511;2025.03.20 23:00;-28;8.75;-200;-200;3123;206;0;
31512;2025.03.20 23:15;-28;7.5;-200;-200;3123;206;0;
31513;2025.03.20 23:30;-28;4.75;-200;-200;3122;206;0;
31514;2025.03.20 23:45;-28;3.75;-200;-200;3121;206;0;
31515;2025.03.21 00:00;-28;3.5625;-200;-200;3121;206;0;
31516;2025.03.21 00:15;-28;3.1875;-200;-200;3121;206;0;
31517;2025.03.21 00:30;-28;2.25;-200;-200;3121;206;0;
31518;2025.03.21 00:45;-28;1.75;-200;-200;3121;206;0;
31519;2025.03.21 01:00;-28;1;-200;-200;3121;206;0;
31520;2025.03.21 01:15;-28;0.5625;-200;-200;3121;206;0;
31521;2025.03.21 01:30;-28;-0.3125;-200;-200;3121;206;0;
31522;2025.03.21 01:45;-28;-1.1875;-200;-200;3121;206;0;
31523;2025.03.21 02:00;-28;-1;-200;-200;3121;206;0;
31524;2025.03.21 02:15;-28;-0.75;-200;-200;3121;206;0;
31525;2025.03.21 02:30;-28;-0.625;-200;-200;3121;206;0;
31526;2025.03.21 02:45;-28;-0.875;-200;-200;3121;206;0;
31527;2025.03.21 03:00;-28;-1;-200;-200;3121;206;0;
31528;2025.03.21 03:15;-28;-1.375;-200;-200;3121;206;0;
31529;2025.03.21 03:30;-28;-1.75;-200;-200;3121;206;0;
31530;2025.03.21 03:45;-28;-2.125;-200;-200;3121;206;0;
31531;2025.03.21 04:00;-28;-2.25;-200;-200;3121;206;0;
31532;2025.03.21 04:15;-28;-2.125;-200;-200;3121;206;0;
31533;2025.03.21 04:30;-28;-2;-200;-200;3121;206;0;
31534;2025.03.21 04:45;-28;-2;-200;-200;3121;206;0;
31535;2025.03.21 05:00;-28;-1.875;-200;-200;3121;206;0;
31536;2025.03.21 05:15;-28;-2;-200;-200;3121;206;0;
31537;2025.03.21 05:30;-28;-1.875;-200;-200;3121;206;0;
31538;2025.03.21 05:45;-28;-1.875;-200;-200;3121;206;0;
31539;2025.03.21 06:00;-28;-1.375;-200;-200;3121;206;0;
31540;2025.03.21 06:15;-28;-1.6875;-200;-200;3121;206;0;
31541;2025.03.21 06:30;-28;-2.625;-200;-200;3121;206;0;
31542;2025.03.21 06:45;-28;-2.875;-200;-200;3121;206;0;
31543;2025.03.21 07:00;-28;-3.25;-200;-200;3121;206;0;
31544;2025.03.21 07:15;-28;-3.3125;-200;-200;3121;206;0;
31545;2025.03.21 07:30;-28;-3.125;-200;-200;3121;206;0;
31546;2025.03.21 07:45;-28;-2.625;-200;-200;3121;206;0;
31547;2025.03.21 08:00;-28;-2.25;-200;-200;3121;206;0;
31548;2025.03.21 08:15;-28;-2.25;-200;-200;3121;206;0;
31549;2025.03.21 08:30;-28;-1.875;-200;-200;3121;206;0;
31550;2025.03.21 08:45;-28;-1.9375;-200;-200;3121;206;0;
31551;2025.03.21 09:00;-28;-2.0625;-200;-200;3121;206;0;
31552;2025.03.21 09:15;-28;-2.0625;-200;-200;3120;206;0;
31553;2025.03.21 09:30;-28;-2.25;-200;-200;3121;206;0;
31554;2025.03.21 09:45;-28;-2.375;-200;-200;3120;206;0;
31555;2025.03.21 10:00;-28;-2;-200;-200;3121;206;0;
31556;2025.03.21 10:15;-28;-2.3125;-200;-200;3121;206;0;
31557;2025.03.21 10:30;-28;-2.125;-200;-200;3121;206;0;
31558;2025.03.21 10:45;-28;-2.25;-200;-200;3121;206;0;
31559;2025.03.21 11:00;-28;-2.375;-200;-200;3121;206;0;
31560;2025.03.21 11:15;-28;-2.625;-200;-200;3121;206;0;
31561;2025.03.21 11:30;-28;-2.875;-200;-200;3121;206;0;
31562;2025.03.21 11:45;-28;-2.9375;-200;-200;3120;206;0;
31563;2025.03.21 12:00;-28;-3.125;-200;-200;3121;206;0;
31564;2025.03.21 12:15;-28;-3.125;-200;-200;3121;206;0;
31565;2025.03.21 12:30;-28;-3.125;-200;-200;3120;206;0;
31566;2025.03.21 12:45;-28;-3.25;-200;-200;3121;206;0;
31567;2025.03.21 13:00;-28;-3.5;-200;-200;3120;206;0;
31568;2025.03.21 13:15;-28;-3.5625;-200;-200;3120;206;0;
31569;2025.03.21 13:30;-28;-3;-200;-200;3121;206;0;
31570;2025.03.21 13:45;-28;-2.625;-200;-200;3121;206;0;
31571;2025.03.21 14:00;-28;-2.1875;-200;-200;3121;206;0;
31572;2025.03.21 14:15;-28;-1.75;-200;-200;3121;206;0;
31573;2025.03.21 14:30;-28;-1.25;-200;-200;3121;206;0;
31574;2025.03.21 14:45;-28;-0.6875;-200;-200;3121;206;0;
31575;2025.03.21 15:00;-28;-0.125;-200;-200;3121;206;0;
31576;2025.03.21 15:15;-28;0.3125;-200;-200;3121;206;0;
31577;2025.03.21 15:30;-28;1;-200;-200;3121;206;0;
31578;2025.03.21 15:45;-28;1.625;-200;-200;3121;206;0;
31579;2025.03.21 16:00;-28;2;-200;-200;3121;206;0;
31580;2025.03.21 16:15;-28;2.75;-200;-200;3121;206;0;
31581;2025.03.21 16:30;-28;3.25;-200;-200;3121;206;0;
31582;2025.03.21 16:45;-28;3.3125;-200;-200;3121;206;0;
31583;2025.03.21 17:00;-28;4.25;-200;-200;3121;206;0;
31584;2025.03.21 17:15;-28;4.4375;-200;-200;3121;206;0;
31585;2025.03.21 17:30;-28;4.625;-200;-200;3121;206;0;
31586;2025.03.21 17:45;-28;6.5;-200;-200;3121;206;0;
31587;2025.03.21 18:00;-28;6.25;-200;-200;3121;206;0;
31588;2025.03.21 18:15;-28;6.75;-200;-200;3121;206;0;
31589;2025.03.21 18:30;-28;7.375;-200;-200;3121;206;0;
31590;2025.03.21 18:45;-28;7.25;-200;-200;3121;206;0;
31591;2025.03.21 19:00;-28;6.5625;-200;-200;3121;206;0;
31592;2025.03.21 19:15;-28;6;-200;-200;3121;206;0;
31593;2025.03.21 19:30;-28;6.1875;-200;-200;3121;206;0;
31594;2025.03.21 19:45;-28;7;-200;-200;3121;206;0;
31595;2025.03.21 20:00;-28;8.5;-200;-200;3121;206;0;
31596;2025.03.21 20:15;-28;10.25;-200;-200;3123;206;0;
31597;2025.03.21 20:30;-28;9.75;-200;-200;3123;206;0;
31598;2025.03.21 20:45;-28;10.375;-200;-200;3122;206;0;
31599;2025.03.21 21:00;-28;8.375;-200;-200;3122;206;0;
31600;2025.03.21 21:15;-28;7.1875;-200;-200;3121;206;0;
31601;2025.03.21 21:30;-28;7.375;-200;-200;3121;206;0;
31602;2025.03.21 21:45;-28;7.5;-200;-200;3121;206;0;
31603;2025.03.21 22:00;-28;7.25;-200;-200;3121;206;0;
31604;2025.03.21 22:15;-28;7.1875;-200;-200;3121;206;0;
31605;2025.03.21 22:30;-28;7.625;-200;-200;3121;206;0;
31606;2025.03.21 22:45;-28;6.1875;-200;-200;3121;206;0;
31607;2025.03.21 23:00;-28;6.0625;-200;-200;3121;206;0;
31608;2025.03.21 23:15;-28;6.1875;-200;-200;3120;206;0;
31609;2025.03.21 23:30;-28;5.375;-200;-200;3120;206;0;
31610;2025.03.21 23:45;-28;5.5625;-200;-200;3120;206;0;
31611;2025.03.22 00:00;-28;5.625;-200;-200;3120;206;0;
31612;2025.03.22 00:15;-28;4.4375;-200;-200;3120;206;0;
31613;2025.03.22 00:30;-28;4;-200;-200;3120;206;0;
31614;2025.03.22 00:45;-28;3.6875;-200;-200;3120;206;0;
31615;2025.03.22 01:00;-28;3.125;-200;-200;3120;206;0;
31616;2025.03.22 01:15;-28;2.625;-200;-200;3120;206;0;
31617;2025.03.22 01:30;-28;2.25;-200;-200;3120;206;0;
31618;2025.03.22 01:45;-28;1.75;-200;-200;3120;206;0;
31619;2025.03.22 02:00;-28;1.125;-200;-200;3120;206;0;
31620;2025.03.22 02:15;-28;0.4375;-200;-200;3119;206;0;
31621;2025.03.22 02:30;-28;0;-200;-200;3120;206;0;
31622;2025.03.22 02:45;-28;0;-200;-200;3119;206;0;
31623;2025.03.22 03:00;-28;-0.25;-200;-200;3119;206;0;
31624;2025.03.22 03:15;-28;-0.5;-200;-200;3119;206;0;
31625;2025.03.22 03:30;-28;-0.75;-200;-200;3119;206;0;
31626;2025.03.22 03:45;-28;-1.125;-200;-200;3119;206;0;
31627;2025.03.22 04:00;-28;-1.625;-200;-200;3119;206;0;
31628;2025.03.22 04:15;-28;-1.875;-200;-200;3119;206;0;
31629;2025.03.22 04:30;-28;-2.0625;-200;-200;3119;206;0;
31630;2025.03.22 04:45;-28;-2.125;-200;-200;3119;206;0;
31631;2025.03.22 05:00;-28;-2.375;-200;-200;3119;206;0;
31632;2025.03.22 05:15;-28;-2.375;-200;-200;3119;206;0;
31633;2025.03.22 05:30;-28;-2.125;-200;-200;3119;206;0;
31634;2025.03.22 05:45;-28;-1.75;-200;-200;3119;206;0;
31635;2025.03.22 06:00;-28;-1.5625;-200;-200;3119;206;0;
31636;2025.03.22 06:15;-28;-1.875;-200;-200;3119;206;0;
31637;2025.03.22 06:30;-28;-2;-200;-200;3119;206;0;
31638;2025.03.22 06:45;-28;-2.25;-200;-200;3119;206;0;
31639;2025.03.22 07:00;-28;-2.5625;-200;-200;3119;206;0;
31640;2025.03.22 07:15;-28;-2.75;-200;-200;3119;206;0;
31641;2025.03.22 07:30;-28;-2.875;-200;-200;3119;206;0;
31642;2025.03.22 07:45;-28;-2.75;-200;-200;3119;206;0;
31643;2025.03.22 08:00;-28;-2.9375;-200;-200;3119;206;0;
31644;2025.03.22 08:15;-28;-2.8125;-200;-200;3119;206;0;
31645;2025.03.22 08:30;-28;-2.8125;-200;-200;3119;206;0;
31646;2025.03.22 08:45;-28;-2.875;-200;-200;3119;206;0;
31647;2025.03.22 09:00;-28;-2.75;-200;-200;3119;206;0;
31648;2025.03.22 09:15;-28;-2.75;-200;-200;3119;206;0;
31649;2025.03.22 09:30;-28;-2.75;-200;-200;3119;206;0;
31650;2025.03.22 09:45;-28;-3.25;-200;-200;3119;206;0;
31651;2025.03.22 10:00;-28;-3.375;-200;-200;3119;206;0;
31652;2025.03.22 10:15;-28;-3.3125;-200;-200;3119;206;0;
31653;2025.03.22 10:30;-28;-3.25;-200;-200;3119;206;0;
31654;2025.03.22 10:45;-28;-2.8125;-200;-200;3119;206;0;
31655;2025.03.22 11:00;-28;-2.625;-200;-200;3119;206;0;
31656;2025.03.22 11:15;-28;-2.25;-200;-200;3119;206;0;
31657;2025.03.22 11:30;-28;-1.9375;-200;-200;3119;206;0;
31658;2025.03.22 11:45;-28;-1.875;-200;-200;3119;206;0;
31659;2025.03.22 12:00;-28;-1.875;-200;-200;3119;206;0;
31660;2025.03.22 12:15;-28;-2.3125;-200;-200;3119;206;0;
31661;2025.03.22 12:30;-28;-1.9375;-200;-200;3119;206;0;
31662;2025.03.22 12:45;-28;-2;-200;-200;3119;206;0;
31663;2025.03.22 13:00;-28;-1.75;-200;-200;3119;206;0;
31664;2025.03.22 13:15;-28;-1.875;-200;-200;3119;206;0;
31665;2025.03.22 13:30;-28;-1.5;-200;-200;3119;206;0;
31666;2025.03.22 13:45;-28;-1.4375;-200;-200;3119;206;0;
31667;2025.03.22 14:00;-28;-0.5;-200;-200;3119;206;0;
31668;2025.03.22 14:15;-28;0.5;-200;-200;3118;206;0;
31669;2025.03.22 14:30;-28;2;-200;-200;3118;206;0;
31670;2025.03.22 14:45;-28;2.375;-200;-200;3118;206;0;
31671;2025.03.22 15:00;-28;2.75;-200;-200;3119;206;0;
31672;2025.03.22 15:15;-28;2.75;-200;-200;3118;206;0;
31673;2025.03.22 15:30;-28;3.25;-200;-200;3118;206;0;
31674;2025.03.22 15:45;-28;3.75;-200;-200;3118;206;0;
31675;2025.03.22 16:00;-28;4.75;-200;-200;3118;206;0;
31676;2025.03.22 16:15;-28;4.875;-200;-200;3118;206;0;
31677;2025.03.22 16:30;-28;5.375;-200;-200;3118;206;0;
31678;2025.03.22 16:45;-28;5.75;-200;-200;3118;206;0;
31679;2025.03.22 17:00;-28;6.3125;-200;-200;3118;206;0;
31680;2025.03.22 17:15;-28;6.25;-200;-200;3118;206;0;
31681;2025.03.22 17:30;-28;7;-200;-200;3118;206;0;
31682;2025.03.22 17:45;-28;7.375;-200;-200;3118;206;0;
31683;2025.03.22 18:00;-28;7.6875;-200;-200;3118;206;0;
31684;2025.03.22 18:15;-28;8.75;-200;-200;3119;206;0;
31685;2025.03.22 18:30;-28;9.1875;-200;-200;3119;206;0;
31686;2025.03.22 18:45;-28;9;-200;-200;3119;206;0;
31687;2025.03.22 19:00;-28;9.625;-200;-200;3119;206;0;
31688;2025.03.22 19:15;-28;9.25;-200;-200;3119;206;0;
31689;2025.03.22 19:30;-28;8.875;-200;-200;3119;206;0;
31690;2025.03.22 19:45;-28;9.5;-200;-200;3119;206;0;
31691;2025.03.22 20:00;-28;11.375;-200;-200;3119;206;0;
31692;2025.03.22 20:15;-28;12;-200;-200;3118;206;0;
31693;2025.03.22 20:30;-28;10.75;-200;-200;3118;206;0;
31694;2025.03.22 20:45;-28;9.25;-200;-200;3118;206;0;
31695;2025.03.22 21:00;-28;9.25;-200;-200;3118;206;0;
31696;2025.03.22 21:15;-28;9.625;-200;-200;3118;206;0;
31697;2025.03.22 21:30;-28;9;-200;-200;3118;206;0;
31698;2025.03.22 21:45;-28;9.5625;-200;-200;3118;206;0;
31699;2025.03.22 22:00;-28;8.375;-200;-200;3118;206;0;
31700;2025.03.22 22:15;-28;8.3125;-200;-200;3118;206;0;
31701;2025.03.22 22:30;-28;9.25;-200;-200;3118;206;0;
31702;2025.03.22 22:45;-28;8.3125;-200;-200;3118;206;0;
31703;2025.03.22 23:00;-28;9.875;-200;-200;3118;206;0;
31704;2025.03.22 23:15;-28;8.75;-200;-200;3118;206;0;
31705;2025.03.22 23:30;-28;8.125;-200;-200;3118;206;0;
31706;2025.03.22 23:45;-28;7.5;-200;-200;3117;206;0;
31707;2025.03.23 00:00;-28;6.875;-200;-200;3117;206;0;
31708;2025.03.23 00:15;-28;6.625;-200;-200;3117;206;0;
31709;2025.03.23 00:30;-28;6.5;-200;-200;3117;206;0;
31710;2025.03.23 00:45;-28;6.375;-200;-200;3117;206;0;
31711;2025.03.23 01:00;-28;6.0625;-200;-200;3117;206;0;
31712;2025.03.23 01:15;-28;5.625;-200;-200;3117;206;0;
31713;2025.03.23 01:30;-28;4.875;-200;-200;3117;206;0;
31714;2025.03.23 01:45;-28;4.9375;-200;-200;3117;206;0;
31715;2025.03.23 02:00;-28;4;-200;-200;3117;206;0;
31716;2025.03.23 02:15;-28;3.375;-200;-200;3116;206;0;
31717;2025.03.23 02:30;-28;2.75;-200;-200;3116;206;0;
31718;2025.03.23 02:45;-28;2.5;-200;-200;3116;206;0;
31719;2025.03.23 03:00;-28;2.375;-200;-200;3116;206;0;
31720;2025.03.23 03:15;-28;1.9375;-200;-200;3116;206;0;
31721;2025.03.23 03:30;-28;1.6875;-200;-200;3116;206;0;
31722;2025.03.23 03:45;-28;1.625;-200;-200;3116;206;0;
31723;2025.03.23 04:00;-28;1.5625;-200;-200;3116;206;0;
31724;2025.03.23 04:15;-28;1.25;-200;-200;3116;206;0;
31725;2025.03.23 04:30;-28;1.5625;-200;-200;3116;206;0;
31726;2025.03.23 04:45;-28;3;-200;-200;3116;206;0;
31727;2025.03.23 05:00;-28;3.5;-200;-200;3115;206;0;
31728;2025.03.23 05:15;-28;4.0625;-200;-200;3115;206;0;
31729;2025.03.23 05:30;-28;3.875;-200;-200;3115;206;0;
31730;2025.03.23 05:45;-28;3.625;-200;-200;3115;206;0;
31731;2025.03.23 06:00;-28;3.125;-200;-200;3115;206;0;
31732;2025.03.23 06:15;-28;2.5;-200;-200;3115;206;0;
31733;2025.03.23 06:30;-28;2.25;-200;-200;3115;206;0;
31734;2025.03.23 06:45;-28;1.625;-200;-200;3115;206;0;
31735;2025.03.23 07:00;-28;1.625;-200;-200;3115;206;0;
31736;2025.03.23 07:15;-28;1.25;-200;-200;3115;206;0;
31737;2025.03.23 07:30;-28;1.4375;-200;-200;3115;206;0;
31738;2025.03.23 07:45;-28;1.25;-200;-200;3115;206;0;
31739;2025.03.23 08:00;-28;1;-200;-200;3115;206;0;
31740;2025.03.23 08:15;-28;0.375;-200;-200;3115;206;0;
31741;2025.03.23 08:30;-28;-0.125;-200;-200;3115;206;0;
31742;2025.03.23 08:45;-28;-0.3125;-200;-200;3115;206;0;
31743;2025.03.23 09:00;-28;-0.5;-200;-200;3115;206;0;
31744;2025.03.23 09:15;-28;0.0625;-200;-200;3115;206;0;
31745;2025.03.23 09:30;-28;0.4375;-200;-200;3115;206;0;
31746;2025.03.23 09:45;-28;0.375;-200;-200;3115;206;0;
31747;2025.03.23 10:00;-28;0;-200;-200;3115;206;0;
31748;2025.03.23 10:15;-28;-0.5;-200;-200;3115;206;0;
31749;2025.03.23 10:30;-28;-0.625;-200;-200;3115;206;0;
31750;2025.03.23 10:45;-28;-0.1875;-200;-200;3115;206;0;
31751;2025.03.23 11:00;-28;0.125;-200;-200;3115;206;0;
31752;2025.03.23 11:15;-28;0;-200;-200;3115;206;0;
31753;2025.03.23 11:30;-28;0.375;-200;-200;3115;206;0;
31754;2025.03.23 11:45;-28;0.3125;-200;-200;3115;206;0;
31755;2025.03.23 12:00;-28;0.375;-200;-200;3115;206;0;
31756;2025.03.23 12:15;-28;-0.1875;-200;-200;3115;206;0;
31757;2025.03.23 12:30;-28;-0.5;-200;-200;3115;206;0;
31758;2025.03.23 12:45;-28;-0.625;-200;-200;3115;206;0;
31759;2025.03.23 13:00;-28;-0.375;-200;-200;3115;206;0;
31760;2025.03.23 13:15;-28;-0.625;-200;-200;3115;206;0;
31761;2025.03.23 13:30;-28;-0.75;-200;-200;3115;206;0;
31762;2025.03.23 13:45;-28;0.125;-200;-200;3115;206;0;
31763;2025.03.23 14:00;-28;1;-200;-200;3115;206;0;
31764;2025.03.23 14:15;-28;1.8125;-200;-200;3115;206;0;
31765;2025.03.23 14:30;-28;2.875;-200;-200;3114;206;0;
31766;2025.03.23 14:45;-28;3.5;-200;-200;3115;206;0;
31767;2025.03.23 15:00;-28;4.0625;-200;-200;3114;206;0;
31768;2025.03.23 15:15;-28;4.25;-200;-200;3114;206;0;
31769;2025.03.23 15:30;-28;4.375;-200;-200;3114;206;0;
31770;2025.03.23 15:45;-28;4.625;-200;-200;3114;206;0;
31771;2025.03.23 16:00;-28;5;-200;-200;3114;206;0;
31772;2025.03.23 16:15;-28;5;-200;-200;3114;206;0;
31773;2025.03.23 16:30;-28;5;-200;-200;3114;206;0;
31774;2025.03.23 16:45;-28;5.25;-200;-200;3114;206;0;
31775;2025.03.23 17:00;-28;5.1875;-200;-200;3114;206;0;
31776;2025.03.23 17:15;-28;5.25;-200;-200;3114;206;0;
31777;2025.03.23 17:30;-28;5.4375;-200;-200;3114;206;0;
31778;2025.03.23 17:45;-28;5.6875;-200;-200;3114;206;0;
31779;2025.03.23 18:00;-28;6.75;-200;-200;3114;206;0;
31780;2025.03.23 18:15;-28;7.625;-200;-200;3114;206;0;
31781;2025.03.23 18:30;-28;7.8125;-200;-200;3114;206;0;
31782;2025.03.23 18:45;-28;8.4375;-200;-200;3114;206;0;
31783;2025.03.23 19:00;-28;8.25;-200;-200;3114;206;0;
31784;2025.03.23 19:15;-28;7.5;-200;-200;3114;206;0;
31785;2025.03.23 19:30;-28;8.4375;-200;-200;3115;206;0;
31786;2025.03.23 19:45;-28;9;-200;-200;3115;206;0;
31787;2025.03.23 20:00;-28;9.75;-200;-200;3114;206;0;
31788;2025.03.23 20:15;-28;11.375;-200;-200;3115;206;0;
31789;2025.03.23 20:30;-28;9.6875;-200;-200;3115;206;0;
31790;2025.03.23 20:45;-28;9.875;-200;-200;3115;206;0;
31791;2025.03.23 21:00;-28;9.375;-200;-200;3115;206;0;
31792;2025.03.23 21:15;-28;9;-200;-200;3115;206;0;
31793;2025.03.23 21:30;-28;9.25;-200;-200;3115;206;0;
31794;2025.03.23 21:45;-28;10.625;-200;-200;3115;206;0;
31795;2025.03.23 22:00;-28;10.625;-200;-200;3115;206;0;
31796;2025.03.23 22:15;-28;10.125;-200;-200;3115;206;0;
31797;2025.03.23 22:30;-28;10.25;-200;-200;3115;206;0;
31798;2025.03.23 22:45;-28;10.625;-200;-200;3115;206;0;
31799;2025.03.23 23:00;-28;13.0625;-200;-200;3115;206;0;
31800;2025.03.23 23:15;-28;11.625;-200;-200;3114;206;0;
31801;2025.03.23 23:30;-28;9.4375;-200;-200;3114;206;0;
31802;2025.03.23 23:45;-28;9.375;-200;-200;3114;206;0;
31803;2025.03.24 00:00;-28;8.875;-200;-200;3114;206;0;
31804;2025.03.24 00:15;-28;8.3125;-200;-200;3114;206;0;
31805;2025.03.24 00:30;-28;8.75;-200;-200;3114;206;0;
31806;2025.03.24 00:45;-28;7.875;-200;-200;3113;206;0;
31807;2025.03.24 01:00;-28;7.125;-200;-200;3113;206;0;
31808;2025.03.24 01:15;-28;6.375;-200;-200;3113;206;0;
31809;2025.03.24 01:30;-28;5.25;-200;-200;3113;206;0;
31810;2025.03.24 01:45;-28;3.875;-200;-200;3113;206;0;
31811;2025.03.24 02:00;-28;2.6875;-200;-200;3112;206;0;
31812;2025.03.24 02:15;-28;2;-200;-200;3112;206;0;
31813;2025.03.24 02:30;-28;1.25;-200;-200;3112;206;0;
31814;2025.03.24 02:45;-28;1.3125;-200;-200;3111;206;0;
31815;2025.03.24 03:00;-28;1.5625;-200;-200;3111;206;0;
31816;2025.03.24 03:15;-28;1.625;-200;-200;3111;206;0;
31817;2025.03.24 03:30;-28;1.5;-200;-200;3112;206;0;
31818;2025.03.24 03:45;-28;1.5;-200;-200;3112;206;0;
31819;2025.03.24 04:00;-28;1.4375;-200;-200;3112;206;0;
31820;2025.03.24 04:15;-28;1.375;-200;-200;3112;206;0;
31821;2025.03.24 04:30;-28;1.5625;-200;-200;3112;206;0;
31822;2025.03.24 04:45;-28;1.625;-200;-200;3112;206;0;
31823;2025.03.24 05:00;-28;1.3125;-200;-200;3112;206;0;
31824;2025.03.24 05:15;-28;1.5;-200;-200;3112;206;0;
31825;2025.03.24 05:30;-28;1;-200;-200;3112;206;0;
31826;2025.03.24 05:45;-28;0.875;-200;-200;3112;206;0;
31827;2025.03.24 06:00;-28;0.875;-200;-200;3112;206;0;
31828;2025.03.24 06:15;-28;0.5;-200;-200;3111;206;0;
31829;2025.03.24 06:30;-28;0.8125;-200;-200;3112;206;0;
31830;2025.03.24 06:45;-28;0.8125;-200;-200;3111;206;0;
31831;2025.03.24 07:00;-28;1.125;-200;-200;3112;206;0;
31832;2025.03.24 07:15;-28;0.625;-200;-200;3111;206;0;
31833;2025.03.24 07:30;-28;-0.125;-200;-200;3111;206;0;
31834;2025.03.24 07:45;-28;-0.75;-200;-200;3111;206;0;
31835;2025.03.24 08:00;-28;-0.875;-200;-200;3111;206;0;
31836;2025.03.24 08:15;-28;-1.375;-200;-200;3111;206;0;
31837;2025.03.24 08:30;-28;-1.75;-200;-200;3111;206;0;
31838;2025.03.24 08:45;-28;-1.875;-200;-200;3111;206;0;
31839;2025.03.24 09:00;-28;-2.125;-200;-200;3111;206;0;
31840;2025.03.24 09:15;-28;-1.5;-200;-200;3111;206;0;
31841;2025.03.24 09:30;-28;-1.125;-200;-200;3110;206;0;
31842;2025.03.24 09:45;-28;-1.25;-200;-200;3110;206;0;
31843;2025.03.24 10:00;-28;-0.875;-200;-200;3111;206;0;
31844;2025.03.24 10:15;-28;-1.25;-200;-200;3110;206;0;
31845;2025.03.24 10:30;-28;-0.875;-200;-200;3111;206;0;
31846;2025.03.24 10:45;-28;0.0625;-200;-200;3110;206;0;
31847;2025.03.24 11:00;-28;-0.25;-200;-200;3110;206;0;
31848;2025.03.24 11:15;-28;-0.75;-200;-200;3110;206;0;
31849;2025.03.24 11:30;-28;-0.625;-200;-200;3110;206;0;
31850;2025.03.24 11:45;-28;-1;-200;-200;3110;206;0;
31851;2025.03.24 12:00;-28;-1.6875;-200;-200;3110;206;0;
31852;2025.03.24 12:15;-28;-2.125;-200;-200;3110;206;0;
31853;2025.03.24 12:30;-28;-2.375;-200;-200;3110;206;0;
31854;2025.03.24 12:45;-28;-1.8125;-200;-200;3110;206;0;
31855;2025.03.24 13:00;-28;0.0625;-200;-200;3110;206;0;
31856;2025.03.24 13:15;-28;1.25;-200;-200;3109;206;0;
31857;2025.03.24 13:30;-28;1.5;-200;-200;3109;206;0;
31858;2025.03.24 13:45;-28;1.5625;-200;-200;3109;206;0;
31859;2025.03.24 14:00;-28;1.875;-200;-200;3109;206;0;
31860;2025.03.24 14:15;-28;2;-200;-200;3110;206;0;
31861;2025.03.24 14:30;-28;3.3125;-200;-200;3110;206;0;
31862;2025.03.24 14:45;-28;4.4375;-200;-200;3109;206;0;
31863;2025.03.24 15:00;-28;4.9375;-200;-200;3110;206;0;
31864;2025.03.24 15:15;-28;6.125;-200;-200;3110;206;0;
31865;2025.03.24 15:30;-28;6.875;-200;-200;3110;206;0;
31866;2025.03.24 15:45;-28;7.375;-200;-200;3110;206;0;
31867;2025.03.24 16:00;-28;8.625;-200;-200;3110;206;0;
31868;2025.03.24 16:15;-28;9.75;-200;-200;3110;206;0;
31869;2025.03.24 16:30;-28;10;-200;-200;3110;206;0;
31870;2025.03.24 16:45;-28;10.375;-200;-200;3110;206;0;
31871;2025.03.24 17:00;-28;10.625;-200;-200;3110;206;0;
31872;2025.03.24 17:15;-28;11.0625;-200;-200;3110;206;0;
31873;2025.03.24 17:30;-28;11.5625;-200;-200;3110;206;0;
31874;2025.03.24 17:45;-28;12.75;-200;-200;3110;206;0;
31875;2025.03.24 18:00;-28;13.75;-200;-200;3110;206;0;
31876;2025.03.24 18:15;-28;13.9375;-200;-200;3111;206;0;
31877;2025.03.24 18:30;-28;14.125;-200;-200;3111;206;0;
31878;2025.03.24 18:45;-28;14.5;-200;-200;3111;206;0;
31879;2025.03.24 19:00;-28;13.875;-200;-200;3111;206;0;
31880;2025.03.24 19:15;-28;14.5625;-200;-200;3111;206;0;
31881;2025.03.24 19:30;-28;14.1875;-200;-200;3111;206;0;
31882;2025.03.24 19:45;-28;15.125;-200;-200;3111;206;0;
31883;2025.03.24 20:00;-28;17.125;-200;-200;3111;206;0;
31884;2025.03.24 20:15;-28;18.3125;-200;-200;3111;206;0;
31885;2025.03.24 20:30;-28;17.75;-200;-200;3111;206;0;
31886;2025.03.24 20:45;-28;18.375;-200;-200;3111;206;0;
31887;2025.03.24 21:00;-28;15.9375;-200;-200;3110;206;0;
31888;2025.03.24 21:15;-28;15.3125;-200;-200;3110;206;0;
31889;2025.03.24 21:30;-28;15.25;-200;-200;3110;206;0;
31890;2025.03.24 21:45;-28;14.875;-200;-200;3110;206;0;
31891;2025.03.24 22:00;-28;16.75;-200;-200;3110;206;0;
31892;2025.03.24 22:15;-28;15.875;-200;-200;3110;206;0;
31893;2025.03.24 22:30;-28;15.8125;-200;-200;3110;206;0;
31894;2025.03.24 22:45;-28;14.75;-200;-200;3110;206;0;
31895;2025.03.24 23:00;-28;13.875;-200;-200;3110;206;0;
31896;2025.03.24 23:15;-28;13.75;-200;-200;3109;206;0;
31897;2025.03.24 23:30;-28;13.5;-200;-200;3109;206;0;
31898;2025.03.24 23:45;-28;14;-200;-200;3110;206;0;
31899;2025.03.25 00:00;-28;13.5625;-200;-200;3109;206;0;
31900;2025.03.25 00:15;-28;12.8125;-200;-200;3109;206;0;
31901;2025.03.25 00:30;-28;12.5625;-200;-200;3109;206;0;
31902;2025.03.25 00:45;-28;11.5;-200;-200;3109;206;0;
31903;2025.03.25 01:00;-28;10.375;-200;-200;3108;206;0;
31904;2025.03.25 01:15;-28;9.0625;-200;-200;3108;206;0;
31905;2025.03.25 01:30;-28;8;-200;-200;3107;206;0;
31906;2025.03.25 01:45;-28;6.6875;-200;-200;3107;206;0;
31907;2025.03.25 02:00;-28;5.875;-200;-200;3107;206;0;
31908;2025.03.25 02:15;-28;5.5;-200;-200;3107;206;0;
31909;2025.03.25 02:30;-28;5.0625;-200;-200;3107;206;0;
31910;2025.03.25 02:45;-28;4.625;-200;-200;3106;206;0;
31911;2025.03.25 03:00;-28;3.875;-200;-200;3106;206;0;
31912;2025.03.25 03:15;-28;3.75;-200;-200;3106;206;0;
31913;2025.03.25 03:30;-28;3.75;-200;-200;3106;206;0;
31914;2025.03.25 03:45;-28;3.3125;-200;-200;3106;206;0;
31915;2025.03.25 04:00;-28;2.5;-200;-200;3106;206;0;
31916;2025.03.25 04:15;-28;2.4375;-200;-200;3106;206;0;
31917;2025.03.25 04:30;-28;1.875;-200;-200;3106;206;0;
31918;2025.03.25 04:45;-28;1.5;-200;-200;3106;206;0;
31919;2025.03.25 05:00;-28;1.375;-200;-200;3106;206;0;
31920;2025.03.25 05:15;-28;1.75;-200;-200;3106;206;0;
31921;2025.03.25 05:30;-28;1.75;-200;-200;3106;206;0;
31922;2025.03.25 05:45;-28;2;-200;-200;3106;206;0;
31923;2025.03.25 06:00;-28;3.8125;-200;-200;3105;206;0;
31924;2025.03.25 06:15;-28;4;-200;-200;3105;206;0;
31925;2025.03.25 06:30;-28;3.25;-200;-200;3105;206;0;
31926;2025.03.25 06:45;-28;3.25;-200;-200;3105;206;0;
31927;2025.03.25 07:00;-28;3.375;-200;-200;3105;206;0;
31928;2025.03.25 07:15;-28;3.375;-200;-200;3105;206;0;
31929;2025.03.25 07:30;-28;3.6875;-200;-200;3105;206;0;
31930;2025.03.25 07:45;-28;3.5;-200;-200;3105;206;0;
31931;2025.03.25 08:00;-28;3.25;-200;-200;3105;206;0;
31932;2025.03.25 08:15;-28;2.875;-200;-200;3105;206;0;
31933;2025.03.25 08:30;-28;2.75;-200;-200;3105;206;0;
31934;2025.03.25 08:45;-28;2.625;-200;-200;3105;206;0;
31935;2025.03.25 09:00;-28;2.75;-200;-200;3105;206;0;
31936;2025.03.25 09:15;-28;2.75;-200;-200;3105;206;0;
31937;2025.03.25 09:30;-28;2.375;-200;-200;3105;206;0;
31938;2025.03.25 09:45;-28;2.3125;-200;-200;3105;206;0;
31939;2025.03.25 10:00;-28;2.25;-200;-200;3105;206;0;
31940;2025.03.25 10:15;-28;2.5;-200;-200;3105;206;0;
31941;2025.03.25 10:30;-28;2.25;-200;-200;3105;206;0;
31942;2025.03.25 10:45;-28;2;-200;-200;3105;206;0;
31943;2025.03.25 11:00;-28;2.6875;-200;-200;3105;206;0;
31944;2025.03.25 11:15;-28;1.75;-200;-200;3105;206;0;
31945;2025.03.25 11:30;-28;1.1875;-200;-200;3105;206;0;
31946;2025.03.25 11:45;-28;1.1875;-200;-200;3105;206;0;
31947;2025.03.25 12:00;-28;1.4375;-200;-200;3105;206;0;
31948;2025.03.25 12:15;-28;1.625;-200;-200;3105;206;0;
31949;2025.03.25 12:30;-28;1.8125;-200;-200;3105;206;0;
31950;2025.03.25 12:45;-28;1.875;-200;-200;3105;206;0;
31951;2025.03.25 13:00;-28;1.25;-200;-200;3105;206;0;
31952;2025.03.25 13:15;-28;1.0625;-200;-200;3105;206;0;
31953;2025.03.25 13:30;-28;1.75;-200;-200;3105;206;0;
31954;2025.03.25 13:45;-28;3;-200;-200;3105;206;0;
31955;2025.03.25 14:00;-28;2.875;-200;-200;3105;206;0;
31956;2025.03.25 14:15;-28;3.625;-200;-200;3105;206;0;
31957;2025.03.25 14:30;-28;4.875;-200;-200;3105;206;0;
31958;2025.03.25 14:45;-28;6.875;-200;-200;3105;206;0;
31959;2025.03.25 15:00;-28;7.75;-200;-200;3105;206;0;
31960;2025.03.25 15:15;-28;8.75;-200;-200;3106;206;0;
31961;2025.03.25 15:30;-28;9.5625;-200;-200;3106;206;0;
31962;2025.03.25 15:45;-28;10.875;-200;-200;3107;206;0;
31963;2025.03.25 16:00;-28;10.375;-200;-200;3107;206;0;
31964;2025.03.25 16:15;-28;11.0625;-200;-200;3107;206;0;
31965;2025.03.25 16:30;-28;11.375;-200;-200;3107;206;0;
31966;2025.03.25 16:45;-28;11.75;-200;-200;3107;206;0;
31967;2025.03.25 17:00;-28;12.4375;-200;-200;3107;206;0;
31968;2025.03.25 17:15;-28;13.25;-200;-200;3107;206;0;
31969;2025.03.25 17:30;-28;14;-200;-200;3107;206;0;
31970;2025.03.25 17:45;-28;15.25;-200;-200;3107;206;0;
31971;2025.03.25 18:00;-28;16.125;-200;-200;3108;206;0;
31972;2025.03.25 18:15;-28;16.875;-200;-200;3108;206;0;
31973;2025.03.25 18:30;-28;16.75;-200;-200;3108;206;0;
31974;2025.03.25 18:45;-28;16.5;-200;-200;3108;206;0;
31975;2025.03.25 19:00;-28;16.375;-200;-200;3108;206;0;
31976;2025.03.25 19:15;-28;16;-200;-200;3108;206;0;
31977;2025.03.25 19:30;-28;15.75;-200;-200;3108;206;0;
31978;2025.03.25 19:45;-28;16.5;-200;-200;3108;206;0;
31979;2025.03.25 20:00;-28;19.25;-200;-200;3109;206;0;
31980;2025.03.25 20:15;-28;20.75;-200;-200;3109;206;0;
31981;2025.03.25 20:30;-28;18.875;-200;-200;3108;206;0;
31982;2025.03.25 20:45;-28;18.875;-200;-200;3108;206;0;
31983;2025.03.25 21:00;-28;17.4375;-200;-200;3108;206;0;
31984;2025.03.25 21:15;-28;16.25;-200;-200;3107;206;0;
31985;2025.03.25 21:30;-28;16.5;-200;-200;3107;206;0;
31986;2025.03.25 21:45;-28;16.8125;-200;-200;3107;206;0;
31987;2025.03.25 22:00;-28;19.0625;-200;-200;3108;206;0;
31988;2025.03.25 22:15;-28;17;-200;-200;3107;206;0;
31989;2025.03.25 22:30;-28;19.75;-200;-200;3108;206;0;
31990;2025.03.25 22:45;-28;20;-200;-200;3109;206;0;
31991;2025.03.25 23:00;-28;22.9375;-200;-200;3110;206;0;
31992;2025.03.25 23:15;-28;18.75;-200;-200;3109;206;0;
31993;2025.03.25 23:30;-28;15.75;-200;-200;3107;206;0;
31994;2025.03.25 23:45;-28;15.8125;-200;-200;3107;206;0;
31995;2025.03.26 00:00;-28;14.875;-200;-200;3107;206;0;
31996;2025.03.26 00:15;-28;14.4375;-200;-200;3107;206;0;
31997;2025.03.26 00:30;-28;14.25;-200;-200;3107;206;0;
31998;2025.03.26 00:45;-28;13.375;-200;-200;3106;206;0;
31999;2025.03.26 01:00;-28;12.5;-200;-200;3106;206;0;
32000;2025.03.26 01:15;-28;11.4375;-200;-200;3105;206;0;
32001;2025.03.26 01:30;-28;9.75;-200;-200;3105;206;0;
32002;2025.03.26 01:45;-28;8.125;-200;-200;3104;206;0;
32003;2025.03.26 02:00;-28;7;-200;-200;3104;206;0;
32004;2025.03.26 02:15;-28;6.1875;-200;-200;3104;206;0;
32005;2025.03.26 02:30;-28;5.625;-200;-200;3104;206;0;
32006;2025.03.26 02:45;-28;5;-200;-200;3103;206;0;
32007;2025.03.26 03:00;-28;4.5625;-200;-200;3103;206;0;
32008;2025.03.26 03:15;-28;4.375;-200;-200;3103;206;0;
32009;2025.03.26 03:30;-28;4.5;-200;-200;3103;206;0;
32010;2025.03.26 03:45;-28;4.125;-200;-200;3103;206;0;
32011;2025.03.26 04:00;-28;3.8125;-200;-200;3103;206;0;
32012;2025.03.26 04:15;-28;3.625;-200;-200;3103;206;0;
32013;2025.03.26 04:30;-28;3.3125;-200;-200;3103;206;0;
32014;2025.03.26 04:45;-28;3.25;-200;-200;3103;206;0;
32015;2025.03.26 05:00;-28;3.125;-200;-200;3103;206;0;
32016;2025.03.26 05:15;-28;3.1875;-200;-200;3102;206;0;
32017;2025.03.26 05:30;-28;4.25;-200;-200;3102;206;0;
32018;2025.03.26 05:45;-28;4.25;-200;-200;3102;206;0;
32019;2025.03.26 06:00;-28;4.75;-200;-200;3102;206;0;
32020;2025.03.26 06:15;-28;4.375;-200;-200;3102;206;0;
32021;2025.03.26 06:30;-28;4.5;-200;-200;3102;206;0;
32022;2025.03.26 06:45;-28;4.3125;-200;-200;3102;206;0;
32023;2025.03.26 07:00;-28;4.875;-200;-200;3102;206;0;
32024;2025.03.26 07:15;-28;5.1875;-200;-200;3102;206;0;
32025;2025.03.26 07:30;-28;5.5;-200;-200;3102;206;0;
32026;2025.03.26 07:45;-28;5.3125;-200;-200;3102;206;0;
32027;2025.03.26 08:00;-28;4;-200;-200;3102;206;0;
32028;2025.03.26 08:15;-28;4;-200;-200;3102;206;0;
32029;2025.03.26 08:30;-28;4;-200;-200;3102;206;0;
32030;2025.03.26 08:45;-28;4;-200;-200;3102;206;0;
32031;2025.03.26 09:00;-28;3.5;-200;-200;3102;206;0;
32032;2025.03.26 09:15;-28;2.5;-200;-200;3102;206;0;
32033;2025.03.26 09:30;-28;2.3125;-200;-200;3102;206;0;
32034;2025.03.26 09:45;-28;1.8125;-200;-200;3102;206;0;
32035;2025.03.26 10:00;-28;2.375;-200;-200;3102;206;0;
32036;2025.03.26 10:15;-28;1.875;-200;-200;3102;206;0;
32037;2025.03.26 10:30;-28;1.4375;-200;-200;3102;206;0;
32038;2025.03.26 10:45;-28;1.375;-200;-200;3102;206;0;
32039;2025.03.26 11:00;-28;2.125;-200;-200;3102;206;0;
32040;2025.03.26 11:15;-28;2.375;-200;-200;3102;206;0;
32041;2025.03.26 11:30;-28;2.4375;-200;-200;3102;206;0;
32042;2025.03.26 11:45;-28;3.125;-200;-200;3102;206;0;
32043;2025.03.26 12:00;-28;3.0625;-200;-200;3102;206;0;
32044;2025.03.26 12:15;-28;3.5;-200;-200;3102;206;0;
32045;2025.03.26 12:30;-28;3.375;-200;-200;3102;206;0;
32046;2025.03.26 12:45;-28;3.25;-200;-200;3102;206;0;
32047;2025.03.26 13:00;-28;3.0625;-200;-200;3102;206;0;
32048;2025.03.26 13:15;-28;3.125;-200;-200;3102;206;0;
32049;2025.03.26 13:30;-28;3.625;-200;-200;3102;206;0;
32050;2025.03.26 13:45;-28;4.125;-200;-200;3102;206;0;
32051;2025.03.26 14:00;-28;5.0625;-200;-200;3102;206;0;
32052;2025.03.26 14:15;-28;5.875;-200;-200;3102;206;0;
32053;2025.03.26 14:30;-28;6.8125;-200;-200;3102;206;0;
32054;2025.03.26 14:45;-28;8;-200;-200;3102;206;0;
32055;2025.03.26 15:00;-28;8.5;-200;-200;3102;206;0;
32056;2025.03.26 15:15;-28;9.375;-200;-200;3103;206;0;
32057;2025.03.26 15:30;-28;10.5;-200;-200;3103;206;0;
32058;2025.03.26 15:45;-28;10.875;-200;-200;3103;206;0;
32059;2025.03.26 16:00;-28;11.875;-200;-200;3103;206;0;
32060;2025.03.26 16:15;-28;12.25;-200;-200;3103;206;0;
32061;2025.03.26 16:30;-28;12.5;-200;-200;3103;206;0;
32062;2025.03.26 16:45;-28;12.75;-200;-200;3104;206;0;
32063;2025.03.26 17:00;-28;13.8125;-200;-200;3104;206;0;
32064;2025.03.26 17:15;-28;14.25;-200;-200;3104;206;0;
32065;2025.03.26 17:30;-28;14.875;-200;-200;3104;206;0;
32066;2025.03.26 17:45;-28;15.75;-200;-200;3104;206;0;
32067;2025.03.26 18:00;-28;17.25;-200;-200;3105;206;0;
32068;2025.03.26 18:15;-28;17.25;-200;-200;3105;206;0;
32069;2025.03.26 18:30;-28;17.5625;-200;-200;3105;206;0;
32070;2025.03.26 18:45;-28;17.25;-200;-200;3105;206;0;
32071;2025.03.26 19:00;-28;17.25;-200;-200;3105;206;0;
32072;2025.03.26 19:15;-28;16.25;-200;-200;3105;206;0;
32073;2025.03.26 19:30;-28;15.9375;-200;-200;3105;206;0;
32074;2025.03.26 19:45;-28;16.5;-200;-200;3105;206;0;
32075;2025.03.26 20:00;-28;19.625;-200;-200;3107;206;0;
32076;2025.03.26 20:15;-28;20.9375;-200;-200;3107;206;0;
32077;2025.03.26 20:30;-28;19.6875;-200;-200;3107;206;0;
32078;2025.03.26 20:45;-28;20.375;-200;-200;3107;206;0;
32079;2025.03.26 21:00;-28;18.3125;-200;-200;3106;206;0;
32080;2025.03.26 21:15;-28;16.9375;-200;-200;3105;206;0;
32081;2025.03.26 21:30;-28;16.0625;-200;-200;3105;206;0;
32082;2025.03.26 21:45;-28;17;-200;-200;3105;206;0;
32083;2025.03.26 22:00;-28;14.8125;-200;-200;3105;206;0;
32084;2025.03.26 22:15;-28;15.1875;-200;-200;3105;206;0;
32085;2025.03.26 22:30;-28;16.9375;-200;-200;3105;206;0;
32086;2025.03.26 22:45;-28;15.0625;-200;-200;3105;206;0;
32087;2025.03.26 23:00;-28;15.1875;-200;-200;3105;206;0;
32088;2025.03.26 23:15;-28;14.25;-200;-200;3105;206;0;
32089;2025.03.26 23:30;-28;13.8125;-200;-200;3104;206;0;
32090;2025.03.26 23:45;-28;13.375;-200;-200;3104;206;0;
32091;2025.03.27 00:00;-28;13;-200;-200;3104;206;0;
32092;2025.03.27 00:15;-28;12.75;-200;-200;3104;206;0;
32093;2025.03.27 00:30;-28;12.5625;-200;-200;3104;206;0;
32094;2025.03.27 00:45;-28;12.4375;-200;-200;3104;206;0;
32095;2025.03.27 01:00;-28;12.125;-200;-200;3104;206;0;
32096;2025.03.27 01:15;-28;11.375;-200;-200;3104;206;0;
32097;2025.03.27 01:30;-28;9.375;-200;-200;3103;206;0;
32098;2025.03.27 01:45;-28;8.1875;-200;-200;3102;206;0;
32099;2025.03.27 02:00;-28;7.0625;-200;-200;3102;206;0;
32100;2025.03.27 02:15;-28;6.125;-200;-200;3102;206;0;
32101;2025.03.27 02:30;-28;5.6875;-200;-200;3102;206;0;
32102;2025.03.27 02:45;-28;5.0625;-200;-200;3102;206;0;
32103;2025.03.27 03:00;-28;4.75;-200;-200;3102;206;0;
32104;2025.03.27 03:15;-28;4.5;-200;-200;3102;206;0;
32105;2025.03.27 03:30;-28;4.5625;-200;-200;3101;206;0;
32106;2025.03.27 03:45;-28;4.375;-200;-200;3101;206;0;
32107;2025.03.27 04:00;-28;3.9375;-200;-200;3101;206;0;
32108;2025.03.27 04:15;-28;4;-200;-200;3101;206;0;
32109;2025.03.27 04:30;-28;5.1875;-200;-200;3101;206;0;
32110;2025.03.27 04:45;-28;5.75;-200;-200;3101;206;0;
32111;2025.03.27 05:00;-28;6;-200;-200;3101;206;0;
32112;2025.03.27 05:15;-28;6.625;-200;-200;3101;206;0;
32113;2025.03.27 05:30;-28;5.8125;-200;-200;3101;206;0;
32114;2025.03.27 05:45;-28;5.375;-200;-200;3101;206;0;
32115;2025.03.27 06:00;-28;5.75;-200;-200;3101;206;0;
32116;2025.03.27 06:15;-28;5.875;-200;-200;3101;206;0;
32117;2025.03.27 06:30;-28;6.25;-200;-200;3101;206;0;
32118;2025.03.27 06:45;-28;5.875;-200;-200;3101;206;0;
32119;2025.03.27 07:00;-28;5.875;-200;-200;3101;206;0;
32120;2025.03.27 07:15;-28;5.6875;-200;-200;3101;206;0;
32121;2025.03.27 07:30;-28;5.625;-200;-200;3101;206;0;
32122;2025.03.27 07:45;-28;5.375;-200;-200;3101;206;0;
32123;2025.03.27 08:00;-28;5.25;-200;-200;3101;206;0;
32124;2025.03.27 08:15;-28;5.375;-200;-200;3101;206;0;
32125;2025.03.27 08:30;-28;5.125;-200;-200;3101;206;0;
32126;2025.03.27 08:45;-28;4.6875;-200;-200;3101;206;0;
32127;2025.03.27 09:00;-28;4.25;-200;-200;3101;206;0;
32128;2025.03.27 09:15;-28;3.25;-200;-200;3101;206;0;
32129;2025.03.27 09:30;-28;3.25;-200;-200;3101;206;0;
32130;2025.03.27 09:45;-28;3;-200;-200;3101;206;0;
32131;2025.03.27 10:00;-28;2.9375;-200;-200;3101;206;0;
32132;2025.03.27 10:15;-28;2.375;-200;-200;3101;206;0;
32133;2025.03.27 10:30;-28;2.5;-200;-200;3101;206;0;
32134;2025.03.27 10:45;-28;2.5;-200;-200;3101;206;0;
32135;2025.03.27 11:00;-28;2.4375;-200;-200;3101;206;0;
32136;2025.03.27 11:15;-28;2.625;-200;-200;3101;206;0;
32137;2025.03.27 11:30;-28;2.0625;-200;-200;3101;206;0;
32138;2025.03.27 11:45;-28;1.8125;-200;-200;3101;206;0;
32139;2025.03.27 12:00;-28;1.75;-200;-200;3100;206;0;
32140;2025.03.27 12:15;-28;1.375;-200;-200;3100;206;0;
32141;2025.03.27 12:30;-28;2.25;-200;-200;3101;206;0;
32142;2025.03.27 12:45;-28;1.75;-200;-200;3100;206;0;
32143;2025.03.27 13:00;-28;1.125;-200;-200;3100;206;0;
32144;2025.03.27 13:15;-28;1.125;-200;-200;3100;206;0;
32145;2025.03.27 13:30;-28;1.125;-200;-200;3100;206;0;
32146;2025.03.27 13:45;-28;2.625;-200;-200;3100;206;0;
32147;2025.03.27 14:00;-28;4.375;-200;-200;3101;206;0;
32148;2025.03.27 14:15;-28;4.5;-200;-200;3101;206;0;
32149;2025.03.27 14:30;-28;6.25;-200;-200;3101;206;0;
32150;2025.03.27 14:45;-28;7.75;-200;-200;3101;206;0;
32151;2025.03.27 15:00;-28;8.25;-200;-200;3101;206;0;
32152;2025.03.27 15:15;-28;8.9375;-200;-200;3101;206;0;
32153;2025.03.27 15:30;-28;9.5625;-200;-200;3102;206;0;
32154;2025.03.27 15:45;-28;10.75;-200;-200;3102;206;0;
32155;2025.03.27 16:00;-28;11.3125;-200;-200;3102;206;0;
32156;2025.03.27 16:15;-28;11.75;-200;-200;3102;206;0;
32157;2025.03.27 16:30;-28;12;-200;-200;3102;206;0;
32158;2025.03.27 16:45;-28;13;-200;-200;3103;206;0;
32159;2025.03.27 17:00;-28;13.3125;-200;-200;3103;206;0;
32160;2025.03.27 17:15;-28;14.375;-200;-200;3103;206;0;
32161;2025.03.27 17:30;-28;15.375;-200;-200;3103;206;0;
32162;2025.03.27 17:45;-28;15.375;-200;-200;3104;206;0;
32163;2025.03.27 18:00;-28;16.875;-200;-200;3104;206;0;
32164;2025.03.27 18:15;-28;16.375;-200;-200;3104;206;0;
32165;2025.03.27 18:30;-28;15;-200;-200;3104;206;0;
32166;2025.03.27 18:45;-28;14.25;-200;-200;3104;206;0;
32167;2025.03.27 19:00;-28;13;-200;-200;3104;206;0;
32168;2025.03.27 19:15;-28;12;-200;-200;3103;206;0;
32169;2025.03.27 19:30;-28;12.125;-200;-200;3103;206;0;
32170;2025.03.27 19:45;-28;13;-200;-200;3103;206;0;
32171;2025.03.27 20:00;-28;14.625;-200;-200;3103;206;0;
32172;2025.03.27 20:15;-28;19;-200;-200;3105;206;0;
32173;2025.03.27 20:30;-28;17;-200;-200;3105;206;0;
32174;2025.03.27 20:45;-28;14.625;-200;-200;3104;206;0;
32175;2025.03.27 21:00;-28;14.875;-200;-200;3104;206;0;
32176;2025.03.27 21:15;-28;15.75;-200;-200;3104;206;0;
32177;2025.03.27 21:30;-28;16.5;-200;-200;3104;206;0;
32178;2025.03.27 21:45;-28;15.5;-200;-200;3104;206;0;
32179;2025.03.27 22:00;-28;16.0625;-200;-200;3104;206;0;
32180;2025.03.27 22:15;-28;15.8125;-200;-200;3104;206;0;
32181;2025.03.27 22:30;-28;14.625;-200;-200;3104;206;0;
32182;2025.03.27 22:45;-28;14.625;-200;-200;3104;206;0;
32183;2025.03.27 23:00;-28;18.25;-200;-200;3105;206;0;
32184;2025.03.27 23:15;-28;15;-200;-200;3104;206;0;
32185;2025.03.27 23:30;-28;14.75;-200;-200;3104;206;0;
32186;2025.03.27 23:45;-28;14.625;-200;-200;3104;206;0;
32187;2025.03.28 00:00;-28;13.1875;-200;-200;3104;206;0;
32188;2025.03.28 00:15;-28;13.375;-200;-200;3104;206;0;
32189;2025.03.28 00:30;-28;13.125;-200;-200;3104;206;0;
32190;2025.03.28 00:45;-28;12;-200;-200;3103;206;0;
32191;2025.03.28 01:00;-28;11.375;-200;-200;3103;206;0;
32192;2025.03.28 01:15;-28;10.25;-200;-200;3103;206;0;
32193;2025.03.28 01:30;-28;10.4375;-200;-200;3103;206;0;
32194;2025.03.28 01:45;-28;9.75;-200;-200;3103;206;0;
32195;2025.03.28 02:00;-28;8.5625;-200;-200;3102;206;0;
32196;2025.03.28 02:15;-28;7.375;-200;-200;3101;206;0;
32197;2025.03.28 02:30;-28;6.75;-200;-200;3101;206;0;
32198;2025.03.28 02:45;-28;6.5625;-200;-200;3101;206;0;
32199;2025.03.28 03:00;-28;7.125;-200;-200;3101;206;0;
32200;2025.03.28 03:15;-28;7.25;-200;-200;3101;206;0;
32201;2025.03.28 03:30;-28;7;-200;-200;3101;206;0;
32202;2025.03.28 03:45;-28;6.625;-200;-200;3101;206;0;
32203;2025.03.28 04:00;-28;5.875;-200;-200;3101;206;0;
32204;2025.03.28 04:15;-28;5.875;-200;-200;3101;206;0;
32205;2025.03.28 04:30;-28;6.875;-200;-200;3101;206;0;
32206;2025.03.28 04:45;-28;7.25;-200;-200;3101;206;0;
32207;2025.03.28 05:00;-28;7.4375;-200;-200;3101;206;0;
32208;2025.03.28 05:15;-28;6.75;-200;-200;3101;206;0;
32209;2025.03.28 05:30;-28;5.8125;-200;-200;3101;206;0;
32210;2025.03.28 05:45;-28;5.75;-200;-200;3101;206;0;
32211;2025.03.28 06:00;-28;4.75;-200;-200;3101;206;0;
32212;2025.03.28 06:15;-28;4.4375;-200;-200;3101;206;0;
32213;2025.03.28 06:30;-28;3.75;-200;-200;3101;206;0;
32214;2025.03.28 06:45;-28;5.1875;-200;-200;3101;206;0;
32215;2025.03.28 07:00;-28;4.125;-200;-200;3101;206;0;
32216;2025.03.28 07:15;-28;3.25;-200;-200;3101;206;0;
32217;2025.03.28 07:30;-28;2.625;-200;-200;3101;206;0;
32218;2025.03.28 07:45;-28;2.25;-200;-200;3101;206;0;
32219;2025.03.28 08:00;-28;1.9375;-200;-200;3101;206;0;
32220;2025.03.28 08:15;-28;1.875;-200;-200;3101;206;0;
32221;2025.03.28 08:30;-28;1.5;-200;-200;3101;206;0;
32222;2025.03.28 08:45;-28;1.375;-200;-200;3101;206;0;
32223;2025.03.28 09:00;-28;1.5;-200;-200;3101;206;0;
32224;2025.03.28 09:15;-28;2.375;-200;-200;3101;206;0;
32225;2025.03.28 09:30;-28;2.75;-200;-200;3101;206;0;
32226;2025.03.28 09:45;-28;3;-200;-200;3101;206;0;
32227;2025.03.28 10:00;-28;3.1875;-200;-200;3101;206;0;
32228;2025.03.28 10:15;-28;3;-200;-200;3101;206;0;
32229;2025.03.28 10:30;-28;2.5;-200;-200;3101;206;0;
32230;2025.03.28 10:45;-28;2.25;-200;-200;3101;206;0;
32231;2025.03.28 11:00;-28;1.875;-200;-200;3101;206;0;
32232;2025.03.28 11:15;-28;1.75;-200;-200;3101;206;0;
32233;2025.03.28 11:30;-28;2.0625;-200;-200;3101;206;0;
32234;2025.03.28 11:45;-28;1.875;-200;-200;3101;206;0;
32235;2025.03.28 12:00;-28;1.75;-200;-200;3101;206;0;
32236;2025.03.28 12:15;-28;1.625;-200;-200;3101;206;0;
32237;2025.03.28 12:30;-28;1.1875;-200;-200;3101;206;0;
32238;2025.03.28 12:45;-28;0.125;-200;-200;3101;206;0;
32239;2025.03.28 13:00;-28;0;-200;-200;3100;206;0;
32240;2025.03.28 13:15;-28;0;-200;-200;3100;206;0;
32241;2025.03.28 13:30;-28;0.375;-200;-200;3100;206;0;
32242;2025.03.28 13:45;-28;1.1875;-200;-200;3100;206;0;
32243;2025.03.28 14:00;-28;3.25;-200;-200;3101;206;0;
32244;2025.03.28 14:15;-28;5;-200;-200;3101;206;0;
32245;2025.03.28 14:30;-28;5.75;-200;-200;3101;206;0;
32246;2025.03.28 14:45;-28;6.4375;-200;-200;3101;206;0;
32247;2025.03.28 15:00;-28;7;-200;-200;3101;206;0;
32248;2025.03.28 15:15;-28;7.5;-200;-200;3102;206;0;
32249;2025.03.28 15:30;-28;8.1875;-200;-200;3102;206;0;
32250;2025.03.28 15:45;-28;8.625;-200;-200;3102;206;0;
32251;2025.03.28 16:00;-28;8.875;-200;-200;3102;206;0;
32252;2025.03.28 16:15;-28;9.5;-200;-200;3102;206;0;
32253;2025.03.28 16:30;-28;10;-200;-200;3102;206;0;
32254;2025.03.28 16:45;-28;9.75;-200;-200;3102;206;0;
32255;2025.03.28 17:00;-28;10.375;-200;-200;3102;206;0;
32256;2025.03.28 17:15;-28;10.375;-200;-200;3102;206;0;
32257;2025.03.28 17:30;-28;11.75;-200;-200;3103;206;0;
32258;2025.03.28 17:45;-28;12.25;-200;-200;3103;206;0;
32259;2025.03.28 18:00;-28;12.875;-200;-200;3103;206;0;
32260;2025.03.28 18:15;-28;13.4375;-200;-200;3103;206;0;
32261;2025.03.28 18:30;-28;13.6875;-200;-200;3103;206;0;
32262;2025.03.28 18:45;-28;13.125;-200;-200;3103;206;0;
32263;2025.03.28 19:00;-28;13.25;-200;-200;3103;206;0;
32264;2025.03.28 19:15;-28;13.9375;-200;-200;3103;206;0;
32265;2025.03.28 19:30;-28;13.625;-200;-200;3103;206;0;
32266;2025.03.28 19:45;-28;14.5;-200;-200;3103;206;0;
32267;2025.03.28 20:00;-28;17.1875;-200;-200;3105;206;0;
32268;2025.03.28 20:15;-28;14.375;-200;-200;3105;206;0;
32269;2025.03.28 20:30;-28;16.1875;-200;-200;3104;206;0;
32270;2025.03.28 20:45;-28;14.875;-200;-200;3104;206;0;
32271;2025.03.28 21:00;-28;14.25;-200;-200;3104;206;0;
32272;2025.03.28 21:15;-28;13.625;-200;-200;3104;206;0;
32273;2025.03.28 21:30;-28;12.8125;-200;-200;3104;206;0;
32274;2025.03.28 21:45;-28;13.125;-200;-200;3104;206;0;
32275;2025.03.28 22:00;-28;12.25;-200;-200;3104;206;0;
32276;2025.03.28 22:15;-28;12.375;-200;-200;3104;206;0;
32277;2025.03.28 22:30;-28;12.375;-200;-200;3104;206;0;
32278;2025.03.28 22:45;-28;13.75;-200;-200;3104;206;0;
32279;2025.03.28 23:00;-28;12.3125;-200;-200;3104;206;0;
32280;2025.03.28 23:15;-28;11.75;-200;-200;3104;206;0;
32281;2025.03.28 23:30;-28;11.5;-200;-200;3104;206;0;
32282;2025.03.28 23:45;-28;10.9375;-200;-200;3104;206;0;
32283;2025.03.29 00:00;-28;10.125;-200;-200;3103;206;0;
32284;2025.03.29 00:15;-28;9.625;-200;-200;3103;206;0;
32285;2025.03.29 00:30;-28;9.5;-200;-200;3103;206;0;
32286;2025.03.29 00:45;-28;8.9375;-200;-200;3103;206;0;
32287;2025.03.29 01:00;-28;8.25;-200;-200;3102;206;0;
32288;2025.03.29 01:15;-28;7.6875;-200;-200;3102;206;0;
32289;2025.03.29 01:30;-28;6.125;-200;-200;3102;206;0;
32290;2025.03.29 01:45;-28;5.25;-200;-200;3102;206;0;
32291;2025.03.29 02:00;-28;3.375;-200;-200;3101;206;0;
32292;2025.03.29 02:15;-28;2.625;-200;-200;3101;206;0;
32293;2025.03.29 02:30;-28;2.75;-200;-200;3101;206;0;
32294;2025.03.29 02:45;-28;2.5625;-200;-200;3101;206;0;
32295;2025.03.29 03:00;-28;2.8125;-200;-200;3101;206;0;
32296;2025.03.29 03:15;-28;2.875;-200;-200;3101;206;0;
32297;2025.03.29 03:30;-28;1.8125;-200;-200;3101;206;0;
32298;2025.03.29 03:45;-28;1.375;-200;-200;3100;206;0;
32299;2025.03.29 04:00;-28;1.5;-200;-200;3100;206;0;
32300;2025.03.29 04:15;-28;1.5;-200;-200;3100;206;0;
32301;2025.03.29 04:30;-28;1.6875;-200;-200;3100;206;0;
32302;2025.03.29 04:45;-28;1.625;-200;-200;3100;206;0;
32303;2025.03.29 05:00;-28;1.5;-200;-200;3100;206;0;
32304;2025.03.29 05:15;-28;2;-200;-200;3101;206;0;
32305;2025.03.29 05:30;-28;2.25;-200;-200;3100;206;0;
32306;2025.03.29 05:45;-28;2.25;-200;-200;3100;206;0;
32307;2025.03.29 06:00;-28;2.25;-200;-200;3100;206;0;
32308;2025.03.29 06:15;-28;2.375;-200;-200;3100;206;0;
32309;2025.03.29 06:30;-28;2.375;-200;-200;3101;206;0;
32310;2025.03.29 06:45;-28;2.3125;-200;-200;3101;206;0;
32311;2025.03.29 07:00;-28;2.25;-200;-200;3101;206;0;
32312;2025.03.29 07:15;-28;2.25;-200;-200;3101;206;0;
32313;2025.03.29 07:30;-28;2;-200;-200;3101;206;0;
32314;2025.03.29 07:45;-28;1.625;-200;-200;3100;206;0;
32315;2025.03.29 08:00;-28;1.25;-200;-200;3101;206;0;
32316;2025.03.29 08:15;-28;0.625;-200;-200;3101;206;0;
32317;2025.03.29 08:30;-28;0.5;-200;-200;3101;206;0;
32318;2025.03.29 08:45;-28;0.0625;-200;-200;3100;206;0;
32319;2025.03.29 09:00;-28;-0.125;-200;-200;3100;206;0;
32320;2025.03.29 09:15;-28;0.125;-200;-200;3100;206;0;
32321;2025.03.29 09:30;-28;-0.4375;-200;-200;3100;206;0;
32322;2025.03.29 09:45;-28;-0.4375;-200;-200;3100;206;0;
32323;2025.03.29 10:00;-28;-0.625;-200;-200;3100;206;0;
32324;2025.03.29 10:15;-28;-0.8125;-200;-200;3100;206;0;
32325;2025.03.29 10:30;-28;-1.1875;-200;-200;3100;206;0;
32326;2025.03.29 10:45;-28;-1.5;-200;-200;3100;206;0;
32327;2025.03.29 11:00;-28;-1.75;-200;-200;3100;206;0;
32328;2025.03.29 11:15;-28;-2;-200;-200;3100;206;0;
32329;2025.03.29 11:30;-28;-1.9375;-200;-200;3100;206;0;
32330;2025.03.29 11:45;-28;-1.9375;-200;-200;3100;206;0;
32331;2025.03.29 12:00;-28;-1.875;-200;-200;3100;206;0;
32332;2025.03.29 12:15;-28;-1.75;-200;-200;3100;206;0;
32333;2025.03.29 12:30;-28;-2.25;-200;-200;3100;206;0;
32334;2025.03.29 12:45;-28;-3;-200;-200;3100;206;0;
32335;2025.03.29 13:00;-28;-2.875;-200;-200;3100;206;0;
32336;2025.03.29 13:15;-28;-2.375;-200;-200;3100;206;0;
32337;2025.03.29 13:30;-28;-2.375;-200;-200;3100;206;0;
32338;2025.03.29 13:45;-28;-2.1875;-200;-200;3100;206;0;
32339;2025.03.29 14:00;-28;-0.75;-200;-200;3100;206;0;
32340;2025.03.29 14:15;-28;1.875;-200;-200;3100;206;0;
32341;2025.03.29 14:30;-28;2.5625;-200;-200;3100;206;0;
32342;2025.03.29 14:45;-28;3.125;-200;-200;3100;206;0;
32343;2025.03.29 15:00;-28;3.375;-200;-200;3100;206;0;
32344;2025.03.29 15:15;-28;3.625;-200;-200;3101;206;0;
32345;2025.03.29 15:30;-28;4.25;-200;-200;3101;206;0;
32346;2025.03.29 15:45;-28;4;-200;-200;3101;206;0;
32347;2025.03.29 16:00;-28;5.125;-200;-200;3101;206;0;
32348;2025.03.29 16:15;-28;5.625;-200;-200;3101;206;0;
32349;2025.03.29 16:30;-28;5.5;-200;-200;3101;206;0;
32350;2025.03.29 16:45;-28;5;-200;-200;3101;206;0;
32351;2025.03.29 17:00;-28;6.125;-200;-200;3101;206;0;
32352;2025.03.29 17:15;-28;6.75;-200;-200;3101;206;0;
32353;2025.03.29 17:30;-28;6.75;-200;-200;3102;206;0;
32354;2025.03.29 17:45;-28;7.25;-200;-200;3102;206;0;
32355;2025.03.29 18:00;-28;7.5625;-200;-200;3102;206;0;
32356;2025.03.29 18:15;-28;7.375;-200;-200;3102;206;0;
32357;2025.03.29 18:30;-28;7.5;-200;-200;3102;206;0;
32358;2025.03.29 18:45;-28;7.625;-200;-200;3102;206;0;
32359;2025.03.29 19:00;-28;7.5;-200;-200;3102;206;0;
32360;2025.03.29 19:15;-28;7.875;-200;-200;3102;206;0;
32361;2025.03.29 19:30;-28;8;-200;-200;3102;206;0;
32362;2025.03.29 19:45;-28;7.75;-200;-200;3102;206;0;
32363;2025.03.29 20:00;-28;9.25;-200;-200;3102;206;0;
32364;2025.03.29 20:15;-28;8.875;-200;-200;3102;206;0;
32365;2025.03.29 20:30;-28;8.25;-200;-200;3102;206;0;
32366;2025.03.29 20:45;-28;8.5625;-200;-200;3102;206;0;
32367;2025.03.29 21:00;-28;9.375;-200;-200;3102;206;0;
32368;2025.03.29 21:15;-28;8.125;-200;-200;3102;206;0;
32369;2025.03.29 21:30;-28;7.1875;-200;-200;3102;206;0;
32370;2025.03.29 21:45;-28;7.0625;-200;-200;3102;206;0;
32371;2025.03.29 22:00;-28;8.25;-200;-200;3102;206;0;
32372;2025.03.29 22:15;-28;7.125;-200;-200;3102;206;0;
32373;2025.03.29 22:30;-28;6.375;-200;-200;3102;206;0;
32374;2025.03.29 22:45;-28;5.75;-200;-200;3101;206;0;
32375;2025.03.29 23:00;-28;6.125;-200;-200;3101;206;0;
32376;2025.03.29 23:15;-28;6.125;-200;-200;3102;206;0;
32377;2025.03.29 23:30;-28;6.625;-200;-200;3102;206;0;
32378;2025.03.29 23:45;-28;6.625;-200;-200;3102;206;0;
32379;2025.03.30 00:00;-28;6;-200;-200;3102;206;0;
32380;2025.03.30 00:15;-28;6.1875;-200;-200;3102;206;0;
32381;2025.03.30 00:30;-28;5.5;-200;-200;3101;206;0;
32382;2025.03.30 00:45;-28;6;-200;-200;3102;206;0;
32383;2025.03.30 01:00;-28;5.1875;-200;-200;3101;206;0;
32384;2025.03.30 01:15;-28;4.5;-200;-200;3101;206;0;
32385;2025.03.30 01:30;-28;4.25;-200;-200;3101;206;0;
32386;2025.03.30 01:45;-28;3.8125;-200;-200;3101;206;0;
32387;2025.03.30 02:00;-28;4.1875;-200;-200;3101;206;0;
32388;2025.03.30 02:15;-28;4.25;-200;-200;3101;206;0;
32389;2025.03.30 02:30;-28;4;-200;-200;3101;206;0;
32390;2025.03.30 02:45;-28;3.6875;-200;-200;3101;206;0;
32391;2025.03.30 03:00;-28;3.3125;-200;-200;3101;206;0;
32392;2025.03.30 03:15;-28;3.375;-200;-200;3101;206;0;
32393;2025.03.30 03:30;-28;2.25;-200;-200;3101;206;0;
32394;2025.03.30 03:45;-28;1.75;-200;-200;3101;206;0;
32395;2025.03.30 04:00;-28;1.3125;-200;-200;3101;206;0;
32396;2025.03.30 04:15;-28;0.875;-200;-200;3101;206;0;
32397;2025.03.30 04:30;-28;0.875;-200;-200;3101;206;0;
32398;2025.03.30 04:45;-28;0.6875;-200;-200;3101;206;0;
32399;2025.03.30 05:00;-28;0.375;-200;-200;3101;206;0;
32400;2025.03.30 05:15;-28;1;-200;-200;3101;206;0;
32401;2025.03.30 05:30;-28;1.625;-200;-200;3101;206;0;
32402;2025.03.30 05:45;-28;1.625;-200;-200;3101;206;0;
32403;2025.03.30 06:00;-28;1.9375;-200;-200;3101;206;0;
32404;2025.03.30 06:15;-28;1.875;-200;-200;3101;206;0;
32405;2025.03.30 06:30;-28;1.375;-200;-200;3101;206;0;
32406;2025.03.30 06:45;-28;1.125;-200;-200;3101;206;0;
32407;2025.03.30 07:00;-28;1.4375;-200;-200;3101;206;0;
32408;2025.03.30 07:15;-28;1.625;-200;-200;3101;206;0;
32409;2025.03.30 07:30;-28;1.5;-200;-200;3101;206;0;
32410;2025.03.30 07:45;-28;1.375;-200;-200;3101;206;0;
32411;2025.03.30 08:00;-28;1;-200;-200;3101;206;0;
32412;2025.03.30 08:15;-28;0.5625;-200;-200;3101;206;0;
32413;2025.03.30 08:30;-28;0.1875;-200;-200;3101;206;0;
32414;2025.03.30 08:45;-28;-0.25;-200;-200;3101;206;0;
32415;2025.03.30 09:00;-28;-0.5;-200;-200;3101;206;0;
32416;2025.03.30 09:15;-28;-0.875;-200;-200;3101;206;0;
32417;2025.03.30 09:30;-28;-1.0625;-200;-200;3101;206;0;
32418;2025.03.30 09:45;-28;-1.25;-200;-200;3101;206;0;
32419;2025.03.30 10:00;-28;-1.3125;-200;-200;3101;206;0;
32420;2025.03.30 10:15;-28;-1.75;-200;-200;3101;206;0;
32421;2025.03.30 10:30;-28;-1.5625;-200;-200;3101;206;0;
32422;2025.03.30 10:45;-28;-1.625;-200;-200;3101;206;0;
32423;2025.03.30 11:00;-28;-1.625;-200;-200;3101;206;0;
32424;2025.03.30 11:15;-28;-1.6875;-200;-200;3101;206;0;
32425;2025.03.30 11:30;-28;-1.8125;-200;-200;3101;206;0;
32426;2025.03.30 11:45;-28;-1.75;-200;-200;3101;206;0;
32427;2025.03.30 12:00;-28;-2.125;-200;-200;3101;206;0;
32428;2025.03.30 12:15;-28;-2.5;-200;-200;3100;206;0;
32429;2025.03.30 12:30;-28;-2.6875;-200;-200;3101;206;0;
32430;2025.03.30 12:45;-28;-2.25;-200;-200;3100;206;0;
32431;2025.03.30 13:00;-28;-2.375;-200;-200;3100;206;0;
32432;2025.03.30 13:15;-28;-2.625;-200;-200;3100;206;0;
32433;2025.03.30 13:30;-28;-2.625;-200;-200;3100;206;0;
32434;2025.03.30 13:45;-28;-1.625;-200;-200;3100;206;0;
32435;2025.03.30 14:00;-28;-1.375;-200;-200;3101;206;0;
32436;2025.03.30 14:15;-28;-0.25;-200;-200;3101;206;0;
32437;2025.03.30 14:30;-28;0.375;-200;-200;3101;206;0;
32438;2025.03.30 14:45;-28;0.625;-200;-200;3101;206;0;
32439;2025.03.30 15:00;-28;1.5;-200;-200;3101;206;0;
32440;2025.03.30 15:15;-28;2.125;-200;-200;3101;206;0;
32441;2025.03.30 15:30;-28;3.25;-200;-200;3101;206;0;
32442;2025.03.30 15:45;-28;3.75;-200;-200;3102;206;0;
32443;2025.03.30 16:00;-28;4.5;-200;-200;3102;206;0;
32444;2025.03.30 16:15;-28;4.75;-200;-200;3102;206;0;
32445;2025.03.30 16:30;-28;5.875;-200;-200;3103;206;0;
32446;2025.03.30 16:45;-28;6.25;-200;-200;3103;206;0;
32447;2025.03.30 17:00;-28;6.25;-200;-200;3103;206;0;
32448;2025.03.30 17:15;-28;5.625;-200;-200;3103;206;0;
32449;2025.03.30 17:30;-28;6.625;-200;-200;3103;206;0;
32450;2025.03.30 17:45;-28;6.5;-200;-200;3103;206;0;
32451;2025.03.30 18:00;-28;5.75;-200;-200;3103;206;0;
32452;2025.03.30 18:15;-28;5.125;-200;-200;3103;206;0;
32453;2025.03.30 18:30;-28;5.375;-200;-200;3103;206;0;
32454;2025.03.30 18:45;-28;5.375;-200;-200;3103;206;0;
32455;2025.03.30 19:00;-28;6.375;-200;-200;3103;206;0;
32456;2025.03.30 19:15;-28;6.75;-200;-200;3103;206;0;
32457;2025.03.30 19:30;-28;7.125;-200;-200;3103;206;0;
32458;2025.03.30 19:45;-28;9.0625;-200;-200;3104;206;0;
32459;2025.03.30 20:00;-28;11.1875;-200;-200;3105;206;0;
32460;2025.03.30 20:15;-28;7.625;-200;-200;3104;206;0;
32461;2025.03.30 20:30;-28;6.875;-200;-200;3104;206;0;
32462;2025.03.30 20:45;-28;9.25;-200;-200;3104;206;0;
32463;2025.03.30 21:00;-28;9.0625;-200;-200;3104;206;0;
32464;2025.03.30 21:15;-28;6.75;-200;-200;3104;206;0;
32465;2025.03.30 21:30;-28;7.125;-200;-200;3104;206;0;
32466;2025.03.30 21:45;-28;5.8125;-200;-200;3104;206;0;
32467;2025.03.30 22:00;-28;5.5625;-200;-200;3103;206;0;
32468;2025.03.30 22:15;-28;4.625;-200;-200;3103;206;0;
32469;2025.03.30 22:30;-28;4.875;-200;-200;3103;206;0;
32470;2025.03.30 22:45;-28;4.3125;-200;-200;3103;206;0;
32471;2025.03.30 23:00;-28;5;-200;-200;3103;206;0;
32472;2025.03.30 23:15;-28;4.9375;-200;-200;3103;206;0;
32473;2025.03.30 23:30;-28;4.625;-200;-200;3103;206;0;
32474;2025.03.30 23:45;-28;5;-200;-200;3103;206;0;
32475;2025.03.31 00:00;-28;4.375;-200;-200;3103;206;0;
32476;2025.03.31 00:15;-28;4.1875;-200;-200;3103;206;0;
32477;2025.03.31 00:30;-28;3.625;-200;-200;3103;206;0;
32478;2025.03.31 00:45;-28;3.75;-200;-200;3103;206;0;
32479;2025.03.31 01:00;-28;3.4375;-200;-200;3103;206;0;
32480;2025.03.31 01:15;-28;2.875;-200;-200;3103;206;0;
32481;2025.03.31 01:30;-28;2.25;-200;-200;3103;206;0;
32482;2025.03.31 01:45;-28;1.75;-200;-200;3102;206;0;
32483;2025.03.31 02:00;-28;1;-200;-200;3102;206;0;
32484;2025.03.31 02:15;-28;0.1875;-200;-200;3102;206;0;
32485;2025.03.31 02:30;-28;0;-200;-200;3102;206;0;
32486;2025.03.31 02:45;-28;-0.25;-200;-200;3102;206;0;
32487;2025.03.31 03:00;-28;-0.625;-200;-200;3102;206;0;
32488;2025.03.31 03:15;-28;-1.125;-200;-200;3102;206;0;
32489;2025.03.31 03:30;-28;-1.25;-200;-200;3102;206;0;
32490;2025.03.31 03:45;-28;-1.25;-200;-200;3102;206;0;
32491;2025.03.31 04:00;-28;-1.75;-200;-200;3102;206;0;
32492;2025.03.31 04:15;-28;-1.5;-200;-200;3102;206;0;
32493;2025.03.31 04:30;-28;-1.5;-200;-200;3102;206;0;
32494;2025.03.31 04:45;-28;-1.5;-200;-200;3102;206;0;
32495;2025.03.31 05:00;-28;-1.125;-200;-200;3102;206;0;
32496;2025.03.31 05:15;-28;-1.375;-200;-200;3102;206;0;
32497;2025.03.31 05:30;-28;-1.625;-200;-200;3102;206;0;
32498;2025.03.31 05:45;-28;-2;-200;-200;3102;206;0;
32499;2025.03.31 06:00;-28;-1.875;-200;-200;3102;206;0;
32500;2025.03.31 06:15;-28;-2;-200;-200;3102;206;0;
32501;2025.03.31 06:30;-28;-1.5625;-200;-200;3102;206;0;
32502;2025.03.31 06:45;-28;-1.75;-200;-200;3102;206;0;
32503;2025.03.31 07:00;-28;-1.75;-200;-200;3102;206;0;
32504;2025.03.31 07:15;-28;-2;-200;-200;3102;206;0;
32505;2025.03.31 07:30;-28;-1.9375;-200;-200;3102;206;0;
32506;2025.03.31 07:45;-28;-1.6875;-200;-200;3102;206;0;
32507;2025.03.31 08:00;-28;-2.125;-200;-200;3102;206;0;
32508;2025.03.31 08:15;-28;-2.375;-200;-200;3102;206;0;
32509;2025.03.31 08:30;-28;-2.3125;-200;-200;3102;206;0;
32510;2025.03.31 08:45;-28;-1.9375;-200;-200;3102;206;0;
32511;2025.03.31 09:00;-28;-1.625;-200;-200;3102;206;0;
32512;2025.03.31 09:15;-28;-1.8125;-200;-200;3102;206;0;
32513;2025.03.31 09:30;-28;-2.375;-200;-200;3101;206;0;
32514;2025.03.31 09:45;-28;-2.6875;-200;-200;3102;206;0;
32515;2025.03.31 10:00;-28;-3.0625;-200;-200;3101;206;0;
32516;2025.03.31 10:15;-28;-3.5;-200;-200;3101;206;0;
32517;2025.03.31 10:30;-28;-3.875;-200;-200;3101;206;0;
32518;2025.03.31 10:45;-28;-3.75;-200;-200;3101;206;0;
32519;2025.03.31 11:00;-28;-3.6875;-200;-200;3102;206;0;
32520;2025.03.31 11:15;-28;-3.625;-200;-200;3102;206;0;
32521;2025.03.31 11:30;-28;-3.5;-200;-200;3102;206;0;
32522;2025.03.31 11:45;-28;-3.5;-200;-200;3102;206;0;
32523;2025.03.31 12:00;-28;-3.5625;-200;-200;3102;206;0;
32524;2025.03.31 12:15;-28;-3.875;-200;-200;3102;206;0;
32525;2025.03.31 12:30;-28;-3.25;-200;-200;3102;206;0;
32526;2025.03.31 12:45;-28;-3;-200;-200;3102;206;0;
32527;2025.03.31 13:00;-28;-2.75;-200;-200;3102;206;0;
32528;2025.03.31 13:15;-28;-2.25;-200;-200;3102;206;0;
32529;2025.03.31 13:30;-28;-2.125;-200;-200;3102;206;0;
32530;2025.03.31 13:45;-28;-2;-200;-200;3102;206;0;
32531;2025.03.31 14:00;-28;-1.75;-200;-200;3102;206;0;
32532;2025.03.31 14:15;-28;-0.875;-200;-200;3102;206;0;
32533;2025.03.31 14:30;-28;0.0625;-200;-200;3103;206;0;
32534;2025.03.31 14:45;-28;0.75;-200;-200;3103;206;0;
32535;2025.03.31 15:00;-28;1.4375;-200;-200;3104;206;0;
32536;2025.03.31 15:15;-28;1.375;-200;-200;3104;206;0;
32537;2025.03.31 15:30;-28;2;-200;-200;3104;206;0;
32538;2025.03.31 15:45;-28;2.875;-200;-200;3104;206;0;
32539;2025.03.31 16:00;-28;2.875;-200;-200;3104;206;0;
32540;2025.03.31 16:15;-28;3.5625;-200;-200;3104;206;0;
32541;2025.03.31 16:30;-28;4.125;-200;-200;3104;206;0;
32542;2025.03.31 16:45;-28;5.75;-200;-200;3105;206;0;
32543;2025.03.31 17:00;-28;6.3125;-200;-200;3105;206;0;
32544;2025.03.31 17:15;-28;7.25;-200;-200;3105;206;0;
32545;2025.03.31 17:30;-28;8.3125;-200;-200;3105;206;0;
32546;2025.03.31 17:45;-28;8.75;-200;-200;3105;206;0;
32547;2025.03.31 18:00;-28;8.875;-200;-200;3105;206;0;
32548;2025.03.31 18:15;-28;8.8125;-200;-200;3105;206;0;
32549;2025.03.31 18:30;-28;9.375;-200;-200;3105;206;0;
32550;2025.03.31 18:45;-28;8.9375;-200;-200;3105;206;0;
32551;2025.03.31 19:00;-28;8.625;-200;-200;3105;206;0;
32552;2025.03.31 19:15;-28;9.125;-200;-200;3106;206;0;
32553;2025.03.31 19:30;-28;9.5625;-200;-200;3105;206;0;
32554;2025.03.31 19:45;-28;12.0625;-200;-200;3106;206;0;
32555;2025.03.31 20:00;-28;12.375;-200;-200;3106;206;0;
32556;2025.03.31 20:15;-28;13.0625;-200;-200;3106;206;0;
32557;2025.03.31 20:30;-28;11.8125;-200;-200;3106;206;0;
32558;2025.03.31 20:45;-28;12.875;-200;-200;3107;206;0;
32559;2025.03.31 21:00;-28;11.5;-200;-200;3107;206;0;
32560;2025.03.31 21:15;-28;10.625;-200;-200;3106;206;0;
32561;2025.03.31 21:30;-28;11.0625;-200;-200;3106;206;0;
32562;2025.03.31 21:45;-28;11.5;-200;-200;3106;206;0;
32563;2025.03.31 22:00;-28;10.9375;-200;-200;3106;206;0;
32564;2025.03.31 22:15;-28;10.5625;-200;-200;3106;206;0;
32565;2025.03.31 22:30;-28;10.125;-200;-200;3106;206;0;
32566;2025.03.31 22:45;-28;9.9375;-200;-200;3106;206;0;
32567;2025.03.31 23:00;-28;9.75;-200;-200;3106;206;0;
32568;2025.03.31 23:15;-28;9.375;-200;-200;3105;206;0;
32569;2025.03.31 23:30;-28;9.25;-200;-200;3105;206;0;
32570;2025.03.31 23:45;-28;9.3125;-200;-200;3106;206;0;
32571;2025.04.01 00:00;-28;9.125;-200;-200;3105;206;0;
32572;2025.04.01 00:15;-28;8.875;-200;-200;3106;206;0;
32573;2025.04.01 00:30;-28;8.5625;-200;-200;3105;206;0;
32574;2025.04.01 00:45;-28;8.125;-200;-200;3105;206;0;
32575;2025.04.01 01:00;-28;8;-200;-200;3105;206;0;
32576;2025.04.01 01:15;-28;7.75;-200;-200;3105;206;0;
32577;2025.04.01 01:30;-28;7.5;-200;-200;3105;206;0;
32578;2025.04.01 01:45;-28;7.375;-200;-200;3105;206;0;
32579;2025.04.01 02:00;-28;7.25;-200;-200;3105;206;0;
32580;2025.04.01 02:15;-28;7.125;-200;-200;3105;206;0;
32581;2025.04.01 02:30;-28;7.125;-200;-200;3105;206;0;
32582;2025.04.01 02:45;-28;7;-200;-200;3105;206;0;
32583;2025.04.01 03:00;-28;7;-200;-200;3105;206;0;
32584;2025.04.01 03:15;-28;6.8125;-200;-200;3105;206;0;
32585;2025.04.01 03:30;-28;6.75;-200;-200;3105;206;0;
32586;2025.04.01 03:45;-28;6.5;-200;-200;3105;206;0;
32587;2025.04.01 04:00;-28;6.25;-200;-200;3105;206;0;
32588;2025.04.01 04:15;-28;6.125;-200;-200;3105;206;0;
32589;2025.04.01 04:30;-28;5.9375;-200;-200;3105;206;0;
32590;2025.04.01 04:45;-28;5.875;-200;-200;3105;206;0;
32591;2025.04.01 05:00;-28;5.875;-200;-200;3105;206;0;
32592;2025.04.01 05:15;-28;5.5625;-200;-200;3105;206;0;
32593;2025.04.01 05:30;-28;5.25;-200;-200;3105;206;0;
32594;2025.04.01 05:45;-28;5;-200;-200;3105;206;0;
32595;2025.04.01 06:00;-28;4.75;-200;-200;3105;206;0;
32596;2025.04.01 06:15;-28;4.5;-200;-200;3105;206;0;
32597;2025.04.01 06:30;-28;4.1875;-200;-200;3105;206;0;
32598;2025.04.01 06:45;-28;4;-200;-200;3105;206;0;
32599;2025.04.01 07:00;-28;3.875;-200;-200;3105;206;0;
32600;2025.04.01 07:15;-28;3.75;-200;-200;3105;206;0;
32601;2025.04.01 07:30;-28;3.625;-200;-200;3105;206;0;
32602;2025.04.01 07:45;-28;3.375;-200;-200;3105;206;0;
32603;2025.04.01 08:00;-28;3.0625;-200;-200;3105;206;0;
32604;2025.04.01 08:15;-28;2.8125;-200;-200;3105;206;0;
32605;2025.04.01 08:30;-28;2.625;-200;-200;3105;206;0;
32606;2025.04.01 08:45;-28;2.4375;-200;-200;3105;206;0;
32607;2025.04.01 09:00;-28;2.5;-200;-200;3105;206;0;
32608;2025.04.01 09:15;-28;2.375;-200;-200;3105;206;0;
32609;2025.04.01 09:30;-28;2.3125;-200;-200;3105;206;0;
32610;2025.04.01 09:45;-28;2.1875;-200;-200;3105;206;0;
32611;2025.04.01 10:00;-28;2;-200;-200;3105;206;0;
32612;2025.04.01 10:15;-28;1.875;-200;-200;3105;206;0;
32613;2025.04.01 10:30;-28;1.6875;-200;-200;3105;206;0;
32614;2025.04.01 10:45;-28;1.625;-200;-200;3104;206;0;
32615;2025.04.01 11:00;-28;1.625;-200;-200;3105;206;0;
32616;2025.04.01 11:15;-28;1.625;-200;-200;3104;206;0;
32617;2025.04.01 11:30;-28;1.625;-200;-200;3105;206;0;
32618;2025.04.01 11:45;-28;1.625;-200;-200;3104;206;0;
32619;2025.04.01 12:00;-28;1.5625;-200;-200;3104;206;0;
32620;2025.04.01 12:15;-28;1.625;-200;-200;3104;206;0;
32621;2025.04.01 12:30;-28;1.6875;-200;-200;3104;206;0;
32622;2025.04.01 12:45;-28;1.75;-200;-200;3104;206;0;
32623;2025.04.01 13:00;-28;1.625;-200;-200;3104;206;0;
32624;2025.04.01 13:15;-28;1.6875;-200;-200;3104;206;0;
32625;2025.04.01 13:30;-28;1.625;-200;-200;3104;206;0;
32626;2025.04.01 13:45;-28;1.8125;-200;-200;3104;206;0;
32627;2025.04.01 14:00;-28;1.875;-200;-200;3104;206;0;
32628;2025.04.01 14:15;-28;2;-200;-200;3104;206;0;
32629;2025.04.01 14:30;-28;1.625;-200;-200;3104;206;0;
32630;2025.04.01 14:45;-28;1.1875;-200;-200;3104;206;0;
32631;2025.04.01 15:00;-28;1.25;-200;-200;3105;206;0;
32632;2025.04.01 15:15;-28;1.5;-200;-200;3104;206;0;
32633;2025.04.01 15:30;-28;1.625;-200;-200;3104;206;0;
32634;2025.04.01 15:45;-28;1.8125;-200;-200;3104;206;0;
32635;2025.04.01 16:00;-28;2.125;-200;-200;3104;206;0;
32636;2025.04.01 16:15;-28;3;-200;-200;3104;206;0;
32637;2025.04.01 16:30;-28;4.125;-200;-200;3104;206;0;
32638;2025.04.01 16:45;-28;3.625;-200;-200;3104;206;0;
32639;2025.04.01 17:00;-28;4.5;-200;-200;3105;206;0;
32640;2025.04.01 17:15;-28;4.625;-200;-200;3105;206;0;
32641;2025.04.01 17:30;-28;5.75;-200;-200;3105;206;0;
32642;2025.04.01 17:45;-28;5;-200;-200;3105;206;0;
32643;2025.04.01 18:00;-28;5;-200;-200;3105;206;0;
32644;2025.04.01 18:15;-28;5.75;-200;-200;3105;206;0;
32645;2025.04.01 18:30;-28;7.375;-200;-200;3106;206;0;
32646;2025.04.01 18:45;-28;6.875;-200;-200;3106;206;0;
32647;2025.04.01 19:00;-28;7.75;-200;-200;3106;206;0;
32648;2025.04.01 19:15;-28;7.25;-200;-200;3106;206;0;
32649;2025.04.01 19:30;-28;7.5;-200;-200;3106;206;0;
32650;2025.04.01 19:45;-28;8.875;-200;-200;3107;206;0;
32651;2025.04.01 20:00;-28;8.0625;-200;-200;3107;206;0;
32652;2025.04.01 20:15;-28;7.875;-200;-200;3107;206;0;
32653;2025.04.01 20:30;-28;8.1875;-200;-200;3107;206;0;
32654;2025.04.01 20:45;-28;6.5;-200;-200;3106;206;0;
32655;2025.04.01 21:00;-28;6;-200;-200;3106;206;0;
32656;2025.04.01 21:15;-28;5.625;-200;-200;3106;206;0;
32657;2025.04.01 21:30;-28;5.25;-200;-200;3106;206;0;
32658;2025.04.01 21:45;-28;4.9375;-200;-200;3105;206;0;
32659;2025.04.01 22:00;-28;4.5;-200;-200;3105;206;0;
32660;2025.04.01 22:15;-28;3.375;-200;-200;3105;206;0;
32661;2025.04.01 22:30;-28;4.125;-200;-200;3105;206;0;
32662;2025.04.01 22:45;-28;2.4375;-200;-200;3105;206;0;
32663;2025.04.01 23:00;-28;1.0625;-200;-200;3105;206;0;
32664;2025.04.01 23:15;-28;0.5625;-200;-200;3105;206;0;
32665;2025.04.01 23:30;-28;-0.4375;-200;-200;3105;206;0;
32666;2025.04.01 23:45;-28;-2.125;-200;-200;3105;206;0;
32667;2025.04.02 00:00;-28;-2.5;-200;-200;3105;206;0;
32668;2025.04.02 00:15;-28;-2.75;-200;-200;3105;206;0;
32669;2025.04.02 00:30;-28;-3.1875;-200;-200;3105;206;0;
32670;2025.04.02 00:45;-28;-3.5;-200;-200;3105;206;0;
32671;2025.04.02 01:00;-28;-4;-200;-200;3105;206;0;
32672;2025.04.02 01:15;-28;-4.875;-200;-200;3105;206;0;
32673;2025.04.02 01:30;-28;-5.25;-200;-200;3106;206;0;
32674;2025.04.02 01:45;-28;-5.375;-200;-200;3105;206;0;
32675;2025.04.02 02:00;-28;-5.6875;-200;-200;3105;206;0;
32676;2025.04.02 02:15;-28;-5.625;-200;-200;3105;206;0;
32677;2025.04.02 02:30;-28;-5.625;-200;-200;3105;206;0;
32678;2025.04.02 02:45;-28;-5.75;-200;-200;3105;206;0;
32679;2025.04.02 03:00;-28;-5.75;-200;-200;3105;206;0;
32680;2025.04.02 03:15;-28;-5.875;-200;-200;3105;206;0;
32681;2025.04.02 03:30;-28;-6;-200;-200;3105;206;0;
32682;2025.04.02 03:45;-28;-5.875;-200;-200;3105;206;0;
32683;2025.04.02 04:00;-28;-6;-200;-200;3105;206;0;
32684;2025.04.02 04:15;-28;-6.1875;-200;-200;3105;206;0;
32685;2025.04.02 04:30;-28;-6.25;-200;-200;3106;206;0;
32686;2025.04.02 04:45;-28;-6.25;-200;-200;3106;206;0;
32687;2025.04.02 05:00;-28;-6.5625;-200;-200;3106;206;0;
32688;2025.04.02 05:15;-28;-6.5;-200;-200;3105;206;0;
32689;2025.04.02 05:30;-28;-6.375;-200;-200;3106;206;0;
32690;2025.04.02 05:45;-28;-6.25;-200;-200;3107;206;0;
32691;2025.04.02 06:00;-28;-6.5625;-200;-200;3108;206;0;
32692;2025.04.02 06:15;-28;-6.875;-200;-200;3108;206;0;
32693;2025.04.02 06:30;-28;-7.25;-200;-200;3108;206;0;
32694;2025.04.02 06:45;-28;-7.625;-200;-200;3109;206;0;
32695;2025.04.02 07:00;-28;-7.875;-200;-200;3109;206;0;
32696;2025.04.02 07:15;-28;-7.75;-200;-200;3109;206;0;
32697;2025.04.02 07:30;-28;-8;-200;-200;3109;206;0;
32698;2025.04.02 07:45;-28;-8.3125;-200;-200;3110;206;0;
32699;2025.04.02 08:00;-28;-8.875;-200;-200;3109;206;0;
32700;2025.04.02 08:15;-28;-9.125;-200;-200;3109;206;0;
32701;2025.04.02 08:30;-28;-9.4375;-200;-200;3110;206;0;
32702;2025.04.02 08:45;-28;-9.5;-200;-200;3110;206;0;
32703;2025.04.02 09:00;-28;-9.5625;-200;-200;3110;206;0;
32704;2025.04.02 09:15;-28;-9.9375;-200;-200;3110;206;0;
32705;2025.04.02 09:30;-28;-10.375;-200;-200;3110;206;0;
32706;2025.04.02 09:45;-28;-10.25;-200;-200;3111;206;0;
32707;2025.04.02 10:00;-28;-10.75;-200;-200;3111;206;0;
32708;2025.04.02 10:15;-28;-11.125;-200;-200;3111;206;0;
32709;2025.04.02 10:30;-28;-10.75;-200;-200;3111;206;0;
32710;2025.04.02 10:45;-28;-11;-200;-200;3111;206;0;
32711;2025.04.02 11:00;-28;-11.125;-200;-200;3112;206;0;
32712;2025.04.02 11:15;-28;-11.5;-200;-200;3112;206;0;
32713;2025.04.02 11:30;-28;-12;-200;-200;3112;206;0;
32714;2025.04.02 11:45;-28;-12.125;-200;-200;3112;206;0;
32715;2025.04.02 12:00;-28;-12.375;-200;-200;3112;206;0;
32716;2025.04.02 12:15;-28;-12.25;-200;-200;3113;206;0;
32717;2025.04.02 12:30;-28;-11.9375;-200;-200;3112;206;0;
32718;2025.04.02 12:45;-28;-11.75;-200;-200;3113;206;0;
32719;2025.04.02 13:00;-28;-11.25;-200;-200;3113;206;0;
32720;2025.04.02 13:15;-28;-10.625;-200;-200;3113;206;0;
32721;2025.04.02 13:30;-28;-10.0625;-200;-200;3113;206;0;
32722;2025.04.02 13:45;-28;-9.125;-200;-200;3113;206;0;
32723;2025.04.02 14:00;-28;-8.3125;-200;-200;3114;206;0;
32724;2025.04.02 14:15;-28;-7.5;-200;-200;3114;206;0;
32725;2025.04.02 14:30;-28;-5.9375;-200;-200;3114;206;0;
32726;2025.04.02 14:45;-28;-5;-200;-200;3115;206;0;
32727;2025.04.02 15:00;-28;-4.4375;-200;-200;3115;206;0;
32728;2025.04.02 15:15;-28;-3.6875;-200;-200;3115;206;0;
32729;2025.04.02 15:30;-28;-2.875;-200;-200;3115;206;0;
32730;2025.04.02 15:45;-28;-3.125;-200;-200;3115;206;0;
32731;2025.04.02 16:00;-28;-2.5;-200;-200;3115;206;0;
32732;2025.04.02 16:15;-28;-2;-200;-200;3115;206;0;
32733;2025.04.02 16:30;-28;-2.25;-200;-200;3116;206;0;
32734;2025.04.02 16:45;-28;-1.375;-200;-200;3116;206;0;
32735;2025.04.02 17:00;-28;-0.625;-200;-200;3116;206;0;
32736;2025.04.02 17:15;-28;-0.0625;-200;-200;3116;206;0;
32737;2025.04.02 17:30;-28;-1.125;-200;-200;3116;206;0;
32738;2025.04.02 17:45;-28;-0.25;-200;-200;3116;206;0;
32739;2025.04.02 18:00;-28;0.25;-200;-200;3116;206;0;
32740;2025.04.02 18:15;-28;2.5;-200;-200;3116;206;0;
32741;2025.04.02 18:30;-28;0.75;-200;-200;3116;206;0;
32742;2025.04.02 18:45;-28;-0.25;-200;-200;3116;206;0;
32743;2025.04.02 19:00;-28;1;-200;-200;3116;206;0;
32744;2025.04.02 19:15;-28;0.625;-200;-200;3116;206;0;
32745;2025.04.02 19:30;-28;0.875;-200;-200;3116;206;0;
32746;2025.04.02 19:45;-28;2.625;-200;-200;3148;206;0;
32747;2025.04.02 20:00;-28;2.6875;-200;-200;3148;206;0;
32748;2025.04.02 20:15;-28;3.875;-200;-200;3148;206;0;
32749;2025.04.02 20:30;-28;4.625;-200;-200;3149;206;0;
32750;2025.04.02 20:45;-28;4.4375;-200;-200;3149;206;0;
32751;2025.04.02 21:00;-28;4.125;-200;-200;3149;206;0;
32752;2025.04.02 21:15;-28;3.75;-200;-200;3148;206;0;
32753;2025.04.02 21:30;-28;2.25;-200;-200;3148;206;0;
32754;2025.04.02 21:45;-28;0.875;-200;-200;3148;206;0;
32755;2025.04.02 22:00;-28;0.9375;-200;-200;3148;206;0;
32756;2025.04.02 22:15;-28;4.125;-200;-200;3148;206;0;
32757;2025.04.02 22:30;-28;4.625;-200;-200;3148;206;0;
32758;2025.04.02 22:45;-28;6.375;-200;-200;3149;206;0;
32759;2025.04.02 23:00;-28;2.4375;-200;-200;3148;206;0;
32760;2025.04.02 23:15;-28;1.375;-200;-200;3148;206;0;
32761;2025.04.02 23:30;-28;1.3125;-200;-200;3147;206;0;
32762;2025.04.02 23:45;-28;0.8125;-200;-200;3147;206;0;
32763;2025.04.03 00:00;-28;0;-200;-200;3147;206;0;
32764;2025.04.03 00:15;-28;-0.625;-200;-200;3147;206;0;
32765;2025.04.03 00:30;-28;-1.125;-200;-200;3146;206;0;
32766;2025.04.03 00:45;-28;-1.4375;-200;-200;3146;206;0;
32767;2025.04.03 01:00;-28;-1.5;-200;-200;3146;206;0;
32768;2025.04.03 01:15;-28;-1.5625;-200;-200;3146;206;0;
32769;2025.04.03 01:30;-28;-2;-200;-200;3146;206;0;
32770;2025.04.03 01:45;-28;-2.25;-200;-200;3146;206;0;
32771;2025.04.03 02:00;-28;-2.5;-200;-200;3146;206;0;
32772;2025.04.03 02:15;-28;-2.625;-200;-200;3146;206;0;
32773;2025.04.03 02:30;-28;-2.5625;-200;-200;3146;206;0;
32774;2025.04.03 02:45;-28;-2.3125;-200;-200;3146;206;0;
32775;2025.04.03 03:00;-28;-2;-200;-200;3146;206;0;
32776;2025.04.03 03:15;-28;-2.125;-200;-200;3146;206;0;
32777;2025.04.03 03:30;-28;-2.3125;-200;-200;3146;206;0;
32778;2025.04.03 03:45;-28;-2.4375;-200;-200;3146;206;0;
32779;2025.04.03 04:00;-28;-2.75;-200;-200;3146;206;0;
32780;2025.04.03 04:15;-28;-2.6875;-200;-200;3146;206;0;
32781;2025.04.03 04:30;-28;-2.9375;-200;-200;3146;206;0;
32782;2025.04.03 04:45;-28;-3.375;-200;-200;3146;206;0;
32783;2025.04.03 05:00;-28;-3.6875;-200;-200;3146;206;0;
32784;2025.04.03 05:15;-28;-3.75;-200;-200;3146;206;0;
32785;2025.04.03 05:30;-28;-3.75;-200;-200;3146;206;0;
32786;2025.04.03 05:45;-28;-3.5625;-200;-200;3146;206;0;
32787;2025.04.03 06:00;-28;-3.5;-200;-200;3146;206;0;
32788;2025.04.03 06:15;-28;-3.625;-200;-200;3146;206;0;
32789;2025.04.03 06:30;-28;-3.625;-200;-200;3146;206;0;
32790;2025.04.03 06:45;-28;-3.6875;-200;-200;3146;206;0;
32791;2025.04.03 07:00;-28;-3.9375;-200;-200;3146;206;0;
32792;2025.04.03 07:15;-28;-4.125;-200;-200;3146;206;0;
32793;2025.04.03 07:30;-28;-4.25;-200;-200;3146;206;0;
32794;2025.04.03 07:45;-28;-4.25;-200;-200;3146;206;0;
32795;2025.04.03 08:00;-28;-4.5;-200;-200;3146;206;0;
32796;2025.04.03 08:15;-28;-4.875;-200;-200;3146;206;0;
32797;2025.04.03 08:30;-28;-4.875;-200;-200;3146;206;0;
32798;2025.04.03 08:45;-28;-4.875;-200;-200;3146;206;0;
32799;2025.04.03 09:00;-28;-4.8125;-200;-200;3146;206;0;
32800;2025.04.03 09:15;-28;-5;-200;-200;3146;206;0;
32801;2025.04.03 09:30;-28;-5.375;-200;-200;3146;206;0;
32802;2025.04.03 09:45;-28;-5.25;-200;-200;3146;206;0;
32803;2025.04.03 10:00;-28;-5.5;-200;-200;3146;206;0;
32804;2025.04.03 10:15;-28;-6;-200;-200;3146;206;0;
32805;2025.04.03 10:30;-28;-6.5;-200;-200;3146;206;0;
32806;2025.04.03 10:45;-28;-6.875;-200;-200;3146;206;0;
32807;2025.04.03 11:00;-28;-7.125;-200;-200;3146;206;0;
32808;2025.04.03 11:15;-28;-7;-200;-200;3146;206;0;
32809;2025.04.03 11:30;-28;-7.25;-200;-200;3146;206;0;
32810;2025.04.03 11:45;-28;-7.375;-200;-200;3146;206;0;
32811;2025.04.03 12:00;-28;-7.625;-200;-200;3146;206;0;
32812;2025.04.03 12:15;-28;-7.75;-200;-200;3146;206;0;
32813;2025.04.03 12:30;-28;-7.625;-200;-200;3146;206;0;
32814;2025.04.03 12:45;-28;-7.0625;-200;-200;3146;206;0;
32815;2025.04.03 13:00;-28;-7.375;-200;-200;3146;206;0;
32816;2025.04.03 13:15;-28;-7.5;-200;-200;3146;206;0;
32817;2025.04.03 13:30;-28;-7.625;-200;-200;3146;206;0;
32818;2025.04.03 13:45;-28;-7.25;-200;-200;3146;206;0;
32819;2025.04.03 14:00;-28;-6.625;-200;-200;3146;206;0;
32820;2025.04.03 14:15;-28;-5.875;-200;-200;3146;206;0;
32821;2025.04.03 14:30;-28;-5.125;-200;-200;3146;206;0;
32822;2025.04.03 14:45;-28;-4.1875;-200;-200;3146;206;0;
32823;2025.04.03 15:00;-28;-3.875;-200;-200;3146;206;0;
32824;2025.04.03 15:15;-28;-4.625;-200;-200;3146;206;0;
32825;2025.04.03 15:30;-28;-4.75;-200;-200;3146;206;0;
32826;2025.04.03 15:45;-28;-4.8125;-200;-200;3146;206;0;
32827;2025.04.03 16:00;-28;-4.5;-200;-200;3146;206;0;
32828;2025.04.03 16:15;-28;-4.375;-200;-200;3146;206;0;
32829;2025.04.03 16:30;-28;-4.3125;-200;-200;3146;206;0;
32830;2025.04.03 16:45;-28;-3.375;-200;-200;3146;206;0;
32831;2025.04.03 17:00;-28;-2.875;-200;-200;3146;206;0;
32832;2025.04.03 17:15;-28;-1.625;-200;-200;3146;206;0;
32833;2025.04.03 17:30;-28;-1.125;-200;-200;3146;206;0;
32834;2025.04.03 17:45;-28;1.25;-200;-200;3147;206;0;
32835;2025.04.03 18:00;-28;0.1875;-200;-200;3147;206;0;
32836;2025.04.03 18:15;-28;0.1875;-200;-200;3147;206;0;
32837;2025.04.03 18:30;-28;0.875;-200;-200;3147;206;0;
32838;2025.04.03 18:45;-28;1.5;-200;-200;3147;206;0;
32839;2025.04.03 19:00;-28;0.5;-200;-200;3147;206;0;
32840;2025.04.03 19:15;-28;0.8125;-200;-200;3147;206;0;
32841;2025.04.03 19:30;-28;1.5625;-200;-200;3147;206;0;
32842;2025.04.03 19:45;-28;1.125;-200;-200;3147;206;0;
32843;2025.04.03 20:00;-28;3;-200;-200;3148;206;0;
32844;2025.04.03 20:15;-28;1.875;-200;-200;3148;206;0;
32845;2025.04.03 20:30;-28;3.25;-200;-200;3148;206;0;
32846;2025.04.03 20:45;-28;1.625;-200;-200;3148;206;0;
32847;2025.04.03 21:00;-28;1.875;-200;-200;3148;206;0;
32848;2025.04.03 21:15;-28;2.5;-200;-200;3148;206;0;
32849;2025.04.03 21:30;-28;1.9375;-200;-200;3148;206;0;
32850;2025.04.03 21:45;-28;1.125;-200;-200;3147;206;0;
32851;2025.04.03 22:00;-28;2;-200;-200;3148;206;0;
32852;2025.04.03 22:15;-28;0.9375;-200;-200;3147;206;0;
32853;2025.04.03 22:30;-28;3.25;-200;-200;3148;206;0;
32854;2025.04.03 22:45;-28;3;-200;-200;3148;206;0;
32855;2025.04.03 23:00;-28;1;-200;-200;3147;206;0;
32856;2025.04.03 23:15;-28;0.875;-200;-200;3148;206;0;
32857;2025.04.03 23:30;-28;2.3125;-200;-200;3148;206;0;
32858;2025.04.03 23:45;-28;1.625;-200;-200;3147;206;0;
32859;2025.04.04 00:00;-28;1;-200;-200;3148;206;0;
32860;2025.04.04 00:15;-28;0.5;-200;-200;3147;206;0;
32861;2025.04.04 00:30;-28;0.25;-200;-200;3147;206;0;
32862;2025.04.04 00:45;-28;-0.0625;-200;-200;3147;206;0;
32863;2025.04.04 01:00;-28;-0.5;-200;-200;3147;206;0;
32864;2025.04.04 01:15;-28;-0.875;-200;-200;3147;206;0;
32865;2025.04.04 01:30;-28;-1.375;-200;-200;3147;206;0;
32866;2025.04.04 01:45;-28;-1.8125;-200;-200;3147;206;0;
32867;2025.04.04 02:00;-28;-2;-200;-200;3147;206;0;
32868;2025.04.04 02:15;-28;-2.25;-200;-200;3147;206;0;
32869;2025.04.04 02:30;-28;-2.375;-200;-200;3147;206;0;
32870;2025.04.04 02:45;-28;-2.375;-200;-200;3147;206;0;
32871;2025.04.04 03:00;-28;-2.375;-200;-200;3147;206;0;
32872;2025.04.04 03:15;-28;-2.5625;-200;-200;3147;206;0;
32873;2025.04.04 03:30;-28;-2.75;-200;-200;3147;206;0;
32874;2025.04.04 03:45;-28;-2.75;-200;-200;3147;206;0;
32875;2025.04.04 04:00;-28;-2.625;-200;-200;3147;206;0;
32876;2025.04.04 04:15;-28;-2.625;-200;-200;3147;206;0;
32877;2025.04.04 04:30;-28;-2.625;-200;-200;3147;206;0;
32878;2025.04.04 04:45;-28;-2.625;-200;-200;3147;206;0;
32879;2025.04.04 05:00;-28;-2.625;-200;-200;3147;206;0;
32880;2025.04.04 05:15;-28;-2.6875;-200;-200;3147;206;0;
32881;2025.04.04 05:30;-28;-3.125;-200;-200;3147;206;0;
32882;2025.04.04 05:45;-28;-3.3125;-200;-200;3147;206;0;
32883;2025.04.04 06:00;-28;-3.375;-200;-200;3147;206;0;
32884;2025.04.04 06:15;-28;-3.625;-200;-200;3147;206;0;
32885;2025.04.04 06:30;-28;-3.8125;-200;-200;3147;206;0;
32886;2025.04.04 06:45;-28;-4.3125;-200;-200;3147;206;0;
32887;2025.04.04 07:00;-28;-4.75;-200;-200;3147;206;0;
32888;2025.04.04 07:15;-28;-5.25;-200;-200;3147;206;0;
32889;2025.04.04 07:30;-28;-5.5;-200;-200;3147;206;0;
32890;2025.04.04 07:45;-28;-5.75;-200;-200;3146;206;0;
32891;2025.04.04 08:00;-28;-5.75;-200;-200;3147;206;0;
32892;2025.04.04 08:15;-28;-5.375;-200;-200;3146;206;0;
32893;2025.04.04 08:30;-28;-5.25;-200;-200;3146;206;0;
32894;2025.04.04 08:45;-28;-5.125;-200;-200;3146;206;0;
32895;2025.04.04 09:00;-28;-4.875;-200;-200;3146;206;0;
32896;2025.04.04 09:15;-28;-5;-200;-200;3147;206;0;
32897;2025.04.04 09:30;-28;-5;-200;-200;3147;206;0;
32898;2025.04.04 09:45;-28;-4.6875;-200;-200;3146;206;0;
32899;2025.04.04 10:00;-28;-4.75;-200;-200;3146;206;0;
32900;2025.04.04 10:15;-28;-5;-200;-200;3146;206;0;
32901;2025.04.04 10:30;-28;-5.375;-200;-200;3146;206;0;
32902;2025.04.04 10:45;-28;-5.625;-200;-200;3146;206;0;
32903;2025.04.04 11:00;-28;-5.875;-200;-200;3146;206;0;
32904;2025.04.04 11:15;-28;-5.8125;-200;-200;3146;206;0;
32905;2025.04.04 11:30;-28;-6;-200;-200;3146;206;0;
32906;2025.04.04 11:45;-28;-6.0625;-200;-200;3146;206;0;
32907;2025.04.04 12:00;-28;-6.375;-200;-200;3146;206;0;
32908;2025.04.04 12:15;-28;-6.6875;-200;-200;3146;206;0;
32909;2025.04.04 12:30;-28;-6.5625;-200;-200;3146;206;0;
32910;2025.04.04 12:45;-28;-6.6875;-200;-200;3146;206;0;
32911;2025.04.04 13:00;-28;-6.4375;-200;-200;3146;206;0;
32912;2025.04.04 13:15;-28;-6.125;-200;-200;3146;206;0;
32913;2025.04.04 13:30;-28;-5.5;-200;-200;3146;206;0;
32914;2025.04.04 13:45;-28;-4.5625;-200;-200;3146;206;0;
32915;2025.04.04 14:00;-28;-3.5;-200;-200;3147;206;0;
32916;2025.04.04 14:15;-28;-2.6875;-200;-200;3147;206;0;
32917;2025.04.04 14:30;-28;-1.9375;-200;-200;3147;206;0;
32918;2025.04.04 14:45;-28;-1.125;-200;-200;3147;206;0;
32919;2025.04.04 15:00;-28;-0.5625;-200;-200;3147;206;0;
32920;2025.04.04 15:15;-28;0.25;-200;-200;3147;206;0;
32921;2025.04.04 15:30;-28;0.375;-200;-200;3147;206;0;
32922;2025.04.04 15:45;-28;1.4375;-200;-200;3147;206;0;
32923;2025.04.04 16:00;-28;0.125;-200;-200;3147;206;0;
32924;2025.04.04 16:15;-28;0.625;-200;-200;3147;206;0;
32925;2025.04.04 16:30;-28;1.125;-200;-200;3147;206;0;
32926;2025.04.04 16:45;-28;1.875;-200;-200;3147;206;0;
32927;2025.04.04 17:00;-28;2.8125;-200;-200;3147;206;0;
32928;2025.04.04 17:15;-28;4.625;-200;-200;3147;206;0;
32929;2025.04.04 17:30;-28;4.125;-200;-200;3148;206;0;
32930;2025.04.04 17:45;-28;5.75;-200;-200;3148;206;0;
32931;2025.04.04 18:00;-28;5.8125;-200;-200;3148;206;0;
32932;2025.04.04 18:15;-28;5.3125;-200;-200;3148;206;0;
32933;2025.04.04 18:30;-28;5.875;-200;-200;3148;206;0;
32934;2025.04.04 18:45;-28;6.5;-200;-200;3148;206;0;
32935;2025.04.04 19:00;-28;6.6875;-200;-200;3148;206;0;
32936;2025.04.04 19:15;-28;6;-200;-200;3148;206;0;
32937;2025.04.04 19:30;-28;4.9375;-200;-200;3148;206;0;
32938;2025.04.04 19:45;-28;5;-200;-200;3148;206;0;
32939;2025.04.04 20:00;-28;5.75;-200;-200;3148;206;0;
32940;2025.04.04 20:15;-28;5.875;-200;-200;3148;206;0;
32941;2025.04.04 20:30;-28;5;-200;-200;3148;206;0;
32942;2025.04.04 20:45;-28;5;-200;-200;3148;206;0;
32943;2025.04.04 21:00;-28;6.25;-200;-200;3148;206;0;
32944;2025.04.04 21:15;-28;5.75;-200;-200;3148;206;0;
32945;2025.04.04 21:30;-28;5;-200;-200;3148;206;0;
32946;2025.04.04 21:45;-28;4.25;-200;-200;3148;206;0;
32947;2025.04.04 22:00;-28;4;-200;-200;3148;206;0;
32948;2025.04.04 22:15;-28;4.625;-200;-200;3148;206;0;
32949;2025.04.04 22:30;-28;2.75;-200;-200;3148;206;0;
32950;2025.04.04 22:45;-28;2.875;-200;-200;3148;206;0;
32951;2025.04.04 23:00;-28;2.875;-200;-200;3148;206;0;
32952;2025.04.04 23:15;-28;2;-200;-200;3147;206;0;
32953;2025.04.04 23:30;-28;1.375;-200;-200;3147;206;0;
32954;2025.04.04 23:45;-28;1.375;-200;-200;3147;206;0;
32955;2025.04.05 00:00;-28;1.25;-200;-200;3147;206;0;
32956;2025.04.05 00:15;-28;1.1875;-200;-200;3147;206;0;
32957;2025.04.05 00:30;-28;0.75;-200;-200;3147;206;0;
32958;2025.04.05 00:45;-28;0.375;-200;-200;3147;206;0;
32959;2025.04.05 01:00;-28;0;-200;-200;3147;206;0;
32960;2025.04.05 01:15;-28;-0.3125;-200;-200;3147;206;0;
32961;2025.04.05 01:30;-28;-0.625;-200;-200;3147;206;0;
32962;2025.04.05 01:45;-28;-1;-200;-200;3147;206;0;
32963;2025.04.05 02:00;-28;-1.25;-200;-200;3147;206;0;
32964;2025.04.05 02:15;-28;-1.625;-200;-200;3147;206;0;
32965;2025.04.05 02:30;-28;-2.125;-200;-200;3147;206;0;
32966;2025.04.05 02:45;-28;-2.625;-200;-200;3147;206;0;
32967;2025.04.05 03:00;-28;-2.75;-200;-200;3147;206;0;
32968;2025.04.05 03:15;-28;-2.625;-200;-200;3147;206;0;
32969;2025.04.05 03:30;-28;-2.6875;-200;-200;3147;206;0;
32970;2025.04.05 03:45;-28;-2.75;-200;-200;3147;206;0;
32971;2025.04.05 04:00;-28;-2.625;-200;-200;3147;206;0;
32972;2025.04.05 04:15;-28;-2.6875;-200;-200;3147;206;0;
32973;2025.04.05 04:30;-28;-2.75;-200;-200;3147;206;0;
32974;2025.04.05 04:45;-28;-2.875;-200;-200;3147;206;0;
32975;2025.04.05 05:00;-28;-2.875;-200;-200;3147;206;0;
32976;2025.04.05 05:15;-28;-2.875;-200;-200;3147;206;0;
32977;2025.04.05 05:30;-28;-2.9375;-200;-200;3147;206;0;
32978;2025.04.05 05:45;-28;-3.0625;-200;-200;3147;206;0;
32979;2025.04.05 06:00;-28;-3.0625;-200;-200;3146;206;0;
32980;2025.04.05 06:15;-28;-3;-200;-200;3146;206;0;
32981;2025.04.05 06:30;-28;-3;-200;-200;3146;206;0;
32982;2025.04.05 06:45;-28;-3.0625;-200;-200;3146;206;0;
32983;2025.04.05 07:00;-28;-3.125;-200;-200;3146;206;0;
32984;2025.04.05 07:15;-28;-3.125;-200;-200;3146;206;0;
32985;2025.04.05 07:30;-28;-3.5;-200;-200;3146;206;0;
32986;2025.04.05 07:45;-28;-3.75;-200;-200;3146;206;0;
32987;2025.04.05 08:00;-28;-3.875;-200;-200;3146;206;0;
32988;2025.04.05 08:15;-28;-4;-200;-200;3146;206;0;
32989;2025.04.05 08:30;-28;-4.125;-200;-200;3146;206;0;
32990;2025.04.05 08:45;-28;-4.25;-200;-200;3146;206;0;
32991;2025.04.05 09:00;-28;-4.375;-200;-200;3146;206;0;
32992;2025.04.05 09:15;-28;-4.5;-200;-200;3146;206;0;
32993;2025.04.05 09:30;-28;-4.625;-200;-200;3146;206;0;
32994;2025.04.05 09:45;-28;-4.75;-200;-200;3146;206;0;
32995;2025.04.05 10:00;-28;-4.75;-200;-200;3146;206;0;
32996;2025.04.05 10:15;-28;-5;-200;-200;3146;206;0;
32997;2025.04.05 10:30;-28;-5.125;-200;-200;3146;206;0;
32998;2025.04.05 10:45;-28;-5.375;-200;-200;3146;206;0;
32999;2025.04.05 11:00;-28;-5.5;-200;-200;3146;206;0;
33000;2025.04.05 11:15;-28;-5.5;-200;-200;3146;206;0;
33001;2025.04.05 11:30;-28;-5.6875;-200;-200;3146;206;0;
33002;2025.04.05 11:45;-28;-5.75;-200;-200;3146;206;0;
33003;2025.04.05 12:00;-28;-5.8125;-200;-200;3146;206;0;
33004;2025.04.05 12:15;-28;-5.75;-200;-200;3146;206;0;
33005;2025.04.05 12:30;-28;-5.875;-200;-200;3146;206;0;
33006;2025.04.05 12:45;-28;-5.875;-200;-200;3146;206;0;
33007;2025.04.05 13:00;-28;-5.9375;-200;-200;3146;206;0;
33008;2025.04.05 13:15;-28;-6;-200;-200;3146;206;0;
33009;2025.04.05 13:30;-28;-5.875;-200;-200;3146;206;0;
33010;2025.04.05 13:45;-28;-5.625;-200;-200;3146;206;0;
33011;2025.04.05 14:00;-28;-5.25;-200;-200;3146;206;0;
33012;2025.04.05 14:15;-28;-5.25;-200;-200;3146;206;0;
33013;2025.04.05 14:30;-28;-5.4375;-200;-200;3146;206;0;
33014;2025.04.05 14:45;-28;-5.0625;-200;-200;3146;206;0;
33015;2025.04.05 15:00;-28;-4.125;-200;-200;3146;206;0;
33016;2025.04.05 15:15;-28;-3.25;-200;-200;3146;206;0;
33017;2025.04.05 15:30;-28;-2.375;-200;-200;3146;206;0;
33018;2025.04.05 15:45;-28;-2.25;-200;-200;3146;206;0;
33019;2025.04.05 16:00;-28;-1.5;-200;-200;3147;206;0;
33020;2025.04.05 16:15;-28;-1.375;-200;-200;3147;206;0;
33021;2025.04.05 16:30;-28;-0.625;-200;-200;3147;206;0;
33022;2025.04.05 16:45;-28;-0.125;-200;-200;3147;206;0;
33023;2025.04.05 17:00;-28;0.5;-200;-200;3147;206;0;
33024;2025.04.05 17:15;-28;0.25;-200;-200;3147;206;0;
33025;2025.04.05 17:30;-28;1.75;-200;-200;3148;206;0;
33026;2025.04.05 17:45;-28;1.875;-200;-200;3148;206;0;
33027;2025.04.05 18:00;-28;2.375;-200;-200;3148;206;0;
33028;2025.04.05 18:15;-28;4.3125;-200;-200;3148;206;0;
33029;2025.04.05 18:30;-28;2.75;-200;-200;3148;206;0;
33030;2025.04.05 18:45;-28;5.0625;-200;-200;3148;206;0;
33031;2025.04.05 19:00;-28;3.125;-200;-200;3148;206;0;
33032;2025.04.05 19:15;-28;2.25;-200;-200;3148;206;0;
33033;2025.04.05 19:30;-28;2.375;-200;-200;3148;206;0;
33034;2025.04.05 19:45;-28;1.875;-200;-200;3148;206;0;
33035;2025.04.05 20:00;-28;1.9375;-200;-200;3148;206;0;
33036;2025.04.05 20:15;-28;2.3125;-200;-200;3148;206;0;
33037;2025.04.05 20:30;-28;2.25;-200;-200;3148;206;0;
33038;2025.04.05 20:45;-28;1.125;-200;-200;3148;206;0;
33039;2025.04.05 21:00;-28;-0.75;-200;-200;3147;206;0;
33040;2025.04.05 21:15;-28;-1.3125;-200;-200;3147;206;0;
33041;2025.04.05 21:30;-28;-1;-200;-200;3147;206;0;
33042;2025.04.05 21:45;-28;-0.5;-200;-200;3147;206;0;
33043;2025.04.05 22:00;-28;-0.75;-200;-200;3147;206;0;
33044;2025.04.05 22:15;-28;-0.75;-200;-200;3147;206;0;
33045;2025.04.05 22:30;-28;-0.125;-200;-200;3147;206;0;
33046;2025.04.05 22:45;-28;-0.875;-200;-200;3147;206;0;
33047;2025.04.05 23:00;-28;-2.0625;-200;-200;3147;206;0;
33048;2025.04.05 23:15;-28;-2.125;-200;-200;3147;206;0;
33049;2025.04.05 23:30;-28;-2.25;-200;-200;3147;206;0;
33050;2025.04.05 23:45;-28;-2.625;-200;-200;3146;206;0;
33051;2025.04.06 00:00;-28;-2;-200;-200;3147;206;0;
33052;2025.04.06 00:15;-28;-2.5;-200;-200;3147;206;0;
33053;2025.04.06 00:30;-28;-3.0625;-200;-200;3146;206;0;
33054;2025.04.06 00:45;-28;-3.125;-200;-200;3146;206;0;
33055;2025.04.06 01:00;-28;-3.625;-200;-200;3146;206;0;
33056;2025.04.06 01:15;-28;-3.8125;-200;-200;3146;206;0;
33057;2025.04.06 01:30;-28;-3.75;-200;-200;3146;206;0;
33058;2025.04.06 01:45;-28;-3.875;-200;-200;3146;206;0;
33059;2025.04.06 02:00;-28;-4;-200;-200;3146;206;0;
33060;2025.04.06 02:15;-28;-4.0625;-200;-200;3146;206;0;
33061;2025.04.06 02:30;-28;-4.625;-200;-200;3146;206;0;
33062;2025.04.06 02:45;-28;-4.5;-200;-200;3146;206;0;
33063;2025.04.06 03:00;-28;-4.3125;-200;-200;3146;206;0;
33064;2025.04.06 03:15;-28;-4.25;-200;-200;3146;206;0;
33065;2025.04.06 03:30;-28;-4.25;-200;-200;3146;206;0;
33066;2025.04.06 03:45;-28;-4.25;-200;-200;3146;206;0;
33067;2025.04.06 04:00;-28;-4.3125;-200;-200;3146;206;0;
33068;2025.04.06 04:15;-28;-4.25;-200;-200;3146;206;0;
33069;2025.04.06 04:30;-28;-4.25;-200;-200;3146;206;0;
33070;2025.04.06 04:45;-28;-4.3125;-200;-200;3146;206;0;
33071;2025.04.06 05:00;-28;-4.5;-200;-200;3146;206;0;
33072;2025.04.06 05:15;-28;-4.5625;-200;-200;3147;206;0;
33073;2025.04.06 05:30;-28;-4.625;-200;-200;3146;206;0;
33074;2025.04.06 05:45;-28;-4.625;-200;-200;3146;206;0;
33075;2025.04.06 06:00;-28;-4.5;-200;-200;3146;206;0;
33076;2025.04.06 06:15;-28;-4.5625;-200;-200;3146;206;0;
33077;2025.04.06 06:30;-28;-4.5;-200;-200;3146;206;0;
33078;2025.04.06 06:45;-28;-4.5;-200;-200;3146;206;0;
33079;2025.04.06 07:00;-28;-4.5;-200;-200;3146;206;0;
33080;2025.04.06 07:15;-28;-4.75;-200;-200;3146;206;0;
33081;2025.04.06 07:30;-28;-5.25;-200;-200;3146;206;0;
33082;2025.04.06 07:45;-28;-5.5;-200;-200;3146;206;0;
33083;2025.04.06 08:00;-28;-5.5;-200;-200;3147;206;0;
33084;2025.04.06 08:15;-28;-5.375;-200;-200;3147;206;0;
33085;2025.04.06 08:30;-28;-5.25;-200;-200;3147;206;0;
33086;2025.04.06 08:45;-28;-5.125;-200;-200;3147;206;0;
33087;2025.04.06 09:00;-28;-5.125;-200;-200;3147;206;0;
33088;2025.04.06 09:15;-28;-5.25;-200;-200;3147;206;0;
33089;2025.04.06 09:30;-28;-5.375;-200;-200;3147;206;0;
33090;2025.04.06 09:45;-28;-5.875;-200;-200;3147;206;0;
33091;2025.04.06 10:00;-28;-6.625;-200;-200;3146;206;0;
33092;2025.04.06 10:15;-28;-7.25;-200;-200;3146;206;0;
33093;2025.04.06 10:30;-28;-7.5;-200;-200;3147;206;0;
33094;2025.04.06 10:45;-28;-7;-200;-200;3147;206;0;
33095;2025.04.06 11:00;-28;-6.9375;-200;-200;3147;206;0;
33096;2025.04.06 11:15;-28;-7.3125;-200;-200;3147;206;0;
33097;2025.04.06 11:30;-28;-7;-200;-200;3147;206;0;
33098;2025.04.06 11:45;-28;-6.75;-200;-200;3147;206;0;
33099;2025.04.06 12:00;-28;-6.25;-200;-200;3147;206;0;
33100;2025.04.06 12:15;-28;-6.1875;-200;-200;3147;206;0;
33101;2025.04.06 12:30;-28;-6.25;-200;-200;3147;206;0;
33102;2025.04.06 12:45;-28;-6.125;-200;-200;3147;206;0;
33103;2025.04.06 13:00;-28;-6;-200;-200;3147;206;0;
33104;2025.04.06 13:15;-28;-5.5;-200;-200;3147;206;0;
33105;2025.04.06 13:30;-28;-5;-200;-200;3147;206;0;
33106;2025.04.06 13:45;-28;-4.625;-200;-200;3147;206;0;
33107;2025.04.06 14:00;-28;-4.25;-200;-200;3147;206;0;
33108;2025.04.06 14:15;-28;-4.5;-200;-200;3147;206;0;
33109;2025.04.06 14:30;-28;-4.125;-200;-200;3147;206;0;
33110;2025.04.06 14:45;-28;-2.6875;-200;-200;3148;206;0;
33111;2025.04.06 15:00;-28;-2.8125;-200;-200;3148;206;0;
33112;2025.04.06 15:15;-28;-2;-200;-200;3148;206;0;
33113;2025.04.06 15:30;-28;-1.8125;-200;-200;3148;206;0;
33114;2025.04.06 15:45;-28;-1;-200;-200;3148;206;0;
33115;2025.04.06 16:00;-28;-0.625;-200;-200;3148;206;0;
33116;2025.04.06 16:15;-28;-0.125;-200;-200;3148;206;0;
33117;2025.04.06 16:30;-28;0.125;-200;-200;3149;206;0;
33118;2025.04.06 16:45;-28;0;-200;-200;3149;206;0;
33119;2025.04.06 17:00;-28;0.375;-200;-200;3149;206;0;
33120;2025.04.06 17:15;-28;1.1875;-200;-200;3149;206;0;
33121;2025.04.06 17:30;-28;1.4375;-200;-200;3149;206;0;
33122;2025.04.06 17:45;-28;3.3125;-200;-200;3149;206;0;
33123;2025.04.06 18:00;-28;3.875;-200;-200;3150;206;0;
33124;2025.04.06 18:15;-28;4;-200;-200;3150;206;0;
33125;2025.04.06 18:30;-28;2.3125;-200;-200;3149;206;0;
33126;2025.04.06 18:45;-28;2.4375;-200;-200;3149;206;0;
33127;2025.04.06 19:00;-28;2;-200;-200;3149;206;0;
33128;2025.04.06 19:15;-28;3.375;-200;-200;3149;206;0;
33129;2025.04.06 19:30;-28;4.1875;-200;-200;3149;206;0;
33130;2025.04.06 19:45;-28;8.75;-200;-200;3150;206;0;
33131;2025.04.06 20:00;-28;7.375;-200;-200;3150;206;0;
33132;2025.04.06 20:15;-28;6.5;-200;-200;3150;206;0;
33133;2025.04.06 20:30;-28;7.875;-200;-200;3150;206;0;
33134;2025.04.06 20:45;-28;6.1875;-200;-200;3150;206;0;
33135;2025.04.06 21:00;-28;5.4375;-200;-200;3150;206;0;
33136;2025.04.06 21:15;-28;4.5;-200;-200;3150;206;0;
33137;2025.04.06 21:30;-28;4.9375;-200;-200;3150;206;0;
33138;2025.04.06 21:45;-28;6.5;-200;-200;3150;206;0;
33139;2025.04.06 22:00;-28;7.75;-200;-200;3150;206;0;
33140;2025.04.06 22:15;-28;7.9375;-200;-200;3151;206;0;
33141;2025.04.06 22:30;-28;10.4375;-200;-200;3151;206;0;
33142;2025.04.06 22:45;-28;8.875;-200;-200;3150;206;0;
33143;2025.04.06 23:00;-28;5.125;-200;-200;3150;206;0;
33144;2025.04.06 23:15;-28;4.5;-200;-200;3150;206;0;
33145;2025.04.06 23:30;-28;6;-200;-200;3150;206;0;
33146;2025.04.06 23:45;-28;3.5;-200;-200;3150;206;0;
33147;2025.04.07 00:00;-28;2.4375;-200;-200;3149;206;0;
33148;2025.04.07 00:15;-28;3.875;-200;-200;3149;206;0;
33149;2025.04.07 00:30;-28;3.375;-200;-200;3149;206;0;
33150;2025.04.07 00:45;-28;3.25;-200;-200;3149;206;0;
33151;2025.04.07 01:00;-28;2.5;-200;-200;3149;206;0;
33152;2025.04.07 01:15;-28;1.4375;-200;-200;3149;206;0;
33153;2025.04.07 01:30;-28;0.0625;-200;-200;3149;206;0;
33154;2025.04.07 01:45;-28;-0.6875;-200;-200;3149;206;0;
33155;2025.04.07 02:00;-28;-1;-200;-200;3149;206;0;
33156;2025.04.07 02:15;-28;-1.375;-200;-200;3149;206;0;
33157;2025.04.07 02:30;-28;-1.625;-200;-200;3149;206;0;
33158;2025.04.07 02:45;-28;-1.625;-200;-200;3149;206;0;
33159;2025.04.07 03:00;-28;-1.9375;-200;-200;3149;206;0;
33160;2025.04.07 03:15;-28;-2;-200;-200;3149;206;0;
33161;2025.04.07 03:30;-28;-2.0625;-200;-200;3149;206;0;
33162;2025.04.07 03:45;-28;-2.125;-200;-200;3148;206;0;
33163;2025.04.07 04:00;-28;-2.0625;-200;-200;3149;206;0;
33164;2025.04.07 04:15;-28;-1.9375;-200;-200;3148;206;0;
33165;2025.04.07 04:30;-28;-2.125;-200;-200;3148;206;0;
33166;2025.04.07 04:45;-28;-2.25;-200;-200;3148;206;0;
33167;2025.04.07 05:00;-28;-2.125;-200;-200;3148;206;0;
33168;2025.04.07 05:15;-28;-2.125;-200;-200;3149;206;0;
33169;2025.04.07 05:30;-28;-2.125;-200;-200;3149;206;0;
33170;2025.04.07 05:45;-28;-2.1875;-200;-200;3148;206;0;
33171;2025.04.07 06:00;-28;-2;-200;-200;3148;206;0;
33172;2025.04.07 06:15;-28;-2.25;-200;-200;3148;206;0;
33173;2025.04.07 06:30;-28;-2;-200;-200;3148;206;0;
33174;2025.04.07 06:45;-28;-2.625;-200;-200;3148;206;0;
33175;2025.04.07 07:00;-28;-3.3125;-200;-200;3148;206;0;
33176;2025.04.07 07:15;-28;-4;-200;-200;3148;206;0;
33177;2025.04.07 07:30;-28;-4.125;-200;-200;3148;206;0;
33178;2025.04.07 07:45;-28;-4.6875;-200;-200;3148;206;0;
33179;2025.04.07 08:00;-28;-3.625;-200;-200;3148;206;0;
33180;2025.04.07 08:15;-28;-3.5;-200;-200;3148;206;0;
33181;2025.04.07 08:30;-28;-4;-200;-200;3148;206;0;
33182;2025.04.07 08:45;-28;-4.5;-200;-200;3148;206;0;
33183;2025.04.07 09:00;-28;-4.75;-200;-200;3148;206;0;
33184;2025.04.07 09:15;-28;-4.5;-200;-200;3148;206;0;
33185;2025.04.07 09:30;-28;-4.1875;-200;-200;3148;206;0;
33186;2025.04.07 09:45;-28;-4.25;-200;-200;3148;206;0;
33187;2025.04.07 10:00;-28;-4.1875;-200;-200;3148;206;0;
33188;2025.04.07 10:15;-28;-4.1875;-200;-200;3148;206;0;
33189;2025.04.07 10:30;-28;-3.875;-200;-200;3148;206;0;
33190;2025.04.07 10:45;-28;-3.875;-200;-200;3148;206;0;
33191;2025.04.07 11:00;-28;-4;-200;-200;3148;206;0;
33192;2025.04.07 11:15;-28;-4.375;-200;-200;3148;206;0;
33193;2025.04.07 11:30;-28;-4.5625;-200;-200;3148;206;0;
33194;2025.04.07 11:45;-28;-4.5;-200;-200;3148;206;0;
33195;2025.04.07 12:00;-28;-3.9375;-200;-200;3148;206;0;
33196;2025.04.07 12:15;-28;-3.75;-200;-200;3148;206;0;
33197;2025.04.07 12:30;-28;-3.75;-200;-200;3148;206;0;
33198;2025.04.07 12:45;-28;-3.875;-200;-200;3148;206;0;
33199;2025.04.07 13:00;-28;-4.1875;-200;-200;3148;206;0;
33200;2025.04.07 13:15;-28;-4.1875;-200;-200;3148;206;0;
33201;2025.04.07 13:30;-28;-3.875;-200;-200;3148;206;0;
33202;2025.04.07 13:45;-28;-2;-200;-200;3148;206;0;
33203;2025.04.07 14:00;-28;-0.875;-200;-200;3148;206;0;
33204;2025.04.07 14:15;-28;-0.125;-200;-200;3148;206;0;
33205;2025.04.07 14:30;-28;0.5;-200;-200;3149;206;0;
33206;2025.04.07 14:45;-28;1.375;-200;-200;3148;206;0;
33207;2025.04.07 15:00;-28;2.5;-200;-200;3149;206;0;
33208;2025.04.07 15:15;-28;3.625;-200;-200;3149;206;0;
33209;2025.04.07 15:30;-28;4.125;-200;-200;3149;206;0;
33210;2025.04.07 15:45;-28;4.625;-200;-200;3149;206;0;
33211;2025.04.07 16:00;-28;5;-200;-200;3149;206;0;
33212;2025.04.07 16:15;-28;5.25;-200;-200;3149;206;0;
33213;2025.04.07 16:30;-28;6.25;-200;-200;3149;206;0;
33214;2025.04.07 16:45;-28;6.875;-200;-200;3149;206;0;
33215;2025.04.07 17:00;-28;7.8125;-200;-200;3149;206;0;
33216;2025.04.07 17:15;-28;8.5;-200;-200;3149;206;0;
33217;2025.04.07 17:30;-28;9.375;-200;-200;3149;206;0;
33218;2025.04.07 17:45;-28;9.875;-200;-200;3150;206;0;
33219;2025.04.07 18:00;-28;9.125;-200;-200;3149;206;0;
33220;2025.04.07 18:15;-28;10.375;-200;-200;3150;206;0;
33221;2025.04.07 18:30;-28;10.625;-200;-200;3150;206;0;
33222;2025.04.07 18:45;-28;9.5;-200;-200;3150;206;0;
33223;2025.04.07 19:00;-28;9.5;-200;-200;3150;206;0;
33224;2025.04.07 19:15;-28;9.125;-200;-200;3150;206;0;
33225;2025.04.07 19:30;-28;9.75;-200;-200;3150;206;0;
33226;2025.04.07 19:45;-28;12.5;-200;-200;3151;206;0;
33227;2025.04.07 20:00;-28;14.75;-200;-200;3152;206;0;
33228;2025.04.07 20:15;-28;15.625;-200;-200;3152;206;0;
33229;2025.04.07 20:30;-28;14.625;-200;-200;3152;206;0;
33230;2025.04.07 20:45;-28;13.125;-200;-200;3152;206;0;
33231;2025.04.07 21:00;-28;10.375;-200;-200;3151;206;0;
33232;2025.04.07 21:15;-28;9.75;-200;-200;3151;206;0;
33233;2025.04.07 21:30;-28;9.875;-200;-200;3150;206;0;
33234;2025.04.07 21:45;-28;11.875;-200;-200;3151;206;0;
33235;2025.04.07 22:00;-28;14.125;-200;-200;3151;206;0;
33236;2025.04.07 22:15;-28;16.3125;-200;-200;3152;206;0;
33237;2025.04.07 22:30;-28;14.5;-200;-200;3152;206;0;
33238;2025.04.07 22:45;-28;14.375;-200;-200;3151;206;0;
33239;2025.04.07 23:00;-28;10.8125;-200;-200;3151;206;0;
33240;2025.04.07 23:15;-28;9.25;-200;-200;3150;206;0;
33241;2025.04.07 23:30;-28;11.375;-200;-200;3150;206;0;
33242;2025.04.07 23:45;-28;10.5;-200;-200;3150;206;0;
33243;2025.04.08 00:00;-28;8.875;-200;-200;3150;206;0;
33244;2025.04.08 00:15;-28;9.25;-200;-200;3150;206;0;
33245;2025.04.08 00:30;-28;8.375;-200;-200;3150;206;0;
33246;2025.04.08 00:45;-28;7.75;-200;-200;3150;206;0;
33247;2025.04.08 01:00;-28;7.5625;-200;-200;3149;206;0;
33248;2025.04.08 01:15;-28;5.625;-200;-200;3149;206;0;
33249;2025.04.08 01:30;-28;4.375;-200;-200;3149;206;0;
33250;2025.04.08 01:45;-28;3.125;-200;-200;3149;206;0;
33251;2025.04.08 02:00;-28;1.75;-200;-200;3149;206;0;
33252;2025.04.08 02:15;-28;0.9375;-200;-200;3149;206;0;
33253;2025.04.08 02:30;-28;0.25;-200;-200;3149;206;0;
33254;2025.04.08 02:45;-28;-0.25;-200;-200;3148;206;0;
33255;2025.04.08 03:00;-28;-0.625;-200;-200;3148;206;0;
33256;2025.04.08 03:15;-28;-0.8125;-200;-200;3148;206;0;
33257;2025.04.08 03:30;-28;-1.125;-200;-200;3148;206;0;
33258;2025.04.08 03:45;-28;-0.75;-200;-200;3148;206;0;
33259;2025.04.08 04:00;-28;-0.875;-200;-200;3148;206;0;
33260;2025.04.08 04:15;-28;-1;-200;-200;3148;206;0;
33261;2025.04.08 04:30;-28;-0.875;-200;-200;3148;206;0;
33262;2025.04.08 04:45;-28;-0.875;-200;-200;3148;206;0;
33263;2025.04.08 05:00;-28;-0.75;-200;-200;3148;206;0;
33264;2025.04.08 05:15;-28;0;-200;-200;3148;206;0;
33265;2025.04.08 05:30;-28;0;-200;-200;3148;206;0;
33266;2025.04.08 05:45;-28;-0.375;-200;-200;3148;206;0;
33267;2025.04.08 06:00;-28;-0.375;-200;-200;3148;206;0;
33268;2025.04.08 06:15;-28;-0.5;-200;-200;3148;206;0;
33269;2025.04.08 06:30;-28;-0.375;-200;-200;3148;206;0;
33270;2025.04.08 06:45;-28;-0.5;-200;-200;3148;206;0;
33271;2025.04.08 07:00;-28;-0.9375;-200;-200;3148;206;0;
33272;2025.04.08 07:15;-28;-1.625;-200;-200;3148;206;0;
33273;2025.04.08 07:30;-28;-1.8125;-200;-200;3148;206;0;
33274;2025.04.08 07:45;-28;-2;-200;-200;3148;206;0;
33275;2025.04.08 08:00;-28;-2.3125;-200;-200;3148;206;0;
33276;2025.04.08 08:15;-28;-2.125;-200;-200;3148;206;0;
33277;2025.04.08 08:30;-28;-2.4375;-200;-200;3148;206;0;
33278;2025.04.08 08:45;-28;-2.5;-200;-200;3148;206;0;
33279;2025.04.08 09:00;-28;-2.625;-200;-200;3148;206;0;
33280;2025.04.08 09:15;-28;-2.4375;-200;-200;3148;206;0;
33281;2025.04.08 09:30;-28;-2.0625;-200;-200;3148;206;0;
33282;2025.04.08 09:45;-28;-2.25;-200;-200;3148;206;0;
33283;2025.04.08 10:00;-28;-2.75;-200;-200;3148;206;0;
33284;2025.04.08 10:15;-28;-2.875;-200;-200;3148;206;0;
33285;2025.04.08 10:30;-28;-2.875;-200;-200;3148;206;0;
33286;2025.04.08 10:45;-28;-2.875;-200;-200;3148;206;0;
33287;2025.04.08 11:00;-28;-2.3125;-200;-200;3148;206;0;
33288;2025.04.08 11:15;-28;-2.5;-200;-200;3148;206;0;
33289;2025.04.08 11:30;-28;-2.375;-200;-200;3148;206;0;
33290;2025.04.08 11:45;-28;-2;-200;-200;3148;206;0;
33291;2025.04.08 12:00;-28;-1.3125;-200;-200;3148;206;0;
33292;2025.04.08 12:15;-28;-1.5;-200;-200;3148;206;0;
33293;2025.04.08 12:30;-28;-1.25;-200;-200;3148;206;0;
33294;2025.04.08 12:45;-28;-1.125;-200;-200;3148;206;0;
33295;2025.04.08 13:00;-28;-0.625;-200;-200;3148;206;0;
33296;2025.04.08 13:15;-28;0.3125;-200;-200;3148;206;0;
33297;2025.04.08 13:30;-28;0.75;-200;-200;3148;206;0;
33298;2025.04.08 13:45;-28;1.375;-200;-200;3148;206;0;
33299;2025.04.08 14:00;-28;2.375;-200;-200;3148;206;0;
33300;2025.04.08 14:15;-28;3.25;-200;-200;3149;206;0;
33301;2025.04.08 14:30;-28;4.625;-200;-200;3149;206;0;
33302;2025.04.08 14:45;-28;5.75;-200;-200;3149;206;0;
33303;2025.04.08 15:00;-28;6.375;-200;-200;3149;206;0;
33304;2025.04.08 15:15;-28;6.9375;-200;-200;3149;206;0;
33305;2025.04.08 15:30;-28;7.125;-200;-200;3149;206;0;
33306;2025.04.08 15:45;-28;7.5;-200;-200;3149;206;0;
33307;2025.04.08 16:00;-28;7.75;-200;-200;3149;206;0;
33308;2025.04.08 16:15;-28;8;-200;-200;3149;206;0;
33309;2025.04.08 16:30;-28;9.25;-200;-200;3150;206;0;
33310;2025.04.08 16:45;-28;9.25;-200;-200;3150;206;0;
33311;2025.04.08 17:00;-28;10.25;-200;-200;3150;206;0;
33312;2025.04.08 17:15;-28;10.875;-200;-200;3150;206;0;
33313;2025.04.08 17:30;-28;11.75;-200;-200;3150;206;0;
33314;2025.04.08 17:45;-28;11.4375;-200;-200;3150;206;0;
33315;2025.04.08 18:00;-28;12;-200;-200;3150;206;0;
33316;2025.04.08 18:15;-28;11.75;-200;-200;3150;206;0;
33317;2025.04.08 18:30;-28;12.625;-200;-200;3150;206;0;
33318;2025.04.08 18:45;-28;11.75;-200;-200;3150;206;0;
33319;2025.04.08 19:00;-28;12.125;-200;-200;3150;206;0;
33320;2025.04.08 19:15;-28;11.375;-200;-200;3150;206;0;
33321;2025.04.08 19:30;-28;12.125;-200;-200;3150;206;0;
33322;2025.04.08 19:45;-28;14.625;-200;-200;3151;206;0;
33323;2025.04.08 20:00;-28;15.0625;-200;-200;3151;206;0;
33324;2025.04.08 20:15;-28;15.25;-200;-200;3151;206;0;
33325;2025.04.08 20:30;-28;15.0625;-200;-200;3151;206;0;
33326;2025.04.08 20:45;-28;14;-200;-200;3151;206;0;
33327;2025.04.08 21:00;-28;12.875;-200;-200;3151;206;0;
33328;2025.04.08 21:15;-28;12.6875;-200;-200;3151;206;0;
33329;2025.04.08 21:30;-28;13.125;-200;-200;3151;206;0;
33330;2025.04.08 21:45;-28;14.3125;-200;-200;3151;206;0;
33331;2025.04.08 22:00;-28;16.625;-200;-200;3151;206;0;
33332;2025.04.08 22:15;-28;16.125;-200;-200;3151;206;0;
33333;2025.04.08 22:30;-28;16.125;-200;-200;3151;206;0;
33334;2025.04.08 22:45;-28;16.25;-200;-200;3151;206;0;
33335;2025.04.08 23:00;-28;13.625;-200;-200;3151;206;0;
33336;2025.04.08 23:15;-28;12.75;-200;-200;3150;206;0;
33337;2025.04.08 23:30;-28;13.25;-200;-200;3151;206;0;
33338;2025.04.08 23:45;-28;14.25;-200;-200;3151;206;0;
33339;2025.04.09 00:00;-28;12.875;-200;-200;3150;206;0;
33340;2025.04.09 00:15;-28;12.75;-200;-200;3150;206;0;
33341;2025.04.09 00:30;-28;12.3125;-200;-200;3150;206;0;
33342;2025.04.09 00:45;-28;11;-200;-200;3150;206;0;
33343;2025.04.09 01:00;-28;9.875;-200;-200;3150;206;0;
33344;2025.04.09 01:15;-28;8.375;-200;-200;3149;206;0;
33345;2025.04.09 01:30;-28;7.1875;-200;-200;3149;206;0;
33346;2025.04.09 01:45;-28;6;-200;-200;3149;206;0;
33347;2025.04.09 02:00;-28;5.8125;-200;-200;3149;206;0;
33348;2025.04.09 02:15;-28;5.25;-200;-200;3148;206;0;
33349;2025.04.09 02:30;-28;4.5;-200;-200;3148;206;0;
33350;2025.04.09 02:45;-28;4.125;-200;-200;3148;206;0;
33351;2025.04.09 03:00;-28;4.75;-200;-200;3148;206;0;
33352;2025.04.09 03:15;-28;5;-200;-200;3148;206;0;
33353;2025.04.09 03:30;-28;4.5;-200;-200;3148;206;0;
33354;2025.04.09 03:45;-28;4.625;-200;-200;3148;206;0;
33355;2025.04.09 04:00;-28;4.5625;-200;-200;3148;206;0;
33356;2025.04.09 04:15;-28;4.6875;-200;-200;3148;206;0;
33357;2025.04.09 04:30;-28;4.75;-200;-200;3148;206;0;
33358;2025.04.09 04:45;-28;4.5625;-200;-200;3148;206;0;
33359;2025.04.09 05:00;-28;4.6875;-200;-200;3148;206;0;
33360;2025.04.09 05:15;-28;5;-200;-200;3148;206;0;
33361;2025.04.09 05:30;-28;5.625;-200;-200;3148;206;0;
33362;2025.04.09 05:45;-28;5.625;-200;-200;3148;206;0;
33363;2025.04.09 06:00;-28;5.3125;-200;-200;3148;206;0;
33364;2025.04.09 06:15;-28;5.25;-200;-200;3148;206;0;
33365;2025.04.09 06:30;-28;5.375;-200;-200;3148;206;0;
33366;2025.04.09 06:45;-28;5.3125;-200;-200;3148;206;0;
33367;2025.04.09 07:00;-28;5.4375;-200;-200;3148;206;0;
33368;2025.04.09 07:15;-28;5.5;-200;-200;3148;206;0;
33369;2025.04.09 07:30;-28;5.0625;-200;-200;3148;206;0;
33370;2025.04.09 07:45;-28;4.25;-200;-200;3148;206;0;
33371;2025.04.09 08:00;-28;3.5;-200;-200;3148;206;0;
33372;2025.04.09 08:15;-28;3.3125;-200;-200;3148;206;0;
33373;2025.04.09 08:30;-28;3.625;-200;-200;3148;206;0;
33374;2025.04.09 08:45;-28;3.5;-200;-200;3148;206;0;
33375;2025.04.09 09:00;-28;3.8125;-200;-200;3148;206;0;
33376;2025.04.09 09:15;-28;3.8125;-200;-200;3148;206;0;
33377;2025.04.09 09:30;-28;4;-200;-200;3148;206;0;
33378;2025.04.09 09:45;-28;3.625;-200;-200;3148;206;0;
33379;2025.04.09 10:00;-28;3;-200;-200;3148;206;0;
33380;2025.04.09 10:15;-28;3.125;-200;-200;3148;206;0;
33381;2025.04.09 10:30;-28;3.375;-200;-200;3148;206;0;
33382;2025.04.09 10:45;-28;3;-200;-200;3148;206;0;
33383;2025.04.09 11:00;-28;2.875;-200;-200;3148;206;0;
33384;2025.04.09 11:15;-28;3;-200;-200;3148;206;0;
33385;2025.04.09 11:30;-28;2.75;-200;-200;3148;206;0;
33386;2025.04.09 11:45;-28;2.6875;-200;-200;3148;206;0;
33387;2025.04.09 12:00;-28;2.875;-200;-200;3148;206;0;
33388;2025.04.09 12:15;-28;3.0625;-200;-200;3148;206;0;
33389;2025.04.09 12:30;-28;2.5;-200;-200;3148;206;0;
33390;2025.04.09 12:45;-28;2.125;-200;-200;3148;206;0;
33391;2025.04.09 13:00;-28;1.875;-200;-200;3148;206;0;
33392;2025.04.09 13:15;-28;1.9375;-200;-200;3148;206;0;
33393;2025.04.09 13:30;-28;2.375;-200;-200;3148;206;0;
33394;2025.04.09 13:45;-28;3.375;-200;-200;3148;206;0;
33395;2025.04.09 14:00;-28;5.0625;-200;-200;3148;206;0;
33396;2025.04.09 14:15;-28;6.375;-200;-200;3148;206;0;
33397;2025.04.09 14:30;-28;7.5;-200;-200;3149;206;0;
33398;2025.04.09 14:45;-28;8.1875;-200;-200;3149;206;0;
33399;2025.04.09 15:00;-28;8.875;-200;-200;3149;206;0;
33400;2025.04.09 15:15;-28;9.625;-200;-200;3149;206;0;
33401;2025.04.09 15:30;-28;10.5625;-200;-200;3149;206;0;
33402;2025.04.09 15:45;-28;11.1875;-200;-200;3149;206;0;
33403;2025.04.09 16:00;-28;11.5;-200;-200;3150;206;0;
33404;2025.04.09 16:15;-28;11.875;-200;-200;3150;206;0;
33405;2025.04.09 16:30;-28;12.4375;-200;-200;3150;206;0;
33406;2025.04.09 16:45;-28;13.125;-200;-200;3150;206;0;
33407;2025.04.09 17:00;-28;13.75;-200;-200;3150;206;0;
33408;2025.04.09 17:15;-28;14.5;-200;-200;3150;206;0;
33409;2025.04.09 17:30;-28;15.75;-200;-200;3151;206;0;
33410;2025.04.09 17:45;-28;15.375;-200;-200;3150;206;0;
33411;2025.04.09 18:00;-28;16;-200;-200;3151;206;0;
33412;2025.04.09 18:15;-28;16.125;-200;-200;3150;206;0;
33413;2025.04.09 18:30;-28;17.0625;-200;-200;3151;206;0;
33414;2025.04.09 18:45;-28;15.5;-200;-200;3151;206;0;
33415;2025.04.09 19:00;-28;16.125;-200;-200;3151;206;0;
33416;2025.04.09 19:15;-28;16.25;-200;-200;3151;206;0;
33417;2025.04.09 19:30;-28;16.875;-200;-200;3151;206;0;
33418;2025.04.09 19:45;-28;18.625;-200;-200;3151;206;0;
33419;2025.04.09 20:00;-28;19.1875;-200;-200;3151;206;0;
33420;2025.04.09 20:15;-28;19.125;-200;-200;3151;206;0;
33421;2025.04.09 20:30;-28;19.875;-200;-200;3151;206;0;
33422;2025.04.09 20:45;-28;18.625;-200;-200;3151;206;0;
33423;2025.04.09 21:00;-28;17.8125;-200;-200;3151;206;0;
33424;2025.04.09 21:15;-28;17;-200;-200;3150;206;0;
33425;2025.04.09 21:30;-28;16.625;-200;-200;3150;206;0;
33426;2025.04.09 21:45;-28;19.0625;-200;-200;3150;206;0;
33427;2025.04.09 22:00;-28;21;-200;-200;3151;206;0;
33428;2025.04.09 22:15;-28;20.625;-200;-200;3151;206;0;
33429;2025.04.09 22:30;-28;20;-200;-200;3151;206;0;
33430;2025.04.09 22:45;-28;20.125;-200;-200;3151;206;0;
33431;2025.04.09 23:00;-28;16.875;-200;-200;3149;206;0;
33432;2025.04.09 23:15;-28;15.875;-200;-200;3149;206;0;
33433;2025.04.09 23:30;-28;16.25;-200;-200;3149;206;0;
33434;2025.04.09 23:45;-28;17.75;-200;-200;3149;206;0;
33435;2025.04.10 00:00;-28;15.625;-200;-200;3149;206;0;
33436;2025.04.10 00:15;-28;14.6875;-200;-200;3149;206;0;
33437;2025.04.10 00:30;-28;14.625;-200;-200;3149;206;0;
33438;2025.04.10 00:45;-28;13.5;-200;-200;3148;206;0;
33439;2025.04.10 01:00;-28;13.3125;-200;-200;3149;206;0;
33440;2025.04.10 01:15;-28;12.125;-200;-200;3148;206;0;
33441;2025.04.10 01:30;-28;10.9375;-200;-200;3148;206;0;
33442;2025.04.10 01:45;-28;9.5625;-200;-200;3147;206;0;
33443;2025.04.10 02:00;-28;9.125;-200;-200;3147;206;0;
33444;2025.04.10 02:15;-28;8.75;-200;-200;3147;206;0;
33445;2025.04.10 02:30;-28;7.75;-200;-200;3147;206;0;
33446;2025.04.10 02:45;-28;7.25;-200;-200;3147;206;0;
33447;2025.04.10 03:00;-28;8;-200;-200;3146;206;0;
33448;2025.04.10 03:15;-28;7.375;-200;-200;3146;206;0;
33449;2025.04.10 03:30;-28;7.25;-200;-200;3146;206;0;
33450;2025.04.10 03:45;-28;7.1875;-200;-200;3146;206;0;
33451;2025.04.10 04:00;-28;6;-200;-200;3146;206;0;
33452;2025.04.10 04:15;-28;6;-200;-200;3146;206;0;
33453;2025.04.10 04:30;-28;5.375;-200;-200;3146;206;0;
33454;2025.04.10 04:45;-28;5.5;-200;-200;3146;206;0;
33455;2025.04.10 05:00;-28;5.875;-200;-200;3146;206;0;
33456;2025.04.10 05:15;-28;6.125;-200;-200;3146;206;0;
33457;2025.04.10 05:30;-28;7.5625;-200;-200;3146;206;0;
33458;2025.04.10 05:45;-28;7.875;-200;-200;3146;206;0;
33459;2025.04.10 06:00;-28;7.625;-200;-200;3146;206;0;
33460;2025.04.10 06:15;-28;7.125;-200;-200;3146;206;0;
33461;2025.04.10 06:30;-28;6.75;-200;-200;3146;206;0;
33462;2025.04.10 06:45;-28;7.25;-200;-200;3146;206;0;
33463;2025.04.10 07:00;-28;7.25;-200;-200;3146;206;0;
33464;2025.04.10 07:15;-28;7.5625;-200;-200;3146;206;0;
33465;2025.04.10 07:30;-28;7.3125;-200;-200;3146;206;0;
33466;2025.04.10 07:45;-28;7.25;-200;-200;3146;206;0;
33467;2025.04.10 08:00;-28;6.625;-200;-200;3146;206;0;
33468;2025.04.10 08:15;-28;6.125;-200;-200;3146;206;0;
33469;2025.04.10 08:30;-28;6.1875;-200;-200;3146;206;0;
33470;2025.04.10 08:45;-28;6;-200;-200;3146;206;0;
33471;2025.04.10 09:00;-28;5.1875;-200;-200;3146;206;0;
33472;2025.04.10 09:15;-28;5.125;-200;-200;3146;206;0;
33473;2025.04.10 09:30;-28;5.125;-200;-200;3146;206;0;
33474;2025.04.10 09:45;-28;4.625;-200;-200;3146;206;0;
33475;2025.04.10 10:00;-28;4.5;-200;-200;3146;206;0;
33476;2025.04.10 10:15;-28;5;-200;-200;3146;206;0;
33477;2025.04.10 10:30;-28;4.4375;-200;-200;3146;206;0;
33478;2025.04.10 10:45;-28;4.625;-200;-200;3146;206;0;
33479;2025.04.10 11:00;-28;4.625;-200;-200;3146;206;0;
33480;2025.04.10 11:15;-28;4.8125;-200;-200;3146;206;0;
33481;2025.04.10 11:30;-28;5.25;-200;-200;3146;206;0;
33482;2025.04.10 11:45;-28;5.25;-200;-200;3146;206;0;
33483;2025.04.10 12:00;-28;5.3125;-200;-200;3146;206;0;
33484;2025.04.10 12:15;-28;5.25;-200;-200;3146;206;0;
33485;2025.04.10 12:30;-28;5.75;-200;-200;3146;206;0;
33486;2025.04.10 12:45;-28;5.625;-200;-200;3146;206;0;
33487;2025.04.10 13:00;-28;6;-200;-200;3146;206;0;
33488;2025.04.10 13:15;-28;5.9375;-200;-200;3146;206;0;
33489;2025.04.10 13:30;-28;6.625;-200;-200;3146;206;0;
33490;2025.04.10 13:45;-28;7.3125;-200;-200;3146;206;0;
33491;2025.04.10 14:00;-28;8.125;-200;-200;3146;206;0;
33492;2025.04.10 14:15;-28;8.1875;-200;-200;3146;206;0;
33493;2025.04.10 14:30;-28;9.125;-200;-200;3146;206;0;
33494;2025.04.10 14:45;-28;10.0625;-200;-200;3146;206;0;
33495;2025.04.10 15:00;-28;11.125;-200;-200;3146;206;0;
33496;2025.04.10 15:15;-28;12.125;-200;-200;3147;206;0;
33497;2025.04.10 15:30;-28;12.9375;-200;-200;3147;206;0;
33498;2025.04.10 15:45;-28;13.375;-200;-200;3147;206;0;
33499;2025.04.10 16:00;-28;13.8125;-200;-200;3147;206;0;
33500;2025.04.10 16:15;-28;14.125;-200;-200;3148;206;0;
33501;2025.04.10 16:30;-28;14.625;-200;-200;3148;206;0;
33502;2025.04.10 16:45;-28;15.875;-200;-200;3148;206;0;
33503;2025.04.10 17:00;-28;15.375;-200;-200;3148;206;0;
33504;2025.04.10 17:15;-28;16;-200;-200;3148;206;0;
33505;2025.04.10 17:30;-28;16.875;-200;-200;3148;206;0;
33506;2025.04.10 17:45;-28;17.25;-200;-200;3148;206;0;
33507;2025.04.10 18:00;-28;18.75;-200;-200;3148;206;0;
33508;2025.04.10 18:15;-28;18;-200;-200;3148;206;0;
33509;2025.04.10 18:30;-28;18.125;-200;-200;3148;206;0;
33510;2025.04.10 18:45;-28;19;-200;-200;3148;206;0;
33511;2025.04.10 19:00;-28;18.3125;-200;-200;3148;206;0;
33512;2025.04.10 19:15;-28;18.125;-200;-200;3148;206;0;
33513;2025.04.10 19:30;-28;19.375;-200;-200;3149;206;0;
33514;2025.04.10 19:45;-28;22;-200;-200;3149;206;0;
33515;2025.04.10 20:00;-28;22.9375;-200;-200;3149;206;0;
33516;2025.04.10 20:15;-28;23.625;-200;-200;3149;206;0;
33517;2025.04.10 20:30;-28;22.625;-200;-200;3149;206;0;
33518;2025.04.10 20:45;-28;21.375;-200;-200;3149;206;0;
33519;2025.04.10 21:00;-28;19.25;-200;-200;3148;206;0;
33520;2025.04.10 21:15;-28;18.5;-200;-200;3148;206;0;
33521;2025.04.10 21:30;-28;19.375;-200;-200;3148;206;0;
33522;2025.04.10 21:45;-28;22;-200;-200;3148;206;0;
33523;2025.04.10 22:00;-28;24.25;-200;-200;3149;206;0;
33524;2025.04.10 22:15;-28;24.25;-200;-200;3149;206;0;
33525;2025.04.10 22:30;-28;22.875;-200;-200;3148;206;0;
33526;2025.04.10 22:45;-28;22.875;-200;-200;3148;206;0;
33527;2025.04.10 23:00;-28;19;-200;-200;3147;206;0;
33528;2025.04.10 23:15;-28;17.9375;-200;-200;3146;206;0;
33529;2025.04.10 23:30;-28;18.25;-200;-200;3146;206;0;
33530;2025.04.10 23:45;-28;19.875;-200;-200;3147;206;0;
33531;2025.04.11 00:00;-28;17.4375;-200;-200;3146;206;0;
33532;2025.04.11 00:15;-28;16.5;-200;-200;3146;206;0;
33533;2025.04.11 00:30;-28;17.375;-200;-200;3146;206;0;
33534;2025.04.11 00:45;-28;15.875;-200;-200;3146;206;0;
33535;2025.04.11 01:00;-28;15.8125;-200;-200;3145;206;0;
33536;2025.04.11 01:15;-28;13.875;-200;-200;3145;206;0;
33537;2025.04.11 01:30;-28;12.25;-200;-200;3145;206;0;
33538;2025.04.11 01:45;-28;10.75;-200;-200;3144;206;0;
33539;2025.04.11 02:00;-28;9.4375;-200;-200;3143;206;0;
33540;2025.04.11 02:15;-28;8.625;-200;-200;3143;206;0;
33541;2025.04.11 02:30;-28;7.9375;-200;-200;3143;206;0;
33542;2025.04.11 02:45;-28;7.375;-200;-200;3143;206;0;
33543;2025.04.11 03:00;-28;6.875;-200;-200;3143;206;0;
33544;2025.04.11 03:15;-28;6.625;-200;-200;3142;206;0;
33545;2025.04.11 03:30;-28;6.625;-200;-200;3143;206;0;
33546;2025.04.11 03:45;-28;6.875;-200;-200;3143;206;0;
33547;2025.04.11 04:00;-28;7;-200;-200;3142;206;0;
33548;2025.04.11 04:15;-28;7.75;-200;-200;3142;206;0;
33549;2025.04.11 04:30;-28;7.125;-200;-200;3142;206;0;
33550;2025.04.11 04:45;-28;7;-200;-200;3142;206;0;
33551;2025.04.11 05:00;-28;7.1875;-200;-200;3142;206;0;
33552;2025.04.11 05:15;-28;6.625;-200;-200;3142;206;0;
33553;2025.04.11 05:30;-28;6.125;-200;-200;3142;206;0;
33554;2025.04.11 05:45;-28;5.875;-200;-200;3142;206;0;
33555;2025.04.11 06:00;-28;5.5;-200;-200;3142;206;0;
33556;2025.04.11 06:15;-28;5.125;-200;-200;3142;206;0;
33557;2025.04.11 06:30;-28;5.625;-200;-200;3142;206;0;
33558;2025.04.11 06:45;-28;6.5;-200;-200;3142;206;0;
33559;2025.04.11 07:00;-28;5.4375;-200;-200;3142;206;0;
33560;2025.04.11 07:15;-28;4.75;-200;-200;3142;206;0;
33561;2025.04.11 07:30;-28;4.375;-200;-200;3142;206;0;
33562;2025.04.11 07:45;-28;5.25;-200;-200;3142;206;0;
33563;2025.04.11 08:00;-28;5.625;-200;-200;3142;206;0;
33564;2025.04.11 08:15;-28;5.875;-200;-200;3142;206;0;
33565;2025.04.11 08:30;-28;5.75;-200;-200;3142;206;0;
33566;2025.04.11 08:45;-28;5.75;-200;-200;3142;206;0;
33567;2025.04.11 09:00;-28;5.5;-200;-200;3142;206;0;
33568;2025.04.11 09:15;-28;5.25;-200;-200;3142;206;0;
33569;2025.04.11 09:30;-28;5.3125;-200;-200;3142;206;0;
33570;2025.04.11 09:45;-28;5;-200;-200;3142;206;0;
33571;2025.04.11 10:00;-28;4.9375;-200;-200;3142;206;0;
33572;2025.04.11 10:15;-28;5.3125;-200;-200;3142;206;0;
33573;2025.04.11 10:30;-28;4.625;-200;-200;3142;206;0;
33574;2025.04.11 10:45;-28;4.5;-200;-200;3142;206;0;
33575;2025.04.11 11:00;-28;4.75;-200;-200;3142;206;0;
33576;2025.04.11 11:15;-28;4.6875;-200;-200;3142;206;0;
33577;2025.04.11 11:30;-28;4.75;-200;-200;3142;206;0;
33578;2025.04.11 11:45;-28;4.75;-200;-200;3142;206;0;
33579;2025.04.11 12:00;-28;4;-200;-200;3142;206;0;
33580;2025.04.11 12:15;-28;3.75;-200;-200;3142;206;0;
33581;2025.04.11 12:30;-28;4.125;-200;-200;3142;206;0;
33582;2025.04.11 12:45;-28;3.0625;-200;-200;3142;206;0;
33583;2025.04.11 13:00;-28;2.6875;-200;-200;3142;206;0;
33584;2025.04.11 13:15;-28;2.625;-200;-200;3142;206;0;
33585;2025.04.11 13:30;-28;3.25;-200;-200;3142;206;0;
33586;2025.04.11 13:45;-28;4.75;-200;-200;3142;206;0;
33587;2025.04.11 14:00;-28;6.375;-200;-200;3142;206;0;
33588;2025.04.11 14:15;-28;7.875;-200;-200;3142;206;0;
33589;2025.04.11 14:30;-28;9.375;-200;-200;3142;206;0;
33590;2025.04.11 14:45;-28;10.5;-200;-200;3142;206;0;
33591;2025.04.11 15:00;-28;11.25;-200;-200;3142;206;0;
33592;2025.04.11 15:15;-28;11.75;-200;-200;3143;206;0;
33593;2025.04.11 15:30;-28;12.375;-200;-200;3143;206;0;
33594;2025.04.11 15:45;-28;12.9375;-200;-200;3143;206;0;
33595;2025.04.11 16:00;-28;13.125;-200;-200;3142;206;0;
33596;2025.04.11 16:15;-28;13.75;-200;-200;3143;206;0;
33597;2025.04.11 16:30;-28;14.25;-200;-200;3143;206;0;
33598;2025.04.11 16:45;-28;14.8125;-200;-200;3143;206;0;
33599;2025.04.11 17:00;-28;15.25;-200;-200;3143;206;0;
33600;2025.04.11 17:15;-28;16.125;-200;-200;3144;206;0;
33601;2025.04.11 17:30;-28;17.125;-200;-200;3144;206;0;
33602;2025.04.11 17:45;-28;18.125;-200;-200;3144;206;0;
33603;2025.04.11 18:00;-28;18.25;-200;-200;3144;206;0;
33604;2025.04.11 18:15;-28;18.75;-200;-200;3144;206;0;
33605;2025.04.11 18:30;-28;19.875;-200;-200;3145;206;0;
33606;2025.04.11 18:45;-28;19.125;-200;-200;3145;206;0;
33607;2025.04.11 19:00;-28;19.5;-200;-200;3144;206;0;
33608;2025.04.11 19:15;-28;20.0625;-200;-200;3145;206;0;
33609;2025.04.11 19:30;-28;21.375;-200;-200;3145;206;0;
33610;2025.04.11 19:45;-28;22.375;-200;-200;3146;206;0;
33611;2025.04.11 20:00;-28;22.625;-200;-200;3146;206;0;
33612;2025.04.11 20:15;-28;20.6875;-200;-200;3145;206;0;
33613;2025.04.11 20:30;-28;21.6875;-200;-200;3145;206;0;
33614;2025.04.11 20:45;-28;21.125;-200;-200;3145;206;0;
33615;2025.04.11 21:00;-28;19.625;-200;-200;3144;206;0;
33616;2025.04.11 21:15;-28;19.5;-200;-200;3144;206;0;
33617;2025.04.11 21:30;-28;19.75;-200;-200;3144;206;0;
33618;2025.04.11 21:45;-28;23.5;-200;-200;3145;206;0;
33619;2025.04.11 22:00;-28;25.125;-200;-200;3146;206;0;
33620;2025.04.11 22:15;-28;24.625;-200;-200;3146;206;0;
33621;2025.04.11 22:30;-28;21.9375;-200;-200;3144;206;0;
33622;2025.04.11 22:45;-28;23.5;-200;-200;3145;206;0;
33623;2025.04.11 23:00;-28;19.4375;-200;-200;3143;206;0;
33624;2025.04.11 23:15;-28;18.75;-200;-200;3143;206;0;
33625;2025.04.11 23:30;-28;19.5625;-200;-200;3143;206;0;
33626;2025.04.11 23:45;-28;21.125;-200;-200;3143;206;0;
33627;2025.04.12 00:00;-28;18.375;-200;-200;3142;206;0;
33628;2025.04.12 00:15;-28;17.25;-200;-200;3142;206;0;
33629;2025.04.12 00:30;-28;17.25;-200;-200;3142;206;0;
33630;2025.04.12 00:45;-28;16.5;-200;-200;3142;206;0;
33631;2025.04.12 01:00;-28;16.75;-200;-200;3142;206;0;
33632;2025.04.12 01:15;-28;14.75;-200;-200;3141;206;0;
33633;2025.04.12 01:30;-28;12.5625;-200;-200;3141;206;0;
33634;2025.04.12 01:45;-28;10.6875;-200;-200;3140;206;0;
33635;2025.04.12 02:00;-28;9.5;-200;-200;3140;206;0;
33636;2025.04.12 02:15;-28;8.625;-200;-200;3139;206;0;
33637;2025.04.12 02:30;-28;8.125;-200;-200;3139;206;0;
33638;2025.04.12 02:45;-28;8.375;-200;-200;3139;206;0;
33639;2025.04.12 03:00;-28;8;-200;-200;3139;206;0;
33640;2025.04.12 03:15;-28;8;-200;-200;3139;206;0;
33641;2025.04.12 03:30;-28;8;-200;-200;3139;206;0;
33642;2025.04.12 03:45;-28;8.375;-200;-200;3139;206;0;
33643;2025.04.12 04:00;-28;8.875;-200;-200;3139;206;0;
33644;2025.04.12 04:15;-28;9;-200;-200;3139;206;0;
33645;2025.04.12 04:30;-28;8.8125;-200;-200;3139;206;0;
33646;2025.04.12 04:45;-28;8.4375;-200;-200;3139;206;0;
33647;2025.04.12 05:00;-28;8.125;-200;-200;3139;206;0;
33648;2025.04.12 05:15;-28;7.625;-200;-200;3139;206;0;
33649;2025.04.12 05:30;-28;7.75;-200;-200;3139;206;0;
33650;2025.04.12 05:45;-28;7.8125;-200;-200;3139;206;0;
33651;2025.04.12 06:00;-28;8.375;-200;-200;3139;206;0;
33652;2025.04.12 06:15;-28;8.375;-200;-200;3139;206;0;
33653;2025.04.12 06:30;-28;8.5;-200;-200;3139;206;0;
33654;2025.04.12 06:45;-28;8.5;-200;-200;3139;206;0;
33655;2025.04.12 07:00;-28;8.875;-200;-200;3139;206;0;
33656;2025.04.12 07:15;-28;8.875;-200;-200;3139;206;0;
33657;2025.04.12 07:30;-28;8.75;-200;-200;3139;206;0;
33658;2025.04.12 07:45;-28;8.25;-200;-200;3139;206;0;
33659;2025.04.12 08:00;-28;7.5;-200;-200;3139;206;0;
33660;2025.04.12 08:15;-28;6.9375;-200;-200;3139;206;0;
33661;2025.04.12 08:30;-28;6.25;-200;-200;3139;206;0;
33662;2025.04.12 08:45;-28;5.625;-200;-200;3139;206;0;
33663;2025.04.12 09:00;-28;4.8125;-200;-200;3139;206;0;
33664;2025.04.12 09:15;-28;5;-200;-200;3138;206;0;
33665;2025.04.12 09:30;-28;4.625;-200;-200;3138;206;0;
33666;2025.04.12 09:45;-28;4.375;-200;-200;3138;206;0;
33667;2025.04.12 10:00;-28;4;-200;-200;3138;206;0;
33668;2025.04.12 10:15;-28;4.625;-200;-200;3139;206;0;
33669;2025.04.12 10:30;-28;5.375;-200;-200;3138;206;0;
33670;2025.04.12 10:45;-28;6;-200;-200;3138;206;0;
33671;2025.04.12 11:00;-28;5.875;-200;-200;3138;206;0;
33672;2025.04.12 11:15;-28;6;-200;-200;3138;206;0;
33673;2025.04.12 11:30;-28;6.125;-200;-200;3138;206;0;
33674;2025.04.12 11:45;-28;6.625;-200;-200;3138;206;0;
33675;2025.04.12 12:00;-28;6.5;-200;-200;3138;206;0;
33676;2025.04.12 12:15;-28;6.3125;-200;-200;3138;206;0;
33677;2025.04.12 12:30;-28;6.25;-200;-200;3139;206;0;
33678;2025.04.12 12:45;-28;5.375;-200;-200;3138;206;0;
33679;2025.04.12 13:00;-28;4.875;-200;-200;3138;206;0;
33680;2025.04.12 13:15;-28;4.8125;-200;-200;3138;206;0;
33681;2025.04.12 13:30;-28;5;-200;-200;3138;206;0;
33682;2025.04.12 13:45;-28;5.75;-200;-200;3139;206;0;
33683;2025.04.12 14:00;-28;7.25;-200;-200;3139;206;0;
33684;2025.04.12 14:15;-28;8.5;-200;-200;3139;206;0;
33685;2025.04.12 14:30;-28;9.8125;-200;-200;3139;206;0;
33686;2025.04.12 14:45;-28;10.625;-200;-200;3140;206;0;
33687;2025.04.12 15:00;-28;11.5;-200;-200;3140;206;0;
33688;2025.04.12 15:15;-28;12.125;-200;-200;3140;206;0;
33689;2025.04.12 15:30;-28;12.625;-200;-200;3140;206;0;
33690;2025.04.12 15:45;-28;13.5625;-200;-200;3140;206;0;
33691;2025.04.12 16:00;-28;13.9375;-200;-200;3140;206;0;
33692;2025.04.12 16:15;-28;14.0625;-200;-200;3140;206;0;
33693;2025.04.12 16:30;-28;14.75;-200;-200;3140;206;0;
33694;2025.04.12 16:45;-28;15.25;-200;-200;3140;206;0;
33695;2025.04.12 17:00;-28;15.5;-200;-200;3140;206;0;
33696;2025.04.12 17:15;-28;16.75;-200;-200;3140;206;0;
33697;2025.04.12 17:30;-28;17.25;-200;-200;3141;206;0;
33698;2025.04.12 17:45;-28;17.75;-200;-200;3141;206;0;
33699;2025.04.12 18:00;-28;18.5;-200;-200;3141;206;0;
33700;2025.04.12 18:15;-28;18.125;-200;-200;3140;206;0;
33701;2025.04.12 18:30;-28;18.375;-200;-200;3140;206;0;
33702;2025.04.12 18:45;-28;18.5;-200;-200;3140;206;0;
33703;2025.04.12 19:00;-28;18.375;-200;-200;3140;206;0;
33704;2025.04.12 19:15;-28;18.9375;-200;-200;3140;206;0;
33705;2025.04.12 19:30;-28;20.3125;-200;-200;3141;206;0;
33706;2025.04.12 19:45;-28;22.5;-200;-200;3142;206;0;
33707;2025.04.12 20:00;-28;22.25;-200;-200;3142;206;0;
33708;2025.04.12 20:15;-28;22.8125;-200;-200;3142;206;0;
33709;2025.04.12 20:30;-28;22.25;-200;-200;3142;206;0;
33710;2025.04.12 20:45;-28;20.8125;-200;-200;3142;206;0;
33711;2025.04.12 21:00;-28;20.375;-200;-200;3141;206;0;
33712;2025.04.12 21:15;-28;19.8125;-200;-200;3141;206;0;
33713;2025.04.12 21:30;-28;20.5625;-200;-200;3141;206;0;
33714;2025.04.12 21:45;-28;24.0625;-200;-200;3142;206;0;
33715;2025.04.12 22:00;-28;24;-200;-200;3142;206;0;
33716;2025.04.12 22:15;-28;22.375;-200;-200;3142;206;0;
33717;2025.04.12 22:30;-28;20.75;-200;-200;3141;206;0;
33718;2025.04.12 22:45;-28;21.4375;-200;-200;3141;206;0;
33719;2025.04.12 23:00;-28;19.6875;-200;-200;3140;206;0;
33720;2025.04.12 23:15;-28;18.375;-200;-200;3140;206;0;
33721;2025.04.12 23:30;-28;20.25;-200;-200;3140;206;0;
33722;2025.04.12 23:45;-28;17.4375;-200;-200;3140;206;0;
33723;2025.04.13 00:00;-28;16.6875;-200;-200;3139;206;0;
33724;2025.04.13 00:15;-28;16.25;-200;-200;3139;206;0;
33725;2025.04.13 00:30;-28;15.625;-200;-200;3139;206;0;
33726;2025.04.13 00:45;-28;15.125;-200;-200;3139;206;0;
33727;2025.04.13 01:00;-28;14.8125;-200;-200;3139;206;0;
33728;2025.04.13 01:15;-28;14.25;-200;-200;3139;206;0;
33729;2025.04.13 01:30;-28;13.5625;-200;-200;3139;206;0;
33730;2025.04.13 01:45;-28;12.5625;-200;-200;3138;206;0;
33731;2025.04.13 02:00;-28;11.3125;-200;-200;3138;206;0;
33732;2025.04.13 02:15;-28;10.5;-200;-200;3137;206;0;
33733;2025.04.13 02:30;-28;9.625;-200;-200;3137;206;0;
33734;2025.04.13 02:45;-28;9.25;-200;-200;3137;206;0;
33735;2025.04.13 03:00;-28;8.9375;-200;-200;3137;206;0;
33736;2025.04.13 03:15;-28;8.875;-200;-200;3136;206;0;
33737;2025.04.13 03:30;-28;8.625;-200;-200;3136;206;0;
33738;2025.04.13 03:45;-28;8.75;-200;-200;3136;206;0;
33739;2025.04.13 04:00;-28;9.4375;-200;-200;3136;206;0;
33740;2025.04.13 04:15;-28;10;-200;-200;3137;206;0;
33741;2025.04.13 04:30;-28;10.5;-200;-200;3136;206;0;
33742;2025.04.13 04:45;-28;11;-200;-200;3136;206;0;
33743;2025.04.13 05:00;-28;11.375;-200;-200;3136;206;0;
33744;2025.04.13 05:15;-28;11.125;-200;-200;3136;206;0;
33745;2025.04.13 05:30;-28;11.125;-200;-200;3136;206;0;
33746;2025.04.13 05:45;-28;11.25;-200;-200;3136;206;0;
33747;2025.04.13 06:00;-28;10.75;-200;-200;3136;206;0;
33748;2025.04.13 06:15;-28;10.375;-200;-200;3136;206;0;
33749;2025.04.13 06:30;-28;9.875;-200;-200;3136;206;0;
33750;2025.04.13 06:45;-28;9.75;-200;-200;3136;206;0;
33751;2025.04.13 07:00;-28;9.75;-200;-200;3136;206;0;
33752;2025.04.13 07:15;-28;10.125;-200;-200;3136;206;0;
33753;2025.04.13 07:30;-28;9.75;-200;-200;3136;206;0;
33754;2025.04.13 07:45;-28;9.625;-200;-200;3136;206;0;
33755;2025.04.13 08:00;-28;9.75;-200;-200;3136;206;0;
33756;2025.04.13 08:15;-28;9.5625;-200;-200;3136;206;0;
33757;2025.04.13 08:30;-28;9.25;-200;-200;3136;206;0;
33758;2025.04.13 08:45;-28;9.125;-200;-200;3136;206;0;
33759;2025.04.13 09:00;-28;9.25;-200;-200;3136;206;0;
33760;2025.04.13 09:15;-28;8.875;-200;-200;3136;206;0;
33761;2025.04.13 09:30;-28;9.125;-200;-200;3136;206;0;
33762;2025.04.13 09:45;-28;9.125;-200;-200;3136;206;0;
33763;2025.04.13 10:00;-28;9;-200;-200;3136;206;0;
33764;2025.04.13 10:15;-28;9;-200;-200;3136;206;0;
33765;2025.04.13 10:30;-28;8.8125;-200;-200;3136;206;0;
33766;2025.04.13 10:45;-28;8.75;-200;-200;3136;206;0;
33767;2025.04.13 11:00;-28;8.5;-200;-200;3136;206;0;
33768;2025.04.13 11:15;-28;8.6875;-200;-200;3136;206;0;
33769;2025.04.13 11:30;-28;8.75;-200;-200;3136;206;0;
33770;2025.04.13 11:45;-28;8.5;-200;-200;3136;206;0;
33771;2025.04.13 12:00;-28;8.25;-200;-200;3136;206;0;
33772;2025.04.13 12:15;-28;8.375;-200;-200;3136;206;0;
33773;2025.04.13 12:30;-28;8.1875;-200;-200;3136;206;0;
33774;2025.04.13 12:45;-28;8.25;-200;-200;3136;206;0;
33775;2025.04.13 13:00;-28;8.3125;-200;-200;3136;206;0;
33776;2025.04.13 13:15;-28;8.0625;-200;-200;3136;206;0;
33777;2025.04.13 13:30;-28;8.25;-200;-200;3136;206;0;
33778;2025.04.13 13:45;-28;8.375;-200;-200;3136;206;0;
33779;2025.04.13 14:00;-28;8.875;-200;-200;3136;206;0;
33780;2025.04.13 14:15;-28;9;-200;-200;3136;206;0;
33781;2025.04.13 14:30;-28;9.75;-200;-200;3136;206;0;
33782;2025.04.13 14:45;-28;9.625;-200;-200;3136;206;0;
33783;2025.04.13 15:00;-28;10.375;-200;-200;3136;206;0;
33784;2025.04.13 15:15;-28;10.875;-200;-200;3136;206;0;
33785;2025.04.13 15:30;-28;11.375;-200;-200;3136;206;0;
33786;2025.04.13 15:45;-28;12.5;-200;-200;3137;206;0;
33787;2025.04.13 16:00;-28;12.6875;-200;-200;3137;206;0;
33788;2025.04.13 16:15;-28;12.9375;-200;-200;3137;206;0;
33789;2025.04.13 16:30;-28;12.875;-200;-200;3137;206;0;
33790;2025.04.13 16:45;-28;13.25;-200;-200;3137;206;0;
33791;2025.04.13 17:00;-28;12.5;-200;-200;3137;206;0;
33792;2025.04.13 17:15;-28;14;-200;-200;3137;206;0;
33793;2025.04.13 17:30;-28;14.3125;-200;-200;3137;206;0;
33794;2025.04.13 17:45;-28;15.25;-200;-200;3138;206;0;
33795;2025.04.13 18:00;-28;14;-200;-200;3138;206;0;
33796;2025.04.13 18:15;-28;14.1875;-200;-200;3138;206;0;
33797;2025.04.13 18:30;-28;12.875;-200;-200;3138;206;0;
33798;2025.04.13 18:45;-28;14.875;-200;-200;3138;206;0;
33799;2025.04.13 19:00;-28;13.75;-200;-200;3138;206;0;
33800;2025.04.13 19:15;-28;14.375;-200;-200;3138;206;0;
33801;2025.04.13 19:30;-28;14.125;-200;-200;3138;206;0;
33802;2025.04.13 19:45;-28;14.875;-200;-200;3138;206;0;
33803;2025.04.13 20:00;-28;16.625;-200;-200;3138;206;0;
33804;2025.04.13 20:15;-28;18;-200;-200;3139;206;0;
33805;2025.04.13 20:30;-28;17.75;-200;-200;3139;206;0;
33806;2025.04.13 20:45;-28;15.75;-200;-200;3138;206;0;
33807;2025.04.13 21:00;-28;16.5625;-200;-200;3138;206;0;
33808;2025.04.13 21:15;-28;17.3125;-200;-200;3138;206;0;
33809;2025.04.13 21:30;-28;18;-200;-200;3138;206;0;
33810;2025.04.13 21:45;-28;19.375;-200;-200;3139;206;0;
33811;2025.04.13 22:00;-28;19.5;-200;-200;3139;206;0;
33812;2025.04.13 22:15;-28;20.3125;-200;-200;3139;206;0;
33813;2025.04.13 22:30;-28;17.6875;-200;-200;3137;206;0;
33814;2025.04.13 22:45;-28;18.5;-200;-200;3137;206;0;
33815;2025.04.13 23:00;-28;15.75;-200;-200;3137;206;0;
33816;2025.04.13 23:15;-28;15.25;-200;-200;3137;206;0;
33817;2025.04.13 23:30;-28;17.5;-200;-200;3138;206;0;
33818;2025.04.13 23:45;-28;16.1875;-200;-200;3137;206;0;
33819;2025.04.14 00:00;-28;14.0625;-200;-200;3137;206;0;
33820;2025.04.14 00:15;-28;13.375;-200;-200;3136;206;0;
33821;2025.04.14 00:30;-28;13;-200;-200;3136;206;0;
33822;2025.04.14 00:45;-28;13.6875;-200;-200;3136;206;0;
33823;2025.04.14 01:00;-28;15.8125;-200;-200;3136;206;0;
33824;2025.04.14 01:15;-28;13;-200;-200;3136;206;0;
33825;2025.04.14 01:30;-28;11.625;-200;-200;3136;206;0;
33826;2025.04.14 01:45;-28;10.5;-200;-200;3135;206;0;
33827;2025.04.14 02:00;-28;9.875;-200;-200;3135;206;0;
33828;2025.04.14 02:15;-28;9.5625;-200;-200;3135;206;0;
33829;2025.04.14 02:30;-28;9.25;-200;-200;3135;206;0;
33830;2025.04.14 02:45;-28;8.6875;-200;-200;3135;206;0;
33831;2025.04.14 03:00;-28;7.25;-200;-200;3134;206;0;
33832;2025.04.14 03:15;-28;6.25;-200;-200;3134;206;0;
33833;2025.04.14 03:30;-28;5.5;-200;-200;3134;206;0;
33834;2025.04.14 03:45;-28;4.875;-200;-200;3133;206;0;
33835;2025.04.14 04:00;-28;4.375;-200;-200;3133;206;0;
33836;2025.04.14 04:15;-28;4.125;-200;-200;3132;206;0;
33837;2025.04.14 04:30;-28;4.25;-200;-200;3132;206;0;
33838;2025.04.14 04:45;-28;4.125;-200;-200;3133;206;0;
33839;2025.04.14 05:00;-28;4.625;-200;-200;3133;206;0;
33840;2025.04.14 05:15;-28;6.125;-200;-200;3132;206;0;
33841;2025.04.14 05:30;-28;7.625;-200;-200;3132;206;0;
33842;2025.04.14 05:45;-28;8.125;-200;-200;3132;206;0;
33843;2025.04.14 06:00;-28;8.6875;-200;-200;3132;206;0;
33844;2025.04.14 06:15;-28;8.75;-200;-200;3133;206;0;
33845;2025.04.14 06:30;-28;8.75;-200;-200;3133;206;0;
33846;2025.04.14 06:45;-28;8.75;-200;-200;3133;206;0;
33847;2025.04.14 07:00;-28;8.625;-200;-200;3133;206;0;
33848;2025.04.14 07:15;-28;8.5;-200;-200;3133;206;0;
33849;2025.04.14 07:30;-28;8.3125;-200;-200;3133;206;0;
33850;2025.04.14 07:45;-28;8.0625;-200;-200;3133;206;0;
33851;2025.04.14 08:00;-28;7.6875;-200;-200;3133;206;0;
33852;2025.04.14 08:15;-28;7.5625;-200;-200;3133;206;0;
33853;2025.04.14 08:30;-28;7.25;-200;-200;3133;206;0;
33854;2025.04.14 08:45;-28;7.125;-200;-200;3133;206;0;
33855;2025.04.14 09:00;-28;7.375;-200;-200;3133;206;0;
33856;2025.04.14 09:15;-28;7.375;-200;-200;3133;206;0;
33857;2025.04.14 09:30;-28;7.25;-200;-200;3133;206;0;
33858;2025.04.14 09:45;-28;7.0625;-200;-200;3133;206;0;
33859;2025.04.14 10:00;-28;6.875;-200;-200;3133;206;0;
33860;2025.04.14 10:15;-28;6.5625;-200;-200;3133;206;0;
33861;2025.04.14 10:30;-28;6.8125;-200;-200;3132;206;0;
33862;2025.04.14 10:45;-28;6.875;-200;-200;3133;206;0;
33863;2025.04.14 11:00;-28;7.1875;-200;-200;3133;206;0;
33864;2025.04.14 11:15;-28;7;-200;-200;3133;206;0;
33865;2025.04.14 11:30;-28;7.125;-200;-200;3133;206;0;
33866;2025.04.14 11:45;-28;7.25;-200;-200;3133;206;0;
33867;2025.04.14 12:00;-28;6.9375;-200;-200;3133;206;0;
33868;2025.04.14 12:15;-28;6.75;-200;-200;3133;206;0;
33869;2025.04.14 12:30;-28;6.625;-200;-200;3133;206;0;
33870;2025.04.14 12:45;-28;6.125;-200;-200;3133;206;0;
33871;2025.04.14 13:00;-28;5.875;-200;-200;3133;206;0;
33872;2025.04.14 13:15;-28;5.375;-200;-200;3133;206;0;
33873;2025.04.14 13:30;-28;6.5;-200;-200;3132;206;0;
33874;2025.04.14 13:45;-28;6.5;-200;-200;3133;206;0;
33875;2025.04.14 14:00;-28;7;-200;-200;3133;206;0;
33876;2025.04.14 14:15;-28;6.75;-200;-200;3133;206;0;
33877;2025.04.14 14:30;-28;7;-200;-200;3133;206;0;
33878;2025.04.14 14:45;-28;7;-200;-200;3133;206;0;
33879;2025.04.14 15:00;-28;7.125;-200;-200;3133;206;0;
33880;2025.04.14 15:15;-28;7.125;-200;-200;3133;206;0;
33881;2025.04.14 15:30;-28;7.375;-200;-200;3133;206;0;
33882;2025.04.14 15:45;-28;8;-200;-200;3133;206;0;
33883;2025.04.14 16:00;-28;9;-200;-200;3133;206;0;
33884;2025.04.14 16:15;-28;9.5;-200;-200;3133;206;0;
33885;2025.04.14 16:30;-28;10.375;-200;-200;3133;206;0;
33886;2025.04.14 16:45;-28;11.4375;-200;-200;3133;206;0;
33887;2025.04.14 17:00;-28;11.75;-200;-200;3133;206;0;
33888;2025.04.14 17:15;-28;12.3125;-200;-200;3133;206;0;
33889;2025.04.14 17:30;-28;13.3125;-200;-200;3134;206;0;
33890;2025.04.14 17:45;-28;14;-200;-200;3134;206;0;
33891;2025.04.14 18:00;-28;13.75;-200;-200;3134;206;0;
33892;2025.04.14 18:15;-28;13.375;-200;-200;3134;206;0;
33893;2025.04.14 18:30;-28;14.3125;-200;-200;3134;206;0;
33894;2025.04.14 18:45;-28;15;-200;-200;3134;206;0;
33895;2025.04.14 19:00;-28;14.625;-200;-200;3134;206;0;
33896;2025.04.14 19:15;-28;14.9375;-200;-200;3134;206;0;
33897;2025.04.14 19:30;-28;15.75;-200;-200;3134;206;0;
33898;2025.04.14 19:45;-28;16.25;-200;-200;3134;206;0;
33899;2025.04.14 20:00;-28;19.0625;-200;-200;3135;206;0;
33900;2025.04.14 20:15;-28;19.625;-200;-200;3135;206;0;
33901;2025.04.14 20:30;-28;19.9375;-200;-200;3135;206;0;
33902;2025.04.14 20:45;-28;16.75;-200;-200;3134;206;0;
33903;2025.04.14 21:00;-28;15.5;-200;-200;3134;206;0;
33904;2025.04.14 21:15;-28;16.375;-200;-200;3134;206;0;
33905;2025.04.14 21:30;-28;18.4375;-200;-200;3134;206;0;
33906;2025.04.14 21:45;-28;20.375;-200;-200;3135;206;0;
33907;2025.04.14 22:00;-28;19.125;-200;-200;3134;206;0;
33908;2025.04.14 22:15;-28;19.875;-200;-200;3134;206;0;
33909;2025.04.14 22:30;-28;16.75;-200;-200;3133;206;0;
33910;2025.04.14 22:45;-28;18.25;-200;-200;3134;206;0;
33911;2025.04.14 23:00;-28;15.5;-200;-200;3133;206;0;
33912;2025.04.14 23:15;-28;15.5625;-200;-200;3133;206;0;
33913;2025.04.14 23:30;-28;17.1875;-200;-200;3133;206;0;
33914;2025.04.14 23:45;-28;14.9375;-200;-200;3133;206;0;
33915;2025.04.15 00:00;-28;13.375;-200;-200;3132;206;0;
33916;2025.04.15 00:15;-28;13.1875;-200;-200;3132;206;0;
33917;2025.04.15 00:30;-28;12.9375;-200;-200;3132;206;0;
33918;2025.04.15 00:45;-28;12;-200;-200;3132;206;0;
33919;2025.04.15 01:00;-28;11.25;-200;-200;3132;206;0;
33920;2025.04.15 01:15;-28;10.5;-200;-200;3132;206;0;
33921;2025.04.15 01:30;-28;9.75;-200;-200;3132;206;0;
33922;2025.04.15 01:45;-28;8.5;-200;-200;3131;206;0;
33923;2025.04.15 02:00;-28;7.6875;-200;-200;3131;206;0;
33924;2025.04.15 02:15;-28;6.8125;-200;-200;3131;206;0;
33925;2025.04.15 02:30;-28;5.875;-200;-200;3131;206;0;
33926;2025.04.15 02:45;-28;5.4375;-200;-200;3131;206;0;
33927;2025.04.15 03:00;-28;4.875;-200;-200;3131;206;0;
33928;2025.04.15 03:15;-28;4.875;-200;-200;3131;206;0;
33929;2025.04.15 03:30;-28;4.375;-200;-200;3131;206;0;
33930;2025.04.15 03:45;-28;4.25;-200;-200;3131;206;0;
33931;2025.04.15 04:00;-28;4.1875;-200;-200;3131;206;0;
33932;2025.04.15 04:15;-28;4.0625;-200;-200;3131;206;0;
33933;2025.04.15 04:30;-28;5.0625;-200;-200;3131;206;0;
33934;2025.04.15 04:45;-28;6.375;-200;-200;3131;206;0;
33935;2025.04.15 05:00;-28;6.625;-200;-200;3131;206;0;
33936;2025.04.15 05:15;-28;6;-200;-200;3131;206;0;
33937;2025.04.15 05:30;-28;6;-200;-200;3131;206;0;
33938;2025.04.15 05:45;-28;5.875;-200;-200;3131;206;0;
33939;2025.04.15 06:00;-28;5.5;-200;-200;3131;206;0;
33940;2025.04.15 06:15;-28;5.5;-200;-200;3131;206;0;
33941;2025.04.15 06:30;-28;5.25;-200;-200;3131;206;0;
33942;2025.04.15 06:45;-28;4.875;-200;-200;3131;206;0;
33943;2025.04.15 07:00;-28;4.75;-200;-200;3131;206;0;
33944;2025.04.15 07:15;-28;5;-200;-200;3131;206;0;
33945;2025.04.15 07:30;-28;5.25;-200;-200;3131;206;0;
33946;2025.04.15 07:45;-28;5.375;-200;-200;3131;206;0;
33947;2025.04.15 08:00;-28;5.3125;-200;-200;3131;206;0;
33948;2025.04.15 08:15;-28;5.3125;-200;-200;3131;206;0;
33949;2025.04.15 08:30;-28;5.3125;-200;-200;3131;206;0;
33950;2025.04.15 08:45;-28;5.25;-200;-200;3131;206;0;
33951;2025.04.15 09:00;-28;5.1875;-200;-200;3131;206;0;
33952;2025.04.15 09:15;-28;4.9375;-200;-200;3131;206;0;
33953;2025.04.15 09:30;-28;4.9375;-200;-200;3131;206;0;
33954;2025.04.15 09:45;-28;4.5;-200;-200;3131;206;0;
33955;2025.04.15 10:00;-28;4.5;-200;-200;3131;206;0;
33956;2025.04.15 10:15;-28;4.375;-200;-200;3131;206;0;
33957;2025.04.15 10:30;-28;4.125;-200;-200;3131;206;0;
33958;2025.04.15 10:45;-28;3.5625;-200;-200;3131;206;0;
33959;2025.04.15 11:00;-28;3.125;-200;-200;3131;206;0;
33960;2025.04.15 11:15;-28;2.6875;-200;-200;3131;206;0;
33961;2025.04.15 11:30;-28;2.25;-200;-200;3131;206;0;
33962;2025.04.15 11:45;-28;1.625;-200;-200;3131;206;0;
33963;2025.04.15 12:00;-28;1.625;-200;-200;3131;206;0;
33964;2025.04.15 12:15;-28;1.5625;-200;-200;3131;206;0;
33965;2025.04.15 12:30;-28;1.25;-200;-200;3131;206;0;
33966;2025.04.15 12:45;-28;1.5;-200;-200;3131;206;0;
33967;2025.04.15 13:00;-28;1.75;-200;-200;3131;206;0;
33968;2025.04.15 13:15;-28;2;-200;-200;3131;206;0;
33969;2025.04.15 13:30;-28;2.375;-200;-200;3131;206;0;
33970;2025.04.15 13:45;-28;3.75;-200;-200;3131;206;0;
33971;2025.04.15 14:00;-28;4;-200;-200;3131;206;0;
33972;2025.04.15 14:15;-28;4.875;-200;-200;3131;206;0;
33973;2025.04.15 14:30;-28;5.625;-200;-200;3131;206;0;
33974;2025.04.15 14:45;-28;6.4375;-200;-200;3131;206;0;
33975;2025.04.15 15:00;-28;6;-200;-200;3131;206;0;
33976;2025.04.15 15:15;-28;7.125;-200;-200;3131;206;0;
33977;2025.04.15 15:30;-28;8.75;-200;-200;3131;206;0;
33978;2025.04.15 15:45;-28;8.5;-200;-200;3132;206;0;
33979;2025.04.15 16:00;-28;7.5;-200;-200;3132;206;0;
33980;2025.04.15 16:15;-28;7.375;-200;-200;3132;206;0;
33981;2025.04.15 16:30;-28;10.25;-200;-200;3132;206;0;
33982;2025.04.15 16:45;-28;9.75;-200;-200;3132;206;0;
33983;2025.04.15 17:00;-28;10.875;-200;-200;3132;206;0;
33984;2025.04.15 17:15;-28;12.25;-200;-200;3132;206;0;
33985;2025.04.15 17:30;-28;9.375;-200;-200;3132;206;0;
33986;2025.04.15 17:45;-28;12.75;-200;-200;3132;206;0;
33987;2025.04.15 18:00;-28;11.25;-200;-200;3132;206;0;
33988;2025.04.15 18:15;-28;12.375;-200;-200;3132;206;0;
33989;2025.04.15 18:30;-28;11.875;-200;-200;3132;206;0;
33990;2025.04.15 18:45;-28;12.375;-200;-200;3132;206;0;
33991;2025.04.15 19:00;-28;13.6875;-200;-200;3132;206;0;
33992;2025.04.15 19:15;-28;14.625;-200;-200;3132;206;0;
33993;2025.04.15 19:30;-28;16.875;-200;-200;3133;206;0;
33994;2025.04.15 19:45;-28;17.375;-200;-200;3133;206;0;
33995;2025.04.15 20:00;-28;18.75;-200;-200;3134;206;0;
33996;2025.04.15 20:15;-28;18.625;-200;-200;3134;206;0;
33997;2025.04.15 20:30;-28;18.8125;-200;-200;3134;206;0;
33998;2025.04.15 20:45;-28;16.8125;-200;-200;3134;206;0;
33999;2025.04.15 21:00;-28;15;-200;-200;3133;206;0;
34000;2025.04.15 21:15;-28;16.4375;-200;-200;3133;206;0;
34001;2025.04.15 21:30;-28;19.875;-200;-200;3134;206;0;
34002;2025.04.15 21:45;-28;21;-200;-200;3135;206;0;
34003;2025.04.15 22:00;-28;22.6875;-200;-200;3136;206;0;
34004;2025.04.15 22:15;-28;20.75;-200;-200;3135;206;0;
34005;2025.04.15 22:30;-28;17.3125;-200;-200;3134;206;0;
34006;2025.04.15 22:45;-28;18.5625;-200;-200;3134;206;0;
34007;2025.04.15 23:00;-28;16.125;-200;-200;3133;206;0;
34008;2025.04.15 23:15;-28;15.1875;-200;-200;3133;206;0;
34009;2025.04.15 23:30;-28;17.875;-200;-200;3133;206;0;
34010;2025.04.15 23:45;-28;15;-200;-200;3133;206;0;
34011;2025.04.16 00:00;-28;13.375;-200;-200;3132;206;0;
34012;2025.04.16 00:15;-28;13.3125;-200;-200;3132;206;0;
34013;2025.04.16 00:30;-28;13;-200;-200;3132;206;0;
34014;2025.04.16 00:45;-28;12.875;-200;-200;3132;206;0;
34015;2025.04.16 01:00;-28;14.75;-200;-200;3132;206;0;
34016;2025.04.16 01:15;-28;12.1875;-200;-200;3132;206;0;
34017;2025.04.16 01:30;-28;11;-200;-200;3131;206;0;
34018;2025.04.16 01:45;-28;10.125;-200;-200;3131;206;0;
34019;2025.04.16 02:00;-28;9.4375;-200;-200;3131;206;0;
34020;2025.04.16 02:15;-28;9.0625;-200;-200;3131;206;0;
34021;2025.04.16 02:30;-28;8.875;-200;-200;3131;206;0;
34022;2025.04.16 02:45;-28;8.75;-200;-200;3131;206;0;
34023;2025.04.16 03:00;-28;8.75;-200;-200;3131;206;0;
34024;2025.04.16 03:15;-28;8.5;-200;-200;3131;206;0;
34025;2025.04.16 03:30;-28;8.8125;-200;-200;3131;206;0;
34026;2025.04.16 03:45;-28;9;-200;-200;3131;206;0;
34027;2025.04.16 04:00;-28;9;-200;-200;3131;206;0;
34028;2025.04.16 04:15;-28;9.5;-200;-200;3131;206;0;
34029;2025.04.16 04:30;-28;9.625;-200;-200;3131;206;0;
34030;2025.04.16 04:45;-28;9.3125;-200;-200;3131;206;0;
34031;2025.04.16 05:00;-28;9.25;-200;-200;3131;206;0;
34032;2025.04.16 05:15;-28;8.8125;-200;-200;3131;206;0;
34033;2025.04.16 05:30;-28;8.5625;-200;-200;3131;206;0;
34034;2025.04.16 05:45;-28;8.25;-200;-200;3131;206;0;
34035;2025.04.16 06:00;-28;7.625;-200;-200;3131;206;0;
34036;2025.04.16 06:15;-28;8;-200;-200;3131;206;0;
34037;2025.04.16 06:30;-28;8.375;-200;-200;3131;206;0;
34038;2025.04.16 06:45;-28;8;-200;-200;3131;206;0;
34039;2025.04.16 07:00;-28;7.375;-200;-200;3131;206;0;
34040;2025.04.16 07:15;-28;6;-200;-200;3131;206;0;
34041;2025.04.16 07:30;-28;5.375;-200;-200;3131;206;0;
34042;2025.04.16 07:45;-28;6.75;-200;-200;3131;206;0;
34043;2025.04.16 08:00;-28;5.625;-200;-200;3131;206;0;
34044;2025.04.16 08:15;-28;6.375;-200;-200;3131;206;0;
34045;2025.04.16 08:30;-28;6.8125;-200;-200;3131;206;0;
34046;2025.04.16 08:45;-28;6.125;-200;-200;3131;206;0;
34047;2025.04.16 09:00;-28;5.6875;-200;-200;3131;206;0;
34048;2025.04.16 09:15;-28;5.25;-200;-200;3131;206;0;
34049;2025.04.16 09:30;-28;5.25;-200;-200;3131;206;0;
34050;2025.04.16 09:45;-28;5;-200;-200;3131;206;0;
34051;2025.04.16 10:00;-28;4.75;-200;-200;3131;206;0;
34052;2025.04.16 10:15;-28;4.625;-200;-200;3131;206;0;
34053;2025.04.16 10:30;-28;4.3125;-200;-200;3131;206;0;
34054;2025.04.16 10:45;-28;4.375;-200;-200;3131;206;0;
34055;2025.04.16 11:00;-28;4.375;-200;-200;3131;206;0;
34056;2025.04.16 11:15;-28;4.75;-200;-200;3131;206;0;
34057;2025.04.16 11:30;-28;5;-200;-200;3131;206;0;
34058;2025.04.16 11:45;-28;4.75;-200;-200;3131;206;0;
34059;2025.04.16 12:00;-28;3.8125;-200;-200;3131;206;0;
34060;2025.04.16 12:15;-28;3.125;-200;-200;3130;206;0;
34061;2025.04.16 12:30;-28;2.625;-200;-200;3130;206;0;
34062;2025.04.16 12:45;-28;2.25;-200;-200;3130;206;0;
34063;2025.04.16 13:00;-28;2.375;-200;-200;3130;206;0;
34064;2025.04.16 13:15;-28;3.4375;-200;-200;3130;206;0;
34065;2025.04.16 13:30;-28;4.6875;-200;-200;3130;206;0;
34066;2025.04.16 13:45;-28;5.6875;-200;-200;3130;206;0;
34067;2025.04.16 14:00;-28;7.1875;-200;-200;3130;206;0;
34068;2025.04.16 14:15;-28;7.875;-200;-200;3131;206;0;
34069;2025.04.16 14:30;-28;8.25;-200;-200;3131;206;0;
34070;2025.04.16 14:45;-28;8.8125;-200;-200;3131;206;0;
34071;2025.04.16 15:00;-28;9.25;-200;-200;3131;206;0;
34072;2025.04.16 15:15;-28;10.0625;-200;-200;3131;206;0;
34073;2025.04.16 15:30;-28;10.75;-200;-200;3131;206;0;
34074;2025.04.16 15:45;-28;11.5625;-200;-200;3131;206;0;
34075;2025.04.16 16:00;-28;12.25;-200;-200;3131;206;0;
34076;2025.04.16 16:15;-28;13;-200;-200;3131;206;0;
34077;2025.04.16 16:30;-28;13.625;-200;-200;3131;206;0;
34078;2025.04.16 16:45;-28;12.4375;-200;-200;3131;206;0;
34079;2025.04.16 17:00;-28;14.25;-200;-200;3131;206;0;
34080;2025.04.16 17:15;-28;14.4375;-200;-200;3131;206;0;
34081;2025.04.16 17:30;-28;14.8125;-200;-200;3132;206;0;
34082;2025.04.16 17:45;-28;15.125;-200;-200;3132;206;0;
34083;2025.04.16 18:00;-28;15.75;-200;-200;3131;206;0;
34084;2025.04.16 18:15;-28;16.375;-200;-200;3132;206;0;
34085;2025.04.16 18:30;-28;16.875;-200;-200;3132;206;0;
34086;2025.04.16 18:45;-28;16;-200;-200;3132;206;0;
34087;2025.04.16 19:00;-28;16.5;-200;-200;3132;206;0;
34088;2025.04.16 19:15;-28;16.625;-200;-200;3132;206;0;
34089;2025.04.16 19:30;-28;18.25;-200;-200;3133;206;0;
34090;2025.04.16 19:45;-28;18.875;-200;-200;3133;206;0;
34091;2025.04.16 20:00;-28;16.875;-200;-200;3133;206;0;
34092;2025.04.16 20:15;-28;19.875;-200;-200;3133;206;0;
34093;2025.04.16 20:30;-28;16.3125;-200;-200;3133;206;0;
34094;2025.04.16 20:45;-28;18.375;-200;-200;3133;206;0;
34095;2025.04.16 21:00;-28;17;-200;-200;3133;206;0;
34096;2025.04.16 21:15;-28;18.5;-200;-200;3133;206;0;
34097;2025.04.16 21:30;-28;19.125;-200;-200;3134;206;0;
34098;2025.04.16 21:45;-28;20.8125;-200;-200;3134;206;0;
34099;2025.04.16 22:00;-28;22.5;-200;-200;3134;206;0;
34100;2025.04.16 22:15;-28;20;-200;-200;3134;206;0;
34101;2025.04.16 22:30;-28;16.75;-200;-200;3133;206;0;
34102;2025.04.16 22:45;-28;18.5;-200;-200;3133;206;0;
34103;2025.04.16 23:00;-28;17.25;-200;-200;3133;206;0;
34104;2025.04.16 23:15;-28;16.25;-200;-200;3132;206;0;
34105;2025.04.16 23:30;-28;19.1875;-200;-200;3133;206;0;
34106;2025.04.16 23:45;-28;17.5625;-200;-200;3133;206;0;
34107;2025.04.17 00:00;-28;16;-200;-200;3133;206;0;
34108;2025.04.17 00:15;-28;15.5625;-200;-200;3132;206;0;
34109;2025.04.17 00:30;-28;15.8125;-200;-200;3132;206;0;
34110;2025.04.17 00:45;-28;14.8125;-200;-200;3132;206;0;
34111;2025.04.17 01:00;-28;15.625;-200;-200;3132;206;0;
34112;2025.04.17 01:15;-28;14.375;-200;-200;3132;206;0;
34113;2025.04.17 01:30;-28;13.75;-200;-200;3132;206;0;
34114;2025.04.17 01:45;-28;13.3125;-200;-200;3132;206;0;
34115;2025.04.17 02:00;-28;12.75;-200;-200;3132;206;0;
34116;2025.04.17 02:15;-28;12.625;-200;-200;3132;206;0;
34117;2025.04.17 02:30;-28;12.25;-200;-200;3132;206;0;
34118;2025.04.17 02:45;-28;11.6875;-200;-200;3131;206;0;
34119;2025.04.17 03:00;-28;11;-200;-200;3131;206;0;
34120;2025.04.17 03:15;-28;11;-200;-200;3131;206;0;
34121;2025.04.17 03:30;-28;10.9375;-200;-200;3131;206;0;
34122;2025.04.17 03:45;-28;10.75;-200;-200;3131;206;0;
34123;2025.04.17 04:00;-28;10.625;-200;-200;3131;206;0;
34124;2025.04.17 04:15;-28;10.25;-200;-200;3131;206;0;
34125;2025.04.17 04:30;-28;9.75;-200;-200;3131;206;0;
34126;2025.04.17 04:45;-28;9.4375;-200;-200;3131;206;0;
34127;2025.04.17 05:00;-28;9.375;-200;-200;3131;206;0;
34128;2025.04.17 05:15;-28;8.625;-200;-200;3131;206;0;
34129;2025.04.17 05:30;-28;8.25;-200;-200;3131;206;0;
34130;2025.04.17 05:45;-28;8;-200;-200;3131;206;0;
34131;2025.04.17 06:00;-28;8;-200;-200;3131;206;0;
34132;2025.04.17 06:15;-28;7.25;-200;-200;3131;206;0;
34133;2025.04.17 06:30;-28;7.125;-200;-200;3131;206;0;
34134;2025.04.17 06:45;-28;6.0625;-200;-200;3130;206;0;
34135;2025.04.17 07:00;-28;5.9375;-200;-200;3130;206;0;
34136;2025.04.17 07:15;-28;6.5;-200;-200;3130;206;0;
34137;2025.04.17 07:30;-28;6.75;-200;-200;3131;206;0;
34138;2025.04.17 07:45;-28;6.8125;-200;-200;3130;206;0;
34139;2025.04.17 08:00;-28;6.75;-200;-200;3130;206;0;
34140;2025.04.17 08:15;-28;6.5;-200;-200;3130;206;0;
34141;2025.04.17 08:30;-28;6.5;-200;-200;3130;206;0;
34142;2025.04.17 08:45;-28;6.75;-200;-200;3131;206;0;
34143;2025.04.17 09:00;-28;6.625;-200;-200;3130;206;0;
34144;2025.04.17 09:15;-28;6.625;-200;-200;3130;206;0;
34145;2025.04.17 09:30;-28;6.4375;-200;-200;3130;206;0;
34146;2025.04.17 09:45;-28;6.125;-200;-200;3130;206;0;
34147;2025.04.17 10:00;-28;6.5;-200;-200;3130;206;0;
34148;2025.04.17 10:15;-28;6.8125;-200;-200;3130;206;0;
34149;2025.04.17 10:30;-28;6.8125;-200;-200;3130;206;0;
34150;2025.04.17 10:45;-28;6.6875;-200;-200;3130;206;0;
34151;2025.04.17 11:00;-28;6.375;-200;-200;3130;206;0;
34152;2025.04.17 11:15;-28;6.5;-200;-200;3130;206;0;
34153;2025.04.17 11:30;-28;6.5;-200;-200;3130;206;0;
34154;2025.04.17 11:45;-28;6.125;-200;-200;3130;206;0;
34155;2025.04.17 12:00;-28;5.75;-200;-200;3130;206;0;
34156;2025.04.17 12:15;-28;5.5625;-200;-200;3130;206;0;
34157;2025.04.17 12:30;-28;5.5;-200;-200;3130;206;0;
34158;2025.04.17 12:45;-28;5.4375;-200;-200;3130;206;0;
34159;2025.04.17 13:00;-28;5.375;-200;-200;3130;206;0;
34160;2025.04.17 13:15;-28;5.75;-200;-200;3130;206;0;
34161;2025.04.17 13:30;-28;5.875;-200;-200;3131;206;0;
34162;2025.04.17 13:45;-28;6.25;-200;-200;3131;206;0;
34163;2025.04.17 14:00;-28;6.875;-200;-200;3131;206;0;
34164;2025.04.17 14:15;-28;7.25;-200;-200;3130;206;0;
34165;2025.04.17 14:30;-28;7.75;-200;-200;3131;206;0;
34166;2025.04.17 14:45;-28;8.25;-200;-200;3131;206;0;
34167;2025.04.17 15:00;-28;8.875;-200;-200;3131;206;0;
34168;2025.04.17 15:15;-28;9.625;-200;-200;3131;206;0;
34169;2025.04.17 15:30;-28;9.8125;-200;-200;3131;206;0;
34170;2025.04.17 15:45;-28;9.625;-200;-200;3131;206;0;
34171;2025.04.17 16:00;-28;10.25;-200;-200;3131;206;0;
34172;2025.04.17 16:15;-28;11;-200;-200;3131;206;0;
34173;2025.04.17 16:30;-28;11.125;-200;-200;3131;206;0;
34174;2025.04.17 16:45;-28;12;-200;-200;3131;206;0;
34175;2025.04.17 17:00;-28;12.5625;-200;-200;3131;206;0;
34176;2025.04.17 17:15;-28;13.5;-200;-200;3132;206;0;
34177;2025.04.17 17:30;-28;14;-200;-200;3132;206;0;
34178;2025.04.17 17:45;-28;13.875;-200;-200;3132;206;0;
34179;2025.04.17 18:00;-28;14.25;-200;-200;3132;206;0;
34180;2025.04.17 18:15;-28;15.125;-200;-200;3132;206;0;
34181;2025.04.17 18:30;-28;14;-200;-200;3132;206;0;
34182;2025.04.17 18:45;-28;15;-200;-200;3132;206;0;
34183;2025.04.17 19:00;-28;14.25;-200;-200;3132;206;0;
34184;2025.04.17 19:15;-28;15.25;-200;-200;3132;206;0;
34185;2025.04.17 19:30;-28;16.875;-200;-200;3133;206;0;
34186;2025.04.17 19:45;-28;18.375;-200;-200;3133;206;0;
34187;2025.04.17 20:00;-28;15.875;-200;-200;3133;206;0;
34188;2025.04.17 20:15;-28;15;-200;-200;3132;206;0;
34189;2025.04.17 20:30;-28;14.625;-200;-200;3132;206;0;
34190;2025.04.17 20:45;-28;15.875;-200;-200;3132;206;0;
34191;2025.04.17 21:00;-28;16.625;-200;-200;3132;206;0;
34192;2025.04.17 21:15;-28;16.3125;-200;-200;3133;206;0;
34193;2025.04.17 21:30;-28;14.6875;-200;-200;3132;206;0;
34194;2025.04.17 21:45;-28;15;-200;-200;3132;206;0;
34195;2025.04.17 22:00;-28;18.875;-200;-200;3133;206;0;
34196;2025.04.17 22:15;-28;17.875;-200;-200;3133;206;0;
34197;2025.04.17 22:30;-28;15.875;-200;-200;3132;206;0;
34198;2025.04.17 22:45;-28;17;-200;-200;3132;206;0;
34199;2025.04.17 23:00;-28;15.5;-200;-200;3132;206;0;
34200;2025.04.17 23:15;-28;13.5625;-200;-200;3132;206;0;
34201;2025.04.17 23:30;-28;15.9375;-200;-200;3132;206;0;
34202;2025.04.17 23:45;-28;13.5625;-200;-200;3132;206;0;
34203;2025.04.18 00:00;-28;12.75;-200;-200;3132;206;0;
34204;2025.04.18 00:15;-28;12.4375;-200;-200;3132;206;0;
34205;2025.04.18 00:30;-28;11.75;-200;-200;3131;206;0;
34206;2025.04.18 00:45;-28;12.875;-200;-200;3131;206;0;
34207;2025.04.18 01:00;-28;12.5625;-200;-200;3131;206;0;
34208;2025.04.18 01:15;-28;10.125;-200;-200;3131;206;0;
34209;2025.04.18 01:30;-28;9.25;-200;-200;3130;206;0;
34210;2025.04.18 01:45;-28;8.5625;-200;-200;3130;206;0;
34211;2025.04.18 02:00;-28;8;-200;-200;3130;206;0;
34212;2025.04.18 02:15;-28;7.625;-200;-200;3130;206;0;
34213;2025.04.18 02:30;-28;7.125;-200;-200;3130;206;0;
34214;2025.04.18 02:45;-28;6.875;-200;-200;3130;206;0;
34215;2025.04.18 03:00;-28;6.5625;-200;-200;3130;206;0;
34216;2025.04.18 03:15;-28;6.125;-200;-200;3130;206;0;
34217;2025.04.18 03:30;-28;5.75;-200;-200;3130;206;0;
34218;2025.04.18 03:45;-28;5.5;-200;-200;3130;206;0;
34219;2025.04.18 04:00;-28;5.375;-200;-200;3130;206;0;
34220;2025.04.18 04:15;-28;5.0625;-200;-200;3130;206;0;
34221;2025.04.18 04:30;-28;4.75;-200;-200;3130;206;0;
34222;2025.04.18 04:45;-28;4.75;-200;-200;3130;206;0;
34223;2025.04.18 05:00;-28;4.375;-200;-200;3130;206;0;
34224;2025.04.18 05:15;-28;3.875;-200;-200;3130;206;0;
34225;2025.04.18 05:30;-28;3.25;-200;-200;3130;206;0;
34226;2025.04.18 05:45;-28;2.25;-200;-200;3130;206;0;
34227;2025.04.18 06:00;-28;2;-200;-200;3129;206;0;
34228;2025.04.18 06:15;-28;2.25;-200;-200;3130;206;0;
34229;2025.04.18 06:30;-28;2.5;-200;-200;3130;206;0;
34230;2025.04.18 06:45;-28;2.4375;-200;-200;3130;206;0;
34231;2025.04.18 07:00;-28;2.25;-200;-200;3130;206;0;
34232;2025.04.18 07:15;-28;2.3125;-200;-200;3130;206;0;
34233;2025.04.18 07:30;-28;2.3125;-200;-200;3130;206;0;
34234;2025.04.18 07:45;-28;2.125;-200;-200;3130;206;0;
34235;2025.04.18 08:00;-28;1.8125;-200;-200;3130;206;0;
34236;2025.04.18 08:15;-28;1.625;-200;-200;3130;206;0;
34237;2025.04.18 08:30;-28;1.4375;-200;-200;3130;206;0;
34238;2025.04.18 08:45;-28;1.1875;-200;-200;3130;206;0;
34239;2025.04.18 09:00;-28;1.0625;-200;-200;3130;206;0;
34240;2025.04.18 09:15;-28;0.8125;-200;-200;3130;206;0;
34241;2025.04.18 09:30;-28;0.5625;-200;-200;3130;206;0;
34242;2025.04.18 09:45;-28;0.375;-200;-200;3130;206;0;
34243;2025.04.18 10:00;-28;0.125;-200;-200;3130;206;0;
34244;2025.04.18 10:15;-28;-0.125;-200;-200;3130;206;0;
34245;2025.04.18 10:30;-28;-0.25;-200;-200;3129;206;0;
34246;2025.04.18 10:45;-28;-0.5625;-200;-200;3129;206;0;
34247;2025.04.18 11:00;-28;-0.75;-200;-200;3129;206;0;
34248;2025.04.18 11:15;-28;-0.9375;-200;-200;3130;206;0;
34249;2025.04.18 11:30;-28;-0.875;-200;-200;3129;206;0;
34250;2025.04.18 11:45;-28;-0.75;-200;-200;3129;206;0;
34251;2025.04.18 12:00;-28;-0.375;-200;-200;3130;206;0;
34252;2025.04.18 12:15;-28;-0.25;-200;-200;3130;206;0;
34253;2025.04.18 12:30;-28;-0.1875;-200;-200;3129;206;0;
34254;2025.04.18 12:45;-28;0;-200;-200;3130;206;0;
34255;2025.04.18 13:00;-28;0.0625;-200;-200;3130;206;0;
34256;2025.04.18 13:15;-28;0.125;-200;-200;3130;206;0;
34257;2025.04.18 13:30;-28;0.25;-200;-200;3130;206;0;
34258;2025.04.18 13:45;-28;0.5;-200;-200;3130;206;0;
34259;2025.04.18 14:00;-28;0.5;-200;-200;3130;206;0;
34260;2025.04.18 14:15;-28;0.9375;-200;-200;3130;206;0;
34261;2025.04.18 14:30;-28;1.125;-200;-200;3130;206;0;
34262;2025.04.18 14:45;-28;1.625;-200;-200;3130;206;0;
34263;2025.04.18 15:00;-28;1.375;-200;-200;3130;206;0;
34264;2025.04.18 15:15;-28;1.625;-200;-200;3130;206;0;
34265;2025.04.18 15:30;-28;2.125;-200;-200;3130;206;0;
34266;2025.04.18 15:45;-28;2.875;-200;-200;3130;206;0;
34267;2025.04.18 16:00;-28;2.8125;-200;-200;3130;206;0;
34268;2025.04.18 16:15;-28;2.5625;-200;-200;3130;206;0;
34269;2025.04.18 16:30;-28;2.6875;-200;-200;3130;206;0;
34270;2025.04.18 16:45;-28;3.625;-200;-200;3130;206;0;
34271;2025.04.18 17:00;-28;3.0625;-200;-200;3130;206;0;
34272;2025.04.18 17:15;-28;2.875;-200;-200;3130;206;0;
34273;2025.04.18 17:30;-28;2.25;-200;-200;3130;206;0;
34274;2025.04.18 17:45;-28;3.125;-200;-200;3130;206;0;
34275;2025.04.18 18:00;-28;5.375;-200;-200;3130;206;0;
34276;2025.04.18 18:15;-28;5.5625;-200;-200;3130;206;0;
34277;2025.04.18 18:30;-28;5.25;-200;-200;3130;206;0;
34278;2025.04.18 18:45;-28;4.375;-200;-200;3130;206;0;
34279;2025.04.18 19:00;-28;2.4375;-200;-200;3130;206;0;
34280;2025.04.18 19:15;-28;2.5;-200;-200;3130;206;0;
34281;2025.04.18 19:30;-28;1.375;-200;-200;3130;206;0;
34282;2025.04.18 19:45;-28;1.75;-200;-200;3130;206;0;
34283;2025.04.18 20:00;-28;3.25;-200;-200;3130;206;0;
34284;2025.04.18 20:15;-28;4.375;-200;-200;3130;206;0;
34285;2025.04.18 20:30;-28;4.875;-200;-200;3130;206;0;
34286;2025.04.18 20:45;-28;6.25;-200;-200;3130;206;0;
34287;2025.04.18 21:00;-28;6.75;-200;-200;3130;206;0;
34288;2025.04.18 21:15;-28;10.625;-200;-200;3131;206;0;
34289;2025.04.18 21:30;-28;12;-200;-200;3131;206;0;
34290;2025.04.18 21:45;-28;8.0625;-200;-200;3131;206;0;
34291;2025.04.18 22:00;-28;11.4375;-200;-200;3131;206;0;
34292;2025.04.18 22:15;-28;12.125;-200;-200;3132;206;0;
34293;2025.04.18 22:30;-28;9.4375;-200;-200;3131;206;0;
34294;2025.04.18 22:45;-28;9.75;-200;-200;3131;206;0;
34295;2025.04.18 23:00;-28;8.125;-200;-200;3131;206;0;
34296;2025.04.18 23:15;-28;8;-200;-200;3131;206;0;
34297;2025.04.18 23:30;-28;9.5625;-200;-200;3131;206;0;
34298;2025.04.18 23:45;-28;6.875;-200;-200;3131;206;0;
34299;2025.04.19 00:00;-28;4.875;-200;-200;3130;206;0;
34300;2025.04.19 00:15;-28;4.1875;-200;-200;3130;206;0;
34301;2025.04.19 00:30;-28;4.1875;-200;-200;3130;206;0;
34302;2025.04.19 00:45;-28;2.5625;-200;-200;3130;206;0;
34303;2025.04.19 01:00;-28;1.75;-200;-200;3130;206;0;
34304;2025.04.19 01:15;-28;1.1875;-200;-200;3130;206;0;
34305;2025.04.19 01:30;-28;0.875;-200;-200;3130;206;0;
34306;2025.04.19 01:45;-28;0.5;-200;-200;3130;206;0;
34307;2025.04.19 02:00;-28;0.125;-200;-200;3130;206;0;
34308;2025.04.19 02:15;-28;-0.3125;-200;-200;3130;206;0;
34309;2025.04.19 02:30;-28;-0.75;-200;-200;3129;206;0;
34310;2025.04.19 02:45;-28;-0.9375;-200;-200;3129;206;0;
34311;2025.04.19 03:00;-28;-1.375;-200;-200;3129;206;0;
34312;2025.04.19 03:15;-28;-1.75;-200;-200;3129;206;0;
34313;2025.04.19 03:30;-28;-1.375;-200;-200;3129;206;0;
34314;2025.04.19 03:45;-28;-1.625;-200;-200;3129;206;0;
34315;2025.04.19 04:00;-28;-1.9375;-200;-200;3129;206;0;
34316;2025.04.19 04:15;-28;-1.625;-200;-200;3129;206;0;
34317;2025.04.19 04:30;-28;-1.4375;-200;-200;3129;206;0;
34318;2025.04.19 04:45;-28;-1.625;-200;-200;3129;206;0;
34319;2025.04.19 05:00;-28;-2.25;-200;-200;3129;206;0;
34320;2025.04.19 05:15;-28;-2.75;-200;-200;3129;206;0;
34321;2025.04.19 05:30;-28;-2.6875;-200;-200;3129;206;0;
34322;2025.04.19 05:45;-28;-2.625;-200;-200;3129;206;0;
34323;2025.04.19 06:00;-28;-2;-200;-200;3129;206;0;
34324;2025.04.19 06:15;-28;-1.625;-200;-200;3129;206;0;
34325;2025.04.19 06:30;-28;-1.3125;-200;-200;3129;206;0;
34326;2025.04.19 06:45;-28;-1;-200;-200;3129;206;0;
34327;2025.04.19 07:00;-28;-0.75;-200;-200;3129;206;0;
34328;2025.04.19 07:15;-28;-0.625;-200;-200;3129;206;0;
34329;2025.04.19 07:30;-28;-1;-200;-200;3129;206;0;
34330;2025.04.19 07:45;-28;-1.875;-200;-200;3129;206;0;
34331;2025.04.19 08:00;-28;-2.3125;-200;-200;3129;206;0;
34332;2025.04.19 08:15;-28;-2.375;-200;-200;3129;206;0;
34333;2025.04.19 08:30;-28;-2.375;-200;-200;3129;206;0;
34334;2025.04.19 08:45;-28;-2.25;-200;-200;3129;206;0;
34335;2025.04.19 09:00;-28;-2.375;-200;-200;3129;206;0;
34336;2025.04.19 09:15;-28;-2.25;-200;-200;3129;206;0;
34337;2025.04.19 09:30;-28;-2.375;-200;-200;3129;206;0;
34338;2025.04.19 09:45;-28;-2.25;-200;-200;3129;206;0;
34339;2025.04.19 10:00;-28;-2.3125;-200;-200;3129;206;0;
34340;2025.04.19 10:15;-28;-2.5;-200;-200;3129;206;0;
34341;2025.04.19 10:30;-28;-2.5;-200;-200;3129;206;0;
34342;2025.04.19 10:45;-28;-2.5;-200;-200;3129;206;0;
34343;2025.04.19 11:00;-28;-2.5625;-200;-200;3129;206;0;
34344;2025.04.19 11:15;-28;-2.9375;-200;-200;3129;206;0;
34345;2025.04.19 11:30;-28;-3.0625;-200;-200;3129;206;0;
34346;2025.04.19 11:45;-28;-3.125;-200;-200;3129;206;0;
34347;2025.04.19 12:00;-28;-3.125;-200;-200;3129;206;0;
34348;2025.04.19 12:15;-28;-3.1875;-200;-200;3129;206;0;
34349;2025.04.19 12:30;-28;-3.25;-200;-200;3129;206;0;
34350;2025.04.19 12:45;-28;-3.25;-200;-200;3129;206;0;
34351;2025.04.19 13:00;-28;-3.25;-200;-200;3129;206;0;
34352;2025.04.19 13:15;-28;-3.25;-200;-200;3129;206;0;
34353;2025.04.19 13:30;-28;-3.0625;-200;-200;3129;206;0;
34354;2025.04.19 13:45;-28;-3;-200;-200;3130;206;0;
34355;2025.04.19 14:00;-28;-2.5;-200;-200;3130;206;0;
34356;2025.04.19 14:15;-28;-2.625;-200;-200;3130;206;0;
34357;2025.04.19 14:30;-28;-2.5;-200;-200;3130;206;0;
34358;2025.04.19 14:45;-28;-1.75;-200;-200;3129;206;0;
34359;2025.04.19 15:00;-28;-1.875;-200;-200;3129;206;0;
34360;2025.04.19 15:15;-28;-2.1875;-200;-200;3129;206;0;
34361;2025.04.19 15:30;-28;-2.0625;-200;-200;3129;206;0;
34362;2025.04.19 15:45;-28;-2.0625;-200;-200;3129;206;0;
34363;2025.04.19 16:00;-28;-1.8125;-200;-200;3129;206;0;
34364;2025.04.19 16:15;-28;-1.4375;-200;-200;3129;206;0;
34365;2025.04.19 16:30;-28;-0.625;-200;-200;3130;206;0;
34366;2025.04.19 16:45;-28;-0.25;-200;-200;3131;206;0;
34367;2025.04.19 17:00;-28;0;-200;-200;3131;206;0;
34368;2025.04.19 17:15;-28;-0.75;-200;-200;3131;206;0;
34369;2025.04.19 17:30;-28;0.25;-200;-200;3131;206;0;
34370;2025.04.19 17:45;-28;-0.0625;-200;-200;3131;206;0;
34371;2025.04.19 18:00;-28;-0.0625;-200;-200;3130;206;0;
34372;2025.04.19 18:15;-28;-0.5;-200;-200;3131;206;0;
34373;2025.04.19 18:30;-28;0.6875;-200;-200;3131;206;0;
34374;2025.04.19 18:45;-28;-0.375;-200;-200;3131;206;0;
34375;2025.04.19 19:00;-28;0.75;-200;-200;3131;206;0;
34376;2025.04.19 19:15;-28;0.5;-200;-200;3131;206;0;
34377;2025.04.19 19:30;-28;0.625;-200;-200;3131;206;0;
34378;2025.04.19 19:45;-28;-0.9375;-200;-200;3131;206;0;
34379;2025.04.19 20:00;-28;-1.125;-200;-200;3131;206;0;
34380;2025.04.19 20:15;-28;-0.625;-200;-200;3130;206;0;
34381;2025.04.19 20:30;-28;-0.125;-200;-200;3130;206;0;
34382;2025.04.19 20:45;-28;0.0625;-200;-200;3130;206;0;
34383;2025.04.19 21:00;-28;-0.625;-200;-200;3130;206;0;
34384;2025.04.19 21:15;-28;-0.75;-200;-200;3130;206;0;
34385;2025.04.19 21:30;-28;-0.125;-200;-200;3131;206;0;
34386;2025.04.19 21:45;-28;0;-200;-200;3131;206;0;
34387;2025.04.19 22:00;-28;0.125;-200;-200;3131;206;0;
34388;2025.04.19 22:15;-28;1.625;-200;-200;3131;206;0;
34389;2025.04.19 22:30;-28;0.875;-200;-200;3130;206;0;
34390;2025.04.19 22:45;-28;-0.5625;-200;-200;3130;206;0;
34391;2025.04.19 23:00;-28;-1;-200;-200;3130;206;0;
34392;2025.04.19 23:15;-28;-1.0625;-200;-200;3130;206;0;
34393;2025.04.19 23:30;-28;-0.625;-200;-200;3130;206;0;
34394;2025.04.19 23:45;-28;-1.25;-200;-200;3130;206;0;
34395;2025.04.20 00:00;-28;-1.25;-200;-200;3130;206;0;
34396;2025.04.20 00:15;-28;-1.25;-200;-200;3130;206;0;
34397;2025.04.20 00:30;-28;-1.3125;-200;-200;3130;206;0;
34398;2025.04.20 00:45;-28;-2;-200;-200;3131;206;0;
34399;2025.04.20 01:00;-28;-2;-200;-200;3130;206;0;
34400;2025.04.20 01:15;-28;-1.75;-200;-200;3130;206;0;
34401;2025.04.20 01:30;-28;-2.25;-200;-200;3130;206;0;
34402;2025.04.20 01:45;-28;-2.625;-200;-200;3130;206;0;
34403;2025.04.20 02:00;-28;-3;-200;-200;3130;206;0;
34404;2025.04.20 02:15;-28;-2.875;-200;-200;3130;206;0;
34405;2025.04.20 02:30;-28;-2.875;-200;-200;3131;206;0;
34406;2025.04.20 02:45;-28;-2.875;-200;-200;3131;206;0;
34407;2025.04.20 03:00;-28;-2.875;-200;-200;3130;206;0;
34408;2025.04.20 03:15;-28;-2.875;-200;-200;3130;206;0;
34409;2025.04.20 03:30;-28;-3.0625;-200;-200;3130;206;0;
34410;2025.04.20 03:45;-28;-3.375;-200;-200;3130;206;0;
34411;2025.04.20 04:00;-28;-3.5;-200;-200;3130;206;0;
34412;2025.04.20 04:15;-28;-3.125;-200;-200;3130;206;0;
34413;2025.04.20 04:30;-28;-3.125;-200;-200;3130;206;0;
34414;2025.04.20 04:45;-28;-3.125;-200;-200;3130;206;0;
34415;2025.04.20 05:00;-28;-3.125;-200;-200;3130;206;0;
34416;2025.04.20 05:15;-28;-3.125;-200;-200;3130;206;0;
34417;2025.04.20 05:30;-28;-3;-200;-200;3130;206;0;
34418;2025.04.20 05:45;-28;-3;-200;-200;3131;206;0;
34419;2025.04.20 06:00;-28;-3.0625;-200;-200;3131;206;0;
34420;2025.04.20 06:15;-28;-3;-200;-200;3131;206;0;
34421;2025.04.20 06:30;-28;-3.125;-200;-200;3131;206;0;
34422;2025.04.20 06:45;-28;-3.0625;-200;-200;3131;206;0;
34423;2025.04.20 07:00;-28;-2.9375;-200;-200;3131;206;0;
34424;2025.04.20 07:15;-28;-2.8125;-200;-200;3130;206;0;
34425;2025.04.20 07:30;-28;-2.875;-200;-200;3130;206;0;
34426;2025.04.20 07:45;-28;-3.0625;-200;-200;3130;206;0;
34427;2025.04.20 08:00;-28;-3.25;-200;-200;3130;206;0;
34428;2025.04.20 08:15;-28;-3.1875;-200;-200;3131;206;0;
34429;2025.04.20 08:30;-28;-3.125;-200;-200;3131;206;0;
34430;2025.04.20 08:45;-28;-3.125;-200;-200;3131;206;0;
34431;2025.04.20 09:00;-28;-3.375;-200;-200;3131;206;0;
34432;2025.04.20 09:15;-28;-4.125;-200;-200;3131;206;0;
34433;2025.04.20 09:30;-28;-4.4375;-200;-200;3132;206;0;
34434;2025.04.20 09:45;-28;-4.75;-200;-200;3132;206;0;
34435;2025.04.20 10:00;-28;-5.0625;-200;-200;3132;206;0;
34436;2025.04.20 10:15;-28;-4.75;-200;-200;3132;206;0;
34437;2025.04.20 10:30;-28;-4.8125;-200;-200;3132;206;0;
34438;2025.04.20 10:45;-28;-4.875;-200;-200;3132;206;0;
34439;2025.04.20 11:00;-28;-5.25;-200;-200;3132;206;0;
34440;2025.04.20 11:15;-28;-5;-200;-200;3132;206;0;
34441;2025.04.20 11:30;-28;-5.125;-200;-200;3132;206;0;
34442;2025.04.20 11:45;-28;-5.375;-200;-200;3132;206;0;
34443;2025.04.20 12:00;-28;-5.75;-200;-200;3132;206;0;
34444;2025.04.20 12:15;-28;-6.1875;-200;-200;3132;206;0;
34445;2025.04.20 12:30;-28;-6.3125;-200;-200;3132;206;0;
34446;2025.04.20 12:45;-28;-6.5;-200;-200;3132;206;0;
34447;2025.04.20 13:00;-28;-6.25;-200;-200;3132;206;0;
34448;2025.04.20 13:15;-28;-5.75;-200;-200;3132;206;0;
34449;2025.04.20 13:30;-28;-5.625;-200;-200;3132;206;0;
34450;2025.04.20 13:45;-28;-4.75;-200;-200;3132;206;0;
34451;2025.04.20 14:00;-28;-3.25;-200;-200;3133;206;0;
34452;2025.04.20 14:15;-28;-1.8125;-200;-200;3133;206;0;
34453;2025.04.20 14:30;-28;-1.625;-200;-200;3133;206;0;
34454;2025.04.20 14:45;-28;-1.125;-200;-200;3132;206;0;
34455;2025.04.20 15:00;-28;-0.5625;-200;-200;3133;206;0;
34456;2025.04.20 15:15;-28;0.5;-200;-200;3133;206;0;
34457;2025.04.20 15:30;-28;0.75;-200;-200;3133;206;0;
34458;2025.04.20 15:45;-28;1.75;-200;-200;3133;206;0;
34459;2025.04.20 16:00;-28;2.5;-200;-200;3134;206;0;
34460;2025.04.20 16:15;-28;3;-200;-200;3133;206;0;
34461;2025.04.20 16:30;-28;3.3125;-200;-200;3134;206;0;
34462;2025.04.20 16:45;-28;3;-200;-200;3134;206;0;
34463;2025.04.20 17:00;-28;4.25;-200;-200;3134;206;0;
34464;2025.04.20 17:15;-28;5;-200;-200;3135;206;0;
34465;2025.04.20 17:30;-28;5.5;-200;-200;3135;206;0;
34466;2025.04.20 17:45;-28;6.1875;-200;-200;3135;206;0;
34467;2025.04.20 18:00;-28;6.25;-200;-200;3135;206;0;
34468;2025.04.20 18:15;-28;6.75;-200;-200;3135;206;0;
34469;2025.04.20 18:30;-28;6.3125;-200;-200;3135;206;0;
34470;2025.04.20 18:45;-28;6.75;-200;-200;3135;206;0;
34471;2025.04.20 19:00;-28;7;-200;-200;3135;206;0;
34472;2025.04.20 19:15;-28;7.5625;-200;-200;3135;206;0;
34473;2025.04.20 19:30;-28;9.25;-200;-200;3136;206;0;
34474;2025.04.20 19:45;-28;10.25;-200;-200;3136;206;0;
34475;2025.04.20 20:00;-28;10.75;-200;-200;3136;206;0;
34476;2025.04.20 20:15;-28;11;-200;-200;3136;206;0;
34477;2025.04.20 20:30;-28;10.0625;-200;-200;3136;206;0;
34478;2025.04.20 20:45;-28;9.625;-200;-200;3136;206;0;
34479;2025.04.20 21:00;-28;10.3125;-200;-200;3136;206;0;
34480;2025.04.20 21:15;-28;10.6875;-200;-200;3136;206;0;
34481;2025.04.20 21:30;-28;12.0625;-200;-200;3136;206;0;
34482;2025.04.20 21:45;-28;13.125;-200;-200;3137;206;0;
34483;2025.04.20 22:00;-28;13;-200;-200;3137;206;0;
34484;2025.04.20 22:15;-28;12.125;-200;-200;3136;206;0;
34485;2025.04.20 22:30;-28;10.625;-200;-200;3136;206;0;
34486;2025.04.20 22:45;-28;9.8125;-200;-200;3135;206;0;
34487;2025.04.20 23:00;-28;8.25;-200;-200;3135;206;0;
34488;2025.04.20 23:15;-28;8.125;-200;-200;3135;206;0;
34489;2025.04.20 23:30;-28;10;-200;-200;3135;206;0;
34490;2025.04.20 23:45;-28;7.3125;-200;-200;3135;206;0;
34491;2025.04.21 00:00;-28;6.625;-200;-200;3134;206;0;
34492;2025.04.21 00:15;-28;6.625;-200;-200;3134;206;0;
34493;2025.04.21 00:30;-28;6.25;-200;-200;3135;206;0;
34494;2025.04.21 00:45;-28;9.125;-200;-200;3135;206;0;
34495;2025.04.21 01:00;-28;7;-200;-200;3135;206;0;
34496;2025.04.21 01:15;-28;4.875;-200;-200;3134;206;0;
34497;2025.04.21 01:30;-28;3.75;-200;-200;3134;206;0;
34498;2025.04.21 01:45;-28;2.625;-200;-200;3134;206;0;
34499;2025.04.21 02:00;-28;1.5;-200;-200;3134;206;0;
34500;2025.04.21 02:15;-28;0.5625;-200;-200;3134;206;0;
34501;2025.04.21 02:30;-28;0.125;-200;-200;3134;206;0;
34502;2025.04.21 02:45;-28;-0.0625;-200;-200;3133;206;0;
34503;2025.04.21 03:00;-28;-0.1875;-200;-200;3133;206;0;
34504;2025.04.21 03:15;-28;-0.25;-200;-200;3133;206;0;
34505;2025.04.21 03:30;-28;-0.375;-200;-200;3133;206;0;
34506;2025.04.21 03:45;-28;-0.5625;-200;-200;3133;206;0;
34507;2025.04.21 04:00;-28;-0.625;-200;-200;3133;206;0;
34508;2025.04.21 04:15;-28;-0.75;-200;-200;3133;206;0;
34509;2025.04.21 04:30;-28;-0.625;-200;-200;3133;206;0;
34510;2025.04.21 04:45;-28;-0.5;-200;-200;3133;206;0;
34511;2025.04.21 05:00;-28;-0.25;-200;-200;3133;206;0;
34512;2025.04.21 05:15;-28;-0.25;-200;-200;3133;206;0;
34513;2025.04.21 05:30;-28;-0.25;-200;-200;3133;206;0;
34514;2025.04.21 05:45;-28;-0.25;-200;-200;3133;206;0;
34515;2025.04.21 06:00;-28;-0.375;-200;-200;3133;206;0;
34516;2025.04.21 06:15;-28;0.125;-200;-200;3133;206;0;
34517;2025.04.21 06:30;-28;0.4375;-200;-200;3133;206;0;
34518;2025.04.21 06:45;-28;0.5;-200;-200;3133;206;0;
34519;2025.04.21 07:00;-28;0.375;-200;-200;3133;206;0;
34520;2025.04.21 07:15;-28;0.375;-200;-200;3133;206;0;
34521;2025.04.21 07:30;-28;0.25;-200;-200;3133;206;0;
34522;2025.04.21 07:45;-28;-0.125;-200;-200;3133;206;0;
34523;2025.04.21 08:00;-28;-0.125;-200;-200;3133;206;0;
34524;2025.04.21 08:15;-28;-0.5;-200;-200;3133;206;0;
34525;2025.04.21 08:30;-28;-0.625;-200;-200;3133;206;0;
34526;2025.04.21 08:45;-28;-0.875;-200;-200;3133;206;0;
34527;2025.04.21 09:00;-28;-1.125;-200;-200;3133;206;0;
34528;2025.04.21 09:15;-28;-1.25;-200;-200;3133;206;0;
34529;2025.04.21 09:30;-28;-1.25;-200;-200;3133;206;0;
34530;2025.04.21 09:45;-28;-1.25;-200;-200;3133;206;0;
34531;2025.04.21 10:00;-28;-1.5;-200;-200;3133;206;0;
34532;2025.04.21 10:15;-28;-1.875;-200;-200;3133;206;0;
34533;2025.04.21 10:30;-28;-2.1875;-200;-200;3133;206;0;
34534;2025.04.21 10:45;-28;-2.25;-200;-200;3133;206;0;
34535;2025.04.21 11:00;-28;-2.5625;-200;-200;3133;206;0;
34536;2025.04.21 11:15;-28;-2.625;-200;-200;3133;206;0;
34537;2025.04.21 11:30;-28;-3;-200;-200;3133;206;0;
34538;2025.04.21 11:45;-28;-3.25;-200;-200;3133;206;0;
34539;2025.04.21 12:00;-28;-3.375;-200;-200;3133;206;0;
34540;2025.04.21 12:15;-28;-3.5;-200;-200;3133;206;0;
34541;2025.04.21 12:30;-28;-3.375;-200;-200;3133;206;0;
34542;2025.04.21 12:45;-28;-3.5;-200;-200;3133;206;0;
34543;2025.04.21 13:00;-28;-3.25;-200;-200;3133;206;0;
34544;2025.04.21 13:15;-28;-2.75;-200;-200;3133;206;0;
34545;2025.04.21 13:30;-28;-1.875;-200;-200;3133;206;0;
34546;2025.04.21 13:45;-28;-0.875;-200;-200;3133;206;0;
34547;2025.04.21 14:00;-28;1;-200;-200;3134;206;0;
34548;2025.04.21 14:15;-28;2.6875;-200;-200;3134;206;0;
34549;2025.04.21 14:30;-28;3.75;-200;-200;3134;206;0;
34550;2025.04.21 14:45;-28;4.0625;-200;-200;3134;206;0;
34551;2025.04.21 15:00;-28;4.875;-200;-200;3134;206;0;
34552;2025.04.21 15:15;-28;5.4375;-200;-200;3134;206;0;
34553;2025.04.21 15:30;-28;5.75;-200;-200;3134;206;0;
34554;2025.04.21 15:45;-28;6.1875;-200;-200;3134;206;0;
34555;2025.04.21 16:00;-28;6.875;-200;-200;3134;206;0;
34556;2025.04.21 16:15;-28;7.625;-200;-200;3134;206;0;
34557;2025.04.21 16:30;-28;7.625;-200;-200;3134;206;0;
34558;2025.04.21 16:45;-28;8.125;-200;-200;3134;206;0;
34559;2025.04.21 17:00;-28;9.0625;-200;-200;3134;206;0;
34560;2025.04.21 17:15;-28;9.625;-200;-200;3134;206;0;
34561;2025.04.21 17:30;-28;10.25;-200;-200;3134;206;0;
34562;2025.04.21 17:45;-28;11.625;-200;-200;3134;206;0;
34563;2025.04.21 18:00;-28;12.25;-200;-200;3134;206;0;
34564;2025.04.21 18:15;-28;11.25;-200;-200;3135;206;0;
34565;2025.04.21 18:30;-28;11.8125;-200;-200;3135;206;0;
34566;2025.04.21 18:45;-28;11.25;-200;-200;3134;206;0;
34567;2025.04.21 19:00;-28;11.75;-200;-200;3135;206;0;
34568;2025.04.21 19:15;-28;11.5;-200;-200;3135;206;0;
34569;2025.04.21 19:30;-28;13;-200;-200;3135;206;0;
34570;2025.04.21 19:45;-28;15.25;-200;-200;3136;206;0;
34571;2025.04.21 20:00;-28;15.875;-200;-200;3136;206;0;
34572;2025.04.21 20:15;-28;15.1875;-200;-200;3136;206;0;
34573;2025.04.21 20:30;-28;15.5625;-200;-200;3136;206;0;
34574;2025.04.21 20:45;-28;16.125;-200;-200;3136;206;0;
34575;2025.04.21 21:00;-28;15.75;-200;-200;3136;206;0;
34576;2025.04.21 21:15;-28;16.4375;-200;-200;3136;206;0;
34577;2025.04.21 21:30;-28;17.5625;-200;-200;3137;206;0;
34578;2025.04.21 21:45;-28;16.1875;-200;-200;3136;206;0;
34579;2025.04.21 22:00;-28;17.3125;-200;-200;3136;206;0;
34580;2025.04.21 22:15;-28;15.375;-200;-200;3136;206;0;
34581;2025.04.21 22:30;-28;14.25;-200;-200;3135;206;0;
34582;2025.04.21 22:45;-28;14;-200;-200;3135;206;0;
34583;2025.04.21 23:00;-28;12.375;-200;-200;3135;206;0;
34584;2025.04.21 23:15;-28;12.625;-200;-200;3135;206;0;
34585;2025.04.21 23:30;-28;15.8125;-200;-200;3136;206;0;
34586;2025.04.21 23:45;-28;12.5;-200;-200;3135;206;0;
34587;2025.04.22 00:00;-28;11.25;-200;-200;3134;206;0;
34588;2025.04.22 00:15;-28;10.625;-200;-200;3134;206;0;
34589;2025.04.22 00:30;-28;9.75;-200;-200;3134;206;0;
34590;2025.04.22 00:45;-28;9.625;-200;-200;3134;206;0;
34591;2025.04.22 01:00;-28;9.1875;-200;-200;3134;206;0;
34592;2025.04.22 01:15;-28;7.875;-200;-200;3134;206;0;
34593;2025.04.22 01:30;-28;6.5;-200;-200;3134;206;0;
34594;2025.04.22 01:45;-28;5.3125;-200;-200;3133;206;0;
34595;2025.04.22 02:00;-28;4.375;-200;-200;3134;206;0;
34596;2025.04.22 02:15;-28;3.625;-200;-200;3133;206;0;
34597;2025.04.22 02:30;-28;3;-200;-200;3133;206;0;
34598;2025.04.22 02:45;-28;2.75;-200;-200;3133;206;0;
34599;2025.04.22 03:00;-28;2.125;-200;-200;3133;206;0;
34600;2025.04.22 03:15;-28;1.6875;-200;-200;3133;206;0;
34601;2025.04.22 03:30;-28;1.375;-200;-200;3133;206;0;
34602;2025.04.22 03:45;-28;1.125;-200;-200;3133;206;0;
34603;2025.04.22 04:00;-28;0.875;-200;-200;3133;206;0;
34604;2025.04.22 04:15;-28;0.75;-200;-200;3133;206;0;
34605;2025.04.22 04:30;-28;0.625;-200;-200;3133;206;0;
34606;2025.04.22 04:45;-28;0.625;-200;-200;3133;206;0;
34607;2025.04.22 05:00;-28;0.5;-200;-200;3133;206;0;
34608;2025.04.22 05:15;-28;0.5;-200;-200;3133;206;0;
34609;2025.04.22 05:30;-28;0.625;-200;-200;3133;206;0;
34610;2025.04.22 05:45;-28;0.5;-200;-200;3133;206;0;
34611;2025.04.22 06:00;-28;0.3125;-200;-200;3133;206;0;
34612;2025.04.22 06:15;-28;0.0625;-200;-200;3133;206;0;
34613;2025.04.22 06:30;-28;-0.125;-200;-200;3133;206;0;
34614;2025.04.22 06:45;-28;0;-200;-200;3133;206;0;
34615;2025.04.22 07:00;-28;-0.1875;-200;-200;3133;206;0;
34616;2025.04.22 07:15;-28;-0.375;-200;-200;3133;206;0;
34617;2025.04.22 07:30;-28;-0.4375;-200;-200;3133;206;0;
34618;2025.04.22 07:45;-28;-0.5625;-200;-200;3133;206;0;
34619;2025.04.22 08:00;-28;-0.5625;-200;-200;3133;206;0;
34620;2025.04.22 08:15;-28;-0.625;-200;-200;3133;206;0;
34621;2025.04.22 08:30;-28;-0.5;-200;-200;3133;206;0;
34622;2025.04.22 08:45;-28;-0.375;-200;-200;3133;206;0;
34623;2025.04.22 09:00;-28;-0.375;-200;-200;3133;206;0;
34624;2025.04.22 09:15;-28;-0.375;-200;-200;3133;206;0;
34625;2025.04.22 09:30;-28;-0.375;-200;-200;3133;206;0;
34626;2025.04.22 09:45;-28;-0.375;-200;-200;3133;206;0;
34627;2025.04.22 10:00;-28;-0.375;-200;-200;3133;206;0;
34628;2025.04.22 10:15;-28;-0.3125;-200;-200;3133;206;0;
34629;2025.04.22 10:30;-28;-0.1875;-200;-200;3133;206;0;
34630;2025.04.22 10:45;-28;-0.0625;-200;-200;3133;206;0;
34631;2025.04.22 11:00;-28;-0.1875;-200;-200;3133;206;0;
34632;2025.04.22 11:15;-28;-0.125;-200;-200;3133;206;0;
34633;2025.04.22 11:30;-28;-0.25;-200;-200;3133;206;0;
34634;2025.04.22 11:45;-28;-0.5;-200;-200;3133;206;0;
34635;2025.04.22 12:00;-28;-0.375;-200;-200;3133;206;0;
34636;2025.04.22 12:15;-28;-0.25;-200;-200;3133;206;0;
34637;2025.04.22 12:30;-28;-0.25;-200;-200;3133;206;0;
34638;2025.04.22 12:45;-28;0;-200;-200;3133;206;0;
34639;2025.04.22 13:00;-28;0.375;-200;-200;3133;206;0;
34640;2025.04.22 13:15;-28;1;-200;-200;3133;206;0;
34641;2025.04.22 13:30;-28;2.25;-200;-200;3133;206;0;
34642;2025.04.22 13:45;-28;3.875;-200;-200;3134;206;0;
34643;2025.04.22 14:00;-28;5.5;-200;-200;3134;206;0;
34644;2025.04.22 14:15;-28;6.875;-200;-200;3134;206;0;
34645;2025.04.22 14:30;-28;7.875;-200;-200;3134;206;0;
34646;2025.04.22 14:45;-28;8.6875;-200;-200;3134;206;0;
34647;2025.04.22 15:00;-28;9.5;-200;-200;3134;206;0;
34648;2025.04.22 15:15;-28;9.75;-200;-200;3134;206;0;
34649;2025.04.22 15:30;-28;10.125;-200;-200;3134;206;0;
34650;2025.04.22 15:45;-28;10.625;-200;-200;3134;206;0;
34651;2025.04.22 16:00;-28;11;-200;-200;3134;206;0;
34652;2025.04.22 16:15;-28;11.375;-200;-200;3134;206;0;
34653;2025.04.22 16:30;-28;12.3125;-200;-200;3134;206;0;
34654;2025.04.22 16:45;-28;12.1875;-200;-200;3134;206;0;
34655;2025.04.22 17:00;-28;13.5;-200;-200;3134;206;0;
34656;2025.04.22 17:15;-28;13.9375;-200;-200;3134;206;0;
34657;2025.04.22 17:30;-28;13.5;-200;-200;3134;206;0;
34658;2025.04.22 17:45;-28;14.375;-200;-200;3135;206;0;
34659;2025.04.22 18:00;-28;14.875;-200;-200;3135;206;0;
34660;2025.04.22 18:15;-28;15.5;-200;-200;3135;206;0;
34661;2025.04.22 18:30;-28;15.75;-200;-200;3135;206;0;
34662;2025.04.22 18:45;-28;15.0625;-200;-200;3135;206;0;
34663;2025.04.22 19:00;-28;16.0625;-200;-200;3135;206;0;
34664;2025.04.22 19:15;-28;15.75;-200;-200;3135;206;0;
34665;2025.04.22 19:30;-28;17.875;-200;-200;3136;206;0;
34666;2025.04.22 19:45;-28;18.125;-200;-200;3136;206;0;
34667;2025.04.22 20:00;-28;18.5;-200;-200;3136;206;0;
34668;2025.04.22 20:15;-28;19.5;-200;-200;3136;206;0;
34669;2025.04.22 20:30;-28;19.375;-200;-200;3137;206;0;
34670;2025.04.22 20:45;-28;19.375;-200;-200;3136;206;0;
34671;2025.04.22 21:00;-28;19.625;-200;-200;3136;206;0;
34672;2025.04.22 21:15;-28;21.75;-200;-200;3138;206;0;
34673;2025.04.22 21:30;-28;21.25;-200;-200;3137;206;0;
34674;2025.04.22 21:45;-28;20;-200;-200;3137;206;0;
34675;2025.04.22 22:00;-28;22.125;-200;-200;3137;206;0;
34676;2025.04.22 22:15;-28;19;-200;-200;3137;206;0;
34677;2025.04.22 22:30;-28;16.75;-200;-200;3135;206;0;
34678;2025.04.22 22:45;-28;17.5;-200;-200;3135;206;0;
34679;2025.04.22 23:00;-28;16.375;-200;-200;3135;206;0;
34680;2025.04.22 23:15;-28;16.875;-200;-200;3135;206;0;
34681;2025.04.22 23:30;-28;16.25;-200;-200;3135;206;0;
34682;2025.04.22 23:45;-28;14.625;-200;-200;3134;206;0;
34683;2025.04.23 00:00;-28;14.625;-200;-200;3134;206;0;
34684;2025.04.23 00:15;-28;14.8125;-200;-200;3134;206;0;
34685;2025.04.23 00:30;-28;13.8125;-200;-200;3134;206;0;
34686;2025.04.23 00:45;-28;16;-200;-200;3134;206;0;
34687;2025.04.23 01:00;-28;13.625;-200;-200;3134;206;0;
34688;2025.04.23 01:15;-28;11.8125;-200;-200;3133;206;0;
34689;2025.04.23 01:30;-28;10.875;-200;-200;3133;206;0;
34690;2025.04.23 01:45;-28;9.625;-200;-200;3133;206;0;
34691;2025.04.23 02:00;-28;8.5;-200;-200;3132;206;0;
34692;2025.04.23 02:15;-28;7.6875;-200;-200;3132;206;0;
34693;2025.04.23 02:30;-28;6.875;-200;-200;3132;206;0;
34694;2025.04.23 02:45;-28;6.3125;-200;-200;3132;206;0;
34695;2025.04.23 03:00;-28;6.3125;-200;-200;3132;206;0;
34696;2025.04.23 03:15;-28;5.875;-200;-200;3132;206;0;
34697;2025.04.23 03:30;-28;5.75;-200;-200;3132;206;0;
34698;2025.04.23 03:45;-28;5.4375;-200;-200;3132;206;0;
34699;2025.04.23 04:00;-28;4.75;-200;-200;3132;206;0;
34700;2025.04.23 04:15;-28;4.875;-200;-200;3132;206;0;
34701;2025.04.23 04:30;-28;4.625;-200;-200;3132;206;0;
34702;2025.04.23 04:45;-28;4.125;-200;-200;3132;206;0;
34703;2025.04.23 05:00;-28;4;-200;-200;3132;206;0;
34704;2025.04.23 05:15;-28;3.75;-200;-200;3132;206;0;
34705;2025.04.23 05:30;-28;3.5;-200;-200;3132;206;0;
34706;2025.04.23 05:45;-28;3.75;-200;-200;3132;206;0;
34707;2025.04.23 06:00;-28;3.875;-200;-200;3132;206;0;
34708;2025.04.23 06:15;-28;3.75;-200;-200;3132;206;0;
34709;2025.04.23 06:30;-28;3.25;-200;-200;3132;206;0;
34710;2025.04.23 06:45;-28;2.625;-200;-200;3132;206;0;
34711;2025.04.23 07:00;-28;2.375;-200;-200;3132;206;0;
34712;2025.04.23 07:15;-28;2.5;-200;-200;3132;206;0;
34713;2025.04.23 07:30;-28;3;-200;-200;3132;206;0;
34714;2025.04.23 07:45;-28;2.125;-200;-200;3132;206;0;
34715;2025.04.23 08:00;-28;1.875;-200;-200;3132;206;0;
34716;2025.04.23 08:15;-28;1.75;-200;-200;3132;206;0;
34717;2025.04.23 08:30;-28;1.625;-200;-200;3132;206;0;
34718;2025.04.23 08:45;-28;1.5;-200;-200;3132;206;0;
34719;2025.04.23 09:00;-28;1.4375;-200;-200;3132;206;0;
34720;2025.04.23 09:15;-28;1.375;-200;-200;3132;206;0;
34721;2025.04.23 09:30;-28;1.625;-200;-200;3132;206;0;
34722;2025.04.23 09:45;-28;1.5625;-200;-200;3132;206;0;
34723;2025.04.23 10:00;-28;2;-200;-200;3132;206;0;
34724;2025.04.23 10:15;-28;1.75;-200;-200;3132;206;0;
34725;2025.04.23 10:30;-28;2.125;-200;-200;3132;206;0;
34726;2025.04.23 10:45;-28;2.375;-200;-200;3132;206;0;
34727;2025.04.23 11:00;-28;3.125;-200;-200;3132;206;0;
34728;2025.04.23 11:15;-28;3.125;-200;-200;3132;206;0;
34729;2025.04.23 11:30;-28;3.375;-200;-200;3132;206;0;
34730;2025.04.23 11:45;-28;3.6875;-200;-200;3132;206;0;
34731;2025.04.23 12:00;-28;3.625;-200;-200;3132;206;0;
34732;2025.04.23 12:15;-28;3.625;-200;-200;3132;206;0;
34733;2025.04.23 12:30;-28;3.5;-200;-200;3132;206;0;
34734;2025.04.23 12:45;-28;3.25;-200;-200;3132;206;0;
34735;2025.04.23 13:00;-28;4;-200;-200;3132;206;0;
34736;2025.04.23 13:15;-28;5;-200;-200;3132;206;0;
34737;2025.04.23 13:30;-28;5.9375;-200;-200;3132;206;0;
34738;2025.04.23 13:45;-28;6.75;-200;-200;3132;206;0;
34739;2025.04.23 14:00;-28;8.625;-200;-200;3132;206;0;
34740;2025.04.23 14:15;-28;9.75;-200;-200;3132;206;0;
34741;2025.04.23 14:30;-28;10.375;-200;-200;3133;206;0;
34742;2025.04.23 14:45;-28;11;-200;-200;3133;206;0;
34743;2025.04.23 15:00;-28;11.5;-200;-200;3133;206;0;
34744;2025.04.23 15:15;-28;12.625;-200;-200;3133;206;0;
34745;2025.04.23 15:30;-28;12.4375;-200;-200;3133;206;0;
34746;2025.04.23 15:45;-28;13.0625;-200;-200;3133;206;0;
34747;2025.04.23 16:00;-28;14.1875;-200;-200;3133;206;0;
34748;2025.04.23 16:15;-28;14.375;-200;-200;3133;206;0;
34749;2025.04.23 16:30;-28;14.875;-200;-200;3133;206;0;
34750;2025.04.23 16:45;-28;14.375;-200;-200;3134;206;0;
34751;2025.04.23 17:00;-28;15.1875;-200;-200;3134;206;0;
34752;2025.04.23 17:15;-28;16.625;-200;-200;3134;206;0;
34753;2025.04.23 17:30;-28;16.9375;-200;-200;3134;206;0;
34754;2025.04.23 17:45;-28;17.75;-200;-200;3134;206;0;
34755;2025.04.23 18:00;-28;17.125;-200;-200;3134;206;0;
34756;2025.04.23 18:15;-28;18;-200;-200;3134;206;0;
34757;2025.04.23 18:30;-28;18.8125;-200;-200;3134;206;0;
34758;2025.04.23 18:45;-28;17.6875;-200;-200;3134;206;0;
34759;2025.04.23 19:00;-28;17.125;-200;-200;3134;206;0;
34760;2025.04.23 19:15;-28;17.8125;-200;-200;3134;206;0;
34761;2025.04.23 19:30;-28;19.875;-200;-200;3135;206;0;
34762;2025.04.23 19:45;-28;21.125;-200;-200;3136;206;0;
34763;2025.04.23 20:00;-28;21.25;-200;-200;3136;206;0;
34764;2025.04.23 20:15;-28;20.5;-200;-200;3136;206;0;
34765;2025.04.23 20:30;-28;22;-200;-200;3136;206;0;
34766;2025.04.23 20:45;-28;20.25;-200;-200;3136;206;0;
34767;2025.04.23 21:00;-28;21.25;-200;-200;3135;206;0;
34768;2025.04.23 21:15;-28;23.1875;-200;-200;3136;206;0;
34769;2025.04.23 21:30;-28;23.25;-200;-200;3136;206;0;
34770;2025.04.23 21:45;-28;23.9375;-200;-200;3136;206;0;
34771;2025.04.23 22:00;-28;18.375;-200;-200;3135;206;0;
34772;2025.04.23 22:15;-28;20.5;-200;-200;3135;206;0;
34773;2025.04.23 22:30;-28;16.0625;-200;-200;3134;206;0;
34774;2025.04.23 22:45;-28;17.75;-200;-200;3134;206;0;
34775;2025.04.23 23:00;-28;17.5;-200;-200;3134;206;0;
34776;2025.04.23 23:15;-28;18.5;-200;-200;3134;206;0;
34777;2025.04.23 23:30;-28;18.25;-200;-200;3134;206;0;
34778;2025.04.23 23:45;-28;15.5;-200;-200;3133;206;0;
34779;2025.04.24 00:00;-28;15.25;-200;-200;3133;206;0;
34780;2025.04.24 00:15;-28;15.125;-200;-200;3133;206;0;
34781;2025.04.24 00:30;-28;14.125;-200;-200;3133;206;0;
34782;2025.04.24 00:45;-28;16.375;-200;-200;3133;206;0;
34783;2025.04.24 01:00;-28;13.1875;-200;-200;3133;206;0;
34784;2025.04.24 01:15;-28;11.875;-200;-200;3132;206;0;
34785;2025.04.24 01:30;-28;10.875;-200;-200;3132;206;0;
34786;2025.04.24 01:45;-28;10.125;-200;-200;3132;206;0;
34787;2025.04.24 02:00;-28;8.75;-200;-200;3132;206;0;
34788;2025.04.24 02:15;-28;7.5;-200;-200;3131;206;0;
34789;2025.04.24 02:30;-28;6.625;-200;-200;3131;206;0;
34790;2025.04.24 02:45;-28;6.1875;-200;-200;3131;206;0;
34791;2025.04.24 03:00;-28;5.9375;-200;-200;3131;206;0;
34792;2025.04.24 03:15;-28;5.875;-200;-200;3131;206;0;
34793;2025.04.24 03:30;-28;6;-200;-200;3131;206;0;
34794;2025.04.24 03:45;-28;6.125;-200;-200;3131;206;0;
34795;2025.04.24 04:00;-28;7.125;-200;-200;3131;206;0;
34796;2025.04.24 04:15;-28;8.125;-200;-200;3131;206;0;
34797;2025.04.24 04:30;-28;7.625;-200;-200;3131;206;0;
34798;2025.04.24 04:45;-28;6.875;-200;-200;3131;206;0;
34799;2025.04.24 05:00;-28;7.25;-200;-200;3131;206;0;
34800;2025.04.24 05:15;-28;6.875;-200;-200;3131;206;0;
34801;2025.04.24 05:30;-28;6.375;-200;-200;3131;206;0;
34802;2025.04.24 05:45;-28;6.25;-200;-200;3131;206;0;
34803;2025.04.24 06:00;-28;5.625;-200;-200;3131;206;0;
34804;2025.04.24 06:15;-28;5.5625;-200;-200;3131;206;0;
34805;2025.04.24 06:30;-28;7.375;-200;-200;3131;206;0;
34806;2025.04.24 06:45;-28;7.1875;-200;-200;3131;206;0;
34807;2025.04.24 07:00;-28;6.625;-200;-200;3131;206;0;
34808;2025.04.24 07:15;-28;6.4375;-200;-200;3131;206;0;
34809;2025.04.24 07:30;-28;6.5;-200;-200;3131;206;0;
34810;2025.04.24 07:45;-28;5.3125;-200;-200;3131;206;0;
34811;2025.04.24 08:00;-28;5;-200;-200;3131;206;0;
34812;2025.04.24 08:15;-28;4.5;-200;-200;3131;206;0;
34813;2025.04.24 08:30;-28;3.75;-200;-200;3131;206;0;
34814;2025.04.24 08:45;-28;3.3125;-200;-200;3131;206;0;
34815;2025.04.24 09:00;-28;2.75;-200;-200;3131;206;0;
34816;2025.04.24 09:15;-28;2.25;-200;-200;3130;206;0;
34817;2025.04.24 09:30;-28;1.9375;-200;-200;3130;206;0;
34818;2025.04.24 09:45;-28;1.5625;-200;-200;3130;206;0;
34819;2025.04.24 10:00;-28;1;-200;-200;3130;206;0;
34820;2025.04.24 10:15;-28;0.5;-200;-200;3130;206;0;
34821;2025.04.24 10:30;-28;0.25;-200;-200;3130;206;0;
34822;2025.04.24 10:45;-28;0.5;-200;-200;3130;206;0;
34823;2025.04.24 11:00;-28;0.75;-200;-200;3130;206;0;
34824;2025.04.24 11:15;-28;0.375;-200;-200;3130;206;0;
34825;2025.04.24 11:30;-28;0.25;-200;-200;3130;206;0;
34826;2025.04.24 11:45;-28;-0.125;-200;-200;3130;206;0;
34827;2025.04.24 12:00;-28;-0.375;-200;-200;3130;206;0;
34828;2025.04.24 12:15;-28;-1;-200;-200;3130;206;0;
34829;2025.04.24 12:30;-28;-1.125;-200;-200;3130;206;0;
34830;2025.04.24 12:45;-28;-1;-200;-200;3130;206;0;
34831;2025.04.24 13:00;-28;-1;-200;-200;3130;206;0;
34832;2025.04.24 13:15;-28;-0.5;-200;-200;3130;206;0;
34833;2025.04.24 13:30;-28;0.4375;-200;-200;3130;206;0;
34834;2025.04.24 13:45;-28;2.75;-200;-200;3130;206;0;
34835;2025.04.24 14:00;-28;4.25;-200;-200;3131;206;0;
34836;2025.04.24 14:15;-28;5.5;-200;-200;3131;206;0;
34837;2025.04.24 14:30;-28;6.125;-200;-200;3131;206;0;
34838;2025.04.24 14:45;-28;6.625;-200;-200;3131;206;0;
34839;2025.04.24 15:00;-28;7.5;-200;-200;3131;206;0;
34840;2025.04.24 15:15;-28;8.3125;-200;-200;3131;206;0;
34841;2025.04.24 15:30;-28;9.25;-200;-200;3131;206;0;
34842;2025.04.24 15:45;-28;9.625;-200;-200;3131;206;0;
34843;2025.04.24 16:00;-28;10.75;-200;-200;3131;206;0;
34844;2025.04.24 16:15;-28;10.5;-200;-200;3131;206;0;
34845;2025.04.24 16:30;-28;11.375;-200;-200;3131;206;0;
34846;2025.04.24 16:45;-28;11.375;-200;-200;3132;206;0;
34847;2025.04.24 17:00;-28;12.25;-200;-200;3132;206;0;
34848;2025.04.24 17:15;-28;13.5;-200;-200;3132;206;0;
34849;2025.04.24 17:30;-28;13.9375;-200;-200;3132;206;0;
34850;2025.04.24 17:45;-28;13.5;-200;-200;3132;206;0;
34851;2025.04.24 18:00;-28;14.375;-200;-200;3132;206;0;
34852;2025.04.24 18:15;-28;14.8125;-200;-200;3133;206;0;
34853;2025.04.24 18:30;-28;15.375;-200;-200;3133;206;0;
34854;2025.04.24 18:45;-28;15.125;-200;-200;3133;206;0;
34855;2025.04.24 19:00;-28;15.375;-200;-200;3133;206;0;
34856;2025.04.24 19:15;-28;17;-200;-200;3133;206;0;
34857;2025.04.24 19:30;-28;17.3125;-200;-200;3133;206;0;
34858;2025.04.24 19:45;-28;18.5625;-200;-200;3134;206;0;
34859;2025.04.24 20:00;-28;18.75;-200;-200;3134;206;0;
34860;2025.04.24 20:15;-28;19.5;-200;-200;3134;206;0;
34861;2025.04.24 20:30;-28;19.125;-200;-200;3134;206;0;
34862;2025.04.24 20:45;-28;19.5;-200;-200;3134;206;0;
34863;2025.04.24 21:00;-28;20.25;-200;-200;3134;206;0;
34864;2025.04.24 21:15;-28;20;-200;-200;3134;206;0;
34865;2025.04.24 21:30;-28;20.4375;-200;-200;3134;206;0;
34866;2025.04.24 21:45;-28;20.3125;-200;-200;3134;206;0;
34867;2025.04.24 22:00;-28;20.4375;-200;-200;3134;206;0;
34868;2025.04.24 22:15;-28;18.375;-200;-200;3134;206;0;
34869;2025.04.24 22:30;-28;17.25;-200;-200;3133;206;0;
34870;2025.04.24 22:45;-28;17.875;-200;-200;3133;206;0;
34871;2025.04.24 23:00;-28;16.75;-200;-200;3133;206;0;
34872;2025.04.24 23:15;-28;16.75;-200;-200;3133;206;0;
34873;2025.04.24 23:30;-28;17.125;-200;-200;3133;206;0;
34874;2025.04.24 23:45;-28;14.875;-200;-200;3132;206;0;
34875;2025.04.25 00:00;-28;14.875;-200;-200;3132;206;0;
34876;2025.04.25 00:15;-28;14.375;-200;-200;3132;206;0;
34877;2025.04.25 00:30;-28;14.625;-200;-200;3132;206;0;
34878;2025.04.25 00:45;-28;16.375;-200;-200;3132;206;0;
34879;2025.04.25 01:00;-28;13.625;-200;-200;3132;206;0;
34880;2025.04.25 01:15;-28;12.5;-200;-200;3131;206;0;
34881;2025.04.25 01:30;-28;11.5;-200;-200;3131;206;0;
34882;2025.04.25 01:45;-28;10.5;-200;-200;3131;206;0;
34883;2025.04.25 02:00;-28;9;-200;-200;3130;206;0;
34884;2025.04.25 02:15;-28;8;-200;-200;3130;206;0;
34885;2025.04.25 02:30;-28;6.625;-200;-200;3130;206;0;
34886;2025.04.25 02:45;-28;5.6875;-200;-200;3130;206;0;
34887;2025.04.25 03:00;-28;5.125;-200;-200;3130;206;0;
34888;2025.04.25 03:15;-28;4.6875;-200;-200;3130;206;0;
34889;2025.04.25 03:30;-28;4.5;-200;-200;3130;206;0;
34890;2025.04.25 03:45;-28;4.375;-200;-200;3130;206;0;
34891;2025.04.25 04:00;-28;3.9375;-200;-200;3130;206;0;
34892;2025.04.25 04:15;-28;3.625;-200;-200;3130;206;0;
34893;2025.04.25 04:30;-28;3.375;-200;-200;3130;206;0;
34894;2025.04.25 04:45;-28;3.25;-200;-200;3130;206;0;
34895;2025.04.25 05:00;-28;3.0625;-200;-200;3130;206;0;
34896;2025.04.25 05:15;-28;3.0625;-200;-200;3130;206;0;
34897;2025.04.25 05:30;-28;3;-200;-200;3130;206;0;
34898;2025.04.25 05:45;-28;2.875;-200;-200;3130;206;0;
34899;2025.04.25 06:00;-28;2.875;-200;-200;3130;206;0;
34900;2025.04.25 06:15;-28;2.5625;-200;-200;3130;206;0;
34901;2025.04.25 06:30;-28;2.75;-200;-200;3130;206;0;
34902;2025.04.25 06:45;-28;3.375;-200;-200;3130;206;0;
34903;2025.04.25 07:00;-28;3.25;-200;-200;3130;206;0;
34904;2025.04.25 07:15;-28;3.625;-200;-200;3130;206;0;
34905;2025.04.25 07:30;-28;3.25;-200;-200;3130;206;0;
34906;2025.04.25 07:45;-28;3.5;-200;-200;3130;206;0;
34907;2025.04.25 08:00;-28;3.0625;-200;-200;3130;206;0;
34908;2025.04.25 08:15;-28;2.625;-200;-200;3130;206;0;
34909;2025.04.25 08:30;-28;2.3125;-200;-200;3130;206;0;
34910;2025.04.25 08:45;-28;2;-200;-200;3130;206;0;
34911;2025.04.25 09:00;-28;2.5625;-200;-200;3130;206;0;
34912;2025.04.25 09:15;-28;2.375;-200;-200;3130;206;0;
34913;2025.04.25 09:30;-28;1.6875;-200;-200;3130;206;0;
34914;2025.04.25 09:45;-28;1.5;-200;-200;3130;206;0;
34915;2025.04.25 10:00;-28;1.75;-200;-200;3130;206;0;
34916;2025.04.25 10:15;-28;2.25;-200;-200;3130;206;0;
34917;2025.04.25 10:30;-28;3;-200;-200;3130;206;0;
34918;2025.04.25 10:45;-28;2.75;-200;-200;3130;206;0;
34919;2025.04.25 11:00;-28;1.75;-200;-200;3130;206;0;
34920;2025.04.25 11:15;-28;1.25;-200;-200;3130;206;0;
34921;2025.04.25 11:30;-28;0.875;-200;-200;3130;206;0;
34922;2025.04.25 11:45;-28;1.0625;-200;-200;3130;206;0;
34923;2025.04.25 12:00;-28;1.25;-200;-200;3130;206;0;
34924;2025.04.25 12:15;-28;1.625;-200;-200;3130;206;0;
34925;2025.04.25 12:30;-28;2.0625;-200;-200;3130;206;0;
34926;2025.04.25 12:45;-28;2;-200;-200;3130;206;0;
34927;2025.04.25 13:00;-28;2.625;-200;-200;3130;206;0;
34928;2025.04.25 13:15;-28;3.8125;-200;-200;3130;206;0;
34929;2025.04.25 13:30;-28;4.5;-200;-200;3130;206;0;
34930;2025.04.25 13:45;-28;5.875;-200;-200;3130;206;0;
34931;2025.04.25 14:00;-28;7.1875;-200;-200;3130;206;0;
34932;2025.04.25 14:15;-28;9;-200;-200;3130;206;0;
34933;2025.04.25 14:30;-28;10;-200;-200;3131;206;0;
34934;2025.04.25 14:45;-28;10.75;-200;-200;3131;206;0;
34935;2025.04.25 15:00;-28;11.4375;-200;-200;3131;206;0;
34936;2025.04.25 15:15;-28;12.375;-200;-200;3131;206;0;
34937;2025.04.25 15:30;-28;13.5;-200;-200;3131;206;0;
34938;2025.04.25 15:45;-28;13.75;-200;-200;3132;206;0;
34939;2025.04.25 16:00;-28;14.5;-200;-200;3132;206;0;
34940;2025.04.25 16:15;-28;14.1875;-200;-200;3132;206;0;
34941;2025.04.25 16:30;-28;15.25;-200;-200;3132;206;0;
34942;2025.04.25 16:45;-28;14.625;-200;-200;3132;206;0;
34943;2025.04.25 17:00;-28;14.625;-200;-200;3132;206;0;
34944;2025.04.25 17:15;-28;15.9375;-200;-200;3132;206;0;
34945;2025.04.25 17:30;-28;16.6875;-200;-200;3132;206;0;
34946;2025.04.25 17:45;-28;16.875;-200;-200;3132;206;0;
34947;2025.04.25 18:00;-28;17.6875;-200;-200;3132;206;0;
34948;2025.04.25 18:15;-28;17.25;-200;-200;3132;206;0;
34949;2025.04.25 18:30;-28;17.375;-200;-200;3132;206;0;
34950;2025.04.25 18:45;-28;18.75;-200;-200;3132;206;0;
34951;2025.04.25 19:00;-28;18.875;-200;-200;3132;206;0;
34952;2025.04.25 19:15;-28;19.25;-200;-200;3133;206;0;
34953;2025.04.25 19:30;-28;20.25;-200;-200;3133;206;0;
34954;2025.04.25 19:45;-28;19.9375;-200;-200;3133;206;0;
34955;2025.04.25 20:00;-28;21.6875;-200;-200;3133;206;0;
34956;2025.04.25 20:15;-28;21.75;-200;-200;3133;206;0;
34957;2025.04.25 20:30;-28;20.875;-200;-200;3133;206;0;
34958;2025.04.25 20:45;-28;21.9375;-200;-200;3133;206;0;
34959;2025.04.25 21:00;-28;21.875;-200;-200;3134;206;0;
34960;2025.04.25 21:15;-28;23.25;-200;-200;3134;206;0;
34961;2025.04.25 21:30;-28;23.125;-200;-200;3134;206;0;
34962;2025.04.25 21:45;-28;21.875;-200;-200;3134;206;0;
34963;2025.04.25 22:00;-28;22.875;-200;-200;3134;206;0;
34964;2025.04.25 22:15;-28;20.75;-200;-200;3133;206;0;
34965;2025.04.25 22:30;-28;19.6875;-200;-200;3132;206;0;
34966;2025.04.25 22:45;-28;19.625;-200;-200;3132;206;0;
34967;2025.04.25 23:00;-28;19.25;-200;-200;3132;206;0;
34968;2025.04.25 23:15;-28;19.125;-200;-200;3132;206;0;
34969;2025.04.25 23:30;-28;18;-200;-200;3132;206;0;
34970;2025.04.25 23:45;-28;16.125;-200;-200;3131;206;0;
34971;2025.04.26 00:00;-28;16.0625;-200;-200;3131;206;0;
34972;2025.04.26 00:15;-28;15.75;-200;-200;3131;206;0;
34973;2025.04.26 00:30;-28;15.125;-200;-200;3131;206;0;
34974;2025.04.26 00:45;-28;13.875;-200;-200;3130;206;0;
34975;2025.04.26 01:00;-28;12.875;-200;-200;3130;206;0;
34976;2025.04.26 01:15;-28;12.375;-200;-200;3130;206;0;
34977;2025.04.26 01:30;-28;11.875;-200;-200;3130;206;0;
34978;2025.04.26 01:45;-28;11.5;-200;-200;3130;206;0;
34979;2025.04.26 02:00;-28;11.1875;-200;-200;3129;206;0;
34980;2025.04.26 02:15;-28;11.125;-200;-200;3130;206;0;
34981;2025.04.26 02:30;-28;11;-200;-200;3129;206;0;
34982;2025.04.26 02:45;-28;10.5;-200;-200;3130;206;0;
34983;2025.04.26 03:00;-28;10.25;-200;-200;3129;206;0;
34984;2025.04.26 03:15;-28;9.875;-200;-200;3129;206;0;
34985;2025.04.26 03:30;-28;9.75;-200;-200;3129;206;0;
34986;2025.04.26 03:45;-28;9.625;-200;-200;3130;206;0;
34987;2025.04.26 04:00;-28;9.4375;-200;-200;3130;206;0;
34988;2025.04.26 04:15;-28;9.125;-200;-200;3129;206;0;
34989;2025.04.26 04:30;-28;8.875;-200;-200;3129;206;0;
34990;2025.04.26 04:45;-28;8.625;-200;-200;3129;206;0;
34991;2025.04.26 05:00;-28;8.375;-200;-200;3129;206;0;
34992;2025.04.26 05:15;-28;8.25;-200;-200;3129;206;0;
34993;2025.04.26 05:30;-28;8.125;-200;-200;3129;206;0;
34994;2025.04.26 05:45;-28;7.8125;-200;-200;3129;206;0;
34995;2025.04.26 06:00;-28;7.125;-200;-200;3129;206;0;
34996;2025.04.26 06:15;-28;7.375;-200;-200;3129;206;0;
34997;2025.04.26 06:30;-28;7;-200;-200;3129;206;0;
34998;2025.04.26 06:45;-28;6.6875;-200;-200;3129;206;0;
34999;2025.04.26 07:00;-28;6.25;-200;-200;3129;206;0;
35000;2025.04.26 07:15;-28;6.125;-200;-200;3129;206;0;
35001;2025.04.26 07:30;-28;5.875;-200;-200;3129;206;0;
35002;2025.04.26 07:45;-28;5.25;-200;-200;3129;206;0;
35003;2025.04.26 08:00;-28;4.875;-200;-200;3129;206;0;
35004;2025.04.26 08:15;-28;4.5625;-200;-200;3129;206;0;
35005;2025.04.26 08:30;-28;4.375;-200;-200;3128;206;0;
35006;2025.04.26 08:45;-28;4.125;-200;-200;3129;206;0;
35007;2025.04.26 09:00;-28;3.5;-200;-200;3128;206;0;
35008;2025.04.26 09:15;-28;2.875;-200;-200;3128;206;0;
35009;2025.04.26 09:30;-28;2.625;-200;-200;3128;206;0;
35010;2025.04.26 09:45;-28;2.4375;-200;-200;3128;206;0;
35011;2025.04.26 10:00;-28;2.25;-200;-200;3128;206;0;
35012;2025.04.26 10:15;-28;2.625;-200;-200;3128;206;0;
35013;2025.04.26 10:30;-28;2.25;-200;-200;3128;206;0;
35014;2025.04.26 10:45;-28;3.0625;-200;-200;3128;206;0;
35015;2025.04.26 11:00;-28;3.0625;-200;-200;3128;206;0;
35016;2025.04.26 11:15;-28;2.4375;-200;-200;3129;206;0;
35017;2025.04.26 11:30;-28;1.625;-200;-200;3128;206;0;
35018;2025.04.26 11:45;-28;1.25;-200;-200;3128;206;0;
35019;2025.04.26 12:00;-28;1;-200;-200;3128;206;0;
35020;2025.04.26 12:15;-28;0.5625;-200;-200;3128;206;0;
35021;2025.04.26 12:30;-28;0.75;-200;-200;3128;206;0;
35022;2025.04.26 12:45;-28;2.3125;-200;-200;3128;206;0;
35023;2025.04.26 13:00;-28;3.125;-200;-200;3128;206;0;
35024;2025.04.26 13:15;-28;3.9375;-200;-200;3128;206;0;
35025;2025.04.26 13:30;-28;4.75;-200;-200;3128;206;0;
35026;2025.04.26 13:45;-28;5.5;-200;-200;3129;206;0;
35027;2025.04.26 14:00;-28;6.625;-200;-200;3129;206;0;
35028;2025.04.26 14:15;-28;8;-200;-200;3129;206;0;
35029;2025.04.26 14:30;-28;8.4375;-200;-200;3129;206;0;
35030;2025.04.26 14:45;-28;9.125;-200;-200;3130;206;0;
35031;2025.04.26 15:00;-28;9.625;-200;-200;3130;206;0;
35032;2025.04.26 15:15;-28;9.875;-200;-200;3130;206;0;
35033;2025.04.26 15:30;-28;10.5;-200;-200;3130;206;0;
35034;2025.04.26 15:45;-28;11.1875;-200;-200;3130;206;0;
35035;2025.04.26 16:00;-28;11.5;-200;-200;3130;206;0;
35036;2025.04.26 16:15;-28;13.1875;-200;-200;3130;206;0;
35037;2025.04.26 16:30;-28;12.875;-200;-200;3130;206;0;
35038;2025.04.26 16:45;-28;12.625;-200;-200;3130;206;0;
35039;2025.04.26 17:00;-28;13.625;-200;-200;3130;206;0;
35040;2025.04.26 17:15;-28;14.5;-200;-200;3130;206;0;
35041;2025.04.26 17:30;-28;15.25;-200;-200;3130;206;0;
35042;2025.04.26 17:45;-28;15.875;-200;-200;3130;206;0;
35043;2025.04.26 18:00;-28;17.25;-200;-200;3130;206;0;
35044;2025.04.26 18:15;-28;17.375;-200;-200;3130;206;0;
35045;2025.04.26 18:30;-28;15.75;-200;-200;3130;206;0;
35046;2025.04.26 18:45;-28;15.875;-200;-200;3130;206;0;
35047;2025.04.26 19:00;-28;16.6875;-200;-200;3130;206;0;
35048;2025.04.26 19:15;-28;19;-200;-200;3131;206;0;
35049;2025.04.26 19:30;-28;20.375;-200;-200;3132;206;0;
35050;2025.04.26 19:45;-28;20.25;-200;-200;3132;206;0;
35051;2025.04.26 20:00;-28;19.875;-200;-200;3132;206;0;
35052;2025.04.26 20:15;-28;21.375;-200;-200;3132;206;0;
35053;2025.04.26 20:30;-28;21.375;-200;-200;3132;206;0;
35054;2025.04.26 20:45;-28;21.5;-200;-200;3133;206;0;
35055;2025.04.26 21:00;-28;22.25;-200;-200;3133;206;0;
35056;2025.04.26 21:15;-28;22.5;-200;-200;3133;206;0;
35057;2025.04.26 21:30;-28;22.5;-200;-200;3133;206;0;
35058;2025.04.26 21:45;-28;22.125;-200;-200;3133;206;0;
35059;2025.04.26 22:00;-28;22.625;-200;-200;3133;206;0;
35060;2025.04.26 22:15;-28;19.25;-200;-200;3132;206;0;
35061;2025.04.26 22:30;-28;18.25;-200;-200;3132;206;0;
35062;2025.04.26 22:45;-28;18.625;-200;-200;3132;206;0;
35063;2025.04.26 23:00;-28;18.5;-200;-200;3132;206;0;
35064;2025.04.26 23:15;-28;18.75;-200;-200;3132;206;0;
35065;2025.04.26 23:30;-28;17.375;-200;-200;3131;206;0;
35066;2025.04.26 23:45;-28;15.875;-200;-200;3130;206;0;
35067;2025.04.27 00:00;-28;15.9375;-200;-200;3130;206;0;
35068;2025.04.27 00:15;-28;16.125;-200;-200;3130;206;0;
35069;2025.04.27 00:30;-28;16.9375;-200;-200;3131;206;0;
35070;2025.04.27 00:45;-28;17.75;-200;-200;3132;206;0;
35071;2025.04.27 01:00;-28;14.625;-200;-200;3130;206;0;
35072;2025.04.27 01:15;-28;13.5;-200;-200;3130;206;0;
35073;2025.04.27 01:30;-28;12.75;-200;-200;3130;206;0;
35074;2025.04.27 01:45;-28;12.3125;-200;-200;3130;206;0;
35075;2025.04.27 02:00;-28;11.75;-200;-200;3129;206;0;
35076;2025.04.27 02:15;-28;11.3125;-200;-200;3129;206;0;
35077;2025.04.27 02:30;-28;11.125;-200;-200;3129;206;0;
35078;2025.04.27 02:45;-28;10.8125;-200;-200;3129;206;0;
35079;2025.04.27 03:00;-28;10.875;-200;-200;3129;206;0;
35080;2025.04.27 03:15;-28;10.3125;-200;-200;3129;206;0;
35081;2025.04.27 03:30;-28;10;-200;-200;3129;206;0;
35082;2025.04.27 03:45;-28;10.0625;-200;-200;3129;206;0;
35083;2025.04.27 04:00;-28;10.375;-200;-200;3129;206;0;
35084;2025.04.27 04:15;-28;10;-200;-200;3129;206;0;
35085;2025.04.27 04:30;-28;9.5;-200;-200;3129;206;0;
35086;2025.04.27 04:45;-28;9.25;-200;-200;3129;206;0;
35087;2025.04.27 05:00;-28;8.625;-200;-200;3129;206;0;
35088;2025.04.27 05:15;-28;8.125;-200;-200;3129;206;0;
35089;2025.04.27 05:30;-28;7.875;-200;-200;3129;206;0;
35090;2025.04.27 05:45;-28;7.75;-200;-200;3129;206;0;
35091;2025.04.27 06:00;-28;7.5;-200;-200;3129;206;0;
35092;2025.04.27 06:15;-28;7.5;-200;-200;3129;206;0;
35093;2025.04.27 06:30;-28;7.375;-200;-200;3129;206;0;
35094;2025.04.27 06:45;-28;7.375;-200;-200;3129;206;0;
35095;2025.04.27 07:00;-28;7.5;-200;-200;3129;206;0;
35096;2025.04.27 07:15;-28;7.1875;-200;-200;3129;206;0;
35097;2025.04.27 07:30;-28;6.875;-200;-200;3129;206;0;
35098;2025.04.27 07:45;-28;6.625;-200;-200;3129;206;0;
35099;2025.04.27 08:00;-28;6.375;-200;-200;3129;206;0;
35100;2025.04.27 08:15;-28;6;-200;-200;3129;206;0;
35101;2025.04.27 08:30;-28;6.125;-200;-200;3129;206;0;
35102;2025.04.27 08:45;-28;5.9375;-200;-200;3129;206;0;
35103;2025.04.27 09:00;-28;5.875;-200;-200;3129;206;0;
35104;2025.04.27 09:15;-28;5.9375;-200;-200;3129;206;0;
35105;2025.04.27 09:30;-28;5.875;-200;-200;3129;206;0;
35106;2025.04.27 09:45;-28;5.8125;-200;-200;3129;206;0;
35107;2025.04.27 10:00;-28;5.75;-200;-200;3129;206;0;
35108;2025.04.27 10:15;-28;5.5;-200;-200;3129;206;0;
35109;2025.04.27 10:30;-28;5.5;-200;-200;3129;206;0;
35110;2025.04.27 10:45;-28;5;-200;-200;3129;206;0;
35111;2025.04.27 11:00;-28;4.8125;-200;-200;3129;206;0;
35112;2025.04.27 11:15;-28;4.75;-200;-200;3129;206;0;
35113;2025.04.27 11:30;-28;4.4375;-200;-200;3129;206;0;
35114;2025.04.27 11:45;-28;4.75;-200;-200;3129;206;0;
35115;2025.04.27 12:00;-28;4.5625;-200;-200;3129;206;0;
35116;2025.04.27 12:15;-28;4.0625;-200;-200;3129;206;0;
35117;2025.04.27 12:30;-28;4.25;-200;-200;3129;206;0;
35118;2025.04.27 12:45;-28;4.375;-200;-200;3129;206;0;
35119;2025.04.27 13:00;-28;4.4375;-200;-200;3129;206;0;
35120;2025.04.27 13:15;-28;4.9375;-200;-200;3129;206;0;
35121;2025.04.27 13:30;-28;5.5625;-200;-200;3129;206;0;
35122;2025.04.27 13:45;-28;6.1875;-200;-200;3129;206;0;
35123;2025.04.27 14:00;-28;6.8125;-200;-200;3129;206;0;
35124;2025.04.27 14:15;-28;7.875;-200;-200;3129;206;0;
35125;2025.04.27 14:30;-28;8.5;-200;-200;3129;206;0;
35126;2025.04.27 14:45;-28;8.8125;-200;-200;3129;206;0;
35127;2025.04.27 15:00;-28;9.3125;-200;-200;3129;206;0;
35128;2025.04.27 15:15;-28;10;-200;-200;3129;206;0;
35129;2025.04.27 15:30;-28;10.5;-200;-200;3129;206;0;
35130;2025.04.27 15:45;-28;10.9375;-200;-200;3129;206;0;
35131;2025.04.27 16:00;-28;11;-200;-200;3129;206;0;
35132;2025.04.27 16:15;-28;11.75;-200;-200;3129;206;0;
35133;2025.04.27 16:30;-28;12.25;-200;-200;3129;206;0;
35134;2025.04.27 16:45;-28;12.25;-200;-200;3129;206;0;
35135;2025.04.27 17:00;-28;12.625;-200;-200;3129;206;0;
35136;2025.04.27 17:15;-28;13.625;-200;-200;3129;206;0;
35137;2025.04.27 17:30;-28;13.625;-200;-200;3130;206;0;
35138;2025.04.27 17:45;-28;14.125;-200;-200;3130;206;0;
35139;2025.04.27 18:00;-28;14.75;-200;-200;3130;206;0;
35140;2025.04.27 18:15;-28;15.0625;-200;-200;3130;206;0;
35141;2025.04.27 18:30;-28;15.375;-200;-200;3130;206;0;
35142;2025.04.27 18:45;-28;15.875;-200;-200;3130;206;0;
35143;2025.04.27 19:00;-28;16.5;-200;-200;3130;206;0;
35144;2025.04.27 19:15;-28;17.25;-200;-200;3131;206;0;
35145;2025.04.27 19:30;-28;17.875;-200;-200;3131;206;0;
35146;2025.04.27 19:45;-28;19;-200;-200;3132;206;0;
35147;2025.04.27 20:00;-28;18.25;-200;-200;3132;206;0;
35148;2025.04.27 20:15;-28;19.75;-200;-200;3132;206;0;
35149;2025.04.27 20:30;-28;19.625;-200;-200;3132;206;0;
35150;2025.04.27 20:45;-28;20.25;-200;-200;3132;206;0;
35151;2025.04.27 21:00;-28;21;-200;-200;3132;206;0;
35152;2025.04.27 21:15;-28;21.375;-200;-200;3133;206;0;
35153;2025.04.27 21:30;-28;18.125;-200;-200;3132;206;0;
35154;2025.04.27 21:45;-28;18.5;-200;-200;3132;206;0;
35155;2025.04.27 22:00;-28;19.375;-200;-200;3132;206;0;
35156;2025.04.27 22:15;-28;15.375;-200;-200;3130;206;0;
35157;2025.04.27 22:30;-28;15.25;-200;-200;3130;206;0;
35158;2025.04.27 22:45;-28;15;-200;-200;3130;206;0;
35159;2025.04.27 23:00;-28;14.9375;-200;-200;3130;206;0;
35160;2025.04.27 23:15;-28;14.25;-200;-200;3130;206;0;
35161;2025.04.27 23:30;-28;14.125;-200;-200;3130;206;0;
35162;2025.04.27 23:45;-28;14;-200;-200;3130;206;0;
35163;2025.04.28 00:00;-28;14.25;-200;-200;3130;206;0;
35164;2025.04.28 00:15;-28;13.5;-200;-200;3130;206;0;
35165;2025.04.28 00:30;-28;12.625;-200;-200;3130;206;0;
35166;2025.04.28 00:45;-28;12.125;-200;-200;3129;206;0;
35167;2025.04.28 01:00;-28;11.375;-200;-200;3129;206;0;
35168;2025.04.28 01:15;-28;10.9375;-200;-200;3129;206;0;
35169;2025.04.28 01:30;-28;10.75;-200;-200;3129;206;0;
35170;2025.04.28 01:45;-28;10.25;-200;-200;3129;206;0;
35171;2025.04.28 02:00;-28;9.75;-200;-200;3129;206;0;
35172;2025.04.28 02:15;-28;9.25;-200;-200;3129;206;0;
35173;2025.04.28 02:30;-28;8.6875;-200;-200;3129;206;0;
35174;2025.04.28 02:45;-28;8.0625;-200;-200;3129;206;0;
35175;2025.04.28 03:00;-28;7.5;-200;-200;3128;206;0;
35176;2025.04.28 03:15;-28;6.875;-200;-200;3128;206;0;
35177;2025.04.28 03:30;-28;6.5;-200;-200;3128;206;0;
35178;2025.04.28 03:45;-28;6;-200;-200;3128;206;0;
35179;2025.04.28 04:00;-28;5.5625;-200;-200;3128;206;0;
35180;2025.04.28 04:15;-28;5.25;-200;-200;3128;206;0;
35181;2025.04.28 04:30;-28;4.875;-200;-200;3128;206;0;
35182;2025.04.28 04:45;-28;4.5;-200;-200;3128;206;0;
35183;2025.04.28 05:00;-28;4.25;-200;-200;3128;206;0;
35184;2025.04.28 05:15;-28;3.875;-200;-200;3128;206;0;
35185;2025.04.28 05:30;-28;3.5;-200;-200;3128;206;0;
35186;2025.04.28 05:45;-28;3.125;-200;-200;3128;206;0;
35187;2025.04.28 06:00;-28;2.625;-200;-200;3128;206;0;
35188;2025.04.28 06:15;-28;2.375;-200;-200;3127;206;0;
35189;2025.04.28 06:30;-28;1.875;-200;-200;3127;206;0;
35190;2025.04.28 06:45;-28;1.625;-200;-200;3127;206;0;
35191;2025.04.28 07:00;-28;1.1875;-200;-200;3127;206;0;
35192;2025.04.28 07:15;-28;0.875;-200;-200;3127;206;0;
35193;2025.04.28 07:30;-28;0.5;-200;-200;3127;206;0;
35194;2025.04.28 07:45;-28;0.125;-200;-200;3127;206;0;
35195;2025.04.28 08:00;-28;0;-200;-200;3127;206;0;
35196;2025.04.28 08:15;-28;-0.4375;-200;-200;3127;206;0;
35197;2025.04.28 08:30;-28;-0.75;-200;-200;3127;206;0;
35198;2025.04.28 08:45;-28;-1;-200;-200;3127;206;0;
35199;2025.04.28 09:00;-28;-0.8125;-200;-200;3127;206;0;
35200;2025.04.28 09:15;-28;-0.75;-200;-200;3127;206;0;
35201;2025.04.28 09:30;-28;-0.8125;-200;-200;3127;206;0;
35202;2025.04.28 09:45;-28;-1.125;-200;-200;3127;206;0;
35203;2025.04.28 10:00;-28;-1.625;-200;-200;3127;206;0;
35204;2025.04.28 10:15;-28;-2.1875;-200;-200;3127;206;0;
35205;2025.04.28 10:30;-28;-2;-200;-200;3127;206;0;
35206;2025.04.28 10:45;-28;-2.25;-200;-200;3127;206;0;
35207;2025.04.28 11:00;-28;-2.625;-200;-200;3127;206;0;
35208;2025.04.28 11:15;-28;-2.875;-200;-200;3127;206;0;
35209;2025.04.28 11:30;-28;-2.5;-200;-200;3127;206;0;
35210;2025.04.28 11:45;-28;-3.25;-200;-200;3127;206;0;
35211;2025.04.28 12:00;-28;-3.75;-200;-200;3127;206;0;
35212;2025.04.28 12:15;-28;-3.75;-200;-200;3127;206;0;
35213;2025.04.28 12:30;-28;-3.625;-200;-200;3127;206;0;
35214;2025.04.28 12:45;-28;-3.5;-200;-200;3127;206;0;
35215;2025.04.28 13:00;-28;-3.25;-200;-200;3127;206;0;
35216;2025.04.28 13:15;-28;-2.8125;-200;-200;3127;206;0;
35217;2025.04.28 13:30;-28;-1.875;-200;-200;3127;206;0;
35218;2025.04.28 13:45;-28;-1;-200;-200;3127;206;0;
35219;2025.04.28 14:00;-28;-0.25;-200;-200;3127;206;0;
35220;2025.04.28 14:15;-28;0.625;-200;-200;3127;206;0;
35221;2025.04.28 14:30;-28;1.25;-200;-200;3127;206;0;
35222;2025.04.28 14:45;-28;1.9375;-200;-200;3127;206;0;
35223;2025.04.28 15:00;-28;2.4375;-200;-200;3127;206;0;
35224;2025.04.28 15:15;-28;3.125;-200;-200;3127;206;0;
35225;2025.04.28 15:30;-28;4.125;-200;-200;3127;206;0;
35226;2025.04.28 15:45;-28;4.6875;-200;-200;3128;206;0;
35227;2025.04.28 16:00;-28;5.125;-200;-200;3127;206;0;
35228;2025.04.28 16:15;-28;5.4375;-200;-200;3127;206;0;
35229;2025.04.28 16:30;-28;6.5;-200;-200;3128;206;0;
35230;2025.04.28 16:45;-28;6.375;-200;-200;3128;206;0;
35231;2025.04.28 17:00;-28;7.3125;-200;-200;3128;206;0;
35232;2025.04.28 17:15;-28;8;-200;-200;3128;206;0;
35233;2025.04.28 17:30;-28;8.9375;-200;-200;3128;206;0;
35234;2025.04.28 17:45;-28;9.125;-200;-200;3128;206;0;
35235;2025.04.28 18:00;-28;8.5625;-200;-200;3128;206;0;
35236;2025.04.28 18:15;-28;9.875;-200;-200;3128;206;0;
35237;2025.04.28 18:30;-28;10.25;-200;-200;3128;206;0;
35238;2025.04.28 18:45;-28;10.5625;-200;-200;3128;206;0;
35239;2025.04.28 19:00;-28;10.9375;-200;-200;3129;206;0;
35240;2025.04.28 19:15;-28;12.25;-200;-200;3129;206;0;
35241;2025.04.28 19:30;-28;12.875;-200;-200;3130;206;0;
35242;2025.04.28 19:45;-28;14.3125;-200;-200;3130;206;0;
35243;2025.04.28 20:00;-28;14;-200;-200;3130;206;0;
35244;2025.04.28 20:15;-28;13.875;-200;-200;3130;206;0;
35245;2025.04.28 20:30;-28;14.5625;-200;-200;3130;206;0;
35246;2025.04.28 20:45;-28;13.75;-200;-200;3130;206;0;
35247;2025.04.28 21:00;-28;15.375;-200;-200;3131;206;0;
35248;2025.04.28 21:15;-28;16.0625;-200;-200;3131;206;0;
35249;2025.04.28 21:30;-28;15.375;-200;-200;3131;206;0;
35250;2025.04.28 21:45;-28;15.5;-200;-200;3131;206;0;
35251;2025.04.28 22:00;-28;16.25;-200;-200;3131;206;0;
35252;2025.04.28 22:15;-28;13;-200;-200;3130;206;0;
35253;2025.04.28 22:30;-28;12.625;-200;-200;3129;206;0;
35254;2025.04.28 22:45;-28;11.875;-200;-200;3129;206;0;
35255;2025.04.28 23:00;-28;12.875;-200;-200;3129;206;0;
35256;2025.04.28 23:15;-28;12.5625;-200;-200;3129;206;0;
35257;2025.04.28 23:30;-28;11;-200;-200;3129;206;0;
35258;2025.04.28 23:45;-28;10.3125;-200;-200;3129;206;0;
35259;2025.04.29 00:00;-28;11.375;-200;-200;3129;206;0;
35260;2025.04.29 00:15;-28;13.625;-200;-200;3129;206;0;
35261;2025.04.29 00:30;-28;9.6875;-200;-200;3128;206;0;
35262;2025.04.29 00:45;-28;8.4375;-200;-200;3128;206;0;
35263;2025.04.29 01:00;-28;7.625;-200;-200;3128;206;0;
35264;2025.04.29 01:15;-28;6.625;-200;-200;3127;206;0;
35265;2025.04.29 01:30;-28;5.75;-200;-200;3128;206;0;
35266;2025.04.29 01:45;-28;5.125;-200;-200;3127;206;0;
35267;2025.04.29 02:00;-28;4.625;-200;-200;3127;206;0;
35268;2025.04.29 02:15;-28;4;-200;-200;3127;206;0;
35269;2025.04.29 02:30;-28;2.75;-200;-200;3127;206;0;
35270;2025.04.29 02:45;-28;2.125;-200;-200;3127;206;0;
35271;2025.04.29 03:00;-28;2;-200;-200;3127;206;0;
35272;2025.04.29 03:15;-28;1.8125;-200;-200;3127;206;0;
35273;2025.04.29 03:30;-28;1.75;-200;-200;3127;206;0;
35274;2025.04.29 03:45;-28;1.375;-200;-200;3127;206;0;
35275;2025.04.29 04:00;-28;1.1875;-200;-200;3127;206;0;
35276;2025.04.29 04:15;-28;1.625;-200;-200;3127;206;0;
35277;2025.04.29 04:30;-28;2.125;-200;-200;3127;206;0;
35278;2025.04.29 04:45;-28;1.875;-200;-200;3127;206;0;
35279;2025.04.29 05:00;-28;1.6875;-200;-200;3127;206;0;
35280;2025.04.29 05:15;-28;1.9375;-200;-200;3127;206;0;
35281;2025.04.29 05:30;-28;1.875;-200;-200;3127;206;0;
35282;2025.04.29 05:45;-28;1.6875;-200;-200;3127;206;0;
35283;2025.04.29 06:00;-28;1.375;-200;-200;3127;206;0;
35284;2025.04.29 06:15;-28;1.125;-200;-200;3127;206;0;
35285;2025.04.29 06:30;-28;0.75;-200;-200;3127;206;0;
35286;2025.04.29 06:45;-28;1.125;-200;-200;3127;206;0;
35287;2025.04.29 07:00;-28;1.1875;-200;-200;3127;206;0;
35288;2025.04.29 07:15;-28;1;-200;-200;3127;206;0;
35289;2025.04.29 07:30;-28;1.0625;-200;-200;3127;206;0;
35290;2025.04.29 07:45;-28;1.375;-200;-200;3127;206;0;
35291;2025.04.29 08:00;-28;1.375;-200;-200;3127;206;0;
35292;2025.04.29 08:15;-28;1.125;-200;-200;3127;206;0;
35293;2025.04.29 08:30;-28;0.75;-200;-200;3127;206;0;
35294;2025.04.29 08:45;-28;0.625;-200;-200;3127;206;0;
35295;2025.04.29 09:00;-28;0.5;-200;-200;3127;206;0;
35296;2025.04.29 09:15;-28;0.5;-200;-200;3127;206;0;
35297;2025.04.29 09:30;-28;1.125;-200;-200;3127;206;0;
35298;2025.04.29 09:45;-28;1;-200;-200;3127;206;0;
35299;2025.04.29 10:00;-28;0.75;-200;-200;3127;206;0;
35300;2025.04.29 10:15;-28;1;-200;-200;3127;206;0;
35301;2025.04.29 10:30;-28;0.25;-200;-200;3127;206;0;
35302;2025.04.29 10:45;-28;0;-200;-200;3127;206;0;
35303;2025.04.29 11:00;-28;-0.5625;-200;-200;3127;206;0;
35304;2025.04.29 11:15;-28;-0.625;-200;-200;3127;206;0;
35305;2025.04.29 11:30;-28;-0.625;-200;-200;3127;206;0;
35306;2025.04.29 11:45;-28;0.75;-200;-200;3127;206;0;
35307;2025.04.29 12:00;-28;1.625;-200;-200;3127;206;0;
35308;2025.04.29 12:15;-28;1.75;-200;-200;3127;206;0;
35309;2025.04.29 12:30;-28;2;-200;-200;3127;206;0;
35310;2025.04.29 12:45;-28;1.625;-200;-200;3127;206;0;
35311;2025.04.29 13:00;-28;3.125;-200;-200;3127;206;0;
35312;2025.04.29 13:15;-28;3.75;-200;-200;3128;206;0;
35313;2025.04.29 13:30;-28;4.4375;-200;-200;3128;206;0;
35314;2025.04.29 13:45;-28;5;-200;-200;3128;206;0;
35315;2025.04.29 14:00;-28;4.875;-200;-200;3128;206;0;
35316;2025.04.29 14:15;-28;5.625;-200;-200;3128;206;0;
35317;2025.04.29 14:30;-28;6.625;-200;-200;3128;206;0;
35318;2025.04.29 14:45;-28;7.25;-200;-200;3128;206;0;
35319;2025.04.29 15:00;-28;8;-200;-200;3128;206;0;
35320;2025.04.29 15:15;-28;7.9375;-200;-200;3128;206;0;
35321;2025.04.29 15:30;-28;8.5;-200;-200;3128;206;0;
35322;2025.04.29 15:45;-28;9;-200;-200;3128;206;0;
35323;2025.04.29 16:00;-28;9.875;-200;-200;3128;206;0;
35324;2025.04.29 16:15;-28;10.4375;-200;-200;3129;206;0;
35325;2025.04.29 16:30;-28;10.75;-200;-200;3129;206;0;
35326;2025.04.29 16:45;-28;10.3125;-200;-200;3129;206;0;
35327;2025.04.29 17:00;-28;10.625;-200;-200;3129;206;0;
35328;2025.04.29 17:15;-28;11.875;-200;-200;3129;206;0;
35329;2025.04.29 17:30;-28;12.125;-200;-200;3129;206;0;
35330;2025.04.29 17:45;-28;12.5;-200;-200;3129;206;0;
35331;2025.04.29 18:00;-28;13.0625;-200;-200;3129;206;0;
35332;2025.04.29 18:15;-28;11.9375;-200;-200;3129;206;0;
35333;2025.04.29 18:30;-28;11.375;-200;-200;3129;206;0;
35334;2025.04.29 18:45;-28;12.5;-200;-200;3129;206;0;
35335;2025.04.29 19:00;-28;9.5625;-200;-200;3129;206;0;
35336;2025.04.29 19:15;-28;10.625;-200;-200;3129;206;0;
35337;2025.04.29 19:30;-28;10.875;-200;-200;3129;206;0;
35338;2025.04.29 19:45;-28;10.25;-200;-200;3129;206;0;
35339;2025.04.29 20:00;-28;9.5;-200;-200;3129;206;0;
35340;2025.04.29 20:15;-28;11.125;-200;-200;3129;206;0;
35341;2025.04.29 20:30;-28;12.875;-200;-200;3129;206;0;
35342;2025.04.29 20:45;-28;11.375;-200;-200;3129;206;0;
35343;2025.04.29 21:00;-28;9.375;-200;-200;3128;206;0;
35344;2025.04.29 21:15;-28;14.8125;-200;-200;3129;206;0;
35345;2025.04.29 21:30;-28;15.375;-200;-200;3131;206;0;
35346;2025.04.29 21:45;-28;11.8125;-200;-200;3129;206;0;
35347;2025.04.29 22:00;-28;15.6875;-200;-200;3129;206;0;
35348;2025.04.29 22:15;-28;12.5;-200;-200;3129;206;0;
35349;2025.04.29 22:30;-28;10.875;-200;-200;3128;206;0;
35350;2025.04.29 22:45;-28;10.8125;-200;-200;3128;206;0;
35351;2025.04.29 23:00;-28;11.5625;-200;-200;3128;206;0;
35352;2025.04.29 23:15;-28;12.25;-200;-200;3128;206;0;
35353;2025.04.29 23:30;-28;10.25;-200;-200;3128;206;0;
35354;2025.04.29 23:45;-28;9.1875;-200;-200;3128;206;0;
35355;2025.04.30 00:00;-28;10;-200;-200;3128;206;0;
35356;2025.04.30 00:15;-28;11.875;-200;-200;3128;206;0;
35357;2025.04.30 00:30;-28;10.3125;-200;-200;3128;206;0;
35358;2025.04.30 00:45;-28;7.8125;-200;-200;3128;206;0;
35359;2025.04.30 01:00;-28;7.375;-200;-200;3127;206;0;
35360;2025.04.30 01:15;-28;6.8125;-200;-200;3127;206;0;
35361;2025.04.30 01:30;-28;6.125;-200;-200;3127;206;0;
35362;2025.04.30 01:45;-28;5.25;-200;-200;3127;206;0;
35363;2025.04.30 02:00;-28;4.5;-200;-200;3127;206;0;
35364;2025.04.30 02:15;-28;3.875;-200;-200;3127;206;0;
35365;2025.04.30 02:30;-28;3.1875;-200;-200;3127;206;0;
35366;2025.04.30 02:45;-28;2.3125;-200;-200;3127;206;0;
35367;2025.04.30 03:00;-28;2.25;-200;-200;3126;206;0;
35368;2025.04.30 03:15;-28;3.625;-200;-200;3127;206;0;
35369;2025.04.30 03:30;-28;4.5;-200;-200;3127;206;0;
35370;2025.04.30 03:45;-28;4.125;-200;-200;3127;206;0;
35371;2025.04.30 04:00;-28;3.6875;-200;-200;3127;206;0;
35372;2025.04.30 04:15;-28;3.625;-200;-200;3127;206;0;
35373;2025.04.30 04:30;-28;4.375;-200;-200;3127;206;0;
35374;2025.04.30 04:45;-28;4.625;-200;-200;3127;206;0;
35375;2025.04.30 05:00;-28;4.4375;-200;-200;3127;206;0;
35376;2025.04.30 05:15;-28;4.375;-200;-200;3127;206;0;
35377;2025.04.30 05:30;-28;3.9375;-200;-200;3127;206;0;
35378;2025.04.30 05:45;-28;3.25;-200;-200;3127;206;0;
35379;2025.04.30 06:00;-28;2.5625;-200;-200;3127;206;0;
35380;2025.04.30 06:15;-28;1.75;-200;-200;3127;206;0;
35381;2025.04.30 06:30;-28;1.0625;-200;-200;3127;206;0;
35382;2025.04.30 06:45;-28;0.625;-200;-200;3127;206;0;
35383;2025.04.30 07:00;-28;0.4375;-200;-200;3127;206;0;
35384;2025.04.30 07:15;-28;0.375;-200;-200;3127;206;0;
35385;2025.04.30 07:30;-28;0.375;-200;-200;3127;206;0;
35386;2025.04.30 07:45;-28;1.0625;-200;-200;3127;206;0;
35387;2025.04.30 08:00;-28;1.25;-200;-200;3127;206;0;
35388;2025.04.30 08:15;-28;1.375;-200;-200;3127;206;0;
35389;2025.04.30 08:30;-28;1.3125;-200;-200;3127;206;0;
35390;2025.04.30 08:45;-28;1.625;-200;-200;3127;206;0;
35391;2025.04.30 09:00;-28;1.125;-200;-200;3127;206;0;
35392;2025.04.30 09:15;-28;0.5;-200;-200;3127;206;0;
35393;2025.04.30 09:30;-28;-0.25;-200;-200;3127;206;0;
35394;2025.04.30 09:45;-28;-0.8125;-200;-200;3127;206;0;
35395;2025.04.30 10:00;-28;-1.4375;-200;-200;3127;206;0;
35396;2025.04.30 10:15;-28;-1.75;-200;-200;3127;206;0;
35397;2025.04.30 10:30;-28;-2;-200;-200;3127;206;0;
35398;2025.04.30 10:45;-28;-2.125;-200;-200;3127;206;0;
35399;2025.04.30 11:00;-28;-1.8125;-200;-200;3127;206;0;
35400;2025.04.30 11:15;-28;-2.125;-200;-200;3127;206;0;
35401;2025.04.30 11:30;-28;-1.75;-200;-200;3127;206;0;
35402;2025.04.30 11:45;-28;-1.625;-200;-200;3127;206;0;
35403;2025.04.30 12:00;-28;-1.5;-200;-200;3127;206;0;
35404;2025.04.30 12:15;-28;-1;-200;-200;3127;206;0;
35405;2025.04.30 12:30;-28;-1.25;-200;-200;3127;206;0;
35406;2025.04.30 12:45;-28;-1.3125;-200;-200;3127;206;0;
35407;2025.04.30 13:00;-28;-0.875;-200;-200;3127;206;0;
35408;2025.04.30 13:15;-28;0;-200;-200;3127;206;0;
35409;2025.04.30 13:30;-28;1;-200;-200;3127;206;0;
35410;2025.04.30 13:45;-28;2.125;-200;-200;3127;206;0;
35411;2025.04.30 14:00;-28;3;-200;-200;3127;206;0;
35412;2025.04.30 14:15;-28;3.75;-200;-200;3127;206;0;
35413;2025.04.30 14:30;-28;3.6875;-200;-200;3127;206;0;
35414;2025.04.30 14:45;-28;4.625;-200;-200;3127;206;0;
35415;2025.04.30 15:00;-28;5.625;-200;-200;3127;206;0;
35416;2025.04.30 15:15;-28;6.75;-200;-200;3127;206;0;
35417;2025.04.30 15:30;-28;7.625;-200;-200;3128;206;0;
35418;2025.04.30 15:45;-28;7.5;-200;-200;3127;206;0;
35419;2025.04.30 16:00;-28;8.375;-200;-200;3128;206;0;
35420;2025.04.30 16:15;-28;8.375;-200;-200;3128;206;0;
35421;2025.04.30 16:30;-28;8.1875;-200;-200;3128;206;0;
35422;2025.04.30 16:45;-28;7.25;-200;-200;3128;206;0;
35423;2025.04.30 17:00;-28;8.75;-200;-200;3128;206;0;
35424;2025.04.30 17:15;-28;8.4375;-200;-200;3128;206;0;
35425;2025.04.30 17:30;-28;9.25;-200;-200;3127;206;0;
35426;2025.04.30 17:45;-28;9.25;-200;-200;3128;206;0;
35427;2025.04.30 18:00;-28;8.5;-200;-200;3128;206;0;
35428;2025.04.30 18:15;-28;10.25;-200;-200;3128;206;0;
35429;2025.04.30 18:30;-28;12.625;-200;-200;3128;206;0;
35430;2025.04.30 18:45;-28;12;-200;-200;3128;206;0;
35431;2025.04.30 19:00;-28;11.1875;-200;-200;3128;206;0;
35432;2025.04.30 19:15;-28;10.5;-200;-200;3128;206;0;
35433;2025.04.30 19:30;-28;15;-200;-200;3129;206;0;
35434;2025.04.30 19:45;-28;13.75;-200;-200;3129;206;0;
35435;2025.04.30 20:00;-28;13.875;-200;-200;3129;206;0;
35436;2025.04.30 20:15;-28;14.25;-200;-200;3129;206;0;
35437;2025.04.30 20:30;-28;14.875;-200;-200;3129;206;0;
35438;2025.04.30 20:45;-28;16.125;-200;-200;3129;206;0;
35439;2025.04.30 21:00;-28;16.875;-200;-200;3130;206;0;
35440;2025.04.30 21:15;-28;16.375;-200;-200;3130;206;0;
35441;2025.04.30 21:30;-28;17.0625;-200;-200;3130;206;0;
35442;2025.04.30 21:45;-28;17.625;-200;-200;3130;206;0;
35443;2025.04.30 22:00;-28;13.625;-200;-200;3129;206;0;
35444;2025.04.30 22:15;-28;12.5625;-200;-200;3129;206;0;
35445;2025.04.30 22:30;-28;12.75;-200;-200;3129;206;0;
35446;2025.04.30 22:45;-28;12.125;-200;-200;3129;206;0;
35447;2025.04.30 23:00;-28;13.5625;-200;-200;3129;206;0;
35448;2025.04.30 23:15;-28;13;-200;-200;3129;206;0;
35449;2025.04.30 23:30;-28;13.125;-200;-200;3128;206;0;
35450;2025.04.30 23:45;-28;12;-200;-200;3128;206;0;
35451;2025.05.01 00:00;-28;13.125;-200;-200;3128;206;0;
35452;2025.05.01 00:15;-28;14.5;-200;-200;3129;206;0;
35453;2025.05.01 00:30;-28;13.3125;-200;-200;3129;206;0;
35454;2025.05.01 00:45;-28;10.5625;-200;-200;3128;206;0;
35455;2025.05.01 01:00;-28;10;-200;-200;3128;206;0;
35456;2025.05.01 01:15;-28;9.375;-200;-200;3128;206;0;
35457;2025.05.01 01:30;-28;9;-200;-200;3127;206;0;
35458;2025.05.01 01:45;-28;8.375;-200;-200;3127;206;0;
35459;2025.05.01 02:00;-28;7.875;-200;-200;3127;206;0;
35460;2025.05.01 02:15;-28;7.25;-200;-200;3127;206;0;
35461;2025.05.01 02:30;-28;6.875;-200;-200;3127;206;0;
35462;2025.05.01 02:45;-28;5.75;-200;-200;3127;206;0;
35463;2025.05.01 03:00;-28;4.75;-200;-200;3127;206;0;
35464;2025.05.01 03:15;-28;4.375;-200;-200;3127;206;0;
35465;2025.05.01 03:30;-28;4;-200;-200;3127;206;0;
35466;2025.05.01 03:45;-28;3.75;-200;-200;3127;206;0;
35467;2025.05.01 04:00;-28;3.8125;-200;-200;3127;206;0;
35468;2025.05.01 04:15;-28;3.6875;-200;-200;3127;206;0;
35469;2025.05.01 04:30;-28;3.5;-200;-200;3127;206;0;
35470;2025.05.01 04:45;-28;3.375;-200;-200;3127;206;0;
35471;2025.05.01 05:00;-28;3.125;-200;-200;3127;206;0;
35472;2025.05.01 05:15;-28;2.875;-200;-200;3126;206;0;
35473;2025.05.01 05:30;-28;2.75;-200;-200;3126;206;0;
35474;2025.05.01 05:45;-28;3;-200;-200;3126;206;0;
35475;2025.05.01 06:00;-28;3.125;-200;-200;3126;206;0;
35476;2025.05.01 06:15;-28;3.125;-200;-200;3126;206;0;
35477;2025.05.01 06:30;-28;3;-200;-200;3126;206;0;
35478;2025.05.01 06:45;-28;3;-200;-200;3126;206;0;
35479;2025.05.01 07:00;-28;2.9375;-200;-200;3126;206;0;
35480;2025.05.01 07:15;-28;2.5;-200;-200;3126;206;0;
35481;2025.05.01 07:30;-28;2.5;-200;-200;3126;206;0;
35482;2025.05.01 07:45;-28;2.75;-200;-200;3126;206;0;
35483;2025.05.01 08:00;-28;3;-200;-200;3127;206;0;
35484;2025.05.01 08:15;-28;3.1875;-200;-200;3127;206;0;
35485;2025.05.01 08:30;-28;3.125;-200;-200;3127;206;0;
35486;2025.05.01 08:45;-28;3.0625;-200;-200;3127;206;0;
35487;2025.05.01 09:00;-28;3.125;-200;-200;3126;206;0;
35488;2025.05.01 09:15;-28;2.875;-200;-200;3127;206;0;
35489;2025.05.01 09:30;-28;2.375;-200;-200;3127;206;0;
35490;2025.05.01 09:45;-28;2.625;-200;-200;3127;206;0;
35491;2025.05.01 10:00;-28;2.75;-200;-200;3127;206;0;
35492;2025.05.01 10:15;-28;2.9375;-200;-200;3127;206;0;
35493;2025.05.01 10:30;-28;3.1875;-200;-200;3127;206;0;
35494;2025.05.01 10:45;-28;3.375;-200;-200;3126;206;0;
35495;2025.05.01 11:00;-28;3.1875;-200;-200;3126;206;0;
35496;2025.05.01 11:15;-28;3.1875;-200;-200;3127;206;0;
35497;2025.05.01 11:30;-28;2.8125;-200;-200;3126;206;0;
35498;2025.05.01 11:45;-28;2.75;-200;-200;3127;206;0;
35499;2025.05.01 12:00;-28;3.125;-200;-200;3127;206;0;
35500;2025.05.01 12:15;-28;3.875;-200;-200;3127;206;0;
35501;2025.05.01 12:30;-28;4.125;-200;-200;3127;206;0;
35502;2025.05.01 12:45;-28;3.9375;-200;-200;3127;206;0;
35503;2025.05.01 13:00;-28;4;-200;-200;3127;206;0;
35504;2025.05.01 13:15;-28;4.125;-200;-200;3127;206;0;
35505;2025.05.01 13:30;-28;4.875;-200;-200;3127;206;0;
35506;2025.05.01 13:45;-28;6;-200;-200;3127;206;0;
35507;2025.05.01 14:00;-28;6.625;-200;-200;3127;206;0;
35508;2025.05.01 14:15;-28;7.5;-200;-200;3127;206;0;
35509;2025.05.01 14:30;-28;8.1875;-200;-200;3127;206;0;
35510;2025.05.01 14:45;-28;9.375;-200;-200;3127;206;0;
35511;2025.05.01 15:00;-28;10.125;-200;-200;3127;206;0;
35512;2025.05.01 15:15;-28;10.625;-200;-200;3127;206;0;
35513;2025.05.01 15:30;-28;10.75;-200;-200;3127;206;0;
35514;2025.05.01 15:45;-28;11.625;-200;-200;3127;206;0;
35515;2025.05.01 16:00;-28;11.375;-200;-200;3127;206;0;
35516;2025.05.01 16:15;-28;11.375;-200;-200;3127;206;0;
35517;2025.05.01 16:30;-28;12.0625;-200;-200;3127;206;0;
35518;2025.05.01 16:45;-28;12.5625;-200;-200;3127;206;0;
35519;2025.05.01 17:00;-28;12.75;-200;-200;3127;206;0;
35520;2025.05.01 17:15;-28;12.25;-200;-200;3127;206;0;
35521;2025.05.01 17:30;-28;11.375;-200;-200;3127;206;0;
35522;2025.05.01 17:45;-28;13;-200;-200;3127;206;0;
35523;2025.05.01 18:00;-28;12;-200;-200;3127;206;0;
35524;2025.05.01 18:15;-28;13.875;-200;-200;3127;206;0;
35525;2025.05.01 18:30;-28;13.5;-200;-200;3128;206;0;
35526;2025.05.01 18:45;-28;15.25;-200;-200;3128;206;0;
35527;2025.05.01 19:00;-28;12.875;-200;-200;3128;206;0;
35528;2025.05.01 19:15;-28;13.25;-200;-200;3128;206;0;
35529;2025.05.01 19:30;-28;14;-200;-200;3128;206;0;
35530;2025.05.01 19:45;-28;15.625;-200;-200;3129;206;0;
35531;2025.05.01 20:00;-28;13.625;-200;-200;3129;206;0;
35532;2025.05.01 20:15;-28;13.875;-200;-200;3129;206;0;
35533;2025.05.01 20:30;-28;13.25;-200;-200;3129;206;0;
35534;2025.05.01 20:45;-28;13.875;-200;-200;3129;206;0;
35535;2025.05.01 21:00;-28;12.5;-200;-200;3129;206;0;
35536;2025.05.01 21:15;-28;17.4375;-200;-200;3130;206;0;
35537;2025.05.01 21:30;-28;13.9375;-200;-200;3129;206;0;
35538;2025.05.01 21:45;-28;16.75;-200;-200;3129;206;0;
35539;2025.05.01 22:00;-28;16.1875;-200;-200;3129;206;0;
35540;2025.05.01 22:15;-28;14.25;-200;-200;3128;206;0;
35541;2025.05.01 22:30;-28;14;-200;-200;3128;206;0;
35542;2025.05.01 22:45;-28;12.625;-200;-200;3128;206;0;
35543;2025.05.01 23:00;-28;13.75;-200;-200;3128;206;0;
35544;2025.05.01 23:15;-28;14.75;-200;-200;3128;206;0;
35545;2025.05.01 23:30;-28;13.125;-200;-200;3128;206;0;
35546;2025.05.01 23:45;-28;13.25;-200;-200;3128;206;0;
35547;2025.05.02 00:00;-28;12.75;-200;-200;3128;206;0;
35548;2025.05.02 00:15;-28;11.125;-200;-200;3127;206;0;
35549;2025.05.02 00:30;-28;10.25;-200;-200;3127;206;0;
35550;2025.05.02 00:45;-28;9.625;-200;-200;3127;206;0;
35551;2025.05.02 01:00;-28;8.875;-200;-200;3127;206;0;
35552;2025.05.02 01:15;-28;8.5;-200;-200;3127;206;0;
35553;2025.05.02 01:30;-28;6.9375;-200;-200;3127;206;0;
35554;2025.05.02 01:45;-28;5.6875;-200;-200;3126;206;0;
35555;2025.05.02 02:00;-28;4.6875;-200;-200;3126;206;0;
35556;2025.05.02 02:15;-28;4.3125;-200;-200;3126;206;0;
35557;2025.05.02 02:30;-28;4.25;-200;-200;3126;206;0;
35558;2025.05.02 02:45;-28;4.375;-200;-200;3126;206;0;
35559;2025.05.02 03:00;-28;5.125;-200;-200;3126;206;0;
35560;2025.05.02 03:15;-28;5.8125;-200;-200;3126;206;0;
35561;2025.05.02 03:30;-28;5.875;-200;-200;3126;206;0;
35562;2025.05.02 03:45;-28;6;-200;-200;3127;206;0;
35563;2025.05.02 04:00;-28;6;-200;-200;3126;206;0;
35564;2025.05.02 04:15;-28;5.875;-200;-200;3126;206;0;
35565;2025.05.02 04:30;-28;5.8125;-200;-200;3127;206;0;
35566;2025.05.02 04:45;-28;5.75;-200;-200;3126;206;0;
35567;2025.05.02 05:00;-28;5.8125;-200;-200;3126;206;0;
35568;2025.05.02 05:15;-28;5.75;-200;-200;3126;206;0;
35569;2025.05.02 05:30;-28;5.6875;-200;-200;3126;206;0;
35570;2025.05.02 05:45;-28;5.5625;-200;-200;3126;206;0;
35571;2025.05.02 06:00;-28;5.1875;-200;-200;3126;206;0;
35572;2025.05.02 06:15;-28;5;-200;-200;3126;206;0;
35573;2025.05.02 06:30;-28;5;-200;-200;3126;206;0;
35574;2025.05.02 06:45;-28;4.875;-200;-200;3126;206;0;
35575;2025.05.02 07:00;-28;4.75;-200;-200;3126;206;0;
35576;2025.05.02 07:15;-28;4.6875;-200;-200;3126;206;0;
35577;2025.05.02 07:30;-28;4.5;-200;-200;3126;206;0;
35578;2025.05.02 07:45;-28;3.8125;-200;-200;3126;206;0;
35579;2025.05.02 08:00;-28;3.125;-200;-200;3126;206;0;
35580;2025.05.02 08:15;-28;2.5;-200;-200;3126;206;0;
35581;2025.05.02 08:30;-28;2.125;-200;-200;3126;206;0;
35582;2025.05.02 08:45;-28;2.375;-200;-200;3126;206;0;
35583;2025.05.02 09:00;-28;2.375;-200;-200;3126;206;0;
35584;2025.05.02 09:15;-28;2.1875;-200;-200;3126;206;0;
35585;2025.05.02 09:30;-28;2.25;-200;-200;3126;206;0;
35586;2025.05.02 09:45;-28;1.375;-200;-200;3126;206;0;
35587;2025.05.02 10:00;-28;1.375;-200;-200;3126;206;0;
35588;2025.05.02 10:15;-28;1.125;-200;-200;3126;206;0;
35589;2025.05.02 10:30;-28;0.6875;-200;-200;3126;206;0;
35590;2025.05.02 10:45;-28;0.4375;-200;-200;3126;206;0;
35591;2025.05.02 11:00;-28;0.75;-200;-200;3126;206;0;
35592;2025.05.02 11:15;-28;0.625;-200;-200;3126;206;0;
35593;2025.05.02 11:30;-28;0.1875;-200;-200;3126;206;0;
35594;2025.05.02 11:45;-28;0.0625;-200;-200;3126;206;0;
35595;2025.05.02 12:00;-28;-0.375;-200;-200;3126;206;0;
35596;2025.05.02 12:15;-28;-0.5;-200;-200;3126;206;0;
35597;2025.05.02 12:30;-28;-0.1875;-200;-200;3126;206;0;
35598;2025.05.02 12:45;-28;-0.375;-200;-200;3126;206;0;
35599;2025.05.02 13:00;-28;0.125;-200;-200;3126;206;0;
35600;2025.05.02 13:15;-28;0.625;-200;-200;3126;206;0;
35601;2025.05.02 13:30;-28;2.4375;-200;-200;3126;206;0;
35602;2025.05.02 13:45;-28;3.5625;-200;-200;3126;206;0;
35603;2025.05.02 14:00;-28;4.5;-200;-200;3126;206;0;
35604;2025.05.02 14:15;-28;5.8125;-200;-200;3126;206;0;
35605;2025.05.02 14:30;-28;6.625;-200;-200;3127;206;0;
35606;2025.05.02 14:45;-28;7.5;-200;-200;3127;206;0;
35607;2025.05.02 15:00;-28;8.4375;-200;-200;3127;206;0;
35608;2025.05.02 15:15;-28;8.125;-200;-200;3127;206;0;
35609;2025.05.02 15:30;-28;7.625;-200;-200;3127;206;0;
35610;2025.05.02 15:45;-28;9.75;-200;-200;3127;206;0;
35611;2025.05.02 16:00;-28;8.3125;-200;-200;3127;206;0;
35612;2025.05.02 16:15;-28;8.125;-200;-200;3127;206;0;
35613;2025.05.02 16:30;-28;8.3125;-200;-200;3127;206;0;
35614;2025.05.02 16:45;-28;7.9375;-200;-200;3127;206;0;
35615;2025.05.02 17:00;-28;6.5;-200;-200;3127;206;0;
35616;2025.05.02 17:15;-28;2;-200;-200;3126;206;0;
35617;2025.05.02 17:30;-28;1.625;-200;-200;3126;206;0;
35618;2025.05.02 17:45;-28;1.9375;-200;-200;3126;206;0;
35619;2025.05.02 18:00;-28;2.9375;-200;-200;3126;206;0;
35620;2025.05.02 18:15;-28;5.125;-200;-200;3127;206;0;
35621;2025.05.02 18:30;-28;5.125;-200;-200;3127;206;0;
35622;2025.05.02 18:45;-28;4.1875;-200;-200;3128;206;0;
35623;2025.05.02 19:00;-28;4.375;-200;-200;3127;206;0;
35624;2025.05.02 19:15;-28;4.75;-200;-200;3127;206;0;
35625;2025.05.02 19:30;-28;7.25;-200;-200;3128;206;0;
35626;2025.05.02 19:45;-28;6.6875;-200;-200;3128;206;0;
35627;2025.05.02 20:00;-28;6.25;-200;-200;3128;206;0;
35628;2025.05.02 20:15;-28;6.1875;-200;-200;3128;206;0;
35629;2025.05.02 20:30;-28;6.375;-200;-200;3128;206;0;
35630;2025.05.02 20:45;-28;6.625;-200;-200;3128;206;0;
35631;2025.05.02 21:00;-28;7.8125;-200;-200;3129;206;0;
35632;2025.05.02 21:15;-28;8.125;-200;-200;3129;206;0;
35633;2025.05.02 21:30;-28;9.4375;-200;-200;3129;206;0;
35634;2025.05.02 21:45;-28;9.125;-200;-200;3129;206;0;
35635;2025.05.02 22:00;-28;7.6875;-200;-200;3129;206;0;
35636;2025.05.02 22:15;-28;6.875;-200;-200;3129;206;0;
35637;2025.05.02 22:30;-28;7.25;-200;-200;3129;206;0;
35638;2025.05.02 22:45;-28;10.375;-200;-200;3129;206;0;
35639;2025.05.02 23:00;-28;12.875;-200;-200;3130;206;0;
35640;2025.05.02 23:15;-28;13.5625;-200;-200;3130;206;0;
35641;2025.05.02 23:30;-28;11.1875;-200;-200;3130;206;0;
35642;2025.05.02 23:45;-28;9.75;-200;-200;3129;206;0;
35643;2025.05.03 00:00;-28;9.875;-200;-200;3129;206;0;
35644;2025.05.03 00:15;-28;9.5;-200;-200;3129;206;0;
35645;2025.05.03 00:30;-28;8.5;-200;-200;3129;206;0;
35646;2025.05.03 00:45;-28;8;-200;-200;3129;206;0;
35647;2025.05.03 01:00;-28;7.6875;-200;-200;3128;206;0;
35648;2025.05.03 01:15;-28;6.875;-200;-200;3128;206;0;
35649;2025.05.03 01:30;-28;6;-200;-200;3128;206;0;
35650;2025.05.03 01:45;-28;5.25;-200;-200;3128;206;0;
35651;2025.05.03 02:00;-28;4.75;-200;-200;3128;206;0;
35652;2025.05.03 02:15;-28;4.25;-200;-200;3128;206;0;
35653;2025.05.03 02:30;-28;3.75;-200;-200;3127;206;0;
35654;2025.05.03 02:45;-28;3.25;-200;-200;3127;206;0;
35655;2025.05.03 03:00;-28;3;-200;-200;3128;206;0;
35656;2025.05.03 03:15;-28;2.5;-200;-200;3127;206;0;
35657;2025.05.03 03:30;-28;1.9375;-200;-200;3127;206;0;
35658;2025.05.03 03:45;-28;2.25;-200;-200;3127;206;0;
35659;2025.05.03 04:00;-28;2.375;-200;-200;3127;206;0;
35660;2025.05.03 04:15;-28;2.25;-200;-200;3127;206;0;
35661;2025.05.03 04:30;-28;2.125;-200;-200;3127;206;0;
35662;2025.05.03 04:45;-28;2.1875;-200;-200;3127;206;0;
35663;2025.05.03 05:00;-28;2;-200;-200;3127;206;0;
35664;2025.05.03 05:15;-28;1.625;-200;-200;3127;206;0;
35665;2025.05.03 05:30;-28;1.125;-200;-200;3127;206;0;
35666;2025.05.03 05:45;-28;0.6875;-200;-200;3127;206;0;
35667;2025.05.03 06:00;-28;0.5625;-200;-200;3127;206;0;
35668;2025.05.03 06:15;-28;0.25;-200;-200;3127;206;0;
35669;2025.05.03 06:30;-28;0.25;-200;-200;3127;206;0;
35670;2025.05.03 06:45;-28;0.875;-200;-200;3127;206;0;
35671;2025.05.03 07:00;-28;0.6875;-200;-200;3127;206;0;
35672;2025.05.03 07:15;-28;0.6875;-200;-200;3127;206;0;
35673;2025.05.03 07:30;-28;0.75;-200;-200;3127;206;0;
35674;2025.05.03 07:45;-28;0.625;-200;-200;3127;206;0;
35675;2025.05.03 08:00;-28;0.625;-200;-200;3127;206;0;
35676;2025.05.03 08:15;-28;0.5;-200;-200;3127;206;0;
35677;2025.05.03 08:30;-28;0.1875;-200;-200;3127;206;0;
35678;2025.05.03 08:45;-28;0.25;-200;-200;3127;206;0;
35679;2025.05.03 09:00;-28;-0.375;-200;-200;3127;206;0;
35680;2025.05.03 09:15;-28;-0.5;-200;-200;3127;206;0;
35681;2025.05.03 09:30;-28;-0.4375;-200;-200;3127;206;0;
35682;2025.05.03 09:45;-28;-0.625;-200;-200;3127;206;0;
35683;2025.05.03 10:00;-28;-0.5625;-200;-200;3128;206;0;
35684;2025.05.03 10:15;-28;-0.8125;-200;-200;3128;206;0;
35685;2025.05.03 10:30;-28;-0.875;-200;-200;3128;206;0;
35686;2025.05.03 10:45;-28;-0.625;-200;-200;3128;206;0;
35687;2025.05.03 11:00;-28;-0.875;-200;-200;3128;206;0;
35688;2025.05.03 11:15;-28;-0.9375;-200;-200;3128;206;0;
35689;2025.05.03 11:30;-28;-0.9375;-200;-200;3128;206;0;
35690;2025.05.03 11:45;-28;-1.125;-200;-200;3128;206;0;
35691;2025.05.03 12:00;-28;-1.0625;-200;-200;3128;206;0;
35692;2025.05.03 12:15;-28;-1.375;-200;-200;3128;206;0;
35693;2025.05.03 12:30;-28;-1.375;-200;-200;3127;206;0;
35694;2025.05.03 12:45;-28;-1.1875;-200;-200;3127;206;0;
35695;2025.05.03 13:00;-28;-0.8125;-200;-200;3127;206;0;
35696;2025.05.03 13:15;-28;0.125;-200;-200;3127;206;0;
35697;2025.05.03 13:30;-28;1.375;-200;-200;3127;206;0;
35698;2025.05.03 13:45;-28;2.375;-200;-200;3128;206;0;
35699;2025.05.03 14:00;-28;3.5;-200;-200;3128;206;0;
35700;2025.05.03 14:15;-28;5.5625;-200;-200;3129;206;0;
35701;2025.05.03 14:30;-28;6.75;-200;-200;3129;206;0;
35702;2025.05.03 14:45;-28;7.5;-200;-200;3129;206;0;
35703;2025.05.03 15:00;-28;7.9375;-200;-200;3129;206;0;
35704;2025.05.03 15:15;-28;8.625;-200;-200;3130;206;0;
35705;2025.05.03 15:30;-28;8.3125;-200;-200;3130;206;0;
35706;2025.05.03 15:45;-28;9.375;-200;-200;3130;206;0;
35707;2025.05.03 16:00;-28;10.625;-200;-200;3130;206;0;
35708;2025.05.03 16:15;-28;10.75;-200;-200;3130;206;0;
35709;2025.05.03 16:30;-28;10.375;-200;-200;3130;206;0;
35710;2025.05.03 16:45;-28;11;-200;-200;3130;206;0;
35711;2025.05.03 17:00;-28;11.5;-200;-200;3130;206;0;
35712;2025.05.03 17:15;-28;12.3125;-200;-200;3130;206;0;
35713;2025.05.03 17:30;-28;12.875;-200;-200;3130;206;0;
35714;2025.05.03 17:45;-28;13.625;-200;-200;3130;206;0;
35715;2025.05.03 18:00;-28;15;-200;-200;3130;206;0;
35716;2025.05.03 18:15;-28;14.625;-200;-200;3130;206;0;
35717;2025.05.03 18:30;-28;15.375;-200;-200;3130;206;0;
35718;2025.05.03 18:45;-28;14.875;-200;-200;3130;206;0;
35719;2025.05.03 19:00;-28;16.125;-200;-200;3130;206;0;
35720;2025.05.03 19:15;-28;15.125;-200;-200;3131;206;0;
35721;2025.05.03 19:30;-28;18.25;-200;-200;3132;206;0;
35722;2025.05.03 19:45;-28;20.75;-200;-200;3133;206;0;
35723;2025.05.03 20:00;-28;18.5;-200;-200;3133;206;0;
35724;2025.05.03 20:15;-28;15.8125;-200;-200;3132;206;0;
35725;2025.05.03 20:30;-28;13;-200;-200;3131;206;0;
35726;2025.05.03 20:45;-28;13.875;-200;-200;3131;206;0;
35727;2025.05.03 21:00;-28;20.75;-200;-200;3133;206;0;
35728;2025.05.03 21:15;-28;13.75;-200;-200;3131;206;0;
35729;2025.05.03 21:30;-28;11;-200;-200;3130;206;0;
35730;2025.05.03 21:45;-28;10.625;-200;-200;3130;206;0;
35731;2025.05.03 22:00;-28;10.25;-200;-200;3130;206;0;
35732;2025.05.03 22:15;-28;11.75;-200;-200;3130;206;0;
35733;2025.05.03 22:30;-28;13.625;-200;-200;3130;206;0;
35734;2025.05.03 22:45;-28;14.5;-200;-200;3130;206;0;
35735;2025.05.03 23:00;-28;13.75;-200;-200;3130;206;0;
35736;2025.05.03 23:15;-28;13;-200;-200;3130;206;0;
35737;2025.05.03 23:30;-28;12.375;-200;-200;3130;206;0;
35738;2025.05.03 23:45;-28;13.125;-200;-200;3130;206;0;
35739;2025.05.04 00:00;-28;12.8125;-200;-200;3130;206;0;
35740;2025.05.04 00:15;-28;12.75;-200;-200;3130;206;0;
35741;2025.05.04 00:30;-28;12;-200;-200;3130;206;0;
35742;2025.05.04 00:45;-28;10.5625;-200;-200;3130;206;0;
35743;2025.05.04 01:00;-28;9.25;-200;-200;3129;206;0;
35744;2025.05.04 01:15;-28;8.3125;-200;-200;3129;206;0;
35745;2025.05.04 01:30;-28;7.875;-200;-200;3129;206;0;
35746;2025.05.04 01:45;-28;7.375;-200;-200;3129;206;0;
35747;2025.05.04 02:00;-28;6.6875;-200;-200;3129;206;0;
35748;2025.05.04 02:15;-28;6.4375;-200;-200;3129;206;0;
35749;2025.05.04 02:30;-28;5.6875;-200;-200;3129;206;0;
35750;2025.05.04 02:45;-28;5;-200;-200;3129;206;0;
35751;2025.05.04 03:00;-28;4.625;-200;-200;3129;206;0;
35752;2025.05.04 03:15;-28;4.4375;-200;-200;3129;206;0;
35753;2025.05.04 03:30;-28;5;-200;-200;3129;206;0;
35754;2025.05.04 03:45;-28;5.5;-200;-200;3129;206;0;
35755;2025.05.04 04:00;-28;5.125;-200;-200;3129;206;0;
35756;2025.05.04 04:15;-28;4.9375;-200;-200;3129;206;0;
35757;2025.05.04 04:30;-28;4.625;-200;-200;3129;206;0;
35758;2025.05.04 04:45;-28;4.5;-200;-200;3129;206;0;
35759;2025.05.04 05:00;-28;4.25;-200;-200;3129;206;0;
35760;2025.05.04 05:15;-28;4.125;-200;-200;3129;206;0;
35761;2025.05.04 05:30;-28;3.75;-200;-200;3129;206;0;
35762;2025.05.04 05:45;-28;3.25;-200;-200;3129;206;0;
35763;2025.05.04 06:00;-28;2.875;-200;-200;3129;206;0;
35764;2025.05.04 06:15;-28;3.25;-200;-200;3129;206;0;
35765;2025.05.04 06:30;-28;3.875;-200;-200;3129;206;0;
35766;2025.05.04 06:45;-28;3.75;-200;-200;3129;206;0;
35767;2025.05.04 07:00;-28;3.4375;-200;-200;3129;206;0;
35768;2025.05.04 07:15;-28;2.875;-200;-200;3129;206;0;
35769;2025.05.04 07:30;-28;2.625;-200;-200;3129;206;0;
35770;2025.05.04 07:45;-28;2.5;-200;-200;3129;206;0;
35771;2025.05.04 08:00;-28;2.75;-200;-200;3129;206;0;
35772;2025.05.04 08:15;-28;3.125;-200;-200;3129;206;0;
35773;2025.05.04 08:30;-28;3.5;-200;-200;3129;206;0;
35774;2025.05.04 08:45;-28;4.0625;-200;-200;3129;206;0;
35775;2025.05.04 09:00;-28;4.375;-200;-200;3129;206;0;
35776;2025.05.04 09:15;-28;4.4375;-200;-200;3129;206;0;
35777;2025.05.04 09:30;-28;4.375;-200;-200;3129;206;0;
35778;2025.05.04 09:45;-28;4.3125;-200;-200;3129;206;0;
35779;2025.05.04 10:00;-28;3.9375;-200;-200;3129;206;0;
35780;2025.05.04 10:15;-28;3.625;-200;-200;3129;206;0;
35781;2025.05.04 10:30;-28;3.25;-200;-200;3129;206;0;
35782;2025.05.04 10:45;-28;2.8125;-200;-200;3129;206;0;
35783;2025.05.04 11:00;-28;2.75;-200;-200;3129;206;0;
35784;2025.05.04 11:15;-28;2.9375;-200;-200;3129;206;0;
35785;2025.05.04 11:30;-28;3.1875;-200;-200;3129;206;0;
35786;2025.05.04 11:45;-28;4;-200;-200;3129;206;0;
35787;2025.05.04 12:00;-28;3.5;-200;-200;3129;206;0;
35788;2025.05.04 12:15;-28;3.375;-200;-200;3129;206;0;
35789;2025.05.04 12:30;-28;3.75;-200;-200;3129;206;0;
35790;2025.05.04 12:45;-28;3.75;-200;-200;3129;206;0;
35791;2025.05.04 13:00;-28;3.75;-200;-200;3129;206;0;
35792;2025.05.04 13:15;-28;4.375;-200;-200;3129;206;0;
35793;2025.05.04 13:30;-28;4.6875;-200;-200;3129;206;0;
35794;2025.05.04 13:45;-28;4.875;-200;-200;3129;206;0;
35795;2025.05.04 14:00;-28;6.5;-200;-200;3129;206;0;
35796;2025.05.04 14:15;-28;7.4375;-200;-200;3129;206;0;
35797;2025.05.04 14:30;-28;7.5625;-200;-200;3129;206;0;
35798;2025.05.04 14:45;-28;7.625;-200;-200;3129;206;0;
35799;2025.05.04 15:00;-28;7.625;-200;-200;3129;206;0;
35800;2025.05.04 15:15;-28;7.5;-200;-200;3129;206;0;
35801;2025.05.04 15:30;-28;7.625;-200;-200;3129;206;0;
35802;2025.05.04 15:45;-28;8;-200;-200;3129;206;0;
35803;2025.05.04 16:00;-28;8.6875;-200;-200;3129;206;0;
35804;2025.05.04 16:15;-28;9.375;-200;-200;3129;206;0;
35805;2025.05.04 16:30;-28;10;-200;-200;3129;206;0;
35806;2025.05.04 16:45;-28;9.875;-200;-200;3129;206;0;
35807;2025.05.04 17:00;-28;9.375;-200;-200;3129;206;0;
35808;2025.05.04 17:15;-28;9.5625;-200;-200;3129;206;0;
35809;2025.05.04 17:30;-28;8.6875;-200;-200;3129;206;0;
35810;2025.05.04 17:45;-28;7.5625;-200;-200;3129;206;0;
35811;2025.05.04 18:00;-28;10.5;-200;-200;3129;206;0;
35812;2025.05.04 18:15;-28;12.625;-200;-200;3129;206;0;
35813;2025.05.04 18:30;-28;14.25;-200;-200;3130;206;0;
35814;2025.05.04 18:45;-28;14.75;-200;-200;3130;206;0;
35815;2025.05.04 19:00;-28;14;-200;-200;3130;206;0;
35816;2025.05.04 19:15;-28;15.25;-200;-200;3130;206;0;
35817;2025.05.04 19:30;-28;15.125;-200;-200;3130;206;0;
35818;2025.05.04 19:45;-28;11.625;-200;-200;3130;206;0;
35819;2025.05.04 20:00;-28;9.875;-200;-200;3129;206;0;
35820;2025.05.04 20:15;-28;8.375;-200;-200;3129;206;0;
35821;2025.05.04 20:30;-28;7;-200;-200;3129;206;0;
35822;2025.05.04 20:45;-28;6;-200;-200;3129;206;0;
35823;2025.05.04 21:00;-28;5.5;-200;-200;3129;206;0;
35824;2025.05.04 21:15;-28;5.375;-200;-200;3129;206;0;
35825;2025.05.04 21:30;-28;4.8125;-200;-200;3129;206;0;
35826;2025.05.04 21:45;-28;3.75;-200;-200;3129;206;0;
35827;2025.05.04 22:00;-28;4.25;-200;-200;3129;206;0;
35828;2025.05.04 22:15;-28;4.625;-200;-200;3129;206;0;
35829;2025.05.04 22:30;-28;5.125;-200;-200;3129;206;0;
35830;2025.05.04 22:45;-28;4.5625;-200;-200;3129;206;0;
35831;2025.05.04 23:00;-28;4.25;-200;-200;3129;206;0;
35832;2025.05.04 23:15;-28;3.5;-200;-200;3129;206;0;
35833;2025.05.04 23:30;-28;2.75;-200;-200;3128;206;0;
35834;2025.05.04 23:45;-28;2.5;-200;-200;3129;206;0;
35835;2025.05.05 00:00;-28;2.25;-200;-200;3128;206;0;
35836;2025.05.05 00:15;-28;2.375;-200;-200;3128;206;0;
35837;2025.05.05 00:30;-28;3.1875;-200;-200;3128;206;0;
35838;2025.05.05 00:45;-28;3.375;-200;-200;3128;206;0;
35839;2025.05.05 01:00;-28;3.1875;-200;-200;3128;206;0;
35840;2025.05.05 01:15;-28;2.875;-200;-200;3128;206;0;
35841;2025.05.05 01:30;-28;2.8125;-200;-200;3128;206;0;
35842;2025.05.05 01:45;-28;2.0625;-200;-200;3128;206;0;
35843;2025.05.05 02:00;-28;1.5625;-200;-200;3128;206;0;
35844;2025.05.05 02:15;-28;1.5;-200;-200;3128;206;0;
35845;2025.05.05 02:30;-28;1.4375;-200;-200;3128;206;0;
35846;2025.05.05 02:45;-28;1.25;-200;-200;3128;206;0;
35847;2025.05.05 03:00;-28;1.5;-200;-200;3128;206;0;
35848;2025.05.05 03:15;-28;1.4375;-200;-200;3128;206;0;
35849;2025.05.05 03:30;-28;1.5;-200;-200;3128;206;0;
35850;2025.05.05 03:45;-28;1.5;-200;-200;3128;206;0;
35851;2025.05.05 04:00;-28;1.625;-200;-200;3128;206;0;
35852;2025.05.05 04:15;-28;1.625;-200;-200;3128;206;0;
35853;2025.05.05 04:30;-28;1.5;-200;-200;3128;206;0;
35854;2025.05.05 04:45;-28;1.5625;-200;-200;3128;206;0;
35855;2025.05.05 05:00;-28;1.875;-200;-200;3128;206;0;
35856;2025.05.05 05:15;-28;1.375;-200;-200;3128;206;0;
35857;2025.05.05 05:30;-28;0.875;-200;-200;3128;206;0;
35858;2025.05.05 05:45;-28;0.625;-200;-200;3127;206;0;
35859;2025.05.05 06:00;-28;0.3125;-200;-200;3128;206;0;
35860;2025.05.05 06:15;-28;0.25;-200;-200;3128;206;0;
35861;2025.05.05 06:30;-28;0.25;-200;-200;3128;206;0;
35862;2025.05.05 06:45;-28;0.1875;-200;-200;3129;206;0;
35863;2025.05.05 07:00;-28;0.25;-200;-200;3129;206;0;
35864;2025.05.05 07:15;-28;0.125;-200;-200;3128;206;0;
35865;2025.05.05 07:30;-28;0.125;-200;-200;3128;206;0;
35866;2025.05.05 07:45;-28;0.25;-200;-200;3128;206;0;
35867;2025.05.05 08:00;-28;0.375;-200;-200;3128;206;0;
35868;2025.05.05 08:15;-28;1;-200;-200;3128;206;0;
35869;2025.05.05 08:30;-28;1.25;-200;-200;3129;206;0;
35870;2025.05.05 08:45;-28;1.4375;-200;-200;3129;206;0;
35871;2025.05.05 09:00;-28;1.75;-200;-200;3130;206;0;
35872;2025.05.05 09:15;-28;1.8125;-200;-200;3129;206;0;
35873;2025.05.05 09:30;-28;1.75;-200;-200;3130;206;0;
35874;2025.05.05 09:45;-28;1.75;-200;-200;3129;206;0;
35875;2025.05.05 10:00;-28;1.6875;-200;-200;3130;206;0;
35876;2025.05.05 10:15;-28;1.625;-200;-200;3129;206;0;
35877;2025.05.05 10:30;-28;1.625;-200;-200;3130;206;0;
35878;2025.05.05 10:45;-28;1.6875;-200;-200;3130;206;0;
35879;2025.05.05 11:00;-28;1.75;-200;-200;3130;206;0;
35880;2025.05.05 11:15;-28;1.625;-200;-200;3130;206;0;
35881;2025.05.05 11:30;-28;1.625;-200;-200;3130;206;0;
35882;2025.05.05 11:45;-28;1.6875;-200;-200;3130;206;0;
35883;2025.05.05 12:00;-28;1.625;-200;-200;3131;206;0;
35884;2025.05.05 12:15;-28;1.625;-200;-200;3132;206;0;
35885;2025.05.05 12:30;-28;0.875;-200;-200;3132;206;0;
35886;2025.05.05 12:45;-28;0.375;-200;-200;3139;206;0;
35887;2025.05.05 13:00;-28;1;-200;-200;3139;206;0;
35888;2025.05.05 13:15;-28;1.6875;-200;-200;3139;206;0;
35889;2025.05.05 13:30;-28;1.625;-200;-200;3139;206;0;
35890;2025.05.05 13:45;-28;2.5625;-200;-200;3139;206;0;
35891;2025.05.05 14:00;-28;2.875;-200;-200;3139;206;0;
35892;2025.05.05 14:15;-28;2.875;-200;-200;3140;206;0;
35893;2025.05.05 14:30;-28;3.375;-200;-200;3140;206;0;
35894;2025.05.05 14:45;-28;3.3125;-200;-200;3140;206;0;
35895;2025.05.05 15:00;-28;2.75;-200;-200;3140;206;0;
35896;2025.05.05 15:15;-28;2.4375;-200;-200;3141;206;0;
35897;2025.05.05 15:30;-28;3.3125;-200;-200;3141;206;0;
35898;2025.05.05 15:45;-28;3.375;-200;-200;3141;206;0;
35899;2025.05.05 16:00;-28;3.5;-200;-200;3141;206;0;
35900;2025.05.05 16:15;-28;4;-200;-200;3141;206;0;
35901;2025.05.05 16:30;-28;4.125;-200;-200;3141;206;0;
35902;2025.05.05 16:45;-28;3;-200;-200;3141;206;0;
35903;2025.05.05 17:00;-28;2.8125;-200;-200;3141;206;0;
35904;2025.05.05 17:15;-28;4.0625;-200;-200;3141;206;0;
35905;2025.05.05 17:30;-28;5.25;-200;-200;3141;206;0;
35906;2025.05.05 17:45;-28;4.125;-200;-200;3141;206;0;
35907;2025.05.05 18:00;-28;4.5;-200;-200;3142;206;0;
35908;2025.05.05 18:15;-28;5;-200;-200;3142;206;0;
35909;2025.05.05 18:30;-28;4.875;-200;-200;3141;206;0;
35910;2025.05.05 18:45;-28;5.4375;-200;-200;3141;206;0;
35911;2025.05.05 19:00;-28;5.125;-200;-200;3141;206;0;
35912;2025.05.05 19:15;-28;7.125;-200;-200;3142;206;0;
35913;2025.05.05 19:30;-28;5.5;-200;-200;3142;206;0;
35914;2025.05.05 19:45;-28;8.125;-200;-200;3143;206;0;
35915;2025.05.05 20:00;-28;4;-200;-200;3142;206;0;
35916;2025.05.05 20:15;-28;1.25;-200;-200;3141;206;0;
35917;2025.05.05 20:30;-28;3.6875;-200;-200;3141;206;0;
35918;2025.05.05 20:45;-28;6.625;-200;-200;3142;206;0;
35919;2025.05.05 21:00;-28;8.75;-200;-200;3143;206;0;
35920;2025.05.05 21:15;-28;9.75;-200;-200;3144;206;0;
35921;2025.05.05 21:30;-28;6.5;-200;-200;3143;206;0;
35922;2025.05.05 21:45;-28;5;-200;-200;3143;206;0;
35923;2025.05.05 22:00;-28;3.25;-200;-200;3143;206;0;
35924;2025.05.05 22:15;-28;2;-200;-200;3142;206;0;
35925;2025.05.05 22:30;-28;2.6875;-200;-200;3142;206;0;
35926;2025.05.05 22:45;-28;3.125;-200;-200;3142;206;0;
35927;2025.05.05 23:00;-28;5;-200;-200;3143;206;0;
35928;2025.05.05 23:15;-28;6.375;-200;-200;3143;206;0;
35929;2025.05.05 23:30;-28;7.6875;-200;-200;3143;206;0;
35930;2025.05.05 23:45;-28;5.375;-200;-200;3143;206;0;
35931;2025.05.06 00:00;-28;3.5;-200;-200;3142;206;0;
35932;2025.05.06 00:15;-28;2.375;-200;-200;3142;206;0;
35933;2025.05.06 00:30;-28;2.3125;-200;-200;3142;206;0;
35934;2025.05.06 00:45;-28;2.4375;-200;-200;3142;206;0;
35935;2025.05.06 01:00;-28;2;-200;-200;3142;206;0;
35936;2025.05.06 01:15;-28;2;-200;-200;3142;206;0;
35937;2025.05.06 01:30;-28;1.875;-200;-200;3142;206;0;
35938;2025.05.06 01:45;-28;2;-200;-200;3142;206;0;
35939;2025.05.06 02:00;-28;2;-200;-200;3142;206;0;
35940;2025.05.06 02:15;-28;1.75;-200;-200;3142;206;0;
35941;2025.05.06 02:30;-28;1.5;-200;-200;3142;206;0;
35942;2025.05.06 02:45;-28;1.5;-200;-200;3142;206;0;
35943;2025.05.06 03:00;-28;1.5;-200;-200;3142;206;0;
35944;2025.05.06 03:15;-28;1.5;-200;-200;3142;206;0;
35945;2025.05.06 03:30;-28;0.375;-200;-200;3141;206;0;
35946;2025.05.06 03:45;-28;0.125;-200;-200;3141;206;0;
35947;2025.05.06 04:00;-28;0.125;-200;-200;3141;206;0;
35948;2025.05.06 04:15;-28;0.125;-200;-200;3141;206;0;
35949;2025.05.06 04:30;-28;0.125;-200;-200;3141;206;0;
35950;2025.05.06 04:45;-28;0.0625;-200;-200;3141;206;0;
35951;2025.05.06 05:00;-28;0;-200;-200;3141;206;0;
35952;2025.05.06 05:15;-28;-0.125;-200;-200;3141;206;0;
35953;2025.05.06 05:30;-28;-0.125;-200;-200;3141;206;0;
35954;2025.05.06 05:45;-28;-0.125;-200;-200;3141;206;0;
35955;2025.05.06 06:00;-28;-0.125;-200;-200;3141;206;0;
35956;2025.05.06 06:15;-28;-0.125;-200;-200;3141;206;0;
35957;2025.05.06 06:30;-28;-0.125;-200;-200;3141;206;0;
35958;2025.05.06 06:45;-28;-0.3125;-200;-200;3141;206;0;
35959;2025.05.06 07:00;-28;-0.375;-200;-200;3141;206;0;
35960;2025.05.06 07:15;-28;-0.375;-200;-200;3141;206;0;
35961;2025.05.06 07:30;-28;-0.375;-200;-200;3141;206;0;
35962;2025.05.06 07:45;-28;-0.375;-200;-200;3141;206;0;
35963;2025.05.06 08:00;-28;-0.5625;-200;-200;3141;206;0;
35964;2025.05.06 08:15;-28;-0.625;-200;-200;3141;206;0;
35965;2025.05.06 08:30;-28;-0.6875;-200;-200;3141;206;0;
35966;2025.05.06 08:45;-28;-0.875;-200;-200;3141;206;0;
35967;2025.05.06 09:00;-28;-0.875;-200;-200;3141;206;0;
35968;2025.05.06 09:15;-28;-0.875;-200;-200;3141;206;0;
35969;2025.05.06 09:30;-28;-0.8125;-200;-200;3141;206;0;
35970;2025.05.06 09:45;-28;-0.75;-200;-200;3141;206;0;
35971;2025.05.06 10:00;-28;-0.8125;-200;-200;3141;206;0;
35972;2025.05.06 10:15;-28;-0.8125;-200;-200;3141;206;0;
35973;2025.05.06 10:30;-28;-0.875;-200;-200;3141;206;0;
35974;2025.05.06 10:45;-28;-0.875;-200;-200;3141;206;0;
35975;2025.05.06 11:00;-28;-0.875;-200;-200;3141;206;0;
35976;2025.05.06 11:15;-28;-0.875;-200;-200;3141;206;0;
35977;2025.05.06 11:30;-28;-0.75;-200;-200;3142;206;0;
35978;2025.05.06 11:45;-28;-0.8125;-200;-200;3141;206;0;
35979;2025.05.06 12:00;-28;-0.875;-200;-200;3141;206;0;
35980;2025.05.06 12:15;-28;-0.75;-200;-200;3142;206;0;
35981;2025.05.06 12:30;-28;-0.75;-200;-200;3141;206;0;
35982;2025.05.06 12:45;-28;-0.75;-200;-200;3141;206;0;
35983;2025.05.06 13:00;-28;-0.625;-200;-200;3141;206;0;
35984;2025.05.06 13:15;-28;-0.625;-200;-200;3141;206;0;
35985;2025.05.06 13:30;-28;-0.5625;-200;-200;3141;206;0;
35986;2025.05.06 13:45;-28;-0.3125;-200;-200;3141;206;0;
35987;2025.05.06 14:00;-28;-0.375;-200;-200;3142;206;0;
35988;2025.05.06 14:15;-28;-0.375;-200;-200;3141;206;0;
35989;2025.05.06 14:30;-28;-0.125;-200;-200;3141;206;0;
35990;2025.05.06 14:45;-28;0;-200;-200;3141;206;0;
35991;2025.05.06 15:00;-28;0.0625;-200;-200;3141;206;0;
35992;2025.05.06 15:15;-28;0.1875;-200;-200;3141;206;0;
35993;2025.05.06 15:30;-28;0.3125;-200;-200;3141;206;0;
35994;2025.05.06 15:45;-28;0.5625;-200;-200;3141;206;0;
35995;2025.05.06 16:00;-28;0.625;-200;-200;3141;206;0;
35996;2025.05.06 16:15;-28;0.8125;-200;-200;3142;206;0;
35997;2025.05.06 16:30;-28;0.75;-200;-200;3142;206;0;
35998;2025.05.06 16:45;-28;1.125;-200;-200;3142;206;0;
35999;2025.05.06 17:00;-28;0.8125;-200;-200;3141;206;0;
36000;2025.05.06 17:15;-28;0.8125;-200;-200;3142;206;0;
36001;2025.05.06 17:30;-28;1.25;-200;-200;3142;206;0;
36002;2025.05.06 17:45;-28;1.625;-200;-200;3142;206;0;
36003;2025.05.06 18:00;-28;1.375;-200;-200;3142;206;0;
36004;2025.05.06 18:15;-28;1.0625;-200;-200;3143;206;0;
36005;2025.05.06 18:30;-28;1.375;-200;-200;3142;206;0;
36006;2025.05.06 18:45;-28;1.125;-200;-200;3145;206;0;
36007;2025.05.06 19:00;-28;1.25;-200;-200;3145;206;0;
36008;2025.05.06 19:15;-28;1.125;-200;-200;3145;206;0;
36009;2025.05.06 19:30;-28;0.875;-200;-200;3145;206;0;
36010;2025.05.06 19:45;-28;0.6875;-200;-200;3145;206;0;
36011;2025.05.06 20:00;-28;0.9375;-200;-200;3145;206;0;
36012;2025.05.06 20:15;-28;1.125;-200;-200;3145;206;0;
36013;2025.05.06 20:30;-28;2;-200;-200;3145;206;0;
36014;2025.05.06 20:45;-28;2;-200;-200;3146;206;0;
36015;2025.05.06 21:00;-28;2.25;-200;-200;3146;206;0;
36016;2025.05.06 21:15;-28;2;-200;-200;3146;206;0;
36017;2025.05.06 21:30;-28;0.875;-200;-200;3146;206;0;
36018;2025.05.06 21:45;-28;1;-200;-200;3146;206;0;
36019;2025.05.06 22:00;-28;2.3125;-200;-200;3146;206;0;
36020;2025.05.06 22:15;-28;1.75;-200;-200;3146;206;0;
36021;2025.05.06 22:30;-28;1;-200;-200;3146;206;0;
36022;2025.05.06 22:45;-28;1.5;-200;-200;3146;206;0;
36023;2025.05.06 23:00;-28;2.625;-200;-200;3146;206;0;
36024;2025.05.06 23:15;-28;2.5;-200;-200;3146;206;0;
36025;2025.05.06 23:30;-28;2.4375;-200;-200;3147;206;0;
36026;2025.05.06 23:45;-28;1.875;-200;-200;3147;206;0;
36027;2025.05.07 00:00;-28;1.8125;-200;-200;3146;206;0;
36028;2025.05.07 00:15;-28;1.75;-200;-200;3146;206;0;
36029;2025.05.07 00:30;-28;1.125;-200;-200;3147;206;0;
36030;2025.05.07 00:45;-28;0.5;-200;-200;3147;206;0;
36031;2025.05.07 01:00;-28;0.375;-200;-200;3147;206;0;
36032;2025.05.07 01:15;-28;0.375;-200;-200;3147;206;0;
36033;2025.05.07 01:30;-28;0.3125;-200;-200;3146;206;0;
36034;2025.05.07 01:45;-28;0.25;-200;-200;3147;206;0;
36035;2025.05.07 02:00;-28;0.1875;-200;-200;3147;206;0;
36036;2025.05.07 02:15;-28;0.1875;-200;-200;3146;206;0;
36037;2025.05.07 02:30;-28;0.125;-200;-200;3147;206;0;
36038;2025.05.07 02:45;-28;0.125;-200;-200;3147;206;0;
36039;2025.05.07 03:00;-28;0.125;-200;-200;3148;206;0;
36040;2025.05.07 03:15;-28;0.0625;-200;-200;3147;206;0;
36041;2025.05.07 03:30;-28;0;-200;-200;3148;206;0;
36042;2025.05.07 03:45;-28;-0.0625;-200;-200;3148;206;0;
36043;2025.05.07 04:00;-28;-0.0625;-200;-200;3148;206;0;
36044;2025.05.07 04:15;-28;-0.0625;-200;-200;3148;206;0;
36045;2025.05.07 04:30;-28;-0.0625;-200;-200;3148;206;0;
36046;2025.05.07 04:45;-28;-0.125;-200;-200;3148;206;0;
36047;2025.05.07 05:00;-28;-0.0625;-200;-200;3148;206;0;
36048;2025.05.07 05:15;-28;-0.125;-200;-200;3148;206;0;
36049;2025.05.07 05:30;-28;-0.125;-200;-200;3147;206;0;
36050;2025.05.07 05:45;-28;-0.125;-200;-200;3148;206;0;
36051;2025.05.07 06:00;-28;-0.125;-200;-200;3148;206;0;
36052;2025.05.07 06:15;-28;-0.125;-200;-200;3148;206;0;
36053;2025.05.07 06:30;-28;-0.125;-200;-200;3148;206;0;
36054;2025.05.07 06:45;-28;-0.125;-200;-200;3148;206;0;
36055;2025.05.07 07:00;-28;-0.125;-200;-200;3148;206;0;
36056;2025.05.07 07:15;-28;-0.1875;-200;-200;3148;206;0;
36057;2025.05.07 07:30;-28;-0.1875;-200;-200;3148;206;0;
36058;2025.05.07 07:45;-28;-0.25;-200;-200;3148;206;0;
36059;2025.05.07 08:00;-28;-0.25;-200;-200;3148;206;0;
36060;2025.05.07 08:15;-28;-0.25;-200;-200;3148;206;0;
36061;2025.05.07 08:30;-28;-0.25;-200;-200;3148;206;0;
36062;2025.05.07 08:45;-28;-0.375;-200;-200;3149;206;0;
36063;2025.05.07 09:00;-28;-0.4375;-200;-200;3149;206;0;
36064;2025.05.07 09:15;-28;-0.5;-200;-200;3148;206;0;
36065;2025.05.07 09:30;-28;-0.5;-200;-200;3148;206;0;
36066;2025.05.07 09:45;-28;-0.625;-200;-200;3148;206;0;
36067;2025.05.07 10:00;-28;-0.6875;-200;-200;3149;206;0;
36068;2025.05.07 10:15;-28;-0.75;-200;-200;3148;206;0;
36069;2025.05.07 10:30;-28;-0.875;-200;-200;3148;206;0;
36070;2025.05.07 10:45;-28;-0.9375;-200;-200;3148;206;0;
36071;2025.05.07 11:00;-28;-1;-200;-200;3148;206;0;
36072;2025.05.07 11:15;-28;-1;-200;-200;3148;206;0;
36073;2025.05.07 11:30;-28;-1.0625;-200;-200;3148;206;0;
36074;2025.05.07 11:45;-28;-1.125;-200;-200;3148;206;0;
36075;2025.05.07 12:00;-28;-1.125;-200;-200;3148;206;0;
36076;2025.05.07 12:15;-28;-1.125;-200;-200;3149;206;0;
36077;2025.05.07 12:30;-28;-1.0625;-200;-200;3148;206;0;
36078;2025.05.07 12:45;-28;-1;-200;-200;3149;206;0;
36079;2025.05.07 13:00;-28;-0.875;-200;-200;3148;206;0;
36080;2025.05.07 13:15;-28;-0.75;-200;-200;3149;206;0;
36081;2025.05.07 13:30;-28;-0.5625;-200;-200;3149;206;0;
36082;2025.05.07 13:45;-28;-0.125;-200;-200;3149;206;0;
36083;2025.05.07 14:00;-28;-0.125;-200;-200;3149;206;0;
36084;2025.05.07 14:15;-28;0.125;-200;-200;3149;206;0;
36085;2025.05.07 14:30;-28;0.25;-200;-200;3149;206;0;
36086;2025.05.07 14:45;-28;0.375;-200;-200;3149;206;0;
36087;2025.05.07 15:00;-28;0.5;-200;-200;3149;206;0;
36088;2025.05.07 15:15;-28;0.75;-200;-200;3150;206;0;
36089;2025.05.07 15:30;-28;1.625;-200;-200;3150;206;0;
36090;2025.05.07 15:45;-28;2.375;-200;-200;3150;206;0;
36091;2025.05.07 16:00;-28;3;-200;-200;3150;206;0;
36092;2025.05.07 16:15;-28;3.6875;-200;-200;3150;206;0;
36093;2025.05.07 16:30;-28;4.25;-200;-200;3150;206;0;
36094;2025.05.07 16:45;-28;4.25;-200;-200;3150;206;0;
36095;2025.05.07 17:00;-28;4.75;-200;-200;3150;206;0;
36096;2025.05.07 17:15;-28;5.25;-200;-200;3150;206;0;
36097;2025.05.07 17:30;-28;5.1875;-200;-200;3150;206;0;
36098;2025.05.07 17:45;-28;4.625;-200;-200;3151;206;0;
36099;2025.05.07 18:00;-28;4;-200;-200;3150;206;0;
36100;2025.05.07 18:15;-28;3.6875;-200;-200;3150;206;0;
36101;2025.05.07 18:30;-28;2.9375;-200;-200;3150;206;0;
36102;2025.05.07 18:45;-28;3.25;-200;-200;3150;206;0;
36103;2025.05.07 19:00;-28;2.5;-200;-200;3150;206;0;
36104;2025.05.07 19:15;-28;3.5;-200;-200;3150;206;0;
36105;2025.05.07 19:30;-28;3.8125;-200;-200;3150;206;0;
36106;2025.05.07 19:45;-28;3.875;-200;-200;3150;206;0;
36107;2025.05.07 20:00;-28;5.125;-200;-200;3150;206;0;
36108;2025.05.07 20:15;-28;4.6875;-200;-200;3150;206;0;
36109;2025.05.07 20:30;-28;3.875;-200;-200;3150;206;0;
36110;2025.05.07 20:45;-28;2.5;-200;-200;3150;206;0;
36111;2025.05.07 21:00;-28;2.625;-200;-200;3150;206;0;
36112;2025.05.07 21:15;-28;3.875;-200;-200;3150;206;0;
36113;2025.05.07 21:30;-28;4.1875;-200;-200;3150;206;0;
36114;2025.05.07 21:45;-28;4.4375;-200;-200;3150;206;0;
36115;2025.05.07 22:00;-28;4.25;-200;-200;3150;206;0;
36116;2025.05.07 22:15;-28;4.125;-200;-200;3150;206;0;
36117;2025.05.07 22:30;-28;5.1875;-200;-200;3150;206;0;
36118;2025.05.07 22:45;-28;6.25;-200;-200;3150;206;0;
36119;2025.05.07 23:00;-28;8;-200;-200;3150;206;0;
36120;2025.05.07 23:15;-28;6.25;-200;-200;3150;206;0;
36121;2025.05.07 23:30;-28;5.625;-200;-200;3150;206;0;
36122;2025.05.07 23:45;-28;5.5625;-200;-200;3150;206;0;
36123;2025.05.08 00:00;-28;4.3125;-200;-200;3150;206;0;
36124;2025.05.08 00:15;-28;3.75;-200;-200;3150;206;0;
36125;2025.05.08 00:30;-28;3.625;-200;-200;3150;206;0;
36126;2025.05.08 00:45;-28;3.25;-200;-200;3150;206;0;
36127;2025.05.08 01:00;-28;3;-200;-200;3149;206;0;
36128;2025.05.08 01:15;-28;2.625;-200;-200;3150;206;0;
36129;2025.05.08 01:30;-28;2.375;-200;-200;3150;206;0;
36130;2025.05.08 01:45;-28;2.25;-200;-200;3150;206;0;
36131;2025.05.08 02:00;-28;2.125;-200;-200;3150;206;0;
36132;2025.05.08 02:15;-28;1.75;-200;-200;3150;206;0;
36133;2025.05.08 02:30;-28;1.4375;-200;-200;3149;206;0;
36134;2025.05.08 02:45;-28;0.5;-200;-200;3149;206;0;
36135;2025.05.08 03:00;-28;0.375;-200;-200;3149;206;0;
36136;2025.05.08 03:15;-28;0.25;-200;-200;3149;206;0;
36137;2025.05.08 03:30;-28;0.25;-200;-200;3149;206;0;
36138;2025.05.08 03:45;-28;0.125;-200;-200;3149;206;0;
36139;2025.05.08 04:00;-28;0.125;-200;-200;3149;206;0;
36140;2025.05.08 04:15;-28;0.3125;-200;-200;3149;206;0;
36141;2025.05.08 04:30;-28;0.375;-200;-200;3149;206;0;
36142;2025.05.08 04:45;-28;0.25;-200;-200;3149;206;0;
36143;2025.05.08 05:00;-28;0.25;-200;-200;3149;206;0;
36144;2025.05.08 05:15;-28;0.3125;-200;-200;3149;206;0;
36145;2025.05.08 05:30;-28;0.4375;-200;-200;3149;206;0;
36146;2025.05.08 05:45;-28;0.25;-200;-200;3149;206;0;
36147;2025.05.08 06:00;-28;0.375;-200;-200;3149;206;0;
36148;2025.05.08 06:15;-28;0.4375;-200;-200;3149;206;0;
36149;2025.05.08 06:30;-28;0.5;-200;-200;3148;206;0;
36150;2025.05.08 06:45;-28;0.5;-200;-200;3149;206;0;
36151;2025.05.08 07:00;-28;0.625;-200;-200;3149;206;0;
36152;2025.05.08 07:15;-28;0.8125;-200;-200;3149;206;0;
36153;2025.05.08 07:30;-28;0.8125;-200;-200;3149;206;0;
36154;2025.05.08 07:45;-28;0.8125;-200;-200;3149;206;0;
36155;2025.05.08 08:00;-28;0.875;-200;-200;3148;206;0;
36156;2025.05.08 08:15;-28;1;-200;-200;3148;206;0;
36157;2025.05.08 08:30;-28;1;-200;-200;3148;206;0;
36158;2025.05.08 08:45;-28;1.0625;-200;-200;3148;206;0;
36159;2025.05.08 09:00;-28;1;-200;-200;3149;206;0;
36160;2025.05.08 09:15;-28;1;-200;-200;3148;206;0;
36161;2025.05.08 09:30;-28;1;-200;-200;3148;206;0;
36162;2025.05.08 09:45;-28;0.875;-200;-200;3148;206;0;
36163;2025.05.08 10:00;-28;0.75;-200;-200;3149;206;0;
36164;2025.05.08 10:15;-28;0.875;-200;-200;3149;206;0;
36165;2025.05.08 10:30;-28;1;-200;-200;3149;206;0;
36166;2025.05.08 10:45;-28;0.875;-200;-200;3149;206;0;
36167;2025.05.08 11:00;-28;0.875;-200;-200;3149;206;0;
36168;2025.05.08 11:15;-28;0.6875;-200;-200;3149;206;0;
36169;2025.05.08 11:30;-28;0.625;-200;-200;3149;206;0;
36170;2025.05.08 11:45;-28;0.5625;-200;-200;3149;206;0;
36171;2025.05.08 12:00;-28;0.5;-200;-200;3149;206;0;
36172;2025.05.08 12:15;-28;0.5;-200;-200;3149;206;0;
36173;2025.05.08 12:30;-28;0.5;-200;-200;3149;206;0;
36174;2025.05.08 12:45;-28;0.625;-200;-200;3149;206;0;
36175;2025.05.08 13:00;-28;0.875;-200;-200;3149;206;0;
36176;2025.05.08 13:15;-28;1.25;-200;-200;3149;206;0;
36177;2025.05.08 13:30;-28;1.625;-200;-200;3149;206;0;
36178;2025.05.08 13:45;-28;2;-200;-200;3149;206;0;
36179;2025.05.08 14:00;-28;2.25;-200;-200;3149;206;0;
36180;2025.05.08 14:15;-28;2.75;-200;-200;3149;206;0;
36181;2025.05.08 14:30;-28;3.875;-200;-200;3149;206;0;
36182;2025.05.08 14:45;-28;5;-200;-200;3150;206;0;
36183;2025.05.08 15:00;-28;5.125;-200;-200;3150;206;0;
36184;2025.05.08 15:15;-28;5.4375;-200;-200;3150;206;0;
36185;2025.05.08 15:30;-28;5.6875;-200;-200;3150;206;0;
36186;2025.05.08 15:45;-28;6;-200;-200;3150;206;0;
36187;2025.05.08 16:00;-28;5.25;-200;-200;3150;206;0;
36188;2025.05.08 16:15;-28;6.125;-200;-200;3150;206;0;
36189;2025.05.08 16:30;-28;6;-200;-200;3150;206;0;
36190;2025.05.08 16:45;-28;5.9375;-200;-200;3150;206;0;
36191;2025.05.08 17:00;-28;7.4375;-200;-200;3150;206;0;
36192;2025.05.08 17:15;-28;7;-200;-200;3150;206;0;
36193;2025.05.08 17:30;-28;6.75;-200;-200;3150;206;0;
36194;2025.05.08 17:45;-28;6;-200;-200;3150;206;0;
36195;2025.05.08 18:00;-28;5.5;-200;-200;3150;206;0;
36196;2025.05.08 18:15;-28;5.5;-200;-200;3150;206;0;
36197;2025.05.08 18:30;-28;5;-200;-200;3150;206;0;
36198;2025.05.08 18:45;-28;5.125;-200;-200;3150;206;0;
36199;2025.05.08 19:00;-28;6.625;-200;-200;3150;206;0;
36200;2025.05.08 19:15;-28;9.5;-200;-200;3150;206;0;
36201;2025.05.08 19:30;-28;9;-200;-200;3150;206;0;
36202;2025.05.08 19:45;-28;7.875;-200;-200;3151;206;0;
36203;2025.05.08 20:00;-28;6.75;-200;-200;3150;206;0;
36204;2025.05.08 20:15;-28;8.6875;-200;-200;3150;206;0;
36205;2025.05.08 20:30;-28;7.3125;-200;-200;3150;206;0;
36206;2025.05.08 20:45;-28;5.75;-200;-200;3151;206;0;
36207;2025.05.08 21:00;-28;4.5;-200;-200;3151;206;0;
36208;2025.05.08 21:15;-28;2.5;-200;-200;3150;206;0;
36209;2025.05.08 21:30;-28;3.25;-200;-200;3150;206;0;
36210;2025.05.08 21:45;-28;9.125;-200;-200;3151;206;0;
36211;2025.05.08 22:00;-28;10.25;-200;-200;3152;206;0;
36212;2025.05.08 22:15;-28;8.5625;-200;-200;3151;206;0;
36213;2025.05.08 22:30;-28;8.75;-200;-200;3151;206;0;
36214;2025.05.08 22:45;-28;9.125;-200;-200;3151;206;0;
36215;2025.05.08 23:00;-28;8.75;-200;-200;3151;206;0;
36216;2025.05.08 23:15;-28;8.125;-200;-200;3151;206;0;
36217;2025.05.08 23:30;-28;6.5;-200;-200;3150;206;0;
36218;2025.05.08 23:45;-28;8.6875;-200;-200;3151;206;0;
36219;2025.05.09 00:00;-28;10.5;-200;-200;3151;206;0;
36220;2025.05.09 00:15;-28;13.875;-200;-200;3152;206;0;
36221;2025.05.09 00:30;-28;10.625;-200;-200;3151;206;0;
36222;2025.05.09 00:45;-28;8.375;-200;-200;3151;206;0;
36223;2025.05.09 01:00;-28;7.25;-200;-200;3150;206;0;
36224;2025.05.09 01:15;-28;6.125;-200;-200;3150;206;0;
36225;2025.05.09 01:30;-28;5.5625;-200;-200;3150;206;0;
36226;2025.05.09 01:45;-28;4.625;-200;-200;3150;206;0;
36227;2025.05.09 02:00;-28;4.25;-200;-200;3150;206;0;
36228;2025.05.09 02:15;-28;3.75;-200;-200;3150;206;0;
36229;2025.05.09 02:30;-28;3.25;-200;-200;3150;206;0;
36230;2025.05.09 02:45;-28;2.75;-200;-200;3149;206;0;
36231;2025.05.09 03:00;-28;2.5;-200;-200;3149;206;0;
36232;2025.05.09 03:15;-28;3.125;-200;-200;3149;206;0;
36233;2025.05.09 03:30;-28;3.75;-200;-200;3149;206;0;
36234;2025.05.09 03:45;-28;3.25;-200;-200;3149;206;0;
36235;2025.05.09 04:00;-28;2.8125;-200;-200;3149;206;0;
36236;2025.05.09 04:15;-28;2.3125;-200;-200;3149;206;0;
36237;2025.05.09 04:30;-28;1.75;-200;-200;3149;206;0;
36238;2025.05.09 04:45;-28;1.6875;-200;-200;3149;206;0;
36239;2025.05.09 05:00;-28;1.3125;-200;-200;3149;206;0;
36240;2025.05.09 05:15;-28;1.375;-200;-200;3149;206;0;
36241;2025.05.09 05:30;-28;1.625;-200;-200;3149;206;0;
36242;2025.05.09 05:45;-28;1.5;-200;-200;3149;206;0;
36243;2025.05.09 06:00;-28;1.6875;-200;-200;3149;206;0;
36244;2025.05.09 06:15;-28;1.5;-200;-200;3149;206;0;
36245;2025.05.09 06:30;-28;1.625;-200;-200;3149;206;0;
36246;2025.05.09 06:45;-28;1.25;-200;-200;3149;206;0;
36247;2025.05.09 07:00;-28;1.375;-200;-200;3149;206;0;
36248;2025.05.09 07:15;-28;1.1875;-200;-200;3149;206;0;
36249;2025.05.09 07:30;-28;1.0625;-200;-200;3149;206;0;
36250;2025.05.09 07:45;-28;1.25;-200;-200;3149;206;0;
36251;2025.05.09 08:00;-28;1.375;-200;-200;3149;206;0;
36252;2025.05.09 08:15;-28;1.5;-200;-200;3149;206;0;
36253;2025.05.09 08:30;-28;1.5;-200;-200;3149;206;0;
36254;2025.05.09 08:45;-28;1.5;-200;-200;3149;206;0;
36255;2025.05.09 09:00;-28;1.25;-200;-200;3149;206;0;
36256;2025.05.09 09:15;-28;1.3125;-200;-200;3149;206;0;
36257;2025.05.09 09:30;-28;1.3125;-200;-200;3149;206;0;
36258;2025.05.09 09:45;-28;1.5;-200;-200;3149;206;0;
36259;2025.05.09 10:00;-28;1.5;-200;-200;3149;206;0;
36260;2025.05.09 10:15;-28;1.125;-200;-200;3149;206;0;
36261;2025.05.09 10:30;-28;0.375;-200;-200;3149;206;0;
36262;2025.05.09 10:45;-28;-0.125;-200;-200;3148;206;0;
36263;2025.05.09 11:00;-28;-0.25;-200;-200;3148;206;0;
36264;2025.05.09 11:15;-28;0.125;-200;-200;3148;206;0;
36265;2025.05.09 11:30;-28;0.6875;-200;-200;3148;206;0;
36266;2025.05.09 11:45;-28;1.125;-200;-200;3148;206;0;
36267;2025.05.09 12:00;-28;1.625;-200;-200;3148;206;0;
36268;2025.05.09 12:15;-28;1.75;-200;-200;3148;206;0;
36269;2025.05.09 12:30;-28;1.75;-200;-200;3148;206;0;
36270;2025.05.09 12:45;-28;2.3125;-200;-200;3148;206;0;
36271;2025.05.09 13:00;-28;2.6875;-200;-200;3148;206;0;
36272;2025.05.09 13:15;-28;3.0625;-200;-200;3148;206;0;
36273;2025.05.09 13:30;-28;3.375;-200;-200;3148;206;0;
36274;2025.05.09 13:45;-28;4;-200;-200;3149;206;0;
36275;2025.05.09 14:00;-28;5.5;-200;-200;3149;206;0;
36276;2025.05.09 14:15;-28;6.5;-200;-200;3149;206;0;
36277;2025.05.09 14:30;-28;7.5;-200;-200;3149;206;0;
36278;2025.05.09 14:45;-28;8.25;-200;-200;3149;206;0;
36279;2025.05.09 15:00;-28;9;-200;-200;3149;206;0;
36280;2025.05.09 15:15;-28;9.625;-200;-200;3150;206;0;
36281;2025.05.09 15:30;-28;10.25;-200;-200;3150;206;0;
36282;2025.05.09 15:45;-28;10.8125;-200;-200;3150;206;0;
36283;2025.05.09 16:00;-28;11.3125;-200;-200;3150;206;0;
36284;2025.05.09 16:15;-28;11.5;-200;-200;3150;206;0;
36285;2025.05.09 16:30;-28;11.75;-200;-200;3150;206;0;
36286;2025.05.09 16:45;-28;12.875;-200;-200;3151;206;0;
36287;2025.05.09 17:00;-28;12.0625;-200;-200;3151;206;0;
36288;2025.05.09 17:15;-28;12.875;-200;-200;3151;206;0;
36289;2025.05.09 17:30;-28;13.125;-200;-200;3151;206;0;
36290;2025.05.09 17:45;-28;14.5625;-200;-200;3151;206;0;
36291;2025.05.09 18:00;-28;15.125;-200;-200;3151;206;0;
36292;2025.05.09 18:15;-28;15.5;-200;-200;3151;206;0;
36293;2025.05.09 18:30;-28;15.3125;-200;-200;3151;206;0;
36294;2025.05.09 18:45;-28;15.875;-200;-200;3151;206;0;
36295;2025.05.09 19:00;-28;15;-200;-200;3151;206;0;
36296;2025.05.09 19:15;-28;15.9375;-200;-200;3151;206;0;
36297;2025.05.09 19:30;-28;18.4375;-200;-200;3152;206;0;
36298;2025.05.09 19:45;-28;16.25;-200;-200;3152;206;0;
36299;2025.05.09 20:00;-28;18.8125;-200;-200;3152;206;0;
36300;2025.05.09 20:15;-28;19.125;-200;-200;3153;206;0;
36301;2025.05.09 20:30;-28;19.4375;-200;-200;3152;206;0;
36302;2025.05.09 20:45;-28;18.25;-200;-200;3153;206;0;
36303;2025.05.09 21:00;-28;16.375;-200;-200;3152;206;0;
36304;2025.05.09 21:15;-28;14;-200;-200;3151;206;0;
36305;2025.05.09 21:30;-28;14.875;-200;-200;3151;206;0;
36306;2025.05.09 21:45;-28;15.5;-200;-200;3151;206;0;
36307;2025.05.09 22:00;-28;17;-200;-200;3151;206;0;
36308;2025.05.09 22:15;-28;11.9375;-200;-200;3151;206;0;
36309;2025.05.09 22:30;-28;9.75;-200;-200;3150;206;0;
36310;2025.05.09 22:45;-28;9.9375;-200;-200;3149;206;0;
36311;2025.05.09 23:00;-28;14.0625;-200;-200;3150;206;0;
36312;2025.05.09 23:15;-28;16.125;-200;-200;3150;206;0;
36313;2025.05.09 23:30;-28;15.1875;-200;-200;3151;206;0;
36314;2025.05.09 23:45;-28;10.625;-200;-200;3149;206;0;
36315;2025.05.10 00:00;-28;9.25;-200;-200;3148;206;0;
36316;2025.05.10 00:15;-28;8.375;-200;-200;3147;206;0;
36317;2025.05.10 00:30;-28;7.75;-200;-200;3147;206;0;
36318;2025.05.10 00:45;-28;7.25;-200;-200;3147;206;0;
36319;2025.05.10 01:00;-28;6.75;-200;-200;3147;206;0;
36320;2025.05.10 01:15;-28;6.5625;-200;-200;3147;206;0;
36321;2025.05.10 01:30;-28;6.375;-200;-200;3147;206;0;
36322;2025.05.10 01:45;-28;6.25;-200;-200;3147;206;0;
36323;2025.05.10 02:00;-28;6;-200;-200;3147;206;0;
36324;2025.05.10 02:15;-28;5.75;-200;-200;3147;206;0;
36325;2025.05.10 02:30;-28;5.625;-200;-200;3147;206;0;
36326;2025.05.10 02:45;-28;5.5;-200;-200;3147;206;0;
36327;2025.05.10 03:00;-28;5.5;-200;-200;3147;206;0;
36328;2025.05.10 03:15;-28;5.375;-200;-200;3147;206;0;
36329;2025.05.10 03:30;-28;5.125;-200;-200;3147;206;0;
36330;2025.05.10 03:45;-28;5.0625;-200;-200;3147;206;0;
36331;2025.05.10 04:00;-28;5.375;-200;-200;3147;206;0;
36332;2025.05.10 04:15;-28;5.125;-200;-200;3147;206;0;
36333;2025.05.10 04:30;-28;5.5;-200;-200;3147;206;0;
36334;2025.05.10 04:45;-28;5.25;-200;-200;3147;206;0;
36335;2025.05.10 05:00;-28;5;-200;-200;3147;206;0;
36336;2025.05.10 05:15;-28;5;-200;-200;3147;206;0;
36337;2025.05.10 05:30;-28;4.625;-200;-200;3146;206;0;
36338;2025.05.10 05:45;-28;4.75;-200;-200;3146;206;0;
36339;2025.05.10 06:00;-28;4.875;-200;-200;3146;206;0;
36340;2025.05.10 06:15;-28;5;-200;-200;3146;206;0;
36341;2025.05.10 06:30;-28;4.875;-200;-200;3146;206;0;
36342;2025.05.10 06:45;-28;4.625;-200;-200;3146;206;0;
36343;2025.05.10 07:00;-28;4.25;-200;-200;3146;206;0;
36344;2025.05.10 07:15;-28;4;-200;-200;3146;206;0;
36345;2025.05.10 07:30;-28;3.625;-200;-200;3146;206;0;
36346;2025.05.10 07:45;-28;3.625;-200;-200;3146;206;0;
36347;2025.05.10 08:00;-28;3.625;-200;-200;3146;206;0;
36348;2025.05.10 08:15;-28;3.625;-200;-200;3146;206;0;
36349;2025.05.10 08:30;-28;3.5;-200;-200;3146;206;0;
36350;2025.05.10 08:45;-28;3.375;-200;-200;3146;206;0;
36351;2025.05.10 09:00;-28;3.1875;-200;-200;3146;206;0;
36352;2025.05.10 09:15;-28;2.8125;-200;-200;3146;206;0;
36353;2025.05.10 09:30;-28;2.625;-200;-200;3146;206;0;
36354;2025.05.10 09:45;-28;2.0625;-200;-200;3146;206;0;
36355;2025.05.10 10:00;-28;2.25;-200;-200;3146;206;0;
36356;2025.05.10 10:15;-28;2.4375;-200;-200;3146;206;0;
36357;2025.05.10 10:30;-28;2.5;-200;-200;3146;206;0;
36358;2025.05.10 10:45;-28;2.5;-200;-200;3146;206;0;
36359;2025.05.10 11:00;-28;2.375;-200;-200;3146;206;0;
36360;2025.05.10 11:15;-28;2.25;-200;-200;3146;206;0;
36361;2025.05.10 11:30;-28;2.375;-200;-200;3146;206;0;
36362;2025.05.10 11:45;-28;2.125;-200;-200;3146;206;0;
36363;2025.05.10 12:00;-28;1.5625;-200;-200;3146;206;0;
36364;2025.05.10 12:15;-28;0.625;-200;-200;3146;206;0;
36365;2025.05.10 12:30;-28;0.5;-200;-200;3146;206;0;
36366;2025.05.10 12:45;-28;0.75;-200;-200;3146;206;0;
36367;2025.05.10 13:00;-28;1.125;-200;-200;3146;206;0;
36368;2025.05.10 13:15;-28;1.625;-200;-200;3146;206;0;
36369;2025.05.10 13:30;-28;2.6875;-200;-200;3146;206;0;
36370;2025.05.10 13:45;-28;4.9375;-200;-200;3146;206;0;
36371;2025.05.10 14:00;-28;6.5;-200;-200;3146;206;0;
36372;2025.05.10 14:15;-28;7.8125;-200;-200;3146;206;0;
36373;2025.05.10 14:30;-28;8.5;-200;-200;3146;206;0;
36374;2025.05.10 14:45;-28;9.125;-200;-200;3147;206;0;
36375;2025.05.10 15:00;-28;10;-200;-200;3147;206;0;
36376;2025.05.10 15:15;-28;10.125;-200;-200;3147;206;0;
36377;2025.05.10 15:30;-28;10.5;-200;-200;3147;206;0;
36378;2025.05.10 15:45;-28;11.3125;-200;-200;3147;206;0;
36379;2025.05.10 16:00;-28;12.0625;-200;-200;3147;206;0;
36380;2025.05.10 16:15;-28;12.5;-200;-200;3148;206;0;
36381;2025.05.10 16:30;-28;12.75;-200;-200;3148;206;0;
36382;2025.05.10 16:45;-28;12.875;-200;-200;3147;206;0;
36383;2025.05.10 17:00;-28;13.125;-200;-200;3148;206;0;
36384;2025.05.10 17:15;-28;13.4375;-200;-200;3148;206;0;
36385;2025.05.10 17:30;-28;14.5;-200;-200;3148;206;0;
36386;2025.05.10 17:45;-28;16.1875;-200;-200;3149;206;0;
36387;2025.05.10 18:00;-28;15.25;-200;-200;3149;206;0;
36388;2025.05.10 18:15;-28;15.875;-200;-200;3149;206;0;
36389;2025.05.10 18:30;-28;15.875;-200;-200;3149;206;0;
36390;2025.05.10 18:45;-28;16;-200;-200;3149;206;0;
36391;2025.05.10 19:00;-28;17;-200;-200;3149;206;0;
36392;2025.05.10 19:15;-28;18.5625;-200;-200;3150;206;0;
36393;2025.05.10 19:30;-28;17.375;-200;-200;3150;206;0;
36394;2025.05.10 19:45;-28;17.75;-200;-200;3150;206;0;
36395;2025.05.10 20:00;-28;16;-200;-200;3149;206;0;
36396;2025.05.10 20:15;-28;16.25;-200;-200;3149;206;0;
36397;2025.05.10 20:30;-28;15.625;-200;-200;3149;206;0;
36398;2025.05.10 20:45;-28;15.0625;-200;-200;3149;206;0;
36399;2025.05.10 21:00;-28;14.25;-200;-200;3149;206;0;
36400;2025.05.10 21:15;-28;18.5;-200;-200;3149;206;0;
36401;2025.05.10 21:30;-28;21.75;-200;-200;3151;206;0;
36402;2025.05.10 21:45;-28;18.125;-200;-200;3151;206;0;
36403;2025.05.10 22:00;-28;18.125;-200;-200;3150;206;0;
36404;2025.05.10 22:15;-28;16.875;-200;-200;3150;206;0;
36405;2025.05.10 22:30;-28;18.125;-200;-200;3150;206;0;
36406;2025.05.10 22:45;-28;16.8125;-200;-200;3149;206;0;
36407;2025.05.10 23:00;-28;17;-200;-200;3150;206;0;
36408;2025.05.10 23:15;-28;14.125;-200;-200;3149;206;0;
36409;2025.05.10 23:30;-28;12.625;-200;-200;3148;206;0;
36410;2025.05.10 23:45;-28;12.125;-200;-200;3148;206;0;
36411;2025.05.11 00:00;-28;13.75;-200;-200;3148;206;0;
36412;2025.05.11 00:15;-28;15.625;-200;-200;3149;206;0;
36413;2025.05.11 00:30;-28;14.125;-200;-200;3148;206;0;
36414;2025.05.11 00:45;-28;12.875;-200;-200;3148;206;0;
36415;2025.05.11 01:00;-28;11.875;-200;-200;3147;206;0;
36416;2025.05.11 01:15;-28;11.3125;-200;-200;3147;206;0;
36417;2025.05.11 01:30;-28;10.875;-200;-200;3147;206;0;
36418;2025.05.11 01:45;-28;10.625;-200;-200;3147;206;0;
36419;2025.05.11 02:00;-28;9.375;-200;-200;3147;206;0;
36420;2025.05.11 02:15;-28;8.125;-200;-200;3147;206;0;
36421;2025.05.11 02:30;-28;7.125;-200;-200;3146;206;0;
36422;2025.05.11 02:45;-28;6.3125;-200;-200;3146;206;0;
36423;2025.05.11 03:00;-28;5.75;-200;-200;3145;206;0;
36424;2025.05.11 03:15;-28;5.4375;-200;-200;3145;206;0;
36425;2025.05.11 03:30;-28;5.5625;-200;-200;3145;206;0;
36426;2025.05.11 03:45;-28;5;-200;-200;3145;206;0;
36427;2025.05.11 04:00;-28;5.375;-200;-200;3145;206;0;
36428;2025.05.11 04:15;-28;5.125;-200;-200;3145;206;0;
36429;2025.05.11 04:30;-28;4.8125;-200;-200;3145;206;0;
36430;2025.05.11 04:45;-28;4.5;-200;-200;3145;206;0;
36431;2025.05.11 05:00;-28;4.375;-200;-200;3145;206;0;
36432;2025.05.11 05:15;-28;4.3125;-200;-200;3145;206;0;
36433;2025.05.11 05:30;-28;4;-200;-200;3145;206;0;
36434;2025.05.11 05:45;-28;4;-200;-200;3145;206;0;
36435;2025.05.11 06:00;-28;3.625;-200;-200;3145;206;0;
36436;2025.05.11 06:15;-28;3.9375;-200;-200;3145;206;0;
36437;2025.05.11 06:30;-28;3.8125;-200;-200;3145;206;0;
36438;2025.05.11 06:45;-28;3.875;-200;-200;3145;206;0;
36439;2025.05.11 07:00;-28;3.25;-200;-200;3145;206;0;
36440;2025.05.11 07:15;-28;2.8125;-200;-200;3145;206;0;
36441;2025.05.11 07:30;-28;3;-200;-200;3145;206;0;
36442;2025.05.11 07:45;-28;2.625;-200;-200;3145;206;0;
36443;2025.05.11 08:00;-28;2.75;-200;-200;3145;206;0;
36444;2025.05.11 08:15;-28;3.25;-200;-200;3145;206;0;
36445;2025.05.11 08:30;-28;2.625;-200;-200;3145;206;0;
36446;2025.05.11 08:45;-28;2.5625;-200;-200;3145;206;0;
36447;2025.05.11 09:00;-28;2.75;-200;-200;3145;206;0;
36448;2025.05.11 09:15;-28;2.75;-200;-200;3145;206;0;
36449;2025.05.11 09:30;-28;2.5625;-200;-200;3145;206;0;
36450;2025.05.11 09:45;-28;2.375;-200;-200;3145;206;0;
36451;2025.05.11 10:00;-28;2.375;-200;-200;3145;206;0;
36452;2025.05.11 10:15;-28;1.8125;-200;-200;3145;206;0;
36453;2025.05.11 10:30;-28;1.875;-200;-200;3145;206;0;
36454;2025.05.11 10:45;-28;1.6875;-200;-200;3145;206;0;
36455;2025.05.11 11:00;-28;1.75;-200;-200;3145;206;0;
36456;2025.05.11 11:15;-28;1.75;-200;-200;3145;206;0;
36457;2025.05.11 11:30;-28;1.75;-200;-200;3145;206;0;
36458;2025.05.11 11:45;-28;2.0625;-200;-200;3145;206;0;
36459;2025.05.11 12:00;-28;1.375;-200;-200;3145;206;0;
36460;2025.05.11 12:15;-28;1.375;-200;-200;3145;206;0;
36461;2025.05.11 12:30;-28;1.5;-200;-200;3145;206;0;
36462;2025.05.11 12:45;-28;1.6875;-200;-200;3145;206;0;
36463;2025.05.11 13:00;-28;2.375;-200;-200;3145;206;0;
36464;2025.05.11 13:15;-28;3.25;-200;-200;3145;206;0;
36465;2025.05.11 13:30;-28;4.0625;-200;-200;3145;206;0;
36466;2025.05.11 13:45;-28;5.5625;-200;-200;3145;206;0;
36467;2025.05.11 14:00;-28;6.5625;-200;-200;3145;206;0;
36468;2025.05.11 14:15;-28;8.125;-200;-200;3146;206;0;
36469;2025.05.11 14:30;-28;9.5625;-200;-200;3145;206;0;
36470;2025.05.11 14:45;-28;10.75;-200;-200;3146;206;0;
36471;2025.05.11 15:00;-28;11.75;-200;-200;3146;206;0;
36472;2025.05.11 15:15;-28;12.3125;-200;-200;3146;206;0;
36473;2025.05.11 15:30;-28;12;-200;-200;3146;206;0;
36474;2025.05.11 15:45;-28;12.8125;-200;-200;3146;206;0;
36475;2025.05.11 16:00;-28;13.75;-200;-200;3146;206;0;
36476;2025.05.11 16:15;-28;14.125;-200;-200;3146;206;0;
36477;2025.05.11 16:30;-28;14.5625;-200;-200;3146;206;0;
36478;2025.05.11 16:45;-28;15.125;-200;-200;3147;206;0;
36479;2025.05.11 17:00;-28;15.875;-200;-200;3147;206;0;
36480;2025.05.11 17:15;-28;16.75;-200;-200;3146;206;0;
36481;2025.05.11 17:30;-28;16.375;-200;-200;3147;206;0;
36482;2025.05.11 17:45;-28;17.625;-200;-200;3147;206;0;
36483;2025.05.11 18:00;-28;18.75;-200;-200;3147;206;0;
36484;2025.05.11 18:15;-28;18;-200;-200;3147;206;0;
36485;2025.05.11 18:30;-28;17.9375;-200;-200;3148;206;0;
36486;2025.05.11 18:45;-28;19.5625;-200;-200;3148;206;0;
36487;2025.05.11 19:00;-28;19.8125;-200;-200;3148;206;0;
36488;2025.05.11 19:15;-28;20.75;-200;-200;3148;206;0;
36489;2025.05.11 19:30;-28;21.5;-200;-200;3149;206;0;
36490;2025.05.11 19:45;-28;22.125;-200;-200;3149;206;0;
36491;2025.05.11 20:00;-28;23.375;-200;-200;3149;206;0;
36492;2025.05.11 20:15;-28;24.9375;-200;-200;3150;206;0;
36493;2025.05.11 20:30;-28;24.5625;-200;-200;3149;206;0;
36494;2025.05.11 20:45;-28;24.125;-200;-200;3149;206;0;
36495;2025.05.11 21:00;-28;23.5;-200;-200;3149;206;0;
36496;2025.05.11 21:15;-28;24;-200;-200;3149;206;0;
36497;2025.05.11 21:30;-28;24.625;-200;-200;3149;206;0;
36498;2025.05.11 21:45;-28;23.5625;-200;-200;3150;206;0;
36499;2025.05.11 22:00;-28;20.6875;-200;-200;3148;206;0;
36500;2025.05.11 22:15;-28;19.625;-200;-200;3148;206;0;
36501;2025.05.11 22:30;-28;20.6875;-200;-200;3148;206;0;
36502;2025.05.11 22:45;-28;20;-200;-200;3147;206;0;
36503;2025.05.11 23:00;-28;20.125;-200;-200;3147;206;0;
36504;2025.05.11 23:15;-28;21.4375;-200;-200;3148;206;0;
36505;2025.05.11 23:30;-28;21.375;-200;-200;3148;206;0;
36506;2025.05.11 23:45;-28;18.125;-200;-200;3147;206;0;
36507;2025.05.12 00:00;-28;18.0625;-200;-200;3146;206;0;
36508;2025.05.12 00:15;-28;19.0625;-200;-200;3146;206;0;
36509;2025.05.12 00:30;-28;16.125;-200;-200;3146;206;0;
36510;2025.05.12 00:45;-28;16.125;-200;-200;3146;206;0;
36511;2025.05.12 01:00;-28;15.375;-200;-200;3146;206;0;
36512;2025.05.12 01:15;-28;14.75;-200;-200;3145;206;0;
36513;2025.05.12 01:30;-28;13.875;-200;-200;3145;206;0;
36514;2025.05.12 01:45;-28;13;-200;-200;3144;206;0;
36515;2025.05.12 02:00;-28;12;-200;-200;3144;206;0;
36516;2025.05.12 02:15;-28;11.0625;-200;-200;3144;206;0;
36517;2025.05.12 02:30;-28;10.5625;-200;-200;3143;206;0;
36518;2025.05.12 02:45;-28;9.625;-200;-200;3143;206;0;
36519;2025.05.12 03:00;-28;9.0625;-200;-200;3143;206;0;
36520;2025.05.12 03:15;-28;8.875;-200;-200;3143;206;0;
36521;2025.05.12 03:30;-28;8.5;-200;-200;3142;206;0;
36522;2025.05.12 03:45;-28;8;-200;-200;3142;206;0;
36523;2025.05.12 04:00;-28;7.625;-200;-200;3142;206;0;
36524;2025.05.12 04:15;-28;7.125;-200;-200;3142;206;0;
36525;2025.05.12 04:30;-28;7;-200;-200;3142;206;0;
36526;2025.05.12 04:45;-28;6.25;-200;-200;3142;206;0;
36527;2025.05.12 05:00;-28;6.125;-200;-200;3142;206;0;
36528;2025.05.12 05:15;-28;6.625;-200;-200;3142;206;0;
36529;2025.05.12 05:30;-28;7.375;-200;-200;3141;206;0;
36530;2025.05.12 05:45;-28;8;-200;-200;3140;206;0;
36531;2025.05.12 06:00;-28;8.125;-200;-200;3140;206;0;
36532;2025.05.12 06:15;-28;8.4375;-200;-200;3140;206;0;
36533;2025.05.12 06:30;-28;7.5;-200;-200;3141;206;0;
36534;2025.05.12 06:45;-28;6.75;-200;-200;3141;206;0;
36535;2025.05.12 07:00;-28;6.125;-200;-200;3141;206;0;
36536;2025.05.12 07:15;-28;5.9375;-200;-200;3141;206;0;
36537;2025.05.12 07:30;-28;5.75;-200;-200;3141;206;0;
36538;2025.05.12 07:45;-28;5.625;-200;-200;3141;206;0;
36539;2025.05.12 08:00;-28;5;-200;-200;3141;206;0;
36540;2025.05.12 08:15;-28;4.8125;-200;-200;3141;206;0;
36541;2025.05.12 08:30;-28;4.375;-200;-200;3141;206;0;
36542;2025.05.12 08:45;-28;4.25;-200;-200;3140;206;0;
36543;2025.05.12 09:00;-28;4.125;-200;-200;3141;206;0;
36544;2025.05.12 09:15;-28;4.0625;-200;-200;3140;206;0;
36545;2025.05.12 09:30;-28;4.625;-200;-200;3140;206;0;
36546;2025.05.12 09:45;-28;4.4375;-200;-200;3140;206;0;
36547;2025.05.12 10:00;-28;4.0625;-200;-200;3140;206;0;
36548;2025.05.12 10:15;-28;4.5;-200;-200;3140;206;0;
36549;2025.05.12 10:30;-28;4.375;-200;-200;3140;206;0;
36550;2025.05.12 10:45;-28;3.875;-200;-200;3140;206;0;
36551;2025.05.12 11:00;-28;3.625;-200;-200;3140;206;0;
36552;2025.05.12 11:15;-28;4.125;-200;-200;3140;206;0;
36553;2025.05.12 11:30;-28;4.125;-200;-200;3140;206;0;
36554;2025.05.12 11:45;-28;4.625;-200;-200;3140;206;0;
36555;2025.05.12 12:00;-28;4.375;-200;-200;3140;206;0;
36556;2025.05.12 12:15;-28;4.0625;-200;-200;3140;206;0;
36557;2025.05.12 12:30;-28;3.75;-200;-200;3140;206;0;
36558;2025.05.12 12:45;-28;4;-200;-200;3140;206;0;
36559;2025.05.12 13:00;-28;4.875;-200;-200;3140;206;0;
36560;2025.05.12 13:15;-28;6;-200;-200;3141;206;0;
36561;2025.05.12 13:30;-28;6.875;-200;-200;3141;206;0;
36562;2025.05.12 13:45;-28;7.6875;-200;-200;3141;206;0;
36563;2025.05.12 14:00;-28;9;-200;-200;3141;206;0;
36564;2025.05.12 14:15;-28;10.5;-200;-200;3142;206;0;
36565;2025.05.12 14:30;-28;11.625;-200;-200;3142;206;0;
36566;2025.05.12 14:45;-28;12.5625;-200;-200;3142;206;0;
36567;2025.05.12 15:00;-28;13;-200;-200;3142;206;0;
36568;2025.05.12 15:15;-28;13.625;-200;-200;3142;206;0;
36569;2025.05.12 15:30;-28;14.25;-200;-200;3142;206;0;
36570;2025.05.12 15:45;-28;14.75;-200;-200;3142;206;0;
36571;2025.05.12 16:00;-28;15.0625;-200;-200;3142;206;0;
36572;2025.05.12 16:15;-28;15.875;-200;-200;3142;206;0;
36573;2025.05.12 16:30;-28;16.25;-200;-200;3143;206;0;
36574;2025.05.12 16:45;-28;16.5625;-200;-200;3143;206;0;
36575;2025.05.12 17:00;-28;16.8125;-200;-200;3143;206;0;
36576;2025.05.12 17:15;-28;17.125;-200;-200;3143;206;0;
36577;2025.05.12 17:30;-28;17.625;-200;-200;3143;206;0;
36578;2025.05.12 17:45;-28;17.875;-200;-200;3143;206;0;
36579;2025.05.12 18:00;-28;18.125;-200;-200;3143;206;0;
36580;2025.05.12 18:15;-28;18;-200;-200;3143;206;0;
36581;2025.05.12 18:30;-28;18.375;-200;-200;3143;206;0;
36582;2025.05.12 18:45;-28;18.375;-200;-200;3143;206;0;
36583;2025.05.12 19:00;-28;18.875;-200;-200;3143;206;0;
36584;2025.05.12 19:15;-28;20.25;-200;-200;3144;206;0;
36585;2025.05.12 19:30;-28;21.3125;-200;-200;3144;206;0;
36586;2025.05.12 19:45;-28;21.5625;-200;-200;3144;206;0;
36587;2025.05.12 20:00;-28;21.4375;-200;-200;3144;206;0;
36588;2025.05.12 20:15;-28;22.75;-200;-200;3144;206;0;
36589;2025.05.12 20:30;-28;19.625;-200;-200;3143;206;0;
36590;2025.05.12 20:45;-28;21.625;-200;-200;3143;206;0;
36591;2025.05.12 21:00;-28;22;-200;-200;3143;206;0;
36592;2025.05.12 21:15;-28;23.9375;-200;-200;3144;206;0;
36593;2025.05.12 21:30;-28;22.375;-200;-200;3145;206;0;
36594;2025.05.12 21:45;-28;25.125;-200;-200;3145;206;0;
36595;2025.05.12 22:00;-28;20.9375;-200;-200;3143;206;0;
36596;2025.05.12 22:15;-28;20.625;-200;-200;3143;206;0;
36597;2025.05.12 22:30;-28;21.375;-200;-200;3142;206;0;
36598;2025.05.12 22:45;-28;19.75;-200;-200;3142;206;0;
36599;2025.05.12 23:00;-28;18.25;-200;-200;3142;206;0;
36600;2025.05.12 23:15;-28;20.5;-200;-200;3142;206;0;
36601;2025.05.12 23:30;-28;21.875;-200;-200;3142;206;0;
36602;2025.05.12 23:45;-28;19.5;-200;-200;3142;206;0;
36603;2025.05.13 00:00;-28;19.75;-200;-200;3141;206;0;
36604;2025.05.13 00:15;-28;21.0625;-200;-200;3142;206;0;
36605;2025.05.13 00:30;-28;18.25;-200;-200;3141;206;0;
36606;2025.05.13 00:45;-28;17.125;-200;-200;3141;206;0;
36607;2025.05.13 01:00;-28;16.375;-200;-200;3140;206;0;
36608;2025.05.13 01:15;-28;16.5;-200;-200;3140;206;0;
36609;2025.05.13 01:30;-28;16.25;-200;-200;3140;206;0;
36610;2025.05.13 01:45;-28;15.625;-200;-200;3140;206;0;
36611;2025.05.13 02:00;-28;15;-200;-200;3140;206;0;
36612;2025.05.13 02:15;-28;14.75;-200;-200;3140;206;0;
36613;2025.05.13 02:30;-28;14.5;-200;-200;3140;206;0;
36614;2025.05.13 02:45;-28;14;-200;-200;3139;206;0;
36615;2025.05.13 03:00;-28;13.875;-200;-200;3139;206;0;
36616;2025.05.13 03:15;-28;13.5625;-200;-200;3140;206;0;
36617;2025.05.13 03:30;-28;13.375;-200;-200;3140;206;0;
36618;2025.05.13 03:45;-28;13.625;-200;-200;3139;206;0;
36619;2025.05.13 04:00;-28;13.375;-200;-200;3139;206;0;
36620;2025.05.13 04:15;-28;13;-200;-200;3139;206;0;
36621;2025.05.13 04:30;-28;12.875;-200;-200;3139;206;0;
36622;2025.05.13 04:45;-28;12.5;-200;-200;3139;206;0;
36623;2025.05.13 05:00;-28;12.375;-200;-200;3139;206;0;
36624;2025.05.13 05:15;-28;12.125;-200;-200;3139;206;0;
36625;2025.05.13 05:30;-28;11.875;-200;-200;3139;206;0;
36626;2025.05.13 05:45;-28;11.5;-200;-200;3139;206;0;
36627;2025.05.13 06:00;-28;11;-200;-200;3139;206;0;
36628;2025.05.13 06:15;-28;11;-200;-200;3139;206;0;
36629;2025.05.13 06:30;-28;10.875;-200;-200;3139;206;0;
36630;2025.05.13 06:45;-28;10.625;-200;-200;3139;206;0;
36631;2025.05.13 07:00;-28;10.5;-200;-200;3139;206;0;
36632;2025.05.13 07:15;-28;10.0625;-200;-200;3139;206;0;
36633;2025.05.13 07:30;-28;9.8125;-200;-200;3139;206;0;
36634;2025.05.13 07:45;-28;10.25;-200;-200;3139;206;0;
36635;2025.05.13 08:00;-28;10.125;-200;-200;3139;206;0;
36636;2025.05.13 08:15;-28;9.75;-200;-200;3139;206;0;
36637;2025.05.13 08:30;-28;9.375;-200;-200;3139;206;0;
36638;2025.05.13 08:45;-28;8.8125;-200;-200;3139;206;0;
36639;2025.05.13 09:00;-28;7.875;-200;-200;3139;206;0;
36640;2025.05.13 09:15;-28;7.25;-200;-200;3138;206;0;
36641;2025.05.13 09:30;-28;7.125;-200;-200;3138;206;0;
36642;2025.05.13 09:45;-28;7.5;-200;-200;3138;206;0;
36643;2025.05.13 10:00;-28;7.4375;-200;-200;3138;206;0;
36644;2025.05.13 10:15;-28;7.875;-200;-200;3138;206;0;
36645;2025.05.13 10:30;-28;7.375;-200;-200;3138;206;0;
36646;2025.05.13 10:45;-28;6.5625;-200;-200;3138;206;0;
36647;2025.05.13 11:00;-28;6;-200;-200;3138;206;0;
36648;2025.05.13 11:15;-28;5.5;-200;-200;3138;206;0;
36649;2025.05.13 11:30;-28;6.5625;-200;-200;3138;206;0;
36650;2025.05.13 11:45;-28;7.5;-200;-200;3138;206;0;
36651;2025.05.13 12:00;-28;7.75;-200;-200;3138;206;0;
36652;2025.05.13 12:15;-28;7.4375;-200;-200;3138;206;0;
36653;2025.05.13 12:30;-28;7.4375;-200;-200;3138;206;0;
36654;2025.05.13 12:45;-28;7.6875;-200;-200;3138;206;0;
36655;2025.05.13 13:00;-28;8.1875;-200;-200;3138;206;0;
36656;2025.05.13 13:15;-28;8.6875;-200;-200;3138;206;0;
36657;2025.05.13 13:30;-28;9.5;-200;-200;3138;206;0;
36658;2025.05.13 13:45;-28;9.875;-200;-200;3138;206;0;
36659;2025.05.13 14:00;-28;9.5;-200;-200;3138;206;0;
36660;2025.05.13 14:15;-28;9.625;-200;-200;3138;206;0;
36661;2025.05.13 14:30;-28;10.5;-200;-200;3138;206;0;
36662;2025.05.13 14:45;-28;11.125;-200;-200;3139;206;0;
36663;2025.05.13 15:00;-28;11.1875;-200;-200;3139;206;0;
36664;2025.05.13 15:15;-28;10.5625;-200;-200;3138;206;0;
36665;2025.05.13 15:30;-28;10.875;-200;-200;3138;206;0;
36666;2025.05.13 15:45;-28;12.5625;-200;-200;3139;206;0;
36667;2025.05.13 16:00;-28;12.9375;-200;-200;3138;206;0;
36668;2025.05.13 16:15;-28;13.6875;-200;-200;3139;206;0;
36669;2025.05.13 16:30;-28;14.25;-200;-200;3139;206;0;
36670;2025.05.13 16:45;-28;13.875;-200;-200;3138;206;0;
36671;2025.05.13 17:00;-28;14.25;-200;-200;3138;206;0;
36672;2025.05.13 17:15;-28;14.5;-200;-200;3138;206;0;
36673;2025.05.13 17:30;-28;14.375;-200;-200;3138;206;0;
36674;2025.05.13 17:45;-28;14.9375;-200;-200;3138;206;0;
36675;2025.05.13 18:00;-28;15.5;-200;-200;3139;206;0;
36676;2025.05.13 18:15;-28;16.75;-200;-200;3139;206;0;
36677;2025.05.13 18:30;-28;16.75;-200;-200;3139;206;0;
36678;2025.05.13 18:45;-28;17.5;-200;-200;3139;206;0;
36679;2025.05.13 19:00;-28;17.75;-200;-200;3139;206;0;
36680;2025.05.13 19:15;-28;19.25;-200;-200;3139;206;0;
36681;2025.05.13 19:30;-28;19.125;-200;-200;3140;206;0;
36682;2025.05.13 19:45;-28;20.375;-200;-200;3140;206;0;
36683;2025.05.13 20:00;-28;21.25;-200;-200;3140;206;0;
36684;2025.05.13 20:15;-28;21;-200;-200;3140;206;0;
36685;2025.05.13 20:30;-28;21.75;-200;-200;3140;206;0;
36686;2025.05.13 20:45;-28;21.75;-200;-200;3141;206;0;
36687;2025.05.13 21:00;-28;19.5625;-200;-200;3140;206;0;
36688;2025.05.13 21:15;-28;21.75;-200;-200;3140;206;0;
36689;2025.05.13 21:30;-28;19;-200;-200;3139;206;0;
36690;2025.05.13 21:45;-28;18.375;-200;-200;3139;206;0;
36691;2025.05.13 22:00;-28;18.5625;-200;-200;3139;206;0;
36692;2025.05.13 22:15;-28;18.3125;-200;-200;3139;206;0;
36693;2025.05.13 22:30;-28;20.25;-200;-200;3139;206;0;
36694;2025.05.13 22:45;-28;18.875;-200;-200;3139;206;0;
36695;2025.05.13 23:00;-28;19;-200;-200;3139;206;0;
36696;2025.05.13 23:15;-28;19;-200;-200;3139;206;0;
36697;2025.05.13 23:30;-28;18.9375;-200;-200;3139;206;0;
36698;2025.05.13 23:45;-28;18.375;-200;-200;3139;206;0;
36699;2025.05.14 00:00;-28;18.375;-200;-200;3139;206;0;
36700;2025.05.14 00:15;-28;19.1875;-200;-200;3139;206;0;
36701;2025.05.14 00:30;-28;16.625;-200;-200;3139;206;0;
36702;2025.05.14 00:45;-28;16;-200;-200;3138;206;0;
36703;2025.05.14 01:00;-28;15.6875;-200;-200;3138;206;0;
36704;2025.05.14 01:15;-28;15.25;-200;-200;3138;206;0;
36705;2025.05.14 01:30;-28;14.4375;-200;-200;3138;206;0;
36706;2025.05.14 01:45;-28;13.875;-200;-200;3138;206;0;
36707;2025.05.14 02:00;-28;13.375;-200;-200;3138;206;0;
36708;2025.05.14 02:15;-28;12.875;-200;-200;3138;206;0;
36709;2025.05.14 02:30;-28;12.375;-200;-200;3137;206;0;
36710;2025.05.14 02:45;-28;12.0625;-200;-200;3137;206;0;
36711;2025.05.14 03:00;-28;11.75;-200;-200;3137;206;0;
36712;2025.05.14 03:15;-28;11.4375;-200;-200;3137;206;0;
36713;2025.05.14 03:30;-28;11.1875;-200;-200;3137;206;0;
36714;2025.05.14 03:45;-28;10.875;-200;-200;3137;206;0;
36715;2025.05.14 04:00;-28;10.5;-200;-200;3137;206;0;
36716;2025.05.14 04:15;-28;10.25;-200;-200;3137;206;0;
36717;2025.05.14 04:30;-28;10.125;-200;-200;3137;206;0;
36718;2025.05.14 04:45;-28;9.875;-200;-200;3137;206;0;
36719;2025.05.14 05:00;-28;9.5;-200;-200;3137;206;0;
36720;2025.05.14 05:15;-28;9.0625;-200;-200;3137;206;0;
36721;2025.05.14 05:30;-28;8.875;-200;-200;3136;206;0;
36722;2025.05.14 05:45;-28;8.6875;-200;-200;3136;206;0;
36723;2025.05.14 06:00;-28;8.4375;-200;-200;3136;206;0;
36724;2025.05.14 06:15;-28;8.375;-200;-200;3136;206;0;
36725;2025.05.14 06:30;-28;8;-200;-200;3136;206;0;
36726;2025.05.14 06:45;-28;7.75;-200;-200;3136;206;0;
36727;2025.05.14 07:00;-28;7.125;-200;-200;3136;206;0;
36728;2025.05.14 07:15;-28;7.25;-200;-200;3136;206;0;
36729;2025.05.14 07:30;-28;7.25;-200;-200;3136;206;0;
36730;2025.05.14 07:45;-28;6.5;-200;-200;3136;206;0;
36731;2025.05.14 08:00;-28;6.375;-200;-200;3136;206;0;
36732;2025.05.14 08:15;-28;6.125;-200;-200;3135;206;0;
36733;2025.05.14 08:30;-28;5.125;-200;-200;3135;206;0;
36734;2025.05.14 08:45;-28;5.25;-200;-200;3135;206;0;
36735;2025.05.14 09:00;-28;4.5;-200;-200;3135;206;0;
36736;2025.05.14 09:15;-28;4.125;-200;-200;3135;206;0;
36737;2025.05.14 09:30;-28;3.9375;-200;-200;3135;206;0;
36738;2025.05.14 09:45;-28;4;-200;-200;3135;206;0;
36739;2025.05.14 10:00;-28;4.5625;-200;-200;3134;206;0;
36740;2025.05.14 10:15;-28;4.0625;-200;-200;3134;206;0;
36741;2025.05.14 10:30;-28;3.375;-200;-200;3135;206;0;
36742;2025.05.14 10:45;-28;3.125;-200;-200;3135;206;0;
36743;2025.05.14 11:00;-28;2.625;-200;-200;3134;206;0;
36744;2025.05.14 11:15;-28;2.125;-200;-200;3134;206;0;
36745;2025.05.14 11:30;-28;2.4375;-200;-200;3135;206;0;
36746;2025.05.14 11:45;-28;3.0625;-200;-200;3134;206;0;
36747;2025.05.14 12:00;-28;2.875;-200;-200;3134;206;0;
36748;2025.05.14 12:15;-28;3.125;-200;-200;3134;206;0;
36749;2025.05.14 12:30;-28;3.375;-200;-200;3134;206;0;
36750;2025.05.14 12:45;-28;3.75;-200;-200;3134;206;0;
36751;2025.05.14 13:00;-28;4;-200;-200;3134;206;0;
36752;2025.05.14 13:15;-28;4.3125;-200;-200;3134;206;0;
36753;2025.05.14 13:30;-28;4.6875;-200;-200;3134;206;0;
36754;2025.05.14 13:45;-28;5;-200;-200;3134;206;0;
36755;2025.05.14 14:00;-28;5.5625;-200;-200;3134;206;0;
36756;2025.05.14 14:15;-28;6.125;-200;-200;3134;206;0;
36757;2025.05.14 14:30;-28;6.75;-200;-200;3134;206;0;
36758;2025.05.14 14:45;-28;7.125;-200;-200;3134;206;0;
36759;2025.05.14 15:00;-28;7.875;-200;-200;3134;206;0;
36760;2025.05.14 15:15;-28;8.3125;-200;-200;3134;206;0;
36761;2025.05.14 15:30;-28;8.75;-200;-200;3135;206;0;
36762;2025.05.14 15:45;-28;8.875;-200;-200;3135;206;0;
36763;2025.05.14 16:00;-28;9.6875;-200;-200;3135;206;0;
36764;2025.05.14 16:15;-28;9.6875;-200;-200;3135;206;0;
36765;2025.05.14 16:30;-28;10.4375;-200;-200;3136;206;0;
36766;2025.05.14 16:45;-28;10.5;-200;-200;3136;206;0;
36767;2025.05.14 17:00;-28;10.875;-200;-200;3136;206;0;
36768;2025.05.14 17:15;-28;10.6875;-200;-200;3136;206;0;
36769;2025.05.14 17:30;-28;12.125;-200;-200;3136;206;0;
36770;2025.05.14 17:45;-28;11.625;-200;-200;3136;206;0;
36771;2025.05.14 18:00;-28;11.875;-200;-200;3136;206;0;
36772;2025.05.14 18:15;-28;12.5;-200;-200;3136;206;0;
36773;2025.05.14 18:30;-28;12.25;-200;-200;3136;206;0;
36774;2025.05.14 18:45;-28;11.875;-200;-200;3135;206;0;
36775;2025.05.14 19:00;-28;12.25;-200;-200;3135;206;0;
36776;2025.05.14 19:15;-28;14.1875;-200;-200;3135;206;0;
36777;2025.05.14 19:30;-28;13.375;-200;-200;3136;206;0;
36778;2025.05.14 19:45;-28;15.25;-200;-200;3136;206;0;
36779;2025.05.14 20:00;-28;14.5;-200;-200;3137;206;0;
36780;2025.05.14 20:15;-28;14.75;-200;-200;3136;206;0;
36781;2025.05.14 20:30;-28;14.0625;-200;-200;3136;206;0;
36782;2025.05.14 20:45;-28;16;-200;-200;3136;206;0;
36783;2025.05.14 21:00;-28;15;-200;-200;3136;206;0;
36784;2025.05.14 21:15;-28;15.3125;-200;-200;3137;206;0;
36785;2025.05.14 21:30;-28;14.375;-200;-200;3136;206;0;
36786;2025.05.14 21:45;-28;15.5;-200;-200;3137;206;0;
36787;2025.05.14 22:00;-28;11.875;-200;-200;3135;206;0;
36788;2025.05.14 22:15;-28;11.75;-200;-200;3135;206;0;
36789;2025.05.14 22:30;-28;11.625;-200;-200;3135;206;0;
36790;2025.05.14 22:45;-28;11.1875;-200;-200;3135;206;0;
36791;2025.05.14 23:00;-28;10.875;-200;-200;3135;206;0;
36792;2025.05.14 23:15;-28;11.625;-200;-200;3135;206;0;
36793;2025.05.14 23:30;-28;11.75;-200;-200;3135;206;0;
36794;2025.05.14 23:45;-28;9.875;-200;-200;3135;206;0;
36795;2025.05.15 00:00;-28;9.5625;-200;-200;3134;206;0;
36796;2025.05.15 00:15;-28;10.25;-200;-200;3134;206;0;
36797;2025.05.15 00:30;-28;8.5;-200;-200;3134;206;0;
36798;2025.05.15 00:45;-28;7.875;-200;-200;3134;206;0;
36799;2025.05.15 01:00;-28;7.6875;-200;-200;3134;206;0;
36800;2025.05.15 01:15;-28;7.75;-200;-200;3134;206;0;
36801;2025.05.15 01:30;-28;6.6875;-200;-200;3133;206;0;
36802;2025.05.15 01:45;-28;6.125;-200;-200;3133;206;0;
36803;2025.05.15 02:00;-28;5.75;-200;-200;3133;206;0;
36804;2025.05.15 02:15;-28;5.375;-200;-200;3133;206;0;
36805;2025.05.15 02:30;-28;5.0625;-200;-200;3133;206;0;
36806;2025.05.15 02:45;-28;4.75;-200;-200;3133;206;0;
36807;2025.05.15 03:00;-28;4.8125;-200;-200;3133;206;0;
36808;2025.05.15 03:15;-28;4.5625;-200;-200;3133;206;0;
36809;2025.05.15 03:30;-28;4.1875;-200;-200;3133;206;0;
36810;2025.05.15 03:45;-28;3.875;-200;-200;3133;206;0;
36811;2025.05.15 04:00;-28;3.375;-200;-200;3133;206;0;
36812;2025.05.15 04:15;-28;3.125;-200;-200;3133;206;0;
36813;2025.05.15 04:30;-28;2.625;-200;-200;3133;206;0;
36814;2025.05.15 04:45;-28;2.6875;-200;-200;3133;206;0;
36815;2025.05.15 05:00;-28;2.5;-200;-200;3133;206;0;
36816;2025.05.15 05:15;-28;2.625;-200;-200;3132;206;0;
36817;2025.05.15 05:30;-28;2.375;-200;-200;3132;206;0;
36818;2025.05.15 05:45;-28;1.875;-200;-200;3132;206;0;
36819;2025.05.15 06:00;-28;1.5;-200;-200;3132;206;0;
36820;2025.05.15 06:15;-28;1.5;-200;-200;3132;206;0;
36821;2025.05.15 06:30;-28;1.1875;-200;-200;3133;206;0;
36822;2025.05.15 06:45;-28;1.0625;-200;-200;3133;206;0;
36823;2025.05.15 07:00;-28;2.0625;-200;-200;3132;206;0;
36824;2025.05.15 07:15;-28;1.75;-200;-200;3132;206;0;
36825;2025.05.15 07:30;-28;1.25;-200;-200;3132;206;0;
36826;2025.05.15 07:45;-28;1.125;-200;-200;3132;206;0;
36827;2025.05.15 08:00;-28;0.75;-200;-200;3132;206;0;
36828;2025.05.15 08:15;-28;0.5;-200;-200;3132;206;0;
36829;2025.05.15 08:30;-28;0.625;-200;-200;3132;206;0;
36830;2025.05.15 08:45;-28;0.25;-200;-200;3132;206;0;
36831;2025.05.15 09:00;-28;0.1875;-200;-200;3131;206;0;
36832;2025.05.15 09:15;-28;-0.125;-200;-200;3132;206;0;
36833;2025.05.15 09:30;-28;0.1875;-200;-200;3131;206;0;
36834;2025.05.15 09:45;-28;0.25;-200;-200;3132;206;0;
36835;2025.05.15 10:00;-28;0.1875;-200;-200;3132;206;0;
36836;2025.05.15 10:15;-28;-0.6875;-200;-200;3132;206;0;
36837;2025.05.15 10:30;-28;-0.625;-200;-200;3132;206;0;
36838;2025.05.15 10:45;-28;-0.5625;-200;-200;3132;206;0;
36839;2025.05.15 11:00;-28;-0.5;-200;-200;3132;206;0;
36840;2025.05.15 11:15;-28;-0.25;-200;-200;3132;206;0;
36841;2025.05.15 11:30;-28;-0.375;-200;-200;3132;206;0;
36842;2025.05.15 11:45;-28;-0.25;-200;-200;3132;206;0;
36843;2025.05.15 12:00;-28;-1.125;-200;-200;3132;206;0;
36844;2025.05.15 12:15;-28;-1.375;-200;-200;3132;206;0;
36845;2025.05.15 12:30;-28;-1.125;-200;-200;3132;206;0;
36846;2025.05.15 12:45;-28;-0.375;-200;-200;3132;206;0;
36847;2025.05.15 13:00;-28;-0.125;-200;-200;3132;206;0;
36848;2025.05.15 13:15;-28;0.5625;-200;-200;3132;206;0;
36849;2025.05.15 13:30;-28;1.3125;-200;-200;3132;206;0;
36850;2025.05.15 13:45;-28;1.875;-200;-200;3131;206;0;
36851;2025.05.15 14:00;-28;2.6875;-200;-200;3132;206;0;
36852;2025.05.15 14:15;-28;3.5625;-200;-200;3132;206;0;
36853;2025.05.15 14:30;-28;4.625;-200;-200;3132;206;0;
36854;2025.05.15 14:45;-28;5.375;-200;-200;3132;206;0;
36855;2025.05.15 15:00;-28;5.625;-200;-200;3132;206;0;
36856;2025.05.15 15:15;-28;6.625;-200;-200;3133;206;0;
36857;2025.05.15 15:30;-28;6.625;-200;-200;3133;206;0;
36858;2025.05.15 15:45;-28;7.8125;-200;-200;3133;206;0;
36859;2025.05.15 16:00;-28;7.5;-200;-200;3133;206;0;
36860;2025.05.15 16:15;-28;7.875;-200;-200;3132;206;0;
36861;2025.05.15 16:30;-28;8;-200;-200;3133;206;0;
36862;2025.05.15 16:45;-28;8;-200;-200;3132;206;0;
36863;2025.05.15 17:00;-28;7.875;-200;-200;3132;206;0;
36864;2025.05.15 17:15;-28;8.9375;-200;-200;3132;206;0;
36865;2025.05.15 17:30;-28;10;-200;-200;3133;206;0;
36866;2025.05.15 17:45;-28;10.75;-200;-200;3133;206;0;
36867;2025.05.15 18:00;-28;11;-200;-200;3133;206;0;
36868;2025.05.15 18:15;-28;11.25;-200;-200;3133;206;0;
